mass,limit_95,med_limit,2sigma_up,1sigma_up,1sigma_down,test_statistic
0.10003,3.952274892820787e-09,3.5497218353019648e-09,5.29015899029675e-09,4.504777682148373e-09,2.2154853611080727e-09,0.38575985223550513
0.10007,5.057752351625607e-09,3.5211207682796474e-09,5.2686043489986966e-09,4.480835414322867e-09,2.17290877306496e-09,1.6854428288319638
0.1001,5.399485957928303e-09,3.5438086200427595e-09,5.281570530876378e-09,4.49740702750667e-09,2.2115206678392422e-09,2.157363219456095
0.10014,5.313332607129035e-09,3.518887817104933e-09,5.263048993032314e-09,4.476698853204269e-09,2.174095292721075e-09,2.0409746622256137
0.10017,4.9051024139110135e-09,3.546617187685592e-09,5.281860079346365e-09,4.49868909073774e-09,2.2178625202545856e-09,1.4963411401557987
0.10021,4.077744953878031e-09,3.5562525505569428e-09,5.2880941584135114e-09,4.506151763765455e-09,2.2335183011349475e-09,0.5262840671702838
0.10024,3.180488586577651e-09,3.553504478801212e-09,5.286482938631368e-09,4.504126819189271e-09,2.228816831828153e-09,-0.32424476380399847
0.10028,2.2271089189914273e-09,3.551998264900464e-09,5.284861608847134e-09,4.502585409315429e-09,2.2271089189914273e-09,-1.3030996208156802
0.10031,2.25209859497717e-09,3.5673909910329245e-09,5.294933055436185e-09,4.514565019002184e-09,2.25209859497717e-09,-1.785620581934227
0.10035,2.1657608679695153e-09,3.512717987616566e-09,5.257602046648521e-09,4.471085739226183e-09,2.1657608679695153e-09,-1.9213110045456687
0.10038,2.195433570921995e-09,3.531189195651859e-09,5.26963018024993e-09,4.485438032913659e-09,2.195433570921995e-09,-1.6605346866510438
0.10042,2.40286891481257e-09,3.56259578551397e-09,5.291098755702416e-09,4.510417344452636e-09,2.24517412227333e-09,-0.8902558979585313
0.10045,3.3759541614149984e-09,3.5495536246960197e-09,5.282222855563602e-09,4.500064993386e-09,2.224434171908295e-09,-0.15527141026014493
0.10049,4.484336993809987e-09,3.5388561038506456e-09,5.275698077779581e-09,4.492011009263714e-09,2.206618332951846e-09,0.9821859614463141
0.10053,4.83748665585168e-09,3.5265415330194604e-09,5.266047720845756e-09,4.481485151097077e-09,2.188693130161057e-09,1.414999684133371
0.10056,4.763846377317826e-09,3.5628966174566686e-09,5.2898700505617645e-09,4.509805880936558e-09,2.247422150271378e-09,1.323822554505614
0.1006,4.432963823767244e-09,3.522330004709839e-09,5.260395293255353e-09,4.476507878865974e-09,2.1853234907331754e-09,0.9295101399912004
0.10063,3.961814051787641e-09,3.540295597937216e-09,5.273924958217953e-09,4.4915421531126205e-09,2.2121320673974154e-09,0.40950308397161567
0.10067,3.4824585807117743e-09,3.5442373024501335e-09,5.276104921733104e-09,4.494375953664887e-09,2.2189783468634908e-09,-0.05701371042751378
0.1007,3.158928489257239e-09,3.534220654083527e-09,5.2676114063611246e-09,4.48543999229601e-09,2.2050987038615713e-09,-0.33668083282844813
0.10074,2.454619442233644e-09,3.554165314988509e-09,5.280677134291736e-09,4.500976381402929e-09,2.237346712984351e-09,-0.8548225688353913
0.10077,2.241631768926271e-09,3.554371364563113e-09,5.277482471924697e-09,4.499187715263524e-09,2.241631768926271e-09,-1.2395926793891072
0.10081,2.1946350647388897e-09,3.523185172711649e-09,5.254109912266974e-09,4.473178936852422e-09,2.1946350647388897e-09,-1.5222588416403784
0.10084,2.2220361544807256e-09,3.539738083707066e-09,5.264400859305479e-09,4.4857458119980675e-09,2.2220361544807256e-09,-1.4387276638606958
0.10088,2.4366261241332827e-09,3.5417624636450067e-09,5.2679849437046135e-09,4.4886436159485354e-09,2.2226450947841023e-09,-0.8640538824462785
0.10091,,,,,,
0.10095,,,,,,
0.10098,,,,,,
0.10102,,,,,,
0.10106,,,,,,
0.10109,,,,,,
0.10113,,,,,,
0.10116,,,,,,
0.1012,,,,,,
0.10123,,,,,,
0.10127,,,,,,
0.1013,,,,,,
0.10134,,,,,,
0.10137,,,,,,
0.10141,,,,,,
0.10144,,,,,,
0.10148,,,,,,
0.10152,,,,,,
0.10155,,,,,,
0.10159,,,,,,
0.10162,,,,,,
0.10166,,,,,,
0.10169,,,,,,
0.10173,,,,,,
0.10176,,,,,,
0.1018,,,,,,
0.10183,,,,,,
0.10187,,,,,,
0.10191,,,,,,
0.10194,,,,,,
0.10198,,,,,,
0.10201,2.144924863472793e-09,3.4822438616382635e-09,5.213997603276657e-09,4.433407948271802e-09,2.144924863472793e-09,-1.785197086718605
0.10205,2.22766500205999e-09,3.5318993214408535e-09,5.244057851339738e-09,4.470669767817931e-09,2.22766500205999e-09,-1.9991075811126147
0.10208,2.1590687629100838e-09,3.485571079644982e-09,5.208476109573907e-09,4.4315149728337654e-09,2.1590687629100838e-09,-1.486690937157725
0.10212,2.6652747880345083e-09,3.514507689311563e-09,5.2349324554708785e-09,4.458472901707741e-09,2.196680978797335e-09,-0.7010106659101717
0.10215,3.5616951222358816e-09,3.5165610252526516e-09,5.235024585364468e-09,4.459324327363106e-09,2.2015642146735878e-09,0.042194224317191546
0.10219,4.369333841310424e-09,3.53329078010069e-09,5.250953337317421e-09,4.475210055673543e-09,2.223093594866459e-09,0.8863453431513273
0.10223,4.942269230853219e-09,3.521843381535356e-09,5.261234575025409e-09,4.4767307836962085e-09,2.1836069199549807e-09,1.5536548683778868
0.10226,4.899627389294736e-09,3.539041160958482e-09,5.2710414271772346e-09,4.489263042100562e-09,2.213027483234294e-09,1.5029231521667241
0.1023,4.627290862233529e-09,3.5059538402766804e-09,5.2422228803051735e-09,4.4593619884246835e-09,2.1677751236351564e-09,1.1734699869184777
0.10233,4.0316300324956295e-09,3.528759945889649e-09,5.256439035147287e-09,4.47670472827539e-09,2.205297184265732e-09,0.49682482362252484
0.10237,3.106077103299379e-09,3.5400206884659968e-09,5.264035211086128e-09,4.485602668233555e-09,2.2232458033146124e-09,-0.37356221671788753
0.1024,2.1598013153932095e-09,3.497701640245878e-09,5.2322929385356755e-09,4.450285913016899e-09,2.1598013153932095e-09,-1.2903208723213953
0.10244,2.2860544182010904e-09,3.5730934220034708e-09,5.2785388828667e-09,4.507100899867669e-09,2.2860544182010904e-09,-2.2558665033711565
0.10247,2.236243033328402e-09,3.543554468690874e-09,5.260118501595494e-09,4.484725823776744e-09,2.236243033328402e-09,-3.0148803331256127
0.10251,2.1995869342461137e-09,3.5113174066395685e-09,5.226146431016851e-09,4.452036784013178e-09,2.1995869342461137e-09,-2.3187977850596244
0.10255,2.35340994768803e-09,3.485035561074368e-09,5.1963037928217654e-09,4.424131236218314e-09,2.1722767975527354e-09,-0.8991034581411068
0.10258,3.743952235060269e-09,3.4801893081339022e-09,5.185374170214081e-09,4.415788353310282e-09,2.1737555940309352e-09,0.2527783754489977
0.10262,5.025274882281085e-09,3.474308601278976e-09,5.1568475536198644e-09,4.396742537936001e-09,2.193573763028966e-09,1.8333690129716185
0.10265,5.364539504573607e-09,3.4903316492498655e-09,5.164014633726109e-09,4.407221857084703e-09,2.2239688696786485e-09,2.3292311470803697
0.10269,5.382748265890067e-09,3.405285686465796e-09,5.0917001592047275e-09,4.331216392235893e-09,2.1062087800364438e-09,2.401432528483963
0.10272,5.3440933150146554e-09,3.4588241188601613e-09,5.121800863935001e-09,4.369982443164825e-09,2.198838467017815e-09,2.3602620134853893
0.10276,4.992618263213478e-09,3.4269038119866534e-09,5.096191474510375e-09,4.342360636207966e-09,2.1525997080349505e-09,1.862000708442828
0.1028,4.563284565297076e-09,3.4210316616949635e-09,5.082974300652112e-09,4.332317506737777e-09,2.1540864480985596e-09,1.30352529649586
0.10283,4.200522887837865e-09,3.4086356024817563e-09,5.071631715571852e-09,4.320776721678794e-09,2.1378070149683518e-09,0.8587331620674103
0.10287,3.11523854373533e-09,3.394762442790984e-09,5.053669908363759e-09,4.3048136984283325e-09,2.1256207472132374e-09,-0.25965888724978253
0.1029,2.096971727021042e-09,3.377489619113944e-09,5.043210192526979e-09,4.291796152708467e-09,2.096971727021042e-09,-1.099739334409588
0.10294,2.106219821311374e-09,3.383410789778907e-09,5.046610580764336e-09,4.296299886102606e-09,2.106219821311374e-09,-1.8923325300230367
0.10297,2.112106311701756e-09,3.3812650795244595e-09,5.03728301140799e-09,4.2899849541234615e-09,2.112106311701756e-09,-2.1759884761430675
0.10301,2.1541562974325e-09,3.410060288234648e-09,5.060010436756982e-09,4.314677018477235e-09,2.1541562974325e-09,-2.146721622992509
0.10305,2.0668309964883374e-09,3.3548885666068475e-09,5.022594562451259e-09,4.270935595659937e-09,2.0668309964883374e-09,-1.7547057091311773
0.10308,2.1435951161420095e-09,3.407384290383855e-09,5.063642696447224e-09,4.3157148626809225e-09,2.1435951161420095e-09,-1.1221394745179847
0.10312,3.3302963346561537e-09,3.4056352155828605e-09,5.0693119256205546e-09,4.318318599376339e-09,2.1328421815127947e-09,-0.07153705869173407
0.10315,4.090017766907432e-09,3.4229187833405788e-09,5.084848229912492e-09,4.3342641144308e-09,2.1557914641794565e-09,0.7212607080836686
0.10319,4.421309464074371e-09,3.4065664575743736e-09,5.0736958070342276e-09,4.321227060018023e-09,2.130066523169361e-09,1.1211621110288534
0.10322,4.279321716946944e-09,3.4213535153587636e-09,5.082006625423151e-09,4.331916987620671e-09,2.155764046524832e-09,0.9494352274999595
0.10326,4.0950466195559695e-09,3.394308797655137e-09,5.063640876400169e-09,4.310435934546322e-09,2.113011498823197e-09,0.7315596040686433
0.1033,3.5440354882198234e-09,3.400027579558954e-09,5.058913909667872e-09,4.30994897763315e-09,2.1321047649588645e-09,0.14582924064460723
0.10333,3.5306699259953362e-09,3.3900157831867663e-09,5.047429963717257e-09,4.299256469837226e-09,2.1217997850542767e-09,0.13854517146210957
0.10337,3.485119707422157e-09,3.3922159662606574e-09,5.049574355915581e-09,4.3013736413450925e-09,2.12457382807676e-09,0.09205168292989574
0.1034,3.312319370036041e-09,3.3880580210660297e-09,5.0436156593436604e-09,4.296253354504255e-09,2.1215969657532412e-09,-0.072454073268099
0.10344,3.154759402881286e-09,3.3861583156290992e-09,5.037928774929056e-09,4.292177766968374e-09,2.1237475479856004e-09,-0.21397667807062604
0.10347,2.694089232082217e-09,3.3803565825404737e-09,5.032694518410665e-09,4.2868096992573336e-09,2.116107676620426e-09,-0.600352085450931
0.10351,3.0515111391750818e-09,3.3765391102967618e-09,5.022587922687061e-09,4.279413292081894e-09,2.118749736887992e-09,-0.29763296670957046
0.10355,3.7118482768189003e-09,3.356476008943587e-09,5.001393669849298e-09,4.259069547568178e-09,2.095836014088735e-09,0.3595696410565193
0.10358,4.0961393280418674e-09,3.359010070862405e-09,4.9919879970422375e-09,4.254539492742513e-09,2.1131640160301914e-09,0.8160612571781262
0.10362,4.335619514335153e-09,3.3484057135884784e-09,4.976862876060857e-09,4.241474899027482e-09,2.105774372044497e-09,1.1285942984471762
0.10365,4.2999253068396726e-09,3.3533562357212154e-09,4.974290601162441e-09,4.241917610300095e-09,2.120769093545615e-09,1.0945345401489681
0.10369,4.2325912136759526e-09,3.3160999190159378e-09,4.9401336691649355e-09,4.207178202303484e-09,2.0720233461871774e-09,1.0277748127762987
0.10373,4.004187712291827e-09,3.3198865792367285e-09,4.937797448385389e-09,4.207283294144169e-09,2.0839750103146735e-09,0.7559324488871313
0.10376,3.738463631305045e-09,3.310008852282496e-09,4.922566282746305e-09,4.1944560146480815e-09,2.0783731963267084e-09,0.46108587797616873
0.1038,3.118820256461966e-09,3.2899115471788393e-09,4.900149611232898e-09,4.1733960135736724e-09,2.0567330218239014e-09,-0.16954704056266154
0.10383,2.487226256227954e-09,3.2798134620460467e-09,4.8849020167596484e-09,4.160487270597087e-09,2.050529725756721e-09,-0.7007418312714448
0.10387,2.032685296228978e-09,3.2630827384446834e-09,4.866053668393875e-09,4.142859316812867e-09,2.032685296228978e-09,-1.1749352296745053
0.1039,2.017070308341051e-09,3.2497268229105024e-09,4.852298509923881e-09,4.129522558245244e-09,2.017070308341051e-09,-1.2417000357158234
0.10394,2.0731799941908893e-09,3.2796406189260775e-09,4.865422172213214e-09,4.149014308952864e-09,2.0731799941908893e-09,-1.153973288889284
0.10398,2.186654878810044e-09,3.245898786529758e-09,4.8440311218368595e-09,4.12313356999946e-09,2.0178550896512372e-09,-0.9051784647579021
0.10401,2.1463933779951605e-09,3.2607668413802713e-09,4.8561882748983385e-09,4.136128441956524e-09,2.0389871903682504e-09,-0.933357248956617
0.10405,2.534515909981343e-09,3.2546066940034273e-09,4.847777614242725e-09,4.1287406516956526e-09,2.034363507020375e-09,-0.6495112160749904
0.10408,2.7743941987089093e-09,3.2528902030281105e-09,4.845581187527458e-09,4.12677005745649e-09,2.032889620130856e-09,-0.45122532580423763
0.10412,3.1704604247939476e-09,3.2539652448148607e-09,4.843907414388341e-09,4.12620721803274e-09,2.037476157189791e-09,-0.08327242475800067
0.10416,3.5812803334721836e-09,3.2457204399249893e-09,4.837373033611332e-09,4.119134002096844e-09,2.025426823424899e-09,0.34890701572622307
0.10419,3.6125726581292483e-09,3.246350994386382e-09,4.8373303472957075e-09,4.119362699216233e-09,2.0269505798722705e-09,0.38458755064289746
0.10423,3.832186666861796e-09,3.242986403759653e-09,4.8304039364849605e-09,4.113951500197708e-09,2.0272346867606745e-09,0.647162960787384
0.10426,3.767221194554831e-09,3.2497961445300115e-09,4.831621524460937e-09,4.117314862369636e-09,2.0423375953411276e-09,0.5761080941712539
0.1043,3.5723641462031177e-09,3.2358797784079925e-09,4.819162100415261e-09,4.104509687635504e-09,2.023828235703008e-09,0.357099437678987
0.10434,3.4672633463626806e-09,3.2416591222079357e-09,4.82243893769118e-09,4.108692441779504e-09,2.033900881319991e-09,0.24202960753967412
0.10437,3.3974907600625734e-09,3.2320992046296135e-09,4.812311054329325e-09,4.0989992676965024e-09,2.0229088091424088e-09,0.17179698595414866
0.10441,3.7949975525154085e-09,3.2281472578032983e-09,4.803848606224592e-09,4.092498866953752e-09,2.0233468987459358e-09,0.6314991737408843
0.10444,3.950298300622344e-09,3.2181954666244358e-09,4.796398987681749e-09,4.0842101649574996e-09,2.0083252999545836e-09,0.8229047176818906
0.10448,3.95426440572615e-09,3.223062578960431e-09,4.79527949575744e-09,4.085471859694513e-09,2.021310960999876e-09,0.8361810420650008
0.10452,3.817950678937393e-09,3.2261515079263e-09,4.79323991162814e-09,4.085482589179374e-09,2.031231057000284e-09,0.6753055604427811
0.10455,3.333444270544503e-09,3.2153004367040105e-09,4.786325949249217e-09,4.077159133316015e-09,2.0133420894954802e-09,0.12328504706220521
0.10459,3.019786373823444e-09,3.2126895552087123e-09,4.77974365798667e-09,4.072276771703788e-09,2.014856492498889e-09,-0.18849802837034493
0.10462,2.6372993435909473e-09,3.2041627677961596e-09,4.773333236423134e-09,4.065169471915562e-09,2.0019442122387637e-09,-0.5335750840537444
0.10466,2.432557421696343e-09,3.2066328028403287e-09,4.773496902855182e-09,4.066251751147061e-09,2.0075906419032723e-09,-0.6983929704708646
0.1047,2.5429938989792816e-09,3.2044830992613218e-09,4.769454421970775e-09,4.063032632312135e-09,2.007237988873314e-09,-0.6084568296297105
0.10473,2.6583777978435767e-09,3.1983198989838464e-09,4.764993093887354e-09,4.057983348762146e-09,1.9977846752168193e-09,-0.5119819471069619
0.10477,3.0654020052014155e-09,3.206230221964072e-09,4.772444288946722e-09,4.065461947463621e-09,2.007955295752778e-09,-0.14091259417794122
0.1048,3.1780442497196114e-09,3.20630271580715e-09,4.772628730145021e-09,4.065587737430956e-09,2.0079768362968405e-09,-0.028435666272292194
0.10484,3.293480248557444e-09,3.204782608889336e-09,4.770925546916346e-09,4.0639748752518664e-09,2.006444505007846e-09,0.0921437257091033
0.10488,3.356041162328149e-09,3.2138424602999828e-09,4.784525977991679e-09,4.0754940239428086e-09,2.0121913040924644e-09,0.14875318559735154
0.10491,3.306747670488199e-09,3.2136159448485932e-09,4.784145732990869e-09,4.075174189071593e-09,2.0121434473519983e-09,0.09680622758091496
0.10495,3.5369902728114024e-09,3.212870767088668e-09,4.78379000806512e-09,4.074739727974703e-09,2.010372469357528e-09,0.3469076164684719
0.10498,3.2572225297008807e-09,3.211278489716753e-09,4.780451495098609e-09,4.072129599522698e-09,2.0106737607599025e-09,0.04741605904891021
0.10502,2.944378031034981e-09,3.213868214018582e-09,4.780270243823149e-09,4.073055614573897e-09,2.0170261008185763e-09,-0.2600653963098286
0.10506,2.4969265359206003e-09,3.1962030334944984e-09,4.768971966994734e-09,4.059465985573229e-09,1.9881281916167678e-09,-0.6493916489996914
0.10509,2.0292684901871704e-09,3.221132883847927e-09,4.784555951377201e-09,4.078451571826557e-09,2.0292684901871704e-09,-0.9950967264052625
0.10513,1.986647345858001e-09,3.1946984787893215e-09,4.7671067944016754e-09,4.057794097034282e-09,1.986647345858001e-09,-1.1716975142230612
0.10517,1.979665020390425e-09,3.190201901969717e-09,4.763911297351146e-09,4.054152743534436e-09,1.979665020390425e-09,-1.2307720134037863
0.1052,2.0401538289096582e-09,3.1918370112457705e-09,4.762881538221458e-09,4.054194098719937e-09,1.9847665083473365e-09,-0.9787556893481677
0.10524,2.711943943850639e-09,3.1997924085344617e-09,4.7672367497811445e-09,4.059874831471955e-09,1.998680492466465e-09,-0.4669682783205357
0.10527,3.162511361308777e-09,3.2025802098181462e-09,4.767730042872341e-09,4.0612473100775805e-09,2.0048682394292445e-09,-0.04127984242982478
0.10531,4.139365310377996e-09,3.196253347838898e-09,4.757899485988851e-09,4.052981248381295e-09,2.0014042615666942e-09,1.1141357030502943
0.10535,4.646086651256016e-09,3.1787709820008345e-09,4.7429858371752465e-09,4.0373094396943174e-09,1.9774468616554044e-09,1.8398571244028488
0.10538,4.952787538989934e-09,3.174225369899669e-09,4.736954777767282e-09,4.031963926944828e-09,1.973813289377723e-09,2.3246474203006158
0.10542,4.871394023762012e-09,3.1506566123135948e-09,4.721070642548241e-09,4.013334508162654e-09,1.936629009829992e-09,2.1943649787208948
0.10546,4.365441609557974e-09,3.152296314260606e-09,4.716942880861555e-09,4.011577972965855e-09,1.9452032257427743e-09,1.450469426322448
0.10549,3.864097514879442e-09,3.1851136057087666e-09,4.734683232667889e-09,4.0349549750803345e-09,2.0023772153032535e-09,0.78865843885735
0.10553,2.8255456781274213e-09,3.17379969595414e-09,4.722669339290988e-09,4.0234387113175165e-09,1.989566140529938e-09,-0.33916539848734856
0.10556,2.58417126070831e-09,3.1605778458213433e-09,4.704186879840354e-09,4.0073985267684675e-09,1.979723772476906e-09,-0.5446889735669731
0.1056,2.3710768325577696e-09,3.160247406184182e-09,4.696265961516619e-09,4.002607918374398e-09,1.988437272224253e-09,-0.7130266425482976
0.10564,2.139967692624581e-09,3.1348901620271616e-09,4.672682318259425e-09,3.978773906511751e-09,1.955671544232396e-09,-0.8819831592167571
0.10567,1.992931846185637e-09,3.1186818877391907e-09,4.65677196715265e-09,3.963043931366226e-09,1.935818586892206e-09,-0.98057760386044
0.10571,1.9492787818203107e-09,3.1223685479253853e-09,4.6527486525096e-09,3.9621499931376766e-09,1.9492787818203107e-09,-1.2812244973557867
0.10574,1.9625517719347753e-09,3.1289345601224863e-09,4.654848572795407e-09,3.965965613966854e-09,1.9625517719347753e-09,-1.1088213036153127
0.10578,1.9581280821837865e-09,3.1231043346610736e-09,4.646742069898284e-09,3.958923968715043e-09,1.9581280821837865e-09,-1.0150366925701095
0.10582,2.4172088748460044e-09,3.1056066569737845e-09,4.633251953700739e-09,3.9441232441903044e-09,1.9321736853092007e-09,-0.6564588308406302
0.10585,2.638889717008779e-09,3.117365496997881e-09,4.6400451212123785e-09,3.952745488386467e-09,1.9522334409266565e-09,-0.4659189449900135
0.10589,2.6437737939934328e-09,3.121501013478068e-09,4.643210143199247e-09,3.956213959933383e-09,1.958503257989479e-09,-0.4617980367284148
0.10593,3.0276869968499616e-09,3.1166010894107495e-09,4.639471482225554e-09,3.952085401789751e-09,1.9512164255285456e-09,-0.09273100876546705
0.10596,2.8814342950157663e-09,3.1117596085006133e-09,4.63436353531707e-09,3.947168058511364e-09,1.945754740771737e-09,-0.23692312893085343
0.106,3.1044013627728327e-09,3.113987099451455e-09,4.635512560306489e-09,3.9487046720684836e-09,1.9498215847138837e-09,-0.010044310919974968
0.10604,3.3733128953294387e-09,3.117635800147016e-09,4.636630221582594e-09,3.950773710631146e-09,1.9573977993595794e-09,0.2876612714092389
0.10607,3.529140328262333e-09,3.1145790651754844e-09,4.632349229716171e-09,3.9470515289042735e-09,1.955189382776033e-09,0.4741431602381647
0.10611,4.073937225669968e-09,3.1110536494104624e-09,4.631607836848886e-09,3.94521946863026e-09,1.947663831246355e-09,1.1755533475877966
0.10614,4.081974974575539e-09,3.121571716919477e-09,4.6362940870263375e-09,3.952119580203179e-09,1.967319370816399e-09,1.191761494092193
0.10618,4.153206885518264e-09,3.1085932000865766e-09,4.614923245201985e-09,3.934451283386042e-09,1.9616908891010392e-09,1.3211465971123904
0.10622,4.0486113118915275e-09,3.077814784158831e-09,4.583034541990967e-09,3.903643512383788e-09,1.9255261778557853e-09,1.1982650819484075
0.10625,3.7729671783645455e-09,3.0739193883037566e-09,4.571043248653749e-09,3.895071544083708e-09,1.930443119491321e-09,0.8427330936351658
0.10629,3.3623192485127563e-09,3.051217529765864e-09,4.5447403873843826e-09,3.8706917653291305e-09,1.907256006512377e-09,0.34814884985834443
0.10633,2.6686217275293967e-09,3.0511151319790496e-09,4.537563699636262e-09,3.86644544623344e-09,1.915507293650544e-09,-0.38219096816459375
0.10636,2.476596776159768e-09,3.0254724113908187e-09,4.5102844914226905e-09,3.840321258956216e-09,1.8865210128391225e-09,-0.548501979988006
0.1064,2.3186662031792847e-09,3.0295390614698203e-09,4.504983323828029e-09,3.838808643335549e-09,1.9025812144444527e-09,-0.6776122983727816
0.10644,2.1990914764644763e-09,3.000782757308845e-09,4.475498036526664e-09,3.810161647558247e-09,1.868771576530526e-09,-0.7675646501805472
0.10647,2.2893580058380756e-09,3.0071671124333096e-09,4.469681562325353e-09,3.809261889946601e-09,1.8909883981648975e-09,-0.6862035395902383
0.10651,2.4021449936078366e-09,2.9887419143317763e-09,4.446352369519655e-09,3.78830455967249e-09,1.8745590243368153e-09,-0.5799481159559027
0.10654,2.751690188521605e-09,2.9816196323747397e-09,4.435099250302131e-09,3.778884953388373e-09,1.870911560331128e-09,-0.23997435035848128
0.10658,2.9089129071360724e-09,2.969877226388562e-09,4.421527787612313e-09,3.766277320119009e-09,1.8589788896521866e-09,-0.06742770565790623
0.10662,2.929364343097165e-09,2.9639555048506694e-09,4.412371909328904e-09,3.7585654780112675e-09,1.8556918445276491e-09,-0.038300596967056164
0.10665,2.8661229102368975e-09,2.958231067016781e-09,4.40348690717867e-09,3.7511013893374095e-09,1.8524910089677043e-09,-0.1005604030005903
0.10669,2.7199664269934992e-09,2.952367541910762e-09,4.391514508720639e-09,3.74176863489976e-09,1.8526367400232726e-09,-0.24476789001690208
0.10673,3.092566217921593e-09,2.946310070153334e-09,4.3865759138527105e-09,3.736490303135741e-09,1.8439319936653407e-09,0.16625421252499592
0.10676,3.031787864934961e-09,2.936914847979924e-09,4.3714535775716956e-09,3.7238975093360554e-09,1.8394740051507297e-09,0.10869288496583385
0.1068,3.08414844486663e-09,2.926562396395731e-09,4.357081662640513e-09,3.7113735571243657e-09,1.831793409137515e-09,0.18112102093975382
0.10684,3.082282221004033e-09,2.9178411324316693e-09,4.34356735593706e-09,3.70000188906424e-09,1.8269664209584634e-09,0.19065042518274805
0.10687,3.039522820387874e-09,2.917423198333392e-09,4.34232861342041e-09,3.6991165646368704e-09,1.8273990787824953e-09,0.14144834506481815
0.10691,2.926276884024229e-09,2.872480182174594e-09,4.275645457933911e-09,3.642258029733714e-09,1.7989771630743171e-09,0.06269700524209644
0.10695,2.4457546699266155e-09,2.824354478537836e-09,4.2104940058916e-09,3.585045280648566e-09,1.7611133136254712e-09,-0.4179294486267778
0.10698,2.3737260333137287e-09,2.81521632099544e-09,4.1971387255245684e-09,3.5736193760271872e-09,1.7550068343049925e-09,-0.48197116304998794
0.10702,2.201658636299844e-09,2.804862290950432e-09,4.1756495027066404e-09,3.556921262680966e-09,1.7557425372717556e-09,-0.6317536450506761
0.10706,2.3698005227830914e-09,2.7935132256233484e-09,4.165385798343552e-09,3.5464312538933176e-09,1.7407223649114065e-09,-0.4683795851646623
0.10709,2.7171271161823395e-09,2.799051171785766e-09,4.166611274605125e-09,3.5493254413775466e-09,1.7525637619490034e-09,-0.09491794687470079
0.10713,2.876352504823955e-09,2.7966937685819525e-09,4.163545498170565e-09,3.5465713297116705e-09,1.7507151204000455e-09,0.09454934113742909
0.10717,3.2716572194589613e-09,2.746172482104787e-09,4.092755278258173e-09,3.4850739838636533e-09,1.7139925831294223e-09,0.6802162710745514
0.1072,3.4073713349653406e-09,2.7620839431140573e-09,4.099602505959269e-09,3.4953447285820265e-09,1.7441598947824192e-09,0.8858485246786862
0.10724,3.5199316447817753e-09,2.757465840352289e-09,4.090624822174985e-09,3.4882391077658206e-09,1.7438817477128972e-09,1.070239826575614
0.10728,3.79458139003398e-09,2.7350572601689434e-09,4.076184390769379e-09,3.4709356876776148e-09,1.7072380042000645e-09,1.509200227070108
0.10731,3.777253867864068e-09,2.767799180254611e-09,4.097274224093638e-09,3.4962230147498606e-09,1.760821867024186e-09,1.4819056682135057
0.10735,3.6722457503107162e-09,2.7312621606011254e-09,4.06063208520748e-09,3.460343770652923e-09,1.7164349248681676e-09,1.3429127845393072
0.10738,3.154281691414227e-09,2.7271975647689007e-09,4.0634984891035116e-09,3.4604251958391607e-09,1.703265454476484e-09,0.5483667093301011
0.10742,2.0606328066670065e-09,2.7218532701232672e-09,4.054972465227829e-09,3.453340098347714e-09,1.7004344195145915e-09,-0.704805393981379
0.10746,1.7266840534701142e-09,2.7397409378802706e-09,4.068819409722978e-09,3.4685492482376724e-09,1.7266840534701142e-09,-1.7414559147074051
0.10749,1.698920789252127e-09,2.7228001427895656e-09,4.0579304232440134e-09,3.455494340418936e-09,1.698920789252127e-09,-2.2161839658083187
0.10753,1.6696104954888106e-09,2.710318373376033e-09,4.057733082538482e-09,3.450434466497242e-09,1.6696104954888106e-09,-2.1282485845228223
0.10757,1.750890941252008e-09,2.7622842192112017e-09,4.0939025582232635e-09,3.49217258344893e-09,1.750890941252008e-09,-1.7134317533359273
0.1076,1.7030197245745679e-09,2.7333419249041614e-09,4.077513636897526e-09,3.471161858598156e-09,1.7008013311075447e-09,-1.0113820115765733
0.10764,2.3537631621848904e-09,2.728673989618743e-09,4.065122351773641e-09,3.462036132097985e-09,1.7043808761281676e-09,-0.4247654654180739
0.10768,2.3612619158437934e-09,2.7351450698596508e-09,4.070348645235263e-09,3.467656441530473e-09,1.71366388860336e-09,-0.41796714956186287
0.10771,2.7164993844712954e-09,2.7199580562024244e-09,4.0486797881928645e-09,3.4489493024151163e-09,1.7030422473731749e-09,-0.004305525144146577
0.10775,2.4275359748589608e-09,2.696908447433344e-09,4.017116751477073e-09,3.421329623962445e-09,1.6853763200613402e-09,-0.3154975292985672
0.10779,2.4001781647068884e-09,2.697112617369163e-09,4.015865193820084e-09,3.4206587906735676e-09,1.687454909857185e-09,-0.34355207302529234
0.10782,2.479343332184883e-09,2.6913976954349988e-09,4.009424829357928e-09,3.4145984608609754e-09,1.6815869402740784e-09,-0.25279398385819724
0.10786,2.6885845055785437e-09,2.691131537330993e-09,4.0062119766470256e-09,3.412571607492174e-09,1.6849878137327282e-09,-0.003101887679585567
0.1079,3.291473537655235e-09,2.683843792284429e-09,3.999022544058823e-09,3.4054432506893942e-09,1.6762927238699431e-09,0.8215036921852424
0.10794,3.561097486533839e-09,2.6806727830940877e-09,3.9956093817864485e-09,3.402158890087468e-09,1.6729520146013563e-09,1.246305698980018
0.10797,3.82897585990357e-09,2.6599399213953055e-09,3.97823553034506e-09,3.383787236399244e-09,1.6440625771211568e-09,1.7075612656281296
0.10801,3.764421305163037e-09,2.693057380297721e-09,4.000730972671249e-09,3.4100460521899505e-09,1.696570212563741e-09,1.5953957612810523
0.10805,3.687877519156979e-09,2.700160578836283e-09,3.999642896523647e-09,3.412177683807545e-09,1.7152082432414422e-09,1.4815677392115691
0.10808,3.820287949901544e-09,2.647418416093519e-09,3.955135370021023e-09,3.3653353567291176e-09,1.6412054274178071e-09,1.736752476498912
0.10812,3.6444055500721827e-09,2.6404769206707685e-09,3.947604868815215e-09,3.358201776323596e-09,1.6334284044034876e-09,1.439770454881612
0.10816,3.277255431086646e-09,2.6663875586429513e-09,3.9577013966790375e-09,3.374380080642732e-09,1.6832120911087951e-09,0.8659830290864019
0.10819,2.7361563003621027e-09,2.6488635786545623e-09,3.943354144195498e-09,3.359054279821184e-09,1.6581975720918284e-09,0.10969431560090546
0.10823,1.8663565986665165e-09,2.636409577040593e-09,3.932726267106714e-09,3.3479030593531356e-09,1.6410440322053846e-09,-0.8267364815429423
0.10827,1.6733406984900783e-09,2.6539553711881768e-09,3.941001510814838e-09,3.35966412322045e-09,1.6733406984900783e-09,-1.4719131526336993
0.1083,1.6913518246376483e-09,2.6639520934871665e-09,3.9461281397106e-09,3.3666083181200875e-09,1.6913518246376483e-09,-1.6797169093414421
0.10834,1.6246429505758833e-09,2.6248039949495523e-09,3.9233566859415685e-09,3.3377974996626367e-09,1.6246429505758833e-09,-1.4416014363547323
0.10838,1.6715164470451224e-09,2.654229481253472e-09,3.943091448606868e-09,3.3609955743019957e-09,1.6715164470451224e-09,-1.2803581028733488
0.10841,1.6970617880102878e-09,2.654941156980327e-09,3.948750608271338e-09,3.364621767103806e-09,1.6663335323656702e-09,-0.9706971189053075
0.10845,2.23238653074592e-09,2.6594822341030683e-09,3.9546275722288205e-09,3.36989255769241e-09,1.6700203927392136e-09,-0.48153608965753575
0.10849,2.5739647760142094e-09,2.6536664237659e-09,3.949589777029886e-09,3.36464142472983e-09,1.662074910127717e-09,-0.09676010123369236
0.10852,2.8839573957777774e-09,2.6455535379396377e-09,3.942354562089047e-09,3.357187855080121e-09,1.6512920372984066e-09,0.3016967067922774
0.10856,2.406784501552992e-09,2.655473036713017e-09,3.94905005601372e-09,3.365042022083069e-09,1.6670241709289686e-09,-0.28910524626731876
0.1086,2.1796877366980027e-09,2.6536590365530064e-09,3.945878908363496e-09,3.3624672259991794e-09,1.6664395125264499e-09,-0.5308711194349699
0.10863,1.7837329071417993e-09,2.64264962627022e-09,3.936559634579821e-09,3.3526520339001154e-09,1.651165517757559e-09,-0.8974792656729121
0.10867,1.8346356668048942e-09,2.645121656486454e-09,3.9351171732212654e-09,3.3527649590235307e-09,1.6588952122663538e-09,-0.8518896582770635
0.10871,2.3812626154216812e-09,2.64360896922395e-09,3.9328058221208665e-09,3.3507858947251984e-09,1.6581767874427165e-09,-0.30721240731438376
0.10875,2.669321392769917e-09,2.639484423570085e-09,3.929126329413097e-09,3.346976063057576e-09,1.6528135869582535e-09,0.03760894367686441
0.10878,3.062935255356265e-09,2.6424873622185715e-09,3.929785853051997e-09,3.3485389073897555e-09,1.6592834548037415e-09,0.5732686302788944
0.10882,3.211632081300747e-09,2.646369099504879e-09,3.93372487622242e-09,3.3523418521991322e-09,1.6641509905692725e-09,0.7914982316808251
0.10886,3.4550718394218873e-09,2.631662797414105e-09,3.920301558033044e-09,3.338689398892441e-09,1.6447152853984763e-09,1.1838337092340319
0.10889,3.5666950344968538e-09,2.639491256991188e-09,3.921445266786769e-09,3.342442535175728e-09,1.6621659807305433e-09,1.381139196231051
0.10893,3.2604801853252125e-09,2.6132043692931356e-09,3.8960696989547924e-09,3.3171988450840653e-09,1.6292586567083622e-09,0.9018589458515458
0.10897,3.354375805226145e-09,2.624248220021285e-09,3.89788907119531e-09,3.322623082890807e-09,1.65355965894797e-09,1.064690167350707
0.109,3.2189542577883886e-09,2.5943951059992764e-09,3.869444514320946e-09,3.2941579841859643e-09,1.6158332898389491e-09,0.8700423868185848
0.10904,3.1166164871816122e-09,2.587150287047553e-09,3.8566844089211046e-09,3.2838059421337725e-09,1.6136687395136493e-09,0.7304140686495678
0.10908,2.942754356827674e-09,2.598911788934939e-09,3.862650964000619e-09,3.2919507660555432e-09,1.6347285713955261e-09,0.4764955906806458
0.10912,2.585391252274998e-09,2.5914606224171826e-09,3.857922403139962e-09,3.2862540067494765e-09,1.6223793922361946e-09,-0.007954262162360623
0.10915,2.4061620210349678e-09,2.588080863445754e-09,3.853423530542485e-09,3.282280515708081e-09,1.61963319596055e-09,-0.22405525029486964
0.10919,2.04741681204199e-09,2.5891701438379355e-09,3.849720870601203e-09,3.2805452041112786e-09,1.6266005419765473e-09,-0.6118445776898171
0.10923,1.8367900897627896e-09,2.5855577828926394e-09,3.849258948445628e-09,3.278861054861324e-09,1.6184162178295982e-09,-0.8150612304965168
0.10926,1.8454940040156701e-09,2.5917483160375925e-09,3.850640649977407e-09,3.28210083251391e-09,1.6316996759129863e-09,-0.8048933213710446
0.1093,1.9813514112816633e-09,2.58456613734801e-09,3.849804246630978e-09,3.278793869142915e-09,1.6153758601396167e-09,-0.6804236727145008
0.10934,2.053155161048463e-09,2.5937101894486034e-09,3.855581933418799e-09,3.285812772138701e-09,1.6302804314874762e-09,-0.6089949509516908
0.10937,1.7881431396724788e-09,2.5816321179600823e-09,3.838110328548536e-09,3.27077994754174e-09,1.6222075795227084e-09,-0.8520837928311638
0.10941,2.0154166297586785e-09,2.5639404484147835e-09,3.815390009384726e-09,3.250465690091028e-09,1.6068347689946785e-09,-0.6273104790167461
0.10945,1.8887540024978403e-09,2.5665820466826363e-09,3.81066458456528e-09,3.248725641200018e-09,1.61887162366626e-09,-0.7455081958882833
0.10949,2.3161112275638415e-09,2.5519648978667718e-09,3.800283012482025e-09,3.2368666821371968e-09,1.5961638917782265e-09,-0.29184987720045613
0.10952,2.5346220624794716e-09,2.5528291362430714e-09,3.800106516056589e-09,3.2371080682701913e-09,1.598418261860362e-09,-0.023386653757272825
0.10956,2.535949700948521e-09,2.5518339555254253e-09,3.798386596137445e-09,3.2357162006404492e-09,1.5980187870193295e-09,-0.020142049251723665
0.1096,2.592859059395161e-09,2.5458219490310754e-09,3.789220741530691e-09,3.2279641098608752e-09,1.5945218560085405e-09,0.061991563958182276
0.10963,2.456881185736905e-09,2.541966949762019e-09,3.783462648801669e-09,3.223054335819179e-09,1.592191629228252e-09,-0.10755565936393946
0.10967,2.618659844300327e-09,2.5344188861443327e-09,3.772535783647697e-09,3.2136518692171912e-09,1.587174981119121e-09,0.11158756958793589
0.10971,2.8169633113061383e-09,2.534111490998104e-09,3.772618787222654e-09,3.2135577304141973e-09,1.5864722874891363e-09,0.38741111268823725
0.10975,3.0411891027184985e-09,2.522855456693295e-09,3.764370716473181e-09,3.2042599529800863e-09,1.5694531913415177e-09,0.7254844937075342
0.10978,3.272120243003417e-09,2.518255857189868e-09,3.75965916855011e-09,3.199703979079933e-09,1.5639382493192818e-09,1.1031110505327468
0.10982,3.309290301612162e-09,2.5259692009594185e-09,3.762714453319486e-09,3.2045419601595696e-09,1.5786904520271817e-09,1.171784507601257
0.10986,3.380810999424713e-09,2.5333792999782745e-09,3.764200225103795e-09,3.2083312403885875e-09,1.5947275769192799e-09,1.3048341270496795
0.10989,3.2559158805336414e-09,2.536196835107203e-09,3.765346555964356e-09,3.2101210300352184e-09,1.6001013013245383e-09,1.0926014028648434
0.10993,3.0110875412223384e-09,2.512452880665867e-09,3.746795526626893e-09,3.1898752079568305e-09,1.5652131666880065e-09,0.7022946193389358
0.10997,2.80093492061863e-09,2.4713226419857685e-09,3.6851380910127192e-09,3.1374750055206992e-09,1.5399171450539028e-09,0.45474836168123856
0.11001,2.326516941282574e-09,2.4643816761373326e-09,3.668528619800961e-09,3.1250071329560515e-09,1.5429020327787448e-09,-0.1790657925188397
0.11004,2.0831808394306233e-09,2.465247094820364e-09,3.6673821984110577e-09,3.124663354346811e-09,1.5464188491900413e-09,-0.46752993439029716
0.11008,1.6353987117077857e-09,2.446597670456136e-09,3.6533567041713466e-09,3.1090750517903425e-09,1.518488641754977e-09,-0.9181209027829822
0.11012,1.5361838405826579e-09,2.460774933312638e-09,3.6669107400978014e-09,3.1226378325910477e-09,1.5361838405826579e-09,-1.0350600306807793
0.11015,1.5516913103512435e-09,2.470026193275259e-09,3.672545665140994e-09,3.1295861750684734e-09,1.5516913103512435e-09,-1.2305495360097862
0.11019,1.5154537245795961e-09,2.4415462439124955e-09,3.645675432062523e-09,3.1025849034477163e-09,1.5154537245795961e-09,-1.3858294027062341
0.11023,1.5371672608824513e-09,2.4554412498182746e-09,3.6552993909951652e-09,3.1137246152392614e-09,1.5371672608824513e-09,-1.1373870747849935
0.11027,1.5512089144015126e-09,2.4634250379539893e-09,3.6596483263286847e-09,3.1194152633330105e-09,1.5512089144015126e-09,-1.0748834988372964
0.1103,1.9996815695010116e-09,2.4673918436794896e-09,3.665639049516843e-09,3.124489735478772e-09,1.5536273048475976e-09,-0.5565365804047187
0.11034,2.2633869070893777e-09,2.453316201075142e-09,3.6525245042844576e-09,3.1112369148074e-09,1.5355023152660808e-09,-0.24552835836439751
0.11038,2.4232300938845575e-09,2.4535633437901295e-09,3.652773059117658e-09,3.1114749013675617e-09,1.5358305211392563e-09,-0.040984938501803965
0.11042,2.638836994511117e-09,2.455449400819865e-09,3.654819011960183e-09,3.113420183922545e-09,1.5379134559515972e-09,0.25563354231548013
0.11045,2.7600315102968014e-09,2.456192326624715e-09,3.659045043153302e-09,3.1161911318297322e-09,1.5346886434207495e-09,0.4265091788487666
0.11049,3.0771323781360874e-09,2.449770431703376e-09,3.6553255796499266e-09,3.1114693535446633e-09,1.5237958641074888e-09,0.928241649413405
0.11053,3.2139772211392607e-09,2.4422307949086996e-09,3.646107109485527e-09,3.1030724326294066e-09,1.5167901378965501e-09,1.1740750608190562
0.11057,3.3215870078595e-09,2.453786444356622e-09,3.65235425854018e-09,3.11129639923021e-09,1.536991945219878e-09,1.370895911102845
0.1106,3.35095283988254e-09,2.4455695313401232e-09,3.646644094604825e-09,3.1047043526317342e-09,1.5241145622584862e-09,1.4249649906343873
0.11064,3.2325373648352647e-09,2.4245444765785106e-09,3.6074825474162484e-09,3.073439347118447e-09,1.5202077071167714e-09,1.2843501452262547
0.11068,3.120537628495479e-09,2.3993089391158456e-09,3.57950062681324e-09,3.047067167284391e-09,1.4930306409081474e-09,1.115354529571228
0.11071,2.881436545912014e-09,2.3555143524884716e-09,3.5161268218858736e-09,2.9925934135206664e-09,1.4635063702530968e-09,0.7919120076052701
0.11075,2.4284685761630746e-09,2.3633674323775286e-09,3.5182603775719232e-09,2.996951888276e-09,1.479676125563538e-09,0.09172263285330175
0.11079,1.907250481335984e-09,2.354371490763426e-09,3.5080640154308955e-09,2.9874317824194536e-09,1.4701831844322327e-09,-0.5691549928852552
0.11083,1.4611453110919368e-09,2.3483396766015384e-09,3.5035123767180797e-09,2.98238591944684e-09,1.4611453110919368e-09,-1.19109960313056
0.11086,1.4516663245519912e-09,2.3408064623636432e-09,3.4963033319542847e-09,2.975191379831535e-09,1.4516663245519912e-09,-1.3754572764731172
0.1109,1.444325334186955e-09,2.3340169159501706e-09,3.4887331243025064e-09,2.968088655042864e-09,1.444325334186955e-09,-1.2086236167747835
0.11094,1.915178460045182e-09,2.342564704000943e-09,3.4847447466433474e-09,2.9691099813997e-09,1.469483496370737e-09,-0.5427964807535121
0.11098,2.4670587922574038e-09,2.3149596599011707e-09,3.445708280125933e-09,2.9353037339371943e-09,1.44981339214278e-09,0.22376209806429312
0.11101,2.7707582475755373e-09,2.3208260627931796e-09,3.4530933168283604e-09,2.9419549345800416e-09,1.455051930370144e-09,0.7034017385965804
0.11105,2.7384080619853248e-09,2.3258509374188584e-09,3.4596089700990185e-09,2.947743422162524e-09,1.4594565162135088e-09,0.6416147765460574
0.11109,2.4310530729082293e-09,2.3222761811059722e-09,3.4569759823181055e-09,2.9447821826744516e-09,1.4540601850795919e-09,0.15771656576529036
0.11113,1.9126333354782096e-09,2.3229221047490746e-09,3.455128145468812e-09,2.9439500122651524e-09,1.4578229773595515e-09,-0.5263898077365966
0.11116,1.5546224757714927e-09,2.3316952550828556e-09,3.4627823870966407e-09,2.9519048499235375e-09,1.4697531672028878e-09,-0.9072720235986181
0.1112,1.467401191894596e-09,2.3275891975400608e-09,3.456459809517025e-09,2.946580207029465e-09,1.467401191894596e-09,-1.0974890094743572
0.11124,1.5151758490731371e-09,2.305582263554376e-09,3.4406659185431003e-09,2.9286361197478166e-09,1.4334366427410878e-09,-0.9408641644272103
0.11128,1.940284658122995e-09,2.312919745042741e-09,3.4452625985329904e-09,2.93423058631101e-09,1.4454967085952799e-09,-0.4900843856826147
0.11131,2.24105558678443e-09,2.319639321441222e-09,3.452463153832587e-09,2.9411032298890687e-09,1.4530524921462787e-09,-0.10867793941464536
0.11135,2.4881801160313674e-09,2.314604047481807e-09,3.446645635485177e-09,2.9356913267764074e-09,1.4479763176251898e-09,0.2538068161311766
0.11139,2.7889805381998246e-09,2.3193920590184616e-09,3.4478389587113062e-09,2.938273048866548e-09,1.458082699563249e-09,0.7458001970884831
0.11143,2.996454421014994e-09,2.3125653611345345e-09,3.4434321372899636e-09,2.932983111772793e-09,1.4470224988316922e-09,1.1145719367767601
0.11146,3.216254527600165e-09,2.309203509878643e-09,3.4425308795431195e-09,2.931135902670498e-09,1.4400108568026458e-09,1.529478604119884
0.1115,3.409146167371272e-09,2.3049303993180127e-09,3.4358482915937445e-09,2.925540600644079e-09,1.437642844519603e-09,1.9356818872212644
0.11154,3.2839249528818326e-09,2.2997291922275806e-09,3.4302678499964557e-09,2.9202027326317002e-09,1.4318988571268356e-09,1.685126570325895
0.11158,2.921510200172169e-09,2.317961213985611e-09,3.441422105906002e-09,2.933935230632713e-09,1.4623583861532505e-09,0.9936163668162448
0.11161,2.43882542021756e-09,2.3087111195336153e-09,3.4373416135594198e-09,2.927898885358608e-09,1.4449719569320418e-09,0.18970541244638203
0.11165,1.8051348143387737e-09,2.3125327735606087e-09,3.438884211389205e-09,2.930310867200577e-09,1.4523307257460513e-09,-0.6386872303875339
0.11169,1.4609913774406917e-09,2.316318353168158e-09,3.4391405653056074e-09,2.931970688098654e-09,1.4609913774406917e-09,-1.2744929463224162
0.11173,1.4787911831934826e-09,2.3256600777774e-09,3.4431545471079514e-09,2.938000785720279e-09,1.4787911831934826e-09,-1.4517305852100137
0.11176,1.4748630526770625e-09,2.324755527560763e-09,3.4445656351402447e-09,2.938478891154832e-09,1.4748630526770625e-09,-1.2622361176044155
0.1118,1.8718192269266513e-09,2.307251195015895e-09,3.4361666288777978e-09,2.926668057990812e-09,1.4426623575588287e-09,-0.5641760858160306
0.11184,2.395665612868318e-09,2.3343677731405925e-09,3.474990809049006e-09,2.960153229175389e-09,1.4614458101865554e-09,0.08719458272277374
0.11188,2.4653523011573653e-09,2.3344550554628086e-09,3.475217708183951e-09,2.9603159496902224e-09,1.4614158983298204e-09,0.18915729951187818
0.11192,2.468826488895476e-09,2.3335457750048952e-09,3.4735728353631165e-09,2.958991615135254e-09,1.4611932176365982e-09,0.19632738871377295
0.11195,2.2644157795498514e-09,2.332280606544401e-09,3.4723437893033784e-09,2.957762035287435e-09,1.4596797121586507e-09,-0.09521235148832868
0.11199,2.1034812657397687e-09,2.3290842482225023e-09,3.470029762065048e-09,2.9551357218634433e-09,1.4548235061772306e-09,-0.3073287429099796
0.11203,2.0580635936446482e-09,2.3319284273113814e-09,3.4714295546922202e-09,2.9570822650308223e-09,1.4599478805273278e-09,-0.36383296066503173
0.11207,2.0450054731687763e-09,2.332589290270454e-09,3.4713248682088826e-09,2.9572848583502814e-09,1.4616353706751376e-09,-0.3793308634161287
0.1121,2.2310205306918544e-09,2.3320373571997024e-09,3.470990030817744e-09,2.9568701052220363e-09,1.460714792390553e-09,-0.13868987846568778
0.11214,2.2492049751889024e-09,2.3309903787384136e-09,3.4697283129284823e-09,2.9557141162027505e-09,1.4597226697791822e-09,-0.11311476206321387
0.11218,2.1580473468928672e-09,2.310754857436568e-09,3.4392517366970608e-09,2.929843984863429e-09,1.4474892692438037e-09,-0.20938709805211692
0.11222,2.042378100993917e-09,2.2843898212587135e-09,3.3974134039975104e-09,2.8948819911256396e-09,1.43411706785424e-09,-0.3255223101574849
0.11225,2.123344116361072e-09,2.271179998307917e-09,3.3811859068218333e-09,2.8801482860005117e-09,1.4217563677190201e-09,-0.20755314982842593
0.11229,2.4866369402641275e-09,2.2554123961136157e-09,3.361598519229107e-09,2.8624312237103592e-09,1.407293392045947e-09,0.34555614238349447
0.11233,2.812153283070994e-09,2.270237296880834e-09,3.3712997769057977e-09,2.8739631042038113e-09,1.4313502237393444e-09,0.9015714218725301
0.11237,3.058915648969737e-09,2.2342351320105683e-09,3.3433272389868266e-09,2.8433361115902312e-09,1.3785567112345361e-09,1.3801622601021952
0.11241,3.0381468978429427e-09,2.249809489305557e-09,3.3488587691817278e-09,2.8527344167246338e-09,1.4090674126169186e-09,1.355964757017576
0.11244,2.921583973535544e-09,2.2512850574492843e-09,3.348755281510395e-09,2.8532550377104848e-09,1.4127298531226772e-09,1.1333895697894987
0.11248,2.6581294076116374e-09,2.2307747122369286e-09,3.3239678631059813e-09,2.830633304500192e-09,1.3930022014560508e-09,0.6825054349636793
0.11252,2.328246960584725e-09,2.2208416388941623e-09,3.3061401397318637e-09,2.8162528419463067e-09,1.3903591644089336e-09,0.16265502464819936
0.11256,2.090341182132867e-09,2.2020027698776933e-09,3.2786385604168754e-09,2.792684934038953e-09,1.3779050902079506e-09,-0.1637458948908023
0.11259,1.8874125057055703e-09,2.2092040886369437e-09,3.2851124576940035e-09,2.7993276622249037e-09,1.3874455782542229e-09,-0.4395524602883242
0.11263,1.7454833702304972e-09,2.2059947992597817e-09,3.2868455482154814e-09,2.799199481223145e-09,1.37511259081867e-09,-0.6209689302582903
0.11267,1.5849917348206243e-09,2.216084772401358e-09,3.2928238310671247e-09,2.8065631044918555e-09,1.3947986714373715e-09,-0.7977417207472925
0.11271,1.6788748203956498e-09,2.2153818617594048e-09,3.298034691325171e-09,2.8093521107005915e-09,1.3868558917945603e-09,-0.7004486144362663
0.11275,1.8649541115982996e-09,2.2188946818434917e-09,3.3020809158152914e-09,2.81313045054584e-09,1.390339087267402e-09,-0.4818084425135726
0.11278,1.7960677597592362e-09,2.2103045729229527e-09,3.2928524839030833e-09,2.80432627909199e-09,1.3807406906492666e-09,-0.5619897892774242
0.11282,1.7852159430979534e-09,2.2191883183363425e-09,3.3035653916068065e-09,2.8140990187727822e-09,1.3893918591814838e-09,-0.5805311608678995
0.11286,1.5607553182138837e-09,2.1988156089932614e-09,3.2774056005026107e-09,2.7907004394006913e-09,1.3717542596539183e-09,-0.8199724858965577
0.1129,1.6360262295181114e-09,2.2055256624262614e-09,3.2775547540722742e-09,2.7934413967877684e-09,1.3876093966585195e-09,-0.7341102280455972
0.11294,1.5708616068491214e-09,2.2060007041912045e-09,3.276714220827541e-09,2.793141329365353e-09,1.3897202451927161e-09,-0.8041453095137894
0.11297,1.6359876583204027e-09,2.2054970510354864e-09,3.2764318009363397e-09,2.7927788541378986e-09,1.3888350832463941e-09,-0.7330591221842773
0.11301,1.7727568212346962e-09,2.191404493623142e-09,3.267987926348892e-09,2.7822589020398004e-09,1.36514999294123e-09,-0.5754110370411076
0.11305,2.0202964861361786e-09,2.198166566709572e-09,3.2724803425747214e-09,2.7875501629105064e-09,1.3760613728256544e-09,-0.25579101326358644
0.11309,2.3734572464610795e-09,2.1990661911228473e-09,3.2727982197680665e-09,2.7880813981291612e-09,1.377901517698502e-09,0.2730455589955766
0.11313,2.544588538735277e-09,2.1943891915577277e-09,3.2700311594045217e-09,2.7845810033257498e-09,1.3701808014037809e-09,0.5591765051484497
0.11316,2.7661507219781668e-09,2.212998218110932e-09,3.283936793179686e-09,2.800041055575575e-09,1.3985168679549572e-09,0.9561625668577916
0.1132,2.9700322948674082e-09,2.2000045743180583e-09,3.2792419481335502e-09,2.7921597690100013e-09,1.3730462738418845e-09,1.3417652314387338
0.11324,3.0855427204129403e-09,2.175838449027618e-09,3.2531994252837065e-09,2.7673458840638294e-09,1.3461206320797107e-09,1.6129451745602275
0.11328,3.366419461192061e-09,2.1739009886875445e-09,3.2403342490104523e-09,2.759110925756616e-09,1.3561584257382119e-09,2.2807836684856846
0.11332,3.313617861705358e-09,2.161131622231938e-09,3.20294504466264e-09,2.7321040655722737e-09,1.3702711017990965e-09,2.2853403108398807
0.11335,3.2805691458604368e-09,2.110109114706994e-09,3.1526746687147226e-09,2.6824936034130045e-09,1.307662442068548e-09,2.278031013878164
0.11339,3.045049540117694e-09,2.118024026904464e-09,3.1550162473981052e-09,2.6870030580271307e-09,1.3237062981612298e-09,1.7469237508446012
0.11343,2.4440869047604515e-09,2.127938210398882e-09,3.1629666024988742e-09,2.695606467836776e-09,1.3378400352988858e-09,0.5363233750914187
0.11347,1.6456718121580774e-09,2.1278948686299426e-09,3.161208118529488e-09,2.694542926122937e-09,1.3399278913228325e-09,-0.6537450908620304
0.11351,1.3469476698318e-09,2.13620686218556e-09,3.1748630810770913e-09,2.7043664268343524e-09,1.3469476698318e-09,-1.3056601493575082
0.11354,1.3097732038494038e-09,2.1150254647337486e-09,3.1608702534980026e-09,2.6892304858604294e-09,1.3097732038494038e-09,-1.4663910126350048
0.11358,1.3367049843348046e-09,2.138021392694188e-09,3.184353862481183e-09,2.712201098455539e-09,1.3367049843348046e-09,-1.1389189630705752
0.11362,1.3343540859421855e-09,2.13182282665109e-09,3.1732664813072537e-09,2.7032678537127e-09,1.3343540859421855e-09,-1.0440260409882256
0.11366,1.3340189777522555e-09,2.129216691143764e-09,3.168674188960781e-09,2.699474536428997e-09,1.3340189777522555e-09,-1.2010188198808764
0.1137,1.3646169850780407e-09,2.1490241544053007e-09,3.183159437372236e-09,2.71574842938889e-09,1.3646169850780407e-09,-1.3486994989733154
0.11373,1.3219282691050102e-09,2.1223305474473655e-09,3.1651669180931966e-09,2.6946653521004667e-09,1.3219282691050102e-09,-1.3900747341849635
0.11377,1.3152813664073235e-09,2.1177185562364984e-09,3.1615022290147035e-09,2.6906925418681974e-09,1.3152813664073235e-09,-1.275568723924867
0.11381,1.3437999544491227e-09,2.1351133315365e-09,3.1724950972622427e-09,2.704013380562262e-09,1.3437999544491227e-09,-1.0859058029031594
0.11385,1.4848941071953208e-09,2.1203250133767603e-09,3.162167358789582e-09,2.6921267305039606e-09,1.3206123510551906e-09,-0.843587598318749
0.11389,1.8596700807558228e-09,2.1342096910569853e-09,3.1726494083919413e-09,2.7037475977057533e-09,1.3414456126774416e-09,-0.38969651467856
0.11392,2.199484401086092e-09,2.1308548897443834e-09,3.172132218214156e-09,2.702115305305051e-09,1.33404797446031e-09,0.10739095495187638
0.11396,2.6612389224553793e-09,2.137827441792695e-09,3.176285331442787e-09,2.707285052329862e-09,1.3459410468053513e-09,0.9221174837342798
0.114,2.9697313287242006e-09,2.1104847410972534e-09,3.158570451542029e-09,2.686062428772572e-09,1.3018931206552976e-09,1.5499157304806146
0.11404,3.2761194065990797e-09,2.103184471579505e-09,3.1520775806410043e-09,2.6793385499166367e-09,1.2924200032881858e-09,2.251530090151643
0.11408,3.477758419307493e-09,2.1234471674078287e-09,3.1633934506646835e-09,2.693976697197484e-09,1.3272228952510471e-09,2.75937832975584
0.11412,3.45918959236147e-09,2.092896768980757e-09,3.146011340983795e-09,2.671552854579152e-09,1.2761811030647509e-09,2.700891327568501
0.11415,3.3186848245167332e-09,2.1688926943663483e-09,3.2030943911782256e-09,2.7351719716831654e-09,1.38934929598396e-09,2.3021622162078064
0.11419,2.875392822582665e-09,2.11328888724526e-09,3.1613103081922034e-09,2.6888727225568427e-09,1.3045887139778148e-09,1.3366543385066583
0.11423,2.1945961521558505e-09,2.1258088346753494e-09,3.164428176784873e-09,2.6955396648169156e-09,1.3314708106990409e-09,0.10902167169108631
0.11427,1.4047141344944306e-09,2.1178074112529706e-09,3.1520530860392694e-09,2.685120960407132e-09,1.3270542149407054e-09,-0.920542810190206
0.11431,1.3448426133648782e-09,2.1251089135310275e-09,3.1514956848497115e-09,2.6877429248768053e-09,1.3448426133648782e-09,-1.042113481561874
0.11435,1.4139986301969142e-09,2.0971945654178667e-09,3.131988182565027e-09,2.6653445291239842e-09,1.3007810066548955e-09,-0.9060269258902631
0.11438,1.5644115740388528e-09,2.1077584984897114e-09,3.1333435997629856e-09,2.670295560899449e-09,1.3245060799263273e-09,-0.7344742450985977
0.11442,1.654241930209219e-09,2.09668864429125e-09,3.124401015967794e-09,2.6606654063289924e-09,1.3087077870412914e-09,-0.6250549545416099
0.11446,1.4189771708435658e-09,2.0746960895858894e-09,3.0977093898321895e-09,2.6363267905087075e-09,1.287814610127397e-09,-0.8838856144676458
0.1145,1.3123063384808857e-09,2.0835416096366294e-09,3.094940671139837e-09,2.63818334975234e-09,1.3123063384808857e-09,-0.9916009813625549
0.11454,1.3060382567824646e-09,2.077413809970654e-09,3.0878878064510988e-09,2.631620983460095e-09,1.3060382567824646e-09,-1.0963206969474446
0.11457,1.2888103311006062e-09,2.066138275437598e-09,3.0796905757405896e-09,2.6223568587891376e-09,1.2888103311006062e-09,-1.0640413496061019
0.11461,1.3941015178996366e-09,2.0577625458195708e-09,3.0732424483124916e-09,2.6152587956503145e-09,1.2765250091366776e-09,-0.8987806428580747
0.11465,1.6776682528485037e-09,2.0639792967376583e-09,3.0769904860464485e-09,2.6199083779396008e-09,1.2869269768435634e-09,-0.5639128858948784
0.11469,1.9506999774427598e-09,2.061113692402792e-09,3.0681189345444864e-09,2.6135714420124815e-09,1.2905941972375066e-09,-0.17141915847664305
0.11473,2.335875114133946e-09,2.0625343910376057e-09,3.0651496283035734e-09,2.612385707443697e-09,1.2975603716407276e-09,0.47767340085434057
0.11477,2.692769993708806e-09,2.0569536987050793e-09,3.053414287903566e-09,2.603289138941502e-09,1.2982142743515447e-09,1.2029660334337053
0.1148,2.801398446188987e-09,2.0535463731333337e-09,3.0501092966994287e-09,2.600004166182459e-09,1.2939753008261206e-09,1.4413222830207122
0.11484,2.8484353188636912e-09,2.032858101347734e-09,3.0359901723440972e-09,2.5835500373684527e-09,1.2612826673314036e-09,1.5468007290907873
0.11488,2.766132477332567e-09,2.0455122531113557e-09,3.0433977180457496e-09,2.5928855647754897e-09,1.2827501573807576e-09,1.3693594367586766
0.11492,2.6810392472589164e-09,2.041572855653366e-09,3.0422146109894458e-09,2.590632053201882e-09,1.2747570011948011e-09,1.181918364303895
0.11496,2.4928104295963014e-09,2.0539818701573813e-09,3.050622225087075e-09,2.6004579168479023e-09,1.2945254429957084e-09,0.7985073306548593
0.115,2.4457021065459275e-09,2.040038709278134e-09,3.0427631193284917e-09,2.5902447801919218e-09,1.2709721947144603e-09,0.7044550046877374
0.11504,2.086280141308323e-09,2.041182493191211e-09,3.0388620969941438e-09,2.588502627704409e-09,1.2777980788479847e-09,0.07309256503938817
0.11507,1.9530627278272346e-09,2.0408053166860547e-09,3.038293342465381e-09,2.588046091435156e-09,1.2774664795357207e-09,-0.13891137531401085
0.11511,1.7633137229773208e-09,2.038726032033495e-09,3.034905211191958e-09,2.5852405615999473e-09,1.2764974649397615e-09,-0.4144031458879529
0.11515,1.398362676387025e-09,2.035480237846056e-09,3.032279983842975e-09,2.5824330641642627e-09,1.2717576065019968e-09,-0.8706792975024094
0.11519,1.2609477458154368e-09,2.011041656478811e-09,2.9921027642450722e-09,2.549218928031609e-09,1.2609477458154368e-09,-1.119217656484055
0.11523,1.2366829526095762e-09,1.993535793068928e-09,2.977323420712106e-09,2.533630893297963e-09,1.2366829526095762e-09,-1.198981912777747
0.11527,1.3124290703055148e-09,2.0033316543575023e-09,2.9816175659376486e-09,2.5400438523629715e-09,1.2548208268942675e-09,-0.9385529629652036
0.1153,1.6462747149096784e-09,2.0071066676954053e-09,2.9836374927572164e-09,2.542719154203226e-09,1.2614648194253095e-09,-0.532825095809702
0.11534,1.7752001016699627e-09,2.0023965691197444e-09,2.9797118581448017e-09,2.5385482635110903e-09,1.2548931935278361e-09,-0.35059852467623825
0.11538,1.9264211799442968e-09,2.0002598308570672e-09,2.977330991762698e-09,2.536294713251197e-09,1.2526873121890422e-09,-0.11880428509864518
0.11542,1.919604061213556e-09,2.0010873172504167e-09,2.9784290489248382e-09,2.5372562922614007e-09,1.2534211204076406e-09,-0.13048544903966397
0.11546,1.9433962830409965e-09,1.999792283163527e-09,2.9765644153477234e-09,2.5356488084878356e-09,1.2525499697735598e-09,-0.09079366366515718
0.1155,1.8512746707255096e-09,1.9983710216453284e-09,2.9742797500482876e-09,2.5337506051985605e-09,1.2518420648704376e-09,-0.2323678217365072
0.11554,1.8210373000423516e-09,1.972956518918752e-09,2.9368530245699802e-09,2.501763733624039e-09,1.2354328899196694e-09,-0.24341465000187412
0.11557,1.893778560943967e-09,1.9706816859565372e-09,2.933081949773011e-09,2.498654026088112e-09,1.2344616158390858e-09,-0.12499553024404142
0.11561,1.9179953132090557e-09,1.9616147217279416e-09,2.9200387009064144e-09,2.4874228816805395e-09,1.2282451195973104e-09,-0.072321989590848
0.11565,2.0012512204064703e-09,1.9585147822190417e-09,2.9151240890403493e-09,2.4833149352304392e-09,1.2266665202959661e-09,0.07323763917468688
0.11569,2.0710908388103072e-09,1.9566480612510705e-09,2.9132636334796876e-09,2.4814854507871303e-09,1.2244148602642363e-09,0.19666131258987304
0.11573,2.322417327857811e-09,1.9515965393167476e-09,2.9088432716990624e-09,2.4768950091244615e-09,1.217600094213185e-09,0.6737069512325088
0.11577,2.487777556260249e-09,1.946844690881307e-09,2.9056585119608476e-09,2.473141283221373e-09,1.2100932059403784e-09,1.0157155873537864
0.11581,2.6009590217307053e-09,1.970014296799832e-09,2.9203338869702042e-09,2.490889442321111e-09,1.248217069335307e-09,1.2662598123338313
0.11584,2.5996237585193454e-09,1.968251046673578e-09,2.919557065784684e-09,2.489734348175315e-09,1.2449175211667172e-09,1.2620878268409068
0.11588,2.544417090619771e-09,1.9605586803619494e-09,2.91440458992482e-09,2.4836773498800227e-09,1.2325589144577632e-09,1.1402304704103632
0.11592,2.4555521012946494e-09,1.960095532932774e-09,2.913550482384753e-09,2.482991075997684e-09,1.2324802764265767e-09,0.9508801400526946
0.11596,2.1395047153632807e-09,1.9563082742646043e-09,2.9115178230298196e-09,2.4803002232496638e-09,1.225834529390655e-09,0.32450464348001523
0.116,1.770294188612397e-09,1.9535509140972434e-09,2.9080725862600377e-09,2.477201103667624e-09,1.223265833141169e-09,-0.29398875138788555
0.11604,1.204671233889854e-09,1.9415808641946915e-09,2.899577332403999e-09,2.4675065494484956e-09,1.204671233889854e-09,-1.102368009818973
0.11608,1.2469628628560867e-09,1.967360942353887e-09,2.9159527595058154e-09,2.4872900614967203e-09,1.2469628628560867e-09,-1.3390483785294571
0.11612,1.2457744017440393e-09,1.967022038837176e-09,2.916239572275485e-09,2.487328861679842e-09,1.2457744017440393e-09,-1.3398309381102746
0.11615,1.2332122635716146e-09,1.957992706844249e-09,2.908530469191894e-09,2.4792496226595665e-09,1.2332122635716146e-09,-1.1781346871691096
0.11619,1.5605359683070563e-09,1.937402706443978e-09,2.8853081929373455e-09,2.4575134552519537e-09,1.211395904237148e-09,-0.5795808405076136
0.11623,2.0928717135017153e-09,1.9396880193305336e-09,2.8871428764236127e-09,2.4594924048645074e-09,1.2146768697878967e-09,0.2703105435475638
0.11627,2.436834656818531e-09,1.936595342533472e-09,2.8793060988018504e-09,2.4536518655286677e-09,1.2167183664767523e-09,0.9709194988747524
0.11631,2.4269509856489856e-09,1.924143825911419e-09,2.871912323132126e-09,2.444392788124874e-09,1.1957647071127485e-09,0.9465764436255275
0.11635,2.3267484787411443e-09,1.9375684699867188e-09,2.8812251874189383e-09,2.4551473378037105e-09,1.2168567811622065e-09,0.7364435294862792
0.11639,2.0120117323787647e-09,1.9329348685977595e-09,2.878097767653381e-09,2.4514843965297383e-09,1.2094691770163817e-09,0.13582779413048818
0.11643,1.533787212359954e-09,1.9320681865301245e-09,2.876781427916459e-09,2.4503745568266524e-09,1.2089302988938916e-09,-0.6091354263426866
0.11646,1.236368236603874e-09,1.9277883806145644e-09,2.8729925472878026e-09,2.4464695445001592e-09,1.2031479882754025e-09,-0.9711082231000887
0.1165,1.2259881824067378e-09,1.9416812926735842e-09,2.8817715825438005e-09,2.4571077410099113e-09,1.2259881824067378e-09,-1.2540242569805087
0.11654,1.220968410728264e-09,1.9383798330444853e-09,2.8793149969798478e-09,2.4543657319120287e-09,1.220968410728264e-09,-1.0953835327852262
0.11658,1.2463360359099366e-09,1.9341962512519886e-09,2.8766158460155503e-09,2.451130523434444e-09,1.2141445816055165e-09,-0.9596412959432002
0.11662,1.6746650779180486e-09,1.9302451359627526e-09,2.8734360409173165e-09,2.4477011562366218e-09,1.2084855910374861e-09,-0.40688742708936443
0.11666,2.1482002906392174e-09,1.9317198828917964e-09,2.8746881680364205e-09,2.4490150076052457e-09,1.2105482587253912e-09,0.3915572392215026
0.1167,2.5392028657619263e-09,1.921801886291978e-09,2.8675046797705434e-09,2.440881812154292e-09,1.195389116196538e-09,1.202184863654005
0.11674,2.8040379952091344e-09,1.9219613013463877e-09,2.8651126020213575e-09,2.4395400941498434e-09,1.1985997272241322e-09,1.838297258959096
0.11678,2.7305020320822185e-09,1.9114778010742187e-09,2.8583698990789752e-09,2.43144119803e-09,1.1816409782838954e-09,1.656338158594374
0.11681,2.613512945075814e-09,1.9152473088117048e-09,2.8614333627507546e-09,2.4347242744821772e-09,1.1869999500194165e-09,1.3777039864606346
0.11685,2.2253512544439124e-09,1.921786354895081e-09,2.8667507651091844e-09,2.4404244671673225e-09,1.1962956049259897e-09,0.5440408460007224
0.11689,1.814217527256856e-09,1.9278786396089416e-09,2.87062578809014e-09,2.445095849397729e-09,1.206295790025995e-09,-0.18946473342921677
0.11693,1.4932654422821954e-09,1.9347875670342848e-09,2.875474255772509e-09,2.4506654906201337e-09,1.2170992401470535e-09,-0.659103576930962
0.11697,1.3719307750136709e-09,1.9240309015292873e-09,2.866694168554872e-09,2.4412834329687647e-09,1.2016841373321539e-09,-0.8112360278240849
0.11701,1.6508420922711363e-09,1.9266412300741338e-09,2.8686795468979572e-09,2.4434848537432183e-09,1.2055274442524212e-09,-0.4382559268349636
0.11705,1.8756206426206068e-09,1.9276447070158614e-09,2.869571333236665e-09,2.4444111507589244e-09,1.2068274884079493e-09,-0.08782240361005937
0.11709,2.1020303875095464e-09,1.924202540964071e-09,2.865374119110745e-09,2.4405961538759194e-09,1.2035311001183013e-09,0.31532695946742395
0.11713,2.0699236595505952e-09,1.923019019873356e-09,2.8624692498935267e-09,2.4384351687949276e-09,1.2040939096532777e-09,0.2608832466401639
0.11716,1.9774531661816606e-09,1.9220314444919522e-09,2.861363665919295e-09,2.4373958010991685e-09,1.2030418765072343e-09,0.0954034135447024
0.1172,1.8489434313759519e-09,1.9114832337056143e-09,2.845276041307459e-09,2.4237876929978165e-09,1.1969321482669116e-09,-0.1057537558419711
0.11724,1.5894762447633435e-09,1.903395105807032e-09,2.8356670480740066e-09,2.414954038168834e-09,1.1890087481536932e-09,-0.5012431674510861
0.11728,1.45262130053261e-09,1.90359394073349e-09,2.8348394778813488e-09,2.414542345369252e-09,1.1904929985966298e-09,-0.6884934555131396
0.11732,1.2081728637240903e-09,1.909828079327776e-09,2.838959120120921e-09,2.4194173664480376e-09,1.2005465104637953e-09,-0.9832106882805788
0.11736,1.2791301415123315e-09,1.9056327646989695e-09,2.835311956299407e-09,2.415618635870661e-09,1.1948462723906822e-09,-0.9024136487991943
0.1174,1.2084637575198292e-09,1.910012114408832e-09,2.837863855348839e-09,2.4188367782995607e-09,1.2023598309593527e-09,-0.9818049763824743
0.11744,1.432220401039624e-09,1.9068687604592014e-09,2.8367907671321197e-09,2.4169649958586237e-09,1.1961049015772003e-09,-0.7147839207496566
0.11748,1.6520919993230315e-09,1.8941131416260883e-09,2.8206004304427493e-09,2.4024301591202817e-09,1.1848037746523528e-09,-0.39506211602737223
0.11752,2.013903940779975e-09,1.8887066363687116e-09,2.8125047817723095e-09,2.3955463100052956e-09,1.1814760623191993e-09,0.22306018878599054
0.11755,2.3827593760802817e-09,1.8942666426468194e-09,2.8159476209255544e-09,2.3997581554472948e-09,1.1907199824755825e-09,0.9709518185713855
0.11759,2.630364175714205e-09,1.89934317121861e-09,2.8167725132014584e-09,2.4022428711270017e-09,1.2019999376932749e-09,1.5533355187731217
0.11763,2.7722016789663886e-09,1.8752088721421677e-09,2.796296288641181e-09,2.3807166457118632e-09,1.1683822031668845e-09,1.9272837769073634
0.11767,2.679817008108429e-09,1.884313840432695e-09,2.8027951930481537e-09,2.388119203453589e-09,1.1824723680847003e-09,1.6916574414726835
0.11771,2.5050814469689417e-09,1.8764872375291636e-09,2.799802899497518e-09,2.383541149152089e-09,1.1682575490607154e-09,1.269753031194871
0.11775,2.287095262370269e-09,1.889766607737309e-09,2.806944689693123e-09,2.3927017479106766e-09,1.190641054174956e-09,0.7837081406833799
0.11779,2.0248443506169923e-09,1.882484547028858e-09,2.8019226642113622e-09,2.3868835936387646e-09,1.1791377369893949e-09,0.2591524942153394
0.11783,1.7790754967934549e-09,1.8814097769086402e-09,2.801402194250829e-09,2.386159252736771e-09,1.1771232691312224e-09,-0.17548732469957568
0.11787,1.3488701189329517e-09,1.88606771524767e-09,2.8030087910741267e-09,2.3889371628714264e-09,1.1864473330038155e-09,-0.7984482427868645
0.11791,1.177321066006729e-09,1.878468292746921e-09,2.795341433661788e-09,2.3814391085979694e-09,1.177321066006729e-09,-1.283410970092239
0.11795,1.198987390130897e-09,1.89026906622015e-09,2.8009733379916304e-09,2.3894000991339883e-09,1.198987390130897e-09,-1.7519578039524861
0.11799,1.1745935954937414e-09,1.872842753238022e-09,2.7862119643711963e-09,2.37388054583982e-09,1.1745935954937414e-09,-1.552633471124607
0.11802,1.1648949601622036e-09,1.8646420933895424e-09,2.7777962712925353e-09,2.3657167687793853e-09,1.1648949601622036e-09,-1.3651832246166504
0.11806,1.5077134056964374e-09,1.849690064636135e-09,2.7519787851556176e-09,2.3446682979990855e-09,1.1597490448206276e-09,-0.5500449507910643
0.1181,2.0612833260208666e-09,1.8480369468538607e-09,2.7497516328832145e-09,2.3427022672376553e-09,1.1584831406332171e-09,0.4045240919701918
0.11814,2.258803898430205e-09,1.8554266744137143e-09,2.754036592395582e-09,2.348126072062033e-09,1.1711610824403978e-09,0.8180738621566515
0.11818,2.3477646205094164e-09,1.8500547512064834e-09,2.7492174666593706e-09,2.3431714214683196e-09,1.1640451468197381e-09,1.0206415592548261
0.11822,2.204806578205639e-09,1.8296477253456882e-09,2.731036464844086e-09,2.3244493187534873e-09,1.1368151337847546e-09,0.7198017464195704
0.11826,2.0597299719670375e-09,1.83282971786154e-09,2.727920808570335e-09,2.3238739071428375e-09,1.1481146867365128e-09,0.4336848757442092
0.1183,1.6069848297610993e-09,1.8224146375478503e-09,2.7137493099141578e-09,2.3114502159237785e-09,1.140002597953539e-09,-0.36744023905483386
0.11834,1.2745264916844599e-09,1.8336353527228e-09,2.7216287016152747e-09,2.320496900528248e-09,1.1575708674339889e-09,-0.8416078853163768
0.11838,1.150690093666283e-09,1.8291361548345129e-09,2.7183204167203074e-09,2.316782521678448e-09,1.150690093666283e-09,-1.072077288121138
0.11842,1.2937183927512739e-09,1.8257311377036037e-09,2.7164142022263387e-09,2.314320583285207e-09,1.1447900290400479e-09,-0.8174136854708166
0.11846,1.6042383230007211e-09,1.8231618030470373e-09,2.714459575742915e-09,2.312158010208836e-09,1.1409703269062476e-09,-0.3721265276314113
0.1185,1.888544362748607e-09,1.8234283929867848e-09,2.7146275267955397e-09,2.3123576825121617e-09,1.1414332860311502e-09,0.1190485812858644
0.11853,2.150953985345834e-09,1.818886007565817e-09,2.7115786235817664e-09,2.308772951496926e-09,1.1342100435313808e-09,0.6432905947931941
0.11857,2.3528781662707846e-09,1.8298289650577233e-09,2.7189462989697954e-09,2.3174103570317245e-09,1.1516862479032241e-09,1.0930867407571065
0.11861,2.545637801304255e-09,1.8215362075074934e-09,2.7123140972107976e-09,2.3102482642382585e-09,1.1396692061682953e-09,1.5647132821753087
0.11865,2.50651900357336e-09,1.806290617501063e-09,2.701423428045303e-09,2.2978411124264415e-09,1.1162321796267128e-09,1.4689783284406563
0.11869,2.3893599089844244e-09,1.8193976628660851e-09,2.7099567284031482e-09,2.3080261652648605e-09,1.1373357176609788e-09,1.186145151277572
0.11873,2.1450736454342735e-09,1.8282274291079086e-09,2.715913965063761e-09,2.315007517254345e-09,1.1514092391397216e-09,0.6365005194685337
0.11877,1.7918481265826517e-09,1.8209790269283277e-09,2.710777158019689e-09,2.309137138804472e-09,1.1401120808327706e-09,-0.052312904666562236
0.11881,1.397896500526434e-09,1.826061031506597e-09,2.713451566736288e-09,2.3127100834278653e-09,1.149126748916232e-09,-0.6745939179912038
0.11885,1.1363715120333317e-09,1.8177743056347673e-09,2.70745290494344e-09,2.3059250564504245e-09,1.1363715120333317e-09,-1.090179806788862
0.11889,1.1311412730314053e-09,1.812825551493215e-09,2.7018678168809866e-09,2.300699092365056e-09,1.1311412730314053e-09,-1.2026165526735775
0.11893,1.1626171249782788e-09,1.832001796306306e-09,2.7140375047694902e-09,2.3154176474465277e-09,1.1626171249782788e-09,-1.2827536999117666
0.11897,1.2856322875397813e-09,1.7993731050635058e-09,2.6862365127400755e-09,2.286229027197415e-09,1.1174679806071795e-09,-0.8138816931376025
0.11901,1.3050872138043774e-09,1.8133245236572473e-09,2.6969025984519344e-09,2.2979974022620016e-09,1.138134421794808e-09,-0.7901450932303787
0.11905,,,,,,
0.11909,,,,,,
0.11913,,,,,,
0.11917,2.0799351304856813e-09,1.810801369277589e-09,2.6984783539683753e-09,2.2978596427853155e-09,1.1306063011367893e-09,0.5175518226308584
0.11921,1.9364135672972117e-09,1.8084268198587163e-09,2.6924425634104935e-09,2.2933926339094884e-09,1.1320114992827922e-09,0.24049487646819748
0.11924,1.8164245068653356e-09,1.8083982843504318e-09,2.691908548105304e-09,2.2930793333060596e-09,1.1325089059527504e-09,0.01505700884089404
0.11928,1.7576806470024597e-09,1.8082735161096078e-09,2.691973838401075e-09,2.293082480897056e-09,1.1320460341476605e-09,-0.09106487273707588
0.11932,1.8437526587695846e-09,1.8086902504960393e-09,2.6924119457166863e-09,2.2935134683666382e-09,1.1324647119749015e-09,0.0643249495782992
0.11936,1.866236825883606e-09,1.8091152995420645e-09,2.6929810213416145e-09,2.29402128883656e-09,1.1327685347128538e-09,0.1054957991487891
0.1194,2.022897311805422e-09,1.8051219185736171e-09,2.6881646630549215e-09,2.289606929677055e-09,1.1290085505632241e-09,0.41786332776640295
0.11944,1.7382432106028716e-09,1.8064324412847979e-09,2.688598182697372e-09,2.2903834460598227e-09,1.1316000080093292e-09,-0.12092412356514994
0.11948,1.3094759414979892e-09,1.7967438575930216e-09,2.6821350758872216e-09,2.282780522664893e-09,1.116045597720301e-09,-0.7800377234708397
0.11952,1.1452748509194235e-09,1.8146405080143245e-09,2.6936042851306307e-09,2.2965708671071314e-09,1.1452748509194235e-09,-1.4384841452503927
0.11956,1.1143753540850259e-09,1.795317067486936e-09,2.6806370699102785e-09,2.2813454633097393e-09,1.1143753540850259e-09,-1.8505743933333967
0.1196,1.1455222286981976e-09,1.8127029371853534e-09,2.6894889840617265e-09,2.293393834180376e-09,1.1455222286981976e-09,-1.8195880828620785
0.11964,1.1136346885305724e-09,1.792343223563439e-09,2.6753582870392313e-09,2.2770547800444948e-09,1.1136346885305724e-09,-1.3496709824536293
0.11968,1.3272466773386602e-09,1.8097361661144755e-09,2.687373161703842e-09,2.2909437475844547e-09,1.1411431735121358e-09,-0.751996869041831
0.11972,1.7459721003292085e-09,1.8034065973189433e-09,2.6842279649734432e-09,2.2865877878603807e-09,1.1297759282680222e-09,-0.10197579143791058
0.11976,2.191534059048953e-09,1.8136317938146577e-09,2.692615973991616e-09,2.2955321513357206e-09,1.144400884985998e-09,0.7810193815719751
0.1198,2.579231966784412e-09,1.7846761706139516e-09,2.672389576485321e-09,2.272231005437196e-09,1.099274349719688e-09,1.7187304832879928
0.11984,2.8579703502455146e-09,1.7765478284047841e-09,2.66539548471432e-09,2.264924941970399e-09,1.0882219498604246e-09,2.492815120521337
0.11988,2.9477826893028825e-09,1.7871804734770097e-09,2.670324861306601e-09,2.2720335826276545e-09,1.1074653931723688e-09,2.7708386749677936
0.11992,2.7452416934216427e-09,1.7807845554414666e-09,2.654990773591673e-09,2.2605210998622545e-09,1.11025460624908e-09,2.242810575791898
0.11996,2.2444577379798126e-09,1.7938477301508808e-09,2.6643476285613292e-09,2.2711636072926453e-09,1.1304438125326125e-09,0.9515780785352848
0.12,1.5393909783222335e-09,1.7863938790456342e-09,2.659314134233429e-09,2.2652758266807365e-09,1.118511271785789e-09,-0.4234256287253236
0.12004,1.1321538820631305e-09,1.7938372127881598e-09,2.6628329659684894e-09,2.2702832285965304e-09,1.1321538820631305e-09,-1.4724469910525695
0.12008,1.0919866540257491e-09,1.7673285703948338e-09,2.643267395441009e-09,2.2483450856595205e-09,1.0919866540257491e-09,-1.9075133277784606
0.12012,1.0902315560099355e-09,1.765329970754715e-09,2.6406604869749188e-09,2.2460393020457736e-09,1.0902315560099355e-09,-1.826874167572492
0.12016,1.1197995113623978e-09,1.7838695390018831e-09,2.653037570683851e-09,2.260618652604086e-09,1.1197995113623978e-09,-1.634526552176809
0.1202,1.117882383100617e-09,1.7806893309147084e-09,2.648230955752874e-09,2.2565456702503937e-09,1.117882383100617e-09,-1.0818889616654246
0.12024,1.4761314606788475e-09,1.775496326461532e-09,2.6431098434909984e-09,2.251485521622427e-09,1.1115668164890631e-09,-0.5080873614228761
0.12028,1.86334687579918e-09,1.7755536826910284e-09,2.6432749498015214e-09,2.2515941192805905e-09,1.1115739723930017e-09,0.16636382288744941
0.12032,2.148726541130118e-09,1.7808947127247788e-09,2.6446426585634656e-09,2.2544928821815054e-09,1.1228331894154266e-09,0.7710391015225974
0.12036,2.2631234620387203e-09,1.7681814073960963e-09,2.6363012462997288e-09,2.24458330204518e-09,1.1022799241526978e-09,1.0346316832512756
0.1204,2.26922893083598e-09,1.7759891963562513e-09,2.6407822962347057e-09,2.2502919380334786e-09,1.1156551540757748e-09,1.0520074276244564
0.12044,2.1904085507359753e-09,1.7715255323307424e-09,2.6371373810215715e-09,2.2463964448091477e-09,1.109265157198437e-09,0.8700949782115519
0.12047,2.1498818584122893e-09,1.7630742345953765e-09,2.6319999546054554e-09,2.2400480941429878e-09,1.0951660600423722e-09,0.7757365484609664
0.12051,2.079717609480405e-09,1.7671901144374597e-09,2.6342563079758e-09,2.2429938716710996e-09,1.1023232025974035e-09,0.6221769919947058
0.12055,1.929208467876869e-09,1.7735458085793424e-09,2.6396884228585145e-09,2.248700030519932e-09,1.1110108859490276e-09,0.30262195582354595
0.12059,1.7401577065906207e-09,1.7726400404173903e-09,2.638753051516796e-09,2.2477982635186817e-09,1.109929350169704e-09,-0.05969252671440639
0.12063,1.489517466514369e-09,1.7720060509944613e-09,2.6377493611283545e-09,2.246957904991179e-09,1.1096133416240232e-09,-0.4824971310793128
0.12067,1.395731949423626e-09,1.7749174936484467e-09,2.6389910258348243e-09,2.248841324278992e-09,1.1150758082754198e-09,-0.6232846235147561
0.12071,1.3901938041302136e-09,1.75521862870097e-09,2.616517956854047e-09,2.227887514242344e-09,1.0945725325851813e-09,-0.6183295269096823
0.12075,1.4764673068433963e-09,1.7466111950994584e-09,2.6008980807273516e-09,2.2153166080953146e-09,1.0925608625762485e-09,-0.47091716127421884
0.12079,1.3939341298018377e-09,1.7292139561885638e-09,2.5756330498955853e-09,2.1936247371289733e-09,1.080934099709783e-09,-0.5782742739148814
0.12083,1.3468732460001402e-09,1.721110444535107e-09,2.5682009240653332e-09,2.1860672062387323e-09,1.0703749881422812e-09,-0.6462030977803438
0.12087,1.3334778744507047e-09,1.710648082788055e-09,2.5527266940125825e-09,2.1728533385654368e-09,1.0637443868217812e-09,-0.6541049058458209
0.12091,1.3541782934399795e-09,1.7118052011158274e-09,2.5444362466035377e-09,2.1684524623642485e-09,1.0762997041821034e-09,-0.6098923928213659
0.12095,1.471837281409015e-09,1.7044353466799006e-09,2.5385142783809815e-09,2.1620720403200235e-09,1.0656677882468295e-09,-0.42057331784028895
0.12099,1.6706126046129392e-09,1.7071225037810552e-09,2.541675976275224e-09,2.1649837145572994e-09,1.0683671362759592e-09,-0.07058718322992132
0.12103,1.8621638222377649e-09,1.7033453164784915e-09,2.535595381638607e-09,2.1599164664876752e-09,1.0665992295959182e-09,0.321243882331996
0.12107,1.9487660531513626e-09,1.699747700587384e-09,2.531789677699009e-09,2.1562500325333016e-09,1.062591064800329e-09,0.5129689723004923
0.12111,2.0050068120086286e-09,1.6946677239813486e-09,2.527071406833737e-09,2.1514797816164358e-09,1.0560284113228325e-09,0.6434593478799585
0.12115,2.042456272635072e-09,1.7066640600399897e-09,2.5350538999331566e-09,2.1608904832141257e-09,1.0753186816696232e-09,0.730061950878385
0.12119,2.0917900472834825e-09,1.691751859309759e-09,2.5200072568141723e-09,2.1461853293607127e-09,1.0574193224580246e-09,0.8643647693216496
0.12123,2.1357089480636127e-09,1.6803130309825055e-09,2.4993027879196946e-09,2.1295283353295367e-09,1.0545928766213328e-09,1.0205996053993422
0.12127,2.106737520598536e-09,1.6669601294752407e-09,2.4888401343431757e-09,2.11812437001977e-09,1.0350414939659193e-09,0.9538583641366742
0.12131,1.9265821663989297e-09,1.6742675890141797e-09,2.4932581789798496e-09,2.1236044789303935e-09,1.0472408796774244e-09,0.5302435921655864
0.12135,1.713194785615181e-09,1.676817105481387e-09,2.4955047118397614e-09,2.1259483739912036e-09,1.0505449305727945e-09,0.07339398940042036
0.12139,1.5380830437266697e-09,1.6706376813222965e-09,2.487620432002404e-09,2.1188740327961394e-09,1.0451907457131659e-09,-0.2521283431236585
0.12143,1.361653239138788e-09,1.673709566690972e-09,2.490376749114626e-09,2.12170828546537e-09,1.0492437411263132e-09,-0.5544596110917489
0.12147,1.1915221564250813e-09,1.6733527165110055e-09,2.491954788659173e-09,2.122506181449109e-09,1.0464420560100704e-09,-0.8121972835287793
0.12151,1.0598716235851815e-09,1.6800326706277649e-09,2.4941746670122544e-09,2.126436722892688e-09,1.0598716235851815e-09,-1.0547001231216657
0.12155,1.0639587950917511e-09,1.6816159737983752e-09,2.493969297050923e-09,2.126936218522748e-09,1.0639587950917511e-09,-1.1009894722971587
0.12159,1.0854569448260365e-09,1.6622605005029096e-09,2.479808444328865e-09,2.1109800328421723e-09,1.0344602754441598e-09,-0.9489376527568593
0.12164,1.3399937384070259e-09,1.6640331532281934e-09,2.4762238729637352e-09,2.1095608387697875e-09,1.043033402522861e-09,-0.5767427396529414
0.12168,1.4768372408612176e-09,1.6605507560424155e-09,2.472854510736905e-09,2.1062011641648207e-09,1.0387502716772647e-09,-0.34536959684769525
0.12172,1.6250288965957667e-09,1.6570949950278457e-09,2.467248562744818e-09,2.1015331255107245e-09,1.0372122011586628e-09,-0.06365562919847813
0.12176,1.7531694354585638e-09,1.6428663804672488e-09,2.4454172317095936e-09,2.0831448508484274e-09,1.0289032219105576e-09,0.22894415077226743
0.1218,1.8121574638742802e-09,1.6392199839163654e-09,2.44115556982277e-09,2.0791932435128596e-09,1.0252722654706213e-09,0.36264769091202265
0.12184,1.8884520143344716e-09,1.6379951854938406e-09,2.4395602987281555e-09,2.0777765017902235e-09,1.0242219527662942e-09,0.537718018290471
0.12188,1.898764576594123e-09,1.6421814860318025e-09,2.4432512596060917e-09,2.0815850226301297e-09,1.0299138824867507e-09,0.5589142949961662
0.12192,1.9355342290298163e-09,1.6429133281141604e-09,2.4436703478515706e-09,2.082123341167207e-09,1.0311477507535123e-09,0.6452341346520588
0.12196,2.0004074919334597e-09,1.6381005449077615e-09,2.44163856463457e-09,2.0790319138683184e-09,1.0220443378461532e-09,0.7969579216330912
0.122,2.0011205061757143e-09,1.6389711839079224e-09,2.4419172436109816e-09,2.0795506999505682e-09,1.0237245348051906e-09,0.799534418598336
0.12204,1.998310751042271e-09,1.6355393970108806e-09,2.4380594273281585e-09,2.075937469723178e-09,1.020068189921889e-09,0.7981612472494243
0.12208,1.93839596756822e-09,1.6462838087747313e-09,2.444876756557262e-09,2.0841778260609926e-09,1.0377036664736067e-09,0.6549824163813149
0.12212,1.8275202885378135e-09,1.6335291039877984e-09,2.4309240036621347e-09,2.070959961481904e-09,1.0237028591063525e-09,0.41616248088965857
0.12216,1.6068951603084383e-09,1.6215335443427405e-09,2.413505909411882e-09,2.056008714699106e-09,1.0156574069652144e-09,-0.028830389907053867
0.1222,1.3106913467277475e-09,1.6206352737892742e-09,2.411157896175572e-09,2.054275588239117e-09,1.016305511154187e-09,-0.566834383767384
0.12224,1.0173852117104314e-09,1.6213932899922844e-09,2.4117649507743158e-09,2.0549335478709744e-09,1.0173852117104314e-09,-1.1909463273284637
0.12228,9.990698299140454e-10,1.6102403726835753e-09,2.4047662663129263e-09,2.046420990293212e-09,9.990698299140454e-10,-1.4554949862154873
0.12232,1.035007348745042e-09,1.632919509599454e-09,2.4202815643934616e-09,2.0644670477966778e-09,1.035007348745042e-09,-1.1678833279695673
0.12236,1.2080987537807793e-09,1.614823897638238e-09,2.398906514757845e-09,2.0447814562816523e-09,1.0170315000974386e-09,-0.7171937435545341
0.1224,1.5290993771239794e-09,1.5943656058904567e-09,2.3740885218263482e-09,2.0221416106697476e-09,9.975386059997439e-10,-0.133337832252562
0.12244,1.6459613346346236e-09,1.5847168181257063e-09,2.3592979896969436e-09,2.009652715718873e-09,9.920200029735225e-10,0.1291224606722301
0.12248,1.7197765584007859e-09,1.5800904353290802e-09,2.351954883744385e-09,2.003518180576108e-09,9.89669352965061e-10,0.30456134678410246
0.12252,1.7942575027958297e-09,1.5676060231246545e-09,2.335035885876162e-09,1.9886544658162843e-09,9.799340700063485e-10,0.5056338083345052
0.12256,1.9181726368462064e-09,1.5738874896663102e-09,2.340484770637631e-09,1.994323655525585e-09,9.88543387636003e-10,0.8083885862910516
0.1226,1.9724738838509987e-09,1.5637178299579223e-09,2.333680400262541e-09,1.9863207042433878e-09,9.722834334601836e-10,0.9489504772892322
0.12264,1.9542626669252463e-09,1.5814189301957172e-09,2.3474028817109135e-09,2.001363042038864e-09,9.983355397511136e-10,0.8936488633777044
0.12268,1.8330224569078886e-09,1.5697551516891052e-09,2.3371399600733737e-09,1.9907484642884705e-09,9.82509606522394e-10,0.5969871662262635
0.12272,1.6979951297954516e-09,1.57052113654941e-09,2.3377732721220725e-09,1.991416505440866e-09,9.836265301574244e-10,0.27861257554853447
0.12276,1.501393696244163e-09,1.5697530870709106e-09,2.3366817231075414e-09,1.9904749192948782e-09,9.830738299275782e-10,-0.1397133336381653
0.1228,1.344588053870691e-09,1.5642401503350909e-09,2.329633515317362e-09,1.984153559360507e-09,9.783081426216498e-10,-0.43127108282030846
0.12284,1.3805119762333321e-09,1.5565557164740579e-09,2.317696527234581e-09,1.9741380981480483e-09,9.73963135741319e-10,-0.35212124283072394
0.12289,1.4413170036574306e-09,1.5531153359381261e-09,2.3126744263702663e-09,1.9698448836756247e-09,9.71623096077075e-10,-0.22984908076084568
0.12293,1.505955598581709e-09,1.5510382056112995e-09,2.309022757854002e-09,1.9668792864177385e-09,9.710055488555484e-10,-0.09454492264966147
0.12297,1.4299595910792487e-09,1.5502196201306821e-09,2.3080234974330604e-09,1.965974116097308e-09,9.702102975361058e-10,-0.246116414831246
0.12301,1.3064950011815246e-09,1.5493369293341348e-09,2.3054832962615436e-09,1.964140671822262e-09,9.710848191029128e-10,-0.47367342102648285
0.12305,1.4389377130863686e-09,1.548424560796206e-09,2.3054829790075225e-09,1.963784278850316e-09,9.688781268853465e-10,-0.22561581219253546
0.12309,1.6189782632092364e-09,1.5566725073959093e-09,2.317086609983533e-09,1.9738448502047175e-09,9.748590421612312e-10,0.13467758157375104
0.12313,1.8330744053785206e-09,1.5575406421791975e-09,2.317773409947921e-09,1.9745873087611354e-09,9.76139665685469e-10,0.6361108020077236
0.12317,1.8428864027898258e-09,1.5565369181343233e-09,2.3172573967297546e-09,1.973884026030043e-09,9.743767063368661e-10,0.6601532696526418
0.12321,1.7966102029184958e-09,1.555123826601673e-09,2.3153527462155626e-09,1.9722026431336596e-09,9.732931377867687e-10,0.5492919886227197
0.12325,1.6328130920468588e-09,1.557038820274064e-09,2.317655872518353e-09,1.974307556403279e-09,9.751546017615714e-10,0.1645848844832272
0.12329,1.490485543825808e-09,1.5554447845601733e-09,2.3154235968761154e-09,1.972367505907781e-09,9.739977955618626e-10,-0.13433946849217288
0.12333,1.3684427677363094e-09,1.555297208957741e-09,2.3157936060969343e-09,1.972523101371652e-09,9.732252559351457e-10,-0.37248351189568996
0.12337,1.332209369824435e-09,1.5570645950880731e-09,2.317497457472233e-09,1.974217831727002e-09,9.754498875743329e-10,-0.4399254333350504
0.12341,1.3551614790843202e-09,1.5733381224970616e-09,2.3416104723972476e-09,1.9947725437587665e-09,9.858656061723852e-10,-0.4233423068178038
0.12345,1.3119851968935936e-09,1.5721461509584531e-09,2.34181625195306e-09,1.994420677273101e-09,9.827818030520495e-10,-0.501708805995917
0.12349,1.3235629446114378e-09,1.5602046430144507e-09,2.3229767155216876e-09,1.9786627298844592e-09,9.765174173761659e-10,-0.46169948895499613
0.12353,1.4218334450676336e-09,1.5560108079826696e-09,2.3173930806000327e-09,1.9737501892484133e-09,9.729935317510288e-10,-0.27374958465847743
0.12358,1.5415184019959895e-09,1.5558516832439184e-09,2.3163158421915983e-09,1.973065277660567e-09,9.738305516919226e-10,-0.030901655261105103
0.12362,1.613628326662621e-09,1.5567223658673347e-09,2.316535445286997e-09,1.9735425573614084e-09,9.75624636319291e-10,0.12451937473847952
0.12366,1.6417649549656505e-09,1.5532578973127603e-09,2.3128385138869922e-09,1.9700096061581506e-09,9.717031532312649e-10,0.19067053453618574
0.1237,1.7261248488510314e-09,1.5502020566437568e-09,2.3083713934612018e-09,1.9661811438962077e-09,9.697041058949381e-10,0.39192074905732016
0.12374,1.7938410727578817e-09,1.544091124616174e-09,2.29699336044856e-09,1.957086954536902e-09,9.686275748229073e-10,0.580457017562032
0.12378,1.7048641169210313e-09,1.5395100350067575e-09,2.2928238493844423e-09,1.9528351477658887e-09,9.625970810664407e-10,0.3686362080321843
0.12382,1.407670801594853e-09,1.5270787168475652e-09,2.273896183252801e-09,1.936822412949122e-09,9.553225530333492e-10,-0.24874894089464228
0.12386,1.121845589020032e-09,1.5346060477356672e-09,2.279366751656212e-09,1.9429964419433495e-09,9.669039100994493e-10,-0.7586411555063703
0.1239,9.717021030066852e-10,1.5379277137307149e-09,2.282115799551689e-09,1.9459053521634306e-09,9.717021030066852e-10,-1.0455710959914777
0.12394,1.1892882568571248e-09,1.5283159750548505e-09,2.275717488381133e-09,1.938373873942621e-09,9.561557797239698e-10,-0.6498548550180782
0.12398,1.5755353296004064e-09,1.5295369216933965e-09,2.2775687914210647e-09,1.939931387826996e-09,9.569423523755218e-10,0.09867383299007383
0.12402,1.8289673032049281e-09,1.5313789198603683e-09,2.2781163157326717e-09,1.9409761339257863e-09,9.60725842838038e-10,0.7074518815095225
0.12406,1.9739522548183913e-09,1.5203928149795697e-09,2.2717401499818644e-09,1.932900498645596e-09,9.420501754113275e-10,1.0903386337267837
0.1241,2.034314673459987e-09,1.5227394169865779e-09,2.273303637155039e-09,1.934748356378507e-09,9.457214844613286e-10,1.260134405813803
0.12415,1.95841594887665e-09,1.5237558138948062e-09,2.2742335964582887e-09,1.935691941459496e-09,9.471023031005824e-10,1.0466282029199636
0.12419,1.6588283905502707e-09,1.5135276681611053e-09,2.2535666565156623e-09,1.9195415771344273e-09,9.470586217028968e-10,0.3293312970511696
0.12423,1.2726312045359627e-09,1.4957648811226494e-09,2.22607148974603e-09,1.896402972039156e-09,9.371627728801902e-10,-0.45313776698513675
0.12427,9.212321662251155e-10,1.4854961283723176e-09,2.2188199920632463e-09,1.8880970613341057e-09,9.212321662251155e-10,-1.03643043695404
0.12431,9.189559715658793e-10,1.48344606450625e-09,2.2166167941723533e-09,1.885994788628755e-09,9.189559715658793e-10,-1.0880485180405837
0.12435,9.5041672947796e-10,1.490486061064642e-09,2.2220153553578787e-09,1.8919379006647378e-09,9.293640687012504e-10,-0.9796155837254653
0.12439,1.0462117392972453e-09,1.4975689049056293e-09,2.223471951517838e-09,1.8955820218123826e-09,9.44638519384185e-10,-0.8343135802002378
0.12443,1.3296517567680327e-09,1.4780475684959997e-09,2.2006694314933697e-09,1.87450149321829e-09,9.249451561063993e-10,-0.31464893074471834
0.12447,1.6267586497176792e-09,1.4720916288067414e-09,2.192066330811037e-09,1.8670973188827143e-09,9.209419340981021e-10,0.36162520963800204
0.12451,1.6932494554937866e-09,1.4666688062303154e-09,2.1848724160289802e-09,1.860731743947055e-09,9.16531370224713e-10,0.541994945348849
0.12455,1.668232214020053e-09,1.4678954857373855e-09,2.1846349207076176e-09,1.861074881929888e-09,9.197599153017587e-10,0.4816685543941276
0.1246,1.43126660563142e-09,1.4646733358303083e-09,2.1798053851566405e-09,1.856978109440524e-09,9.177303844946206e-10,-0.07271398700081551
0.12464,1.2091196665594043e-09,1.4643735957043457e-09,2.1785074101670748e-09,1.8561082288527333e-09,9.184952766035549e-10,-0.5209150024386167
0.12468,1.2188747360588857e-09,1.4612747758143865e-09,2.1761562978521963e-09,1.8535093786892954e-09,9.138483809180933e-10,-0.5022239958393193
0.12472,1.2563321944597089e-09,1.4644587452427252e-09,2.1801485279955578e-09,1.8571161743404785e-09,9.166811596715939e-10,-0.434768179866473
0.12476,1.3998511351576047e-09,1.464828337420198e-09,2.1811100808206774e-09,1.8578263838377754e-09,9.164224130457358e-10,-0.14430811433839758
0.1248,1.5829130428843285e-09,1.4625880013266196e-09,2.177709058842681e-09,1.8549377966645275e-09,9.151521940376804e-10,0.2800409176247046
0.12484,1.82155561403803e-09,1.4545791214011207e-09,2.1713746409354206e-09,1.8480430807670734e-09,9.036394121882422e-10,0.9085497227761045
0.12488,1.8711353509987507e-09,1.4562840509853606e-09,2.172460828116865e-09,1.8493468798906724e-09,9.064564669502697e-10,1.0501014225980125
0.12492,1.901629354573055e-09,1.4733480347249954e-09,2.1838474897802064e-09,1.8627502397069637e-09,9.339043459395964e-10,1.1387980504765483
0.12496,1.8102167513675092e-09,1.459017157347596e-09,2.1739959872464033e-09,1.8513230393523873e-09,9.111813064058369e-10,0.8789391488663848
0.12501,1.7252372606345167e-09,1.4596355166912158e-09,2.173550274989722e-09,1.851317927060291e-09,9.131120979370809e-10,0.650500540210164
0.12505,1.5314204792093098e-09,1.4612689557007393e-09,2.1745814709701603e-09,1.852577033629601e-09,9.157442511852705e-10,0.16373382141317863
0.12509,1.1941880974828985e-09,1.4597213781624805e-09,2.1737010495637677e-09,1.851460742298789e-09,9.130194957130289e-10,-0.5454843930044138
0.12513,9.137316863926293e-10,1.4583193600269703e-09,2.1702665653726164e-09,1.8488938138069129e-09,9.137316863926293e-10,-1.0190178592107089
0.12517,8.985204155782586e-10,1.4480254364724556e-09,2.1623635937549265e-09,1.840193554095673e-09,8.985204155782586e-10,-1.3664752117582848
0.12521,9.04509485861084e-10,1.4525673794236394e-09,2.166467811806376e-09,1.8443914762896235e-09,9.04509485861084e-10,-1.5560734208503733
0.12525,9.244680964470366e-10,1.464996514732409e-09,2.1747945133142895e-09,1.8541686102755734e-09,9.244680964470366e-10,-1.4584646412800164
0.12529,9.235380119578243e-10,1.4645575697565114e-09,2.174719228837756e-09,1.8539452552059033e-09,9.235380119578243e-10,-1.1034864225616277
0.12533,1.1748855950864385e-09,1.4478717114794949e-09,2.1561043312345692e-09,1.8364397676627209e-09,9.056690326028151e-10,-0.563148533389268
0.12538,1.5570059119659756e-09,1.4428131273265074e-09,2.146803240955336e-09,1.8289901740302316e-09,9.045806463532319e-10,0.2739239426824536
0.12542,1.8294497968423061e-09,1.4449779054961996e-09,2.1442652043842642e-09,1.8283525474092465e-09,9.128279808114876e-10,1.0219338289001731
0.12546,2.0045946939849004e-09,1.4223704061121118e-09,2.1150628697229202e-09,1.8023001063809299e-09,8.933360598751934e-10,1.6352155623998899
0.1255,1.878716987849036e-09,1.4198648780769061e-09,2.1133406647280954e-09,1.8003037740378688e-09,8.893615641508994e-10,1.2363302324305048
0.12554,1.6466737470303995e-09,1.4205698492763116e-09,2.114870468310772e-09,1.801481543086497e-09,8.892202733578226e-10,0.564480430784834
0.12558,1.4534615948720325e-09,1.4212399545903906e-09,2.115840066119579e-09,1.8023154820359166e-09,8.896682571780594e-10,0.0748783071639812
0.12562,1.3569073469583113e-09,1.4218331127266173e-09,2.116284881152261e-09,1.8028101808938219e-09,8.90563575186223e-10,-0.1461238070131687
0.12566,1.4502657406959489e-09,1.4135154087809896e-09,2.103701570304199e-09,1.7921391635872126e-09,8.856278544800933e-10,0.0881080008096743
0.12571,1.5350329866808748e-09,1.4106297283446422e-09,2.100655236628653e-09,1.789212709162416e-09,8.823361282077451e-10,0.30034619902227405
0.12575,1.5129563791155327e-09,1.4060878351360648e-09,2.093325511519688e-09,1.7831213484101175e-09,8.801607466310974e-10,0.2588875351430312
0.12579,1.4823393006492942e-09,1.393659898374669e-09,2.0741706394563385e-09,1.7669757214939217e-09,8.731697824114819e-10,0.21752790992779494
0.12583,1.4868693652289816e-09,1.3910671118329702e-09,2.071267493191348e-09,1.7642492689876362e-09,8.704109343897065e-10,0.23276680079422105
0.12587,1.4537915465698093e-09,1.3923848352716716e-09,2.0726031398956685e-09,1.765553942048472e-09,8.719732875513719e-10,0.14871286447589752
0.12591,1.3565808282664487e-09,1.3903018171835713e-09,2.0701002345926822e-09,1.7632660309076251e-09,8.699438506602642e-10,-0.08012663078465364
0.12595,1.172277556598521e-09,1.385838543744013e-09,2.0644116732344128e-09,1.7581714295270344e-09,8.659891463842686e-10,-0.4709043811278811
0.12599,9.58553346380152e-10,1.3852164155310129e-09,2.063433800973324e-09,1.7573540535713864e-09,8.656498469545183e-10,-0.8591811587959455
0.12604,9.910284419259905e-10,1.389007394754248e-09,2.066439184523978e-09,1.760614601387949e-09,8.711477717118194e-10,-0.8057368835951977
0.12608,1.2181267609981432e-09,1.3880893547876942e-09,2.0660146807204703e-09,1.7600008919864802e-09,8.694675557906926e-10,-0.37750863022081804
0.12612,1.396327348248284e-09,1.3881928216637655e-09,2.066569785793004e-09,1.7603660255434026e-09,8.690646108259904e-10,0.01900863634446527
0.12616,1.4697088067561535e-09,1.3850398084305811e-09,2.062057108440777e-09,1.7564749293118282e-09,8.668698191022602e-10,0.20627561933381458
0.1262,1.4895521239634837e-09,1.3862093855297004e-09,2.063557173550618e-09,1.7578191053171316e-09,8.678730908977797e-10,0.2541457212044682
0.12624,1.4208323867870568e-09,1.3863696430052155e-09,2.0633645157647704e-09,1.757772755695136e-09,8.684643742580361e-10,0.0838140105051065
0.12628,1.4512827920149276e-09,1.3856705542413237e-09,2.0619145700843293e-09,1.7566449656490021e-09,8.685206110686981e-10,0.16184164521584535
0.12633,1.397693922228237e-09,1.3827244273031427e-09,2.0585787512760218e-09,1.7535228367392284e-09,8.654427476388706e-10,0.03496417289502948
0.12637,1.3682105769632358e-09,1.3675195880665944e-09,2.0356476787920947e-09,1.7340642686465997e-09,8.562977497012785e-10,0.0017764862055942362
0.12641,1.2702197809275917e-09,1.3644738353835756e-09,2.030785721254493e-09,1.7300043596572205e-09,8.548121637140252e-10,-0.21837319550419373
0.12645,1.2461795285727527e-09,1.3628977263302266e-09,2.029256222860031e-09,1.7284839066764024e-09,8.528619962339864e-10,-0.27068056193322926
0.12649,1.2770412481356895e-09,1.3590255701295736e-09,2.0225102004312336e-09,1.7229986196117694e-09,8.515975850880943e-10,-0.1909854511329761
0.12653,1.3535256223893181e-09,1.3585779028251723e-09,2.0222469789122094e-09,1.7226671652166532e-09,8.508401342708727e-10,-0.011716890842609042
0.12657,1.4980943124975982e-09,1.3582073774249894e-09,2.0218495138749666e-09,1.7222847950939784e-09,8.504432184850846e-10,0.35638993055019913
0.12662,1.5708284523403907e-09,1.3561786253425669e-09,2.0199983593747278e-09,1.7203963140758356e-09,8.477969805001403e-10,0.5574238275095459
0.12666,1.5707511238477272e-09,1.3359788296726668e-09,1.988092615630277e-09,1.6937085996400806e-09,8.373032265007489e-10,0.6317526345926016
0.1267,1.6099228799013556e-09,1.3305537089039475e-09,1.979218730161018e-09,1.6863590834995234e-09,8.348690062098955e-10,0.7698764951005719
0.12674,1.6042408564206242e-09,1.319067978617657e-09,1.9652000718077204e-09,1.6736013027770669e-09,8.240208700147272e-10,0.7809709830608503
0.12678,1.510271536113462e-09,1.320776136790825e-09,1.966208520206399e-09,1.6748687912680185e-09,8.268984378766046e-10,0.5056069989110729
0.12682,1.3593245314362959e-09,1.320044799993328e-09,1.9656266674650366e-09,1.6742421923839426e-09,8.258186740028134e-10,0.0974201716675231
0.12687,1.0041112224295414e-09,1.321754218860413e-09,1.966406871605272e-09,1.6753784425907704e-09,8.289611603413091e-10,-0.6935568508227756
0.12691,8.391432624615213e-10,1.3279868570993408e-09,1.970421006725344e-09,1.6801939444745756e-09,8.391432624615213e-10,-1.11506963262821
0.12695,8.317217763952479e-10,1.3232181395799383e-09,1.9670108749206664e-09,1.676315729794391e-09,8.317217763952479e-10,-1.2363652479900604
0.12699,8.233421731350955e-10,1.3134005033171413e-09,1.96060884968292e-09,1.6686877353376486e-09,8.158273731336812e-10,-1.0050217762624678
0.12703,1.050778761110211e-09,1.3202523312264538e-09,1.9651561108018822e-09,1.674059376567276e-09,8.268046752194245e-10,-0.6026863789902707
0.12707,1.2298585313030274e-09,1.3195777606401671e-09,1.9649242214211365e-09,1.6736570463832298e-09,8.254662320571563e-10,-0.21778165180657852
0.12712,1.439090191321545e-09,1.3205694606582368e-09,1.9649737112556125e-09,1.6740768319835245e-09,8.277852213919609e-10,0.31128256703310436
0.12716,1.498276842112331e-09,1.3180879904680848e-09,1.9624850931574623e-09,1.6716333396931064e-09,8.24825011183031e-10,0.47885430333478773
0.1272,1.4624364894000863e-09,1.3187726098470746e-09,1.962552699820561e-09,1.6719408956217537e-09,8.263976731344204e-10,0.379995636517753
0.12724,1.3784230783247849e-09,1.3176807047871096e-09,1.961924093807796e-09,1.6711376691401348e-09,8.245516094185326e-10,0.15376396086922772
0.12728,1.3220583408279248e-09,1.317986697988749e-09,1.9620804820890744e-09,1.6713472425714894e-09,8.2511579605146e-10,0.009882109487326292
0.12732,1.2485786288902875e-09,1.3167091265366348e-09,1.9607667311917825e-09,1.6700735227243433e-09,8.236104261186529e-10,-0.1677034937904363
0.12737,1.3083570639012554e-09,1.3141960411136515e-09,1.956586621763115e-09,1.6666297931116e-09,8.22554304800512e-10,-0.015339128253286052
0.12741,1.312890728802125e-09,1.3110107684705004e-09,1.9515048248628498e-09,1.6623908039408877e-09,8.209660164501896e-10,0.004981723362763472
0.12745,1.3739062624934342e-09,1.3087566950107114e-09,1.9478487078165045e-09,1.6593521254145754e-09,8.199354945532242e-10,0.16923427720957276
0.12749,1.453688274179616e-09,1.3058136490184354e-09,1.945150476214244e-09,1.6566058627160646e-09,8.161058010024718e-10,0.3888228738928364
0.12753,1.5098176169449213e-09,1.3050550406165933e-09,1.9442040347601994e-09,1.6557530511340933e-09,8.154031806196626e-10,0.5506574428012894
0.12757,1.5813872855196765e-09,1.3051354561746567e-09,1.9441618034982823e-09,1.6557628101265565e-09,8.156285895250482e-10,0.7641017823155682
0.12762,1.5079702506089977e-09,1.3067920427672546e-09,1.945494408714934e-09,1.6572006339448272e-09,8.179967311599711e-10,0.5446557228366438
0.12766,1.4443433783411242e-09,1.3051061639176456e-09,1.9430019394235444e-09,1.6550730811472472e-09,8.169195426874672e-10,0.36890509808378347
0.1277,1.274114687704329e-09,1.30544394297708e-09,1.943105451453883e-09,1.6552706016401563e-09,8.175842729073153e-10,-0.07750364751567257
0.12774,1.1480626132185386e-09,1.3010153301274814e-09,1.9369028062959163e-09,1.6498847337472103e-09,8.143451661391244e-10,-0.3645532470139775
0.12778,1.0733675127063903e-09,1.2956984682888539e-09,1.9287766766134015e-09,1.6430192255644343e-09,8.112600435009587e-10,-0.5160936217822559
0.12782,1.0625247950309838e-09,1.2943232747955831e-09,1.92768737040354e-09,1.6418375223214306e-09,8.092616166216135e-10,-0.5384307374787334
0.12787,1.1281790103376531e-09,1.2964752955189368e-09,1.9288583225327285e-09,1.6433704932005018e-09,8.130432257081779e-10,-0.3967840105731488
0.12791,1.2066810103052493e-09,1.2837579241768756e-09,1.9109708008178565e-09,1.6278581503337277e-09,8.038294369173615e-10,-0.19152796979583175
0.12795,1.2049040554791886e-09,1.2588444654145198e-09,1.874024182202287e-09,1.5963486798923812e-09,7.880624373117878e-10,-0.13829598912171537
0.12799,1.1693726672427973e-09,1.2441239034400682e-09,1.8522269880817898e-09,1.5777599656607726e-09,7.786514258024189e-10,-0.19254589700367053
0.12803,1.0842523839489996e-09,1.2353281158806346e-09,1.8399801303216362e-09,1.5671036905252026e-09,7.721333276096309e-10,-0.38056145867518043
0.12808,8.605414049073517e-10,1.2305386284537727e-09,1.831066598947321e-09,1.5599823893944615e-09,7.712602264336995e-10,-0.8393824930345378
0.12812,8.020356197484557e-10,1.230429231615803e-09,1.8308383658391163e-09,1.559805015083282e-09,7.712715153840869e-10,-0.944962449394909
0.12816,8.790349352870443e-10,1.229429658630965e-09,1.829721736787622e-09,1.558751798951687e-09,7.702292804577785e-10,-0.8033445930775727
0.1282,1.0164757367452027e-09,1.2298426176629696e-09,1.829758322031997e-09,1.5589328015360305e-09,7.711926887672023e-10,-0.519062611832236
0.12824,1.0991884189099102e-09,1.2239918335789807e-09,1.821458426517687e-09,1.5517527611511455e-09,7.670500657179046e-10,-0.3168395824295288
0.12829,1.3684792028129499e-09,1.2137446352036257e-09,1.8077674034619019e-09,1.5396717291498225e-09,7.588030570274307e-10,0.4419943960728404
0.12833,1.5591611747252439e-09,1.2127302535911727e-09,1.8073142031796899e-09,1.5389956589193258e-09,7.569891150353855e-10,1.063416885446378
0.12837,1.6905764562805544e-09,1.215592238346079e-09,1.8099272061199432e-09,1.5416603974025422e-09,7.607090334424423e-10,1.5345719973612695
0.12841,1.694286148078093e-09,1.2207462008814182e-09,1.8135976274554237e-09,1.5458470409088356e-09,7.687041322517106e-10,1.5470573472811908
0.12845,1.6834458399336679e-09,1.205655685254744e-09,1.8047710924338963e-09,1.5347022825439062e-09,7.432148509880283e-10,1.4978077963988092
0.1285,1.4744528912902695e-09,1.216756177772696e-09,1.8116747329275043e-09,1.5431341729053644e-09,7.615058297213983e-10,0.7693477649498097
0.12854,1.3190928561950314e-09,1.215797373977355e-09,1.8099310427973164e-09,1.5417444080966782e-09,7.611883288432322e-10,0.29121563479054396
0.12858,1.189126119588922e-09,1.215294074529536e-09,1.809334527205895e-09,1.5412052567482532e-09,7.606352456469038e-10,-0.07087239127704262
0.12862,1.1414262356176849e-09,1.2155773043042865e-09,1.809966195570405e-09,1.5416948671019542e-09,7.605200661360618e-10,-0.19602264587720125
0.12866,1.150710061057638e-09,1.2154228635527933e-09,1.8099894597067071e-09,1.5416539763456119e-09,7.600836287276506e-10,-0.1728382944654465
0.12871,1.1555714204175429e-09,1.2158016646153957e-09,1.8099115207092534e-09,1.5417587602832071e-09,7.610761306394991e-10,-0.159419273702989
0.12875,1.1058334105062333e-09,1.2156929800338544e-09,1.8099579852550339e-09,1.541746549749651e-09,7.607270976842206e-10,-0.28492622433207754
0.12879,1.0355479260783116e-09,1.2167250386712525e-09,1.810680237568334e-09,1.5425672505697723e-09,7.62397024682605e-10,-0.452275566808259
0.12883,8.599380119275545e-10,1.2158487786004754e-09,1.8102416820603743e-09,1.5419593044818437e-09,7.60867028828996e-10,-0.8226166404112316
0.12887,7.65821921444729e-10,1.2195462158006893e-09,1.8135406376706169e-09,1.5453508982298332e-09,7.65821921444729e-10,-1.059800050302753
0.12892,8.039192718351885e-10,1.2165256219343375e-09,1.8115282886540926e-09,1.5429701556917296e-09,7.610293191551664e-10,-0.92737693210887
0.12896,8.746987060355912e-10,1.2169939020805668e-09,1.8108896276444015e-09,1.5427825416436745e-09,7.628939041614526e-10,-0.7938655169899353
0.129,9.052511692210935e-10,1.216542496990049e-09,1.8101945907899326e-09,1.5421997665541731e-09,7.62619230783195e-10,-0.7326872681781728
0.12904,8.785218827441431e-10,1.2151139815486694e-09,1.8091409684241988e-09,1.5410215728888076e-09,7.604279696555694e-10,-0.7856273115547332
0.12909,9.85158370814323e-10,1.2157362216284563e-09,1.8104260156039587e-09,1.5420204434405197e-09,7.603957763490053e-10,-0.5662547184696944
0.12913,1.223428500576406e-09,1.2178156627512149e-09,1.8126495781100058e-09,1.5441133033443822e-09,7.628149898567618e-10,0.016025337826826438
0.12917,1.526927215176857e-09,1.213775144495171e-09,1.8062744228722875e-09,1.5388019537178438e-09,7.606920067647226e-10,0.9614685360843805
0.12921,1.7832704832856801e-09,1.200938294754803e-09,1.7983222820255419e-09,1.529055914682215e-09,7.395971378796655e-10,1.905059716071063
0.12925,1.9840655968672846e-09,1.1935785944640444e-09,1.7953485851566527e-09,1.5243836258560395e-09,7.2589755820794e-10,2.732069764487799
0.1293,1.938934695178845e-09,1.2118581185107894e-09,1.8068431704899457e-09,1.5383692986015421e-09,7.554681476482033e-10,2.5441809417334786
0.12934,1.78431007974213e-09,1.2024814476406681e-09,1.7994658216715395e-09,1.530340895444128e-09,7.418943020104e-10,1.908304302786578
0.12938,1.57918431145789e-09,1.2222205568369118e-09,1.8129363719476879e-09,1.54604024278183e-09,7.730425366205238e-10,1.1368881899785421
0.12942,1.2819557549264165e-09,1.2164056948645205e-09,1.8098797367039105e-09,1.5419638431209025e-09,7.626464740998764e-10,0.18515580672726942
0.12947,7.554331303552151e-10,1.211793279869257e-09,1.8065919280099651e-09,1.5382270677862407e-09,7.554331303552151e-10,-1.4114724926224491
0.12951,7.362175730649085e-10,1.1975158442606765e-09,1.7941524051263476e-09,1.5252851991507754e-09,7.362175730649085e-10,-2.076998778038549
0.12955,7.820017979902946e-10,1.2262569253577164e-09,1.8135189666206422e-09,1.5479908596609836e-09,7.820017979902946e-10,-2.3009319867258684
0.12959,7.899357655939591e-10,1.2316474216035019e-09,1.817731959081536e-09,1.5525910505032501e-09,7.899357655939591e-10,-2.2853666710692977
0.12964,7.815844276793894e-10,1.2295511000075736e-09,1.820402546223164e-09,1.5533454844261191e-09,7.815844276793894e-10,-2.1813807438546977
0.12968,7.623139658882129e-10,1.2178692684503591e-09,1.8130506306285288e-09,1.5444135279378628e-09,7.623139658882129e-10,-1.530867160219469
0.12972,8.848180673818157e-10,1.2196738506912566e-09,1.8139948892561284e-09,1.5456734694935928e-09,7.655533454611476e-10,-0.7764391347118564
0.12976,1.1070257377102835e-09,1.2167776599957544e-09,1.8116619847492342e-09,1.543161949527979e-09,7.613867328054338e-10,-0.28445758361895795
0.1298,1.2077238522703831e-09,1.216256140219399e-09,1.8105989638553247e-09,1.5423261668502694e-09,7.614379405558029e-10,-0.023276141416752313
0.12985,1.2310797001231057e-09,1.2162299752450908e-09,1.8104951276983786e-09,1.542247384277872e-09,7.615446201944665e-10,0.04050039791500127
0.12989,1.2523911579791416e-09,1.2165043419304143e-09,1.8110390677046282e-09,1.5426714154790189e-09,7.615768122604822e-10,0.09817609552876663
0.12993,1.388393968282739e-09,1.2184738651890744e-09,1.8131128165624271e-09,1.5446600389213332e-09,7.639030159962929e-10,0.49443023484644755
0.12997,1.4931918719422204e-09,1.2162580332021464e-09,1.8113593631331222e-09,1.542756395994684e-09,7.60639504525469e-10,0.8307146524045633
0.13002,1.6741789999169037e-09,1.2184492542598373e-09,1.8131210650857056e-09,1.5446703204442468e-09,7.636777865328304e-10,1.4645144207594647
0.13006,1.7431227223753083e-09,1.2056465621399976e-09,1.8038226087234801e-09,1.5341589503194417e-09,7.441973890731533e-10,1.7301559690845734
0.1301,1.724344715744587e-09,1.208223261769146e-09,1.806479120629137e-09,1.5367431330426032e-09,7.47093810118733e-10,1.6515623182532806
0.13014,1.5012611968079047e-09,1.2165900601616506e-09,1.8145047942060425e-09,1.5452506576193596e-09,7.592195244213077e-10,0.8562412242950523
0.13019,1.406386644636986e-09,1.2165242298171508e-09,1.8102435450064066e-09,1.5422167788954482e-09,7.625415117693772e-10,0.5566305766985472
0.13023,1.3647908345947736e-09,1.2130565824266944e-09,1.8071693895270368e-09,1.5390437766990214e-09,7.578989013901688e-10,0.43146149182420035
0.13027,1.36220658872862e-09,1.2135819275655206e-09,1.8053870575867653e-09,1.5382099891173226e-09,7.612445691231274e-10,0.4324002555593253
0.13031,1.241252523230761e-09,1.20336205158002e-09,1.7905744446606601e-09,1.5254962797448217e-09,7.543038005454831e-10,0.10765767011183562
0.13036,8.959166564312726e-10,1.200665177549331e-09,1.7883484744362593e-09,1.5231249123858788e-09,7.504974136601812e-10,-0.7310178590309656
0.1304,7.526755673295052e-10,1.202075213800636e-09,1.7893655577782397e-09,1.524276306158502e-09,7.526755673295052e-10,-1.5005902959151007
0.13044,7.441235456656406e-10,1.1968246759390132e-09,1.785979085354017e-09,1.520220492591155e-09,7.441235456656406e-10,-2.183237701471296
0.13048,7.67681011216652e-10,1.211070100380581e-09,1.7949130051847378e-09,1.5310796083394816e-09,7.67681011216652e-10,-2.4665744753224166
0.13053,7.354233220153348e-10,1.1912909477326918e-09,1.782207066567563e-09,1.515823204956343e-09,7.354233220153348e-10,-2.100754821142398
0.13057,7.406044689517353e-10,1.195280957059505e-09,1.785831757201991e-09,1.5195284084929298e-09,7.406044689517353e-10,-1.2674529416548652
0.13061,1.109803411155407e-09,1.2058373332564425e-09,1.7940230671530948e-09,1.5285200166316317e-09,7.560389136740125e-10,-0.24914202588312595
0.13066,1.4781363802144317e-09,1.2025357751215014e-09,1.7909483287788034e-09,1.5254011284078518e-09,7.518120324612382e-10,0.835229333537352
0.1307,1.5283006322053281e-09,1.2051887983450077e-09,1.7921489627693165e-09,1.5271423606570706e-09,7.56795677024549e-10,1.009872730159933
0.13074,1.3959141935480103e-09,1.204402027259886e-09,1.7915926535639468e-09,1.5264996456539643e-09,7.556115939499621e-10,0.5702653212780266
0.13078,1.335071462975913e-09,1.2031804808749516e-09,1.791300600894583e-09,1.5258302595199687e-09,7.531139972535277e-10,0.37960371824655864
0.13083,1.3547194158414396e-09,1.205171772070584e-09,1.7927970198209752e-09,1.5274938550157154e-09,7.561211097697905e-10,0.4390031076028987
0.13087,1.4713374380844e-09,1.2036849776198998e-09,1.7919091309662133e-09,1.526378901568961e-09,7.536582415874874e-10,0.8130037534156336
0.13091,1.5643149451053983e-09,1.2029469013552117e-09,1.7883225993852357e-09,1.523982947907919e-09,7.561674109666576e-10,1.151177282386415
0.13095,1.6891810296876245e-09,1.2136508091101236e-09,1.7957155918663081e-09,1.5325289398843038e-09,7.732199208617092e-10,1.6135823744013131
0.131,1.6845471138852263e-09,1.2071929068281337e-09,1.7899115364580872e-09,1.5265836388537034e-09,7.645262424684306e-10,1.6055253772238887
0.13104,1.6365659948754581e-09,1.191395334802234e-09,1.7792363033046771e-09,1.5140921118578133e-09,7.393335785264471e-10,1.4240311490632074
0.13108,1.4867311149870513e-09,1.198614033671251e-09,1.7834425900607907e-09,1.5194192067006269e-09,7.51523027798839e-10,0.890409732792924
0.13112,1.186395275189153e-09,1.1950798484911886e-09,1.7788092831582561e-09,1.5153125633466876e-09,7.4852394045452e-10,-0.023112061119980185
0.13117,7.509787878031465e-10,1.197835549876124e-09,1.782241071780847e-09,1.518424621359952e-09,7.509787878031465e-10,-1.099925296453939
0.13121,7.589824480008239e-10,1.2030346800307346e-09,1.7860081406829856e-09,1.522685349591723e-09,7.589824480008239e-10,-1.496754500700544
0.13125,7.555216101632755e-10,1.2011058552062495e-09,1.7849873297557143e-09,1.521331106412463e-09,7.555216101632755e-10,-1.7261844895655731
0.1313,7.659623954042132e-10,1.2077659014372908e-09,1.789664371772643e-09,1.5267043665827657e-09,7.659623954042132e-10,-1.4838202108175165
0.13134,7.505008471698472e-10,1.1990964540907928e-09,1.7851194762026327e-09,1.5206237490994942e-09,7.505008471698472e-10,-1.0987882353986356
0.13138,9.12086702415428e-10,1.199647809991358e-09,1.7854979295821226e-09,1.5210619285631553e-09,7.513799732043111e-10,-0.6936519916226944
0.13142,1.032132303226351e-09,1.1999542560947361e-09,1.7857965714627566e-09,1.5213596786762147e-09,7.517502202755086e-10,-0.4270578489144641
0.13147,1.0685855791848413e-09,1.1996100239308184e-09,1.7854011144847227e-09,1.5209853152954857e-09,7.5143541801279e-10,-0.3389897060109095
0.13151,1.0507884397180939e-09,1.1995536197850226e-09,1.785450430602939e-09,1.520983642530399e-09,7.512918838115327e-10,-0.3822304821197307
0.13155,1.1085622632627782e-09,1.2020925265370994e-09,1.7887214780800505e-09,1.5238900829165166e-09,7.53571387022922e-10,-0.2438159891117228
0.1316,1.3681511901721317e-09,1.2098666730863169e-09,1.8016318099552945e-09,1.5345166635677135e-09,7.569458320911796e-10,0.4565901029925577
0.13164,1.5940159995694996e-09,1.2221941166740464e-09,1.8160494046267628e-09,1.5470905291098994e-09,7.70871610430743e-10,1.1795486238466792
0.13168,1.6397028371721057e-09,1.2191640413056992e-09,1.8145682427326477e-09,1.545788999249097e-09,7.637881162595351e-10,1.3326788826775118
0.13172,1.957048987410817e-09,1.2406341468611663e-09,1.8360660112068822e-09,1.5668688600253352e-09,7.897622510641325e-10,2.5358413921042824
0.13177,2.0374025786656224e-09,1.2331833909268872e-09,1.8340286766076186e-09,1.5627393789694869e-09,7.742082869794995e-10,2.8605703975365864
0.13181,1.9031650564378274e-09,1.2380392163384642e-09,1.8394590191548683e-09,1.5678342268366e-09,7.794194519433919e-10,2.269302533759107
0.13185,1.812417747904316e-09,1.2438075671779714e-09,1.840013970595638e-09,1.5704504537706135e-09,7.926337102024034e-10,1.9266649975807506
0.1319,1.4520515595754749e-09,1.2336417332811518e-09,1.837050807513779e-09,1.5647218165528102e-09,7.715486135153746e-10,0.6304028532355538
0.13194,1.1545715382019748e-09,1.2325478872373522e-09,1.8340831356088043e-09,1.5625364632643082e-09,7.725221558804721e-10,-0.19966338385980165
0.13198,7.845149523237472e-10,1.2413776558777285e-09,1.8503591141723048e-09,1.5758158038384503e-09,7.845149523237472e-10,-1.278861377127423
0.13203,8.02071831675449e-10,1.2499403102852949e-09,1.8506860413179668e-09,1.5777157597931773e-09,8.02071831675449e-10,-2.548860154126727
0.13207,7.685016133294373e-10,1.229177611023828e-09,1.8310387148048793e-09,1.5593445216590724e-09,7.685016133294373e-10,-2.995211237260325
0.13211,7.412472142518845e-10,1.211188235191163e-09,1.8177199150140517e-09,1.54447293867325e-09,7.412472142518845e-10,-3.335581395605801
0.13215,7.523834635701205e-10,1.2098156313110468e-09,1.8052861426437958e-09,1.5366581851629612e-09,7.523834635701205e-10,-3.5370526887940734
0.1322,7.965046819192229e-10,1.2353546891269403e-09,1.819938063095977e-09,1.5553236732565238e-09,7.965046819192229e-10,-3.818602745761316
0.13224,7.752297464929201e-10,1.223111946285525e-09,1.8129045896953343e-09,1.546371767724687e-09,7.752297464929201e-10,-3.6724256809488622
0.13228,7.65388544619555e-10,1.2175517760319872e-09,1.8099968765739977e-09,1.542460305016963e-09,7.65388544619555e-10,-2.79282151955521
0.13233,7.641621580159998e-10,1.2210851083392305e-09,1.8177673995633378e-09,1.548433624128385e-09,7.641621580159998e-10,-1.1033383304895183
0.13237,1.3764817948917202e-09,1.2192792211564436e-09,1.8152184108378403e-09,1.5462066926956523e-09,7.63296746567564e-10,0.4510460233171631
0.13241,1.845835846309799e-09,1.225417991364155e-09,1.8163060654387135e-09,1.5491844610551156e-09,7.781908170300232e-10,2.1007473767398164
0.13246,2.2996645105219836e-09,1.2192468567721288e-09,1.809703676610648e-09,1.5429335822573341e-09,7.699835043887148e-10,4.274747735729488
0.1325,2.464072536729608e-09,1.2250598230765444e-09,1.8097740936875373e-09,1.5452709278625816e-09,7.839050155478642e-10,5.200042814647506
0.13254,2.482575913967351e-09,1.1734062576040952e-09,1.7749926252849589e-09,1.5044333770225974e-09,7.02565608419465e-10,5.303553814491226
0.13259,2.1590611142337837e-09,1.2244456847194364e-09,1.8104195847652066e-09,1.5454153878933246e-09,7.815923299668476e-10,3.597984553907517
0.13263,1.8060791315279634e-09,1.2009250479238132e-09,1.797981872589234e-09,1.5286714435058275e-09,7.407271055620434e-10,2.005379289695504
0.13267,1.6468677983099282e-09,1.2287835897719267e-09,1.812995842937885e-09,1.5488583065064278e-09,7.846904979812288e-10,1.3601932535385703
0.13272,1.4098334135148275e-09,1.2126738522366444e-09,1.8038595100378198e-09,1.5369452792486946e-09,7.609315709466727e-10,0.5845180699901952
0.13276,1.245001174028765e-09,1.2088950015134559e-09,1.8000338057234174e-09,1.53320367817367e-09,7.564602870415528e-10,0.09836326039988884
0.1328,1.0361508167856941e-09,1.2102711535646996e-09,1.8011173118852371e-09,1.5343785733274586e-09,7.584929124994355e-10,-0.4377845813775165
0.13285,7.610809402934028e-10,1.204134193662507e-09,1.7941339127579973e-09,1.527870617729074e-09,7.520301929126879e-10,-0.9898965216367543
0.13289,7.460332180926401e-10,1.201447005591342e-09,1.7937439226373572e-09,1.5265880923132155e-09,7.460332180926401e-10,-1.1448585584247768
0.13293,7.70314671880004e-10,1.2162270696758313e-09,1.8031928589509373e-09,1.537951439237484e-09,7.70314671880004e-10,-1.463189536231161
0.13298,7.783316966759313e-10,1.2248268984443554e-09,1.8136530610542132e-09,1.5475107780508417e-09,7.783316966759313e-10,-1.5109159214442236
0.13302,7.570160366501824e-10,1.2109766566071093e-09,1.8035912016604775e-09,1.5361467615876786e-09,7.570160366501824e-10,-1.1754637816057572
0.13306,8.312457500860581e-10,1.2151029800001798e-09,1.8068563916727802e-09,1.5396907363079795e-09,7.629977561607687e-10,-0.8722105827474699
0.13311,7.601654421390649e-10,1.2132245281051517e-09,1.8054718889408425e-09,1.5381371948591273e-09,7.601654421390649e-10,-1.0005052758040438
0.13315,7.489156409288421e-10,1.2041452877293838e-09,1.7966780699024075e-09,1.5293899269798595e-09,7.489156409288421e-10,-1.1387642417678625
0.13319,7.492999528262716e-10,1.2033507429831605e-09,1.7947652119299482e-09,1.5279488893027172e-09,7.492999528262716e-10,-1.3065916312728934
0.13324,8.423556612518411e-10,1.208263805279536e-09,1.7979526859164632e-09,1.5317378264692728e-09,7.573957217070064e-10,-0.8442259126013981
0.13328,1.0890622825378832e-09,1.2061466192721405e-09,1.796717685741949e-09,1.5301717086717329e-09,7.538305395864604e-10,-0.3069581179960278
0.13332,1.3498119159464163e-09,1.199652663469271e-09,1.7867852736155874e-09,1.521772198417788e-09,7.501361734968926e-10,0.43409956181969717
0.13337,1.5490558913103413e-09,1.1997104874126854e-09,1.7848902908117482e-09,1.520691081437417e-09,7.52475463096769e-10,1.1038267342797428
0.13341,1.716875641784678e-09,1.197539444409804e-09,1.7727225001272713e-09,1.512692264902874e-09,7.618426725606612e-10,1.8057948746373345
0.13345,1.6263364628009847e-09,1.1773040722098293e-09,1.7559600694622777e-09,1.4949175375428433e-09,7.330295141448182e-10,1.4718479194054432
0.1335,1.5126003152238007e-09,1.1690237601971744e-09,1.7423402741701382e-09,1.4836233600309688e-09,7.294942583450128e-10,1.0970495463671914
0.13354,1.5221727435068429e-09,1.1703869834800031e-09,1.7425192573539014e-09,1.484265478699923e-09,7.325751230819458e-10,1.1363836261306828
0.13358,1.561511145230244e-09,1.1794865444876295e-09,1.7484815469062111e-09,1.4913499093259403e-09,7.473469409735069e-10,1.2824233309043684
0.13363,1.5452593445723073e-09,1.1780604576964785e-09,1.7455820316009756e-09,1.4890843787109452e-09,7.473899323809584e-10,1.233499049015648
0.13367,1.4550190709028385e-09,1.1640915574337474e-09,1.7333670752883468e-09,1.4764106167234834e-09,7.283650216431213e-10,0.9227502001757997
0.13371,1.2599678410710598e-09,1.162902670142207e-09,1.7320907125759773e-09,1.47521321190292e-09,7.269010195901469e-10,0.2817880108584556
0.13376,8.127357153471523e-10,1.1636387220641384e-09,1.7322618014727367e-09,1.4755993959891807e-09,7.284960851694206e-10,-0.8425924564236402
0.1338,7.398625335373954e-10,1.1708042813386524e-09,1.737106804241391e-09,1.4812814415596373e-09,7.398625335373954e-10,-1.5810647487008926
0.13384,7.495947944516662e-10,1.1753646943119386e-09,1.7382559427974494e-09,1.4837395128623224e-09,7.495947944516662e-10,-2.079404196058388
0.13389,7.229896881432456e-10,1.158439229300465e-09,1.7263865513830669e-09,1.4701072310594391e-09,7.229896881432456e-10,-2.332660786754717
0.13393,7.359050712203453e-10,1.1662971171510483e-09,1.7313609308837715e-09,1.4761275552142699e-09,7.359050712203453e-10,-2.310793446447272
0.13397,7.099960648730945e-10,1.1504238523397106e-09,1.7212533852381454e-09,1.463928889644506e-09,7.099960648730945e-10,-1.638486575460145
0.13402,9.49237341228773e-10,1.1593147894330337e-09,1.7272011429342234e-09,1.4709277254872471e-09,7.241344317728547e-10,-0.5455276359581367
0.13406,1.314506395315668e-09,1.1597850524402234e-09,1.7274867315217235e-09,1.471278391828371e-09,7.249387403145117e-10,0.46344240995199587
0.13411,1.5665611157436688e-09,1.1651761811918683e-09,1.7301259668297976e-09,1.4749497642041034e-09,7.347521925509553e-10,1.35561126474601
0.13415,1.6398693614032628e-09,1.170860702181406e-09,1.7337917021954447e-09,1.4793374821318516e-09,7.441063067021275e-10,1.6436483180908887
0.13419,1.581464887090379e-09,1.1631326526251883e-09,1.7290223674302403e-09,1.4734916970263415e-09,7.311835168145635e-10,1.4116543405133362
0.13424,1.4325405160609795e-09,1.160806202801101e-09,1.7281418429726337e-09,1.4720552981603509e-09,7.2666392245341e-10,0.8596206051474559
0.13428,1.2662184100803312e-09,1.1611490740273688e-09,1.7283374023252616e-09,1.4723046173268466e-09,7.272569110473873e-10,0.31196514887373866
0.13432,1.1833591738340905e-09,1.1606396927675181e-09,1.7280893139235098e-09,1.4719539228099654e-09,7.263572714798917e-10,0.06398185090945087
0.13437,1.042330964217664e-09,1.1641249292502565e-09,1.7329427271360037e-09,1.4761796396951567e-09,7.289211549522597e-10,-0.32610510345081434
0.13441,1.0444408688173502e-09,1.1690036475944183e-09,1.7391625306271567e-09,1.4817575112927838e-09,7.33195872634209e-10,-0.32895609298574263
0.13445,1.1291265742576374e-09,1.167701853789559e-09,1.738523412707293e-09,1.4808663535125294e-09,7.308519593365961e-10,-0.10762788932187238
0.1345,1.2040454222749968e-09,1.168358633464055e-09,1.7387969226400536e-09,1.481285921403624e-09,7.321014755472548e-10,0.10374694089350907
0.13454,1.2385293462141886e-09,1.1682160101735722e-09,1.738487586581729e-09,1.4810489609151933e-09,7.321225715975458e-10,0.20615870017994067
0.13459,1.207631451200067e-09,1.1668889568553571e-09,1.7365117498514342e-09,1.4793708006202594e-09,7.312630282084124e-10,0.11884126445185703
0.13463,1.2273585312943644e-09,1.1655384893937306e-09,1.7347427293311636e-09,1.4778015716061837e-09,7.301205619355452e-10,0.18020790442190227
0.13467,1.2855728094151575e-09,1.1642630196111553e-09,1.7333193467854599e-09,1.4764654025018865e-09,7.28743590255174e-10,0.35976844460887725
0.13472,1.232642669872099e-09,1.1666230222138553e-09,1.7369635598483508e-09,1.4795390161919407e-09,7.300406155784504e-10,0.190037622270663
0.13476,1.1849659384357529e-09,1.1706015396782606e-09,1.7424322418586922e-09,1.484316848952808e-09,7.330760328275359e-10,0.040963707375886206
0.1348,1.0504946458556924e-09,1.1714401448245086e-09,1.7435319405051359e-09,1.4852931304800917e-09,7.337772996715075e-10,-0.3214213249972527
0.13485,9.281854923035326e-10,1.1700452355001728e-09,1.7430907916110286e-09,1.4837507284685193e-09,7.324510487676964e-10,-0.6100115557681376
0.13489,8.182001378506246e-10,1.1674618615034047e-09,1.7397310783002392e-09,1.4814904741724523e-09,7.287868148919047e-10,-0.8400699631693033
0.13494,7.998571925450552e-10,1.1692358128071825e-09,1.7413012783218262e-09,1.483112346228961e-09,7.311625507236999e-10,-0.8763717789945361
0.13498,8.332856340664679e-10,1.168665058681789e-09,1.7409356112462089e-09,1.4826721715383981e-09,7.302337926326754e-10,-0.8108193626446766
0.13502,9.462214991048906e-10,1.1685068108731237e-09,1.7405004921492597e-09,1.4823536477785528e-09,7.303760521124628e-10,-0.5686757793260974
0.13507,1.0469708559951286e-09,1.1712646041506957e-09,1.7429611031712402e-09,1.4848842833270788e-09,7.3406388763311e-10,-0.3289631122913293
0.13511,1.1705837312026521e-09,1.1701966679248543e-09,1.7419366176482983e-09,1.4838649877150178e-09,7.327038405590142e-10,0.0010930468278463766
0.13516,1.3364956353504648e-09,1.1702861884386322e-09,1.7418117180016346e-09,1.4838255528321527e-09,7.330753444138642e-10,0.5015966809200583
0.1352,1.4657637546607389e-09,1.1674577634792461e-09,1.739846308310343e-09,1.4815531632871613e-09,7.286603789434787e-10,0.937334517224681
0.13524,1.5607811870695567e-09,1.178519989588363e-09,1.7487732799386702e-09,1.4911502255710907e-09,7.44598333280518e-10,1.2737248742352254
0.13529,1.5761623642991927e-09,1.1780533105466993e-09,1.7497906323931042e-09,1.4915623854131678e-09,7.42268247009796e-10,1.323553898070253
0.13533,1.5350893102604988e-09,1.176042547871261e-09,1.7523999311584619e-09,1.492296228955556e-09,7.343816437167661e-10,1.1480681319500712
0.13538,1.3448028695688287e-09,1.1760799059358651e-09,1.751630530806511e-09,1.491861833195048e-09,7.353531684526683e-10,0.5020023101606341
0.13542,1.2107344424319715e-09,1.176886672224395e-09,1.7517382902524421e-09,1.4922472070067895e-09,7.3713272365316e-10,0.09674536724516679
0.13546,1.0070449945427136e-09,1.1749849619217525e-09,1.750063367871342e-09,1.4905197048335853e-09,7.345357961396695e-10,-0.4390433213972562
0.13551,7.548974251331235e-10,1.1795544198655879e-09,1.7553322161469866e-09,1.4954168460674713e-09,7.392024770604637e-10,-0.9703932170865277
0.13555,7.51262709640316e-10,1.1876357413469624e-09,1.7615109307364206e-09,1.5022290721288015e-09,7.51262709640316e-10,-1.33484094858738
0.1356,7.435716706093713e-10,1.1831673469988278e-09,1.7589183639432857e-09,1.4989507656216761e-09,7.435716706093713e-10,-1.4115310803973857
0.13564,7.386377374742974e-10,1.1806381038519696e-09,1.7579755467005306e-09,1.4973987621585916e-09,7.386377374742974e-10,-1.1491846740553693
0.13568,9.799543815532638e-10,1.1808517602270709e-09,1.7577538470970531e-09,1.4973546657480217e-09,7.394021398279023e-10,-0.5120082168981567
0.13573,1.1894419663150372e-09,1.1829873893718823e-09,1.7607258589484995e-09,1.4999386039999963e-09,7.410011724182511e-10,0.018813917629317247
0.13577,1.3660843869573412e-09,1.1929909057798914e-09,1.776870234427153e-09,1.5133558423885216e-09,7.457963466850945e-10,0.5075434466514396
0.13582,1.4344913094533907e-09,1.2000178832234563e-09,1.7853454500391941e-09,1.5211016971203737e-09,7.525531686878061e-10,0.710325844602175
0.13586,1.5010710097210445e-09,1.2015889775869065e-09,1.7880063168319372e-09,1.523283980114972e-09,7.531476345797378e-10,0.9255571127990916
0.1359,1.4507115576109723e-09,1.2016938278028339e-09,1.7882228901619083e-09,1.523452310227658e-09,7.531422154973832e-10,0.7552743799622872
0.13595,1.3474254138967043e-09,1.2037878576833947e-09,1.790890228719086e-09,1.5258424745112981e-09,7.549956888639835e-10,0.42038572942004515
0.13599,1.241837022087295e-09,1.203964945578892e-09,1.7927461964584434e-09,1.5270012771588494e-09,7.532153479150546e-10,0.10321455483546658
0.13604,1.1391429643425768e-09,1.2066670497039436e-09,1.7956550761402137e-09,1.5297719313017187e-09,7.56244377039299e-10,-0.17714692900719065
0.13608,1.0355135493372461e-09,1.2062810643971164e-09,1.7961135011700974e-09,1.5298873293804046e-09,7.547838595392761e-10,-0.43379276529562383
0.13612,1.0901283198910758e-09,1.2071092600769532e-09,1.7964760908858698e-09,1.5304265353330689e-09,7.56337461773186e-10,-0.3021447333750559
0.13617,1.1697227380917801e-09,1.2053691411846881e-09,1.7948373066870535e-09,1.528780369413745e-09,7.541056959764844e-10,-0.09745896288142876
0.13621,1.2665543631848577e-09,1.206743949982663e-09,1.7955963839865025e-09,1.5297689804347066e-09,7.564913861366554e-10,0.16988448666703854
0.13626,1.332746855415556e-09,1.2069562880184026e-09,1.7963085580762248e-09,1.5302697774302222e-09,7.561589756948155e-10,0.36225139989223876
0.1363,1.427873670619791e-09,1.2050897948603629e-09,1.7949326131691853e-09,1.5287321742190392e-09,7.532861617168395e-10,0.659352516679044
0.13635,1.5072160218152313e-09,1.2092568094701487e-09,1.7984746559486097e-09,1.5324528300898054e-09,7.590704227961408e-10,0.9187111718555456
0.13639,1.538097413542732e-09,1.2071440549014034e-09,1.7967735951269952e-09,1.5306211098581015e-09,7.560353981600572e-10,1.0264442869557144
0.13643,1.404262397551743e-09,1.2061925630733105e-09,1.7968959343674807e-09,1.5303178701468467e-09,7.536155480206432e-10,0.5783333061372842
0.13648,9.57782396487504e-10,1.2057435997341085e-09,1.7959047736353417e-09,1.5295565397892775e-09,7.537230633911103e-10,-0.6091444796215687
0.13652,7.682707574716806e-10,1.216170840506944e-09,1.8047044764518045e-09,1.5388330805252961e-09,7.682707574716806e-10,-1.2725761715899095
0.13657,7.40427041595719e-10,1.198591248045679e-09,1.7927450593684627e-09,1.524880064633742e-09,7.40427041595719e-10,-1.7314397499750163
0.13661,7.60340914767313e-10,1.2112136946943152e-09,1.801349750215614e-09,1.534912105125745e-09,7.60340914767313e-10,-1.9494504378751996
0.13666,7.734140375039374e-10,1.2195698136613776e-09,1.8072567274521174e-09,1.5416706826569116e-09,7.734140375039374e-10,-1.454720531360354
0.1367,8.775869500038653e-10,1.209824196858081e-09,1.8007290698965078e-09,1.5340002085143762e-09,7.577448688708085e-10,-0.7790164978157151
0.13674,1.2351693577665036e-09,1.2094315123508741e-09,1.8001697394923105e-09,1.5335165599478296e-09,7.574721037884539e-10,0.07134444697286584
0.13679,1.5592397494783212e-09,1.2073961571417606e-09,1.798459223973589e-09,1.5317058643317075e-09,7.546534065715465e-10,1.0920611692996949
0.13683,1.6710327371767093e-09,1.214122592722776e-09,1.802549991096984e-09,1.5367580153699575e-09,7.659349091770925e-10,1.5011882367049025
0.13688,1.7053762889450546e-09,1.209491015324247e-09,1.7994741691575126e-09,1.5331284214979234e-09,7.58463296272736e-10,1.6317447892191022
0.13692,1.6776151791370906e-09,1.1975009080031157e-09,1.791364016048298e-09,1.5236358515319648e-09,7.394828236025675e-10,1.525655810308957
0.13697,1.5608601714261785e-09,1.2094880564404232e-09,1.799885731399607e-09,1.533367015391129e-09,7.579760481097491e-10,1.0977071205365039
0.13701,1.4466977923511023e-09,1.2102284658474614e-09,1.8005682385620747e-09,1.5340599348355368e-09,7.589375901024823e-10,0.7102903977641936
0.13706,1.2827131668164073e-09,1.2079793917186625e-09,1.798904174203671e-09,1.5321978935803068e-09,7.555181045960241e-10,0.20715934042247172
0.1371,1.1641327246749352e-09,1.2084907564537552e-09,1.799486088459464e-09,1.5327406648900894e-09,7.560538043780836e-10,-0.12013768933404012
0.13714,1.0317638514223048e-09,1.2099983198946068e-09,1.8004701190061179e-09,1.5339123649578763e-09,7.584979311705725e-10,-0.4470958717877586
0.13719,8.218626853353814e-10,1.2087034493687307e-09,1.7995693376474925e-09,1.532873193511285e-09,7.564805070995674e-10,-0.8848109079049933
0.13723,7.561169086208872e-10,1.208416600000658e-09,1.7992736972454582e-09,1.5325886363249274e-09,7.561169086208872e-10,-1.023932674615021
0.13728,8.494167573874001e-10,1.2084302610398658e-09,1.799459862232012e-09,1.5327026313136104e-09,7.559326215941551e-10,-0.833139051348493
0.13732,9.683629929544487e-10,1.2101419708101512e-09,1.8016087955418979e-09,1.5346381870935936e-09,7.574825788996659e-10,-0.5920128977927015
0.13737,1.0917943198996713e-09,1.2114980959945001e-09,1.8035848074996485e-09,1.5363344231820805e-09,7.583722016775067e-10,-0.3094124174736828
0.13741,1.0604110590555308e-09,1.2112098512143038e-09,1.8038606380183e-09,1.5363847704403254e-09,7.573436670765928e-10,-0.3862939809513978
0.13746,1.015493351158962e-09,1.2105069334596934e-09,1.8031096807422869e-09,1.5356630415463488e-09,7.565751940355003e-10,-0.48995900861260505
0.1375,9.431493581802401e-10,1.2107482352802592e-09,1.8026426301636319e-09,1.5354866558865936e-09,7.576901804120583e-10,-0.6474171085071714
0.13755,9.674963094326324e-10,1.209448557053314e-09,1.801394185901565e-09,1.5342426107748585e-09,7.560542500482573e-10,-0.5944677348509546
0.13759,1.0815693536446475e-09,1.2111900495862722e-09,1.802181035909887e-09,1.535392012720827e-09,7.592851738289665e-10,-0.33117185573119806
0.13763,1.1999162329410066e-09,1.2069847549118065e-09,1.7966188088796984e-09,1.5304694215661702e-09,7.558199209555221e-10,-0.018983285034344422
0.13768,1.2885895354777457e-09,1.2043758830596902e-09,1.7923490636173744e-09,1.5269334034459673e-09,7.546526621746554e-10,0.23982443815871538
0.13772,1.3227806492055553e-09,1.186250798272173e-09,1.7647967885931746e-09,1.5036131856097466e-09,7.439915977637062e-10,0.40478570119831464
0.13777,1.2888198703388942e-09,1.1799676462705978e-09,1.7573784076875774e-09,1.496782060498587e-09,7.377472537462562e-10,0.3137331833555874
0.13781,1.2423827587908184e-09,1.181349197002243e-09,1.7584060904904001e-09,1.4979241801797403e-09,7.398760666636705e-10,0.1749810790878836
0.13786,1.2811226359321404e-09,1.1830327563421646e-09,1.7599935623536986e-09,1.4995224477035268e-09,7.420035884345522e-10,0.28828889697516763
0.1379,1.314912849217762e-09,1.180772314776989e-09,1.7585932001612436e-09,1.4977977345843743e-09,7.383250466970856e-10,0.3914826853013548
0.13795,1.4148876971889906e-09,1.1809549019174072e-09,1.756996483702065e-09,1.4969363341928385e-09,7.406382573581872e-10,0.7212263274123832
0.13799,1.4153835330052112e-09,1.1771100834930926e-09,1.7538372084386594e-09,1.4935658559928228e-09,7.351850031516191e-10,0.7257112630958175
0.13804,1.329779011681432e-09,1.1735265100896862e-09,1.7470562987387113e-09,1.488174141357111e-09,7.346489933941332e-10,0.466732325038915
0.13808,1.2411698607892678e-09,1.1686437831727564e-09,1.7389335895167538e-09,1.4814846126891236e-09,7.325869575519777e-10,0.21330899550160373
0.13813,1.203913665915219e-09,1.171473777499028e-09,1.7413013347938224e-09,1.484050104301105e-09,7.350843233438848e-10,0.09443158294147509
0.13817,1.1887436372759628e-09,1.1686969050861888e-09,1.7399479706646177e-09,1.4820996246662818e-09,7.315141091218051e-10,0.05618583496926501
0.13822,1.1143682816684054e-09,1.1704187761946922e-09,1.7421181578544338e-09,1.4840657233778826e-09,7.329761124574103e-10,-0.15341303767132647
0.13826,9.086311454151739e-10,1.1712917476190205e-09,1.7420309801532003e-09,1.4843537303200982e-09,7.352075086870845e-10,-0.6518103179804593
0.13831,7.359024815060918e-10,1.171962585956721e-09,1.742801086478474e-09,1.48506883901793e-09,7.359024815060918e-10,-1.311878390247682
0.13835,7.341806706649431e-10,1.1700406043048173e-09,1.7403798199729677e-09,1.482890078340561e-09,7.341806706649431e-10,-1.5837211537260127
0.1384,7.128159161538555e-10,1.1564567689533033e-09,1.7310844584363524e-09,1.4720721372886054e-09,7.128159161538555e-10,-1.550262137497264
0.13844,7.167583136927575e-10,1.1582831118822741e-09,1.7313922887318285e-09,1.4729756739571704e-09,7.167583136927575e-10,-1.2891839417723077
0.13848,7.64527127410982e-10,1.1654164642325341e-09,1.7361690892901292e-09,1.4785944998663919e-09,7.281121973112025e-10,-0.9389757422365509
0.13853,1.1149314287610933e-09,1.164978952566737e-09,1.734187750621846e-09,1.4772587127997654e-09,7.294194557861123e-10,-0.13832821881570614
0.13857,1.3732275649040175e-09,1.1615866027695904e-09,1.730043822874983e-09,1.4734896269364949e-09,7.262142769145999e-10,0.649493695779508
0.13862,1.6187660527295456e-09,1.1668239463069925e-09,1.7328810422443526e-09,1.4772199423959002e-09,7.354039512008806e-10,1.5477061904388185
0.13866,1.7150002006131359e-09,1.1646168879258043e-09,1.7304050215408476e-09,1.474893719775976e-09,7.33070660305056e-10,1.9463705446731916
0.13871,1.6903858594230808e-09,1.1592424704527092e-09,1.727110382465862e-09,1.470840227150059e-09,7.241072629187541e-10,1.8418452417260005
0.13875,1.5941570054816944e-09,1.157182839273446e-09,1.7261163779859652e-09,1.4694436805009874e-09,7.203709781607064e-10,1.453531456433685
0.1388,1.4211989830868207e-09,1.1612034611061315e-09,1.7294245695007079e-09,1.4729699990800442e-09,7.260632363764521e-10,0.8146673131448212
0.13884,9.84960539553962e-10,1.156113015317776e-09,1.721737520354044e-09,1.466454133632866e-09,7.229868846454274e-10,-0.4528596837925037
0.13889,9.60073281698788e-10,1.1568887270141851e-09,1.722437240244081e-09,1.4671690119399138e-09,7.240228221634526e-10,-0.5127467806769438
0.13893,9.624931596530346e-10,1.1515000527246476e-09,1.7141589900079952e-09,1.4601851720750197e-09,7.209544111825276e-10,-0.4957339116964369
0.13898,9.485601132510658e-10,1.1511286206611828e-09,1.7125770862029767e-09,1.4591097061143293e-09,7.219484365530618e-10,-0.5255823092721329
0.13902,1.0229745116625655e-09,1.1498650577978175e-09,1.7108001668568302e-09,1.4575688590156764e-09,7.21031761787757e-10,-0.34050403344157704
0.13907,1.069076269914778e-09,1.1479104504612774e-09,1.7096258754714848e-09,1.4561095548813989e-09,7.177410746075258e-10,-0.22071693769776776
0.13911,1.1267980714193222e-09,1.1488628552022234e-09,1.7101044369058412e-09,1.4567665760962718e-09,7.194496570571071e-10,-0.06226445872535892
0.13916,1.1309611083248285e-09,1.1480461459306527e-09,1.7094041636830924e-09,1.4560345868099686e-09,7.183190966292891e-10,-0.05003518372629403
0.1392,1.2466193726445875e-09,1.15122821408073e-09,1.712946318116091e-09,1.459368650829286e-09,7.217298857446521e-10,0.28699070915862324
0.13925,1.2589004393472178e-09,1.1502119837204289e-09,1.7124160824108846e-09,1.4586571359293343e-09,7.19922996717417e-10,0.3246080707245317
0.13929,1.2286611659530526e-09,1.1504214024495232e-09,1.71268762260168e-09,1.458898107750891e-09,7.201079346707479e-10,0.2306348490121975
0.13934,1.1750199283470388e-09,1.1507760156192292e-09,1.7130503997779966e-09,1.4592514840917346e-09,7.205224923033905e-10,0.06998082309526767
0.13938,1.1654579613046913e-09,1.15085009841103e-09,1.7130818965023007e-09,1.4592988779097902e-09,7.20664363821713e-10,0.042256587061050774
0.13943,1.13753448409386e-09,1.150251423299305e-09,1.7125989823196831e-09,1.4587793048822712e-09,7.198046817714427e-10,-0.037321851360934695
0.13948,1.1467206309167993e-09,1.1484799482457246e-09,1.7097537469141045e-09,1.4564105260225966e-09,7.189443061922663e-10,-0.005479087249290178
0.13952,1.130954385959183e-09,1.1427660941671305e-09,1.701634494764778e-09,1.44936752329654e-09,7.150328672724405e-10,-0.03517131739543908
0.13957,1.0737491039537606e-09,1.1428281720666074e-09,1.7010247820126987e-09,1.4490586680842574e-09,7.157795586371129e-10,-0.19227195548133658
0.13961,9.947143760205526e-10,1.1407938879792072e-09,1.6988557855287963e-09,1.4469828617427972e-09,7.134883752192147e-10,-0.3960812268537412
0.13966,9.208493907673978e-10,1.1440757088073749e-09,1.7015684356310864e-09,1.4498496732410836e-09,7.182353375952139e-10,-0.5755881738120826
0.1397,9.19120707174582e-10,1.1426847777771056e-09,1.7001273544876616e-09,1.4484732889585592e-09,7.165163034935665e-10,-0.5786557056044646
0.13975,9.467822982341772e-10,1.134700167566198e-09,1.6883889213504087e-09,1.4384362724555092e-09,7.11333099419441e-10,-0.49790447945893035
0.13979,1.0068400093852043e-09,1.1324574236737501e-09,1.6862220919014273e-09,1.4362809952622476e-09,7.085302450788493e-10,-0.34594370230621185
0.13984,1.1250849670663457e-09,1.1334103867471054e-09,1.6869845824927152e-09,1.4371048219735387e-09,7.099035113856295e-10,-0.02336981239211278
0.13988,1.2570084159562388e-09,1.132643407393217e-09,1.6864945805123598e-09,1.4365144096680125e-09,7.086509995774759e-10,0.37906290228116996
0.13993,1.4067692128608694e-09,1.1337918176486263e-09,1.68808162233232e-09,1.4378981056279675e-09,7.095195293912071e-10,0.8856202995418953
0.13997,1.4733361185704568e-09,1.134679045167107e-09,1.6878059493569704e-09,1.4380854688614868e-09,7.119783164419176e-10,1.1360082479850888
0.14002,1.4827753871228012e-09,1.1358151101275827e-09,1.6887203251165634e-09,1.439069160865319e-09,7.136214169460307e-10,1.1708482448001414
0.14006,1.3993399170977277e-09,1.134345243804073e-09,1.6878111159315508e-09,1.4379560975494862e-09,7.111762236469796e-10,0.8624917925321826
0.14011,1.2759487009195388e-09,1.1337933664768707e-09,1.6877882363937143e-09,1.437725021965341e-09,7.098808760364668e-10,0.43823904185293755
0.14015,1.0445271421180053e-09,1.1326924992586608e-09,1.6869089793104469e-09,1.4367765351195196e-09,7.082791657718067e-10,-0.24846670128659565
0.1402,8.810933711871537e-10,1.1330503403396722e-09,1.6871572997824955e-09,1.4370643818339672e-09,7.088349074237292e-10,-0.6512919315235653
0.14024,7.985209483832741e-10,1.1345942240447423e-09,1.6880817215842238e-09,1.4382162934038574e-09,7.114317707543764e-10,-0.8285950259010011
0.14029,7.309340772725298e-10,1.1282993810973207e-09,1.6800669464662842e-09,1.4310301430066977e-09,7.058765234913417e-10,-0.9552988080728638
0.14034,7.825279639843556e-10,1.1282047606813789e-09,1.6790679571119747e-09,1.4304061262930531e-09,7.068393049789164e-10,-0.852909088142447
0.14038,8.720423561437368e-10,1.1260263833066364e-09,1.6771991463757961e-09,1.4284495816722653e-09,7.038471780656641e-10,-0.6604862743330879
0.14043,9.944396256289056e-10,1.1245545645517037e-09,1.6741356467518957e-09,1.4260705465270398e-09,7.039650754092798e-10,-0.35897897884533053
0.14047,1.142196429673804e-09,1.1250225594701132e-09,1.6744632137647894e-09,1.426446376090243e-09,7.047027754417303e-10,0.051491968673594346
0.14052,1.2442588693142558e-09,1.12489913417972e-09,1.6741642553257573e-09,1.4262216946458226e-09,7.047657937128799e-10,0.3691651138958746
0.14056,1.311458627191203e-09,1.1260621803667503e-09,1.6750281379826344e-09,1.4271865891906218e-09,7.065312014169623e-10,0.5921881788167489
0.14061,1.3237226299034796e-09,1.1199327696060668e-09,1.6681602221181336e-09,1.4207383380894662e-09,7.000119800103308e-10,0.6479502353526844
0.14065,1.3242224517991422e-09,1.1162829197183963e-09,1.660893818608777e-09,1.4150334985226504e-09,6.99909076846781e-10,0.6740281974718435
0.1407,1.2387179567192543e-09,1.1123098070345458e-09,1.6555066680053593e-09,1.4103054726761979e-09,6.967901776089733e-10,0.3963833864298603
0.14074,1.1522556554746026e-09,1.1036591182844368e-09,1.6425247012879526e-09,1.3992747973962107e-09,6.914965515087982e-10,0.1495784269209431
0.14079,9.944001755145463e-10,1.103433354770753e-09,1.6413912058178882e-09,1.3985222229936655e-09,6.92293638133126e-10,-0.30549548980016905
0.14084,9.78413535593354e-10,1.101060823271827e-09,1.639346508294516e-09,1.3963867877408644e-09,6.890377182599381e-10,-0.346937997307776
0.14088,9.307593542554232e-10,1.0994865460956199e-09,1.6377657690569938e-09,1.394839636742304e-09,6.871378438545339e-10,-0.4689340487876681
0.14093,9.302579117427093e-10,1.0990620873595854e-09,1.6370690983232438e-09,1.3942635031348546e-09,6.869480878008093e-10,-0.46912806215287073
0.14097,8.497931003985112e-10,1.100338419719504e-09,1.637648611028556e-09,1.395107501915276e-09,6.893122712627719e-10,-0.6631311249974652
0.14102,8.97099190377947e-10,1.0974271030108341e-09,1.6350400385192794e-09,1.3924271703333274e-09,6.854483168219705e-10,-0.5491683122529881
0.14106,9.735382225713067e-10,1.0998269770749546e-09,1.6363191404421323e-09,1.3941243616925074e-09,6.896749984235745e-10,-0.3535449558412865
0.14111,1.2327872251426024e-09,1.0990042481656014e-09,1.6350993870270275e-09,1.3930820779991114e-09,6.891657342013271e-10,0.4288673042003675
0.14115,1.355440998199906e-09,1.0995175017957214e-09,1.6348158601601146e-09,1.3931180197553106e-09,6.907355145979903e-10,0.8655189782013258
0.1412,1.425872829115614e-09,1.095200863593276e-09,1.6314436711215236e-09,1.3894359703016578e-09,6.844042539855068e-10,1.1361968107963811
0.14125,1.3879776149812942e-09,1.095052967761992e-09,1.6309947197201378e-09,1.389113885301037e-09,6.845847489036174e-10,0.9924125605872999
0.14129,1.311087519492231e-09,1.0963111336677577e-09,1.6317906901610202e-09,1.3900769847028835e-09,6.866530465242799e-10,0.7085843716423501
0.14134,1.1633153651724159e-09,1.09552888881062e-09,1.6311322226478048e-09,1.3893829817780138e-09,6.85556202996086e-10,0.20848670939944863
0.14138,1.048090632027613e-09,1.0951911370856896e-09,1.630874617585252e-09,1.3890984675124908e-09,6.850543026057707e-10,-0.14035076674157013
0.14143,9.022626492808219e-10,1.094030887931994e-09,1.6298447020627032e-09,1.3880371195744177e-09,6.834963350284195e-10,-0.5292729229722702
0.14147,8.246068902658744e-10,1.094088161638889e-09,1.6296985189256815e-09,1.3879739548701736e-09,6.838065106497955e-10,-0.7126613756797049
0.14152,7.341954060879608e-10,1.095234615015108e-09,1.6302719718328276e-09,1.3887625199930586e-09,6.858707092537888e-10,-0.9055479731534486
0.14157,7.052940875958273e-10,1.0913090682679423e-09,1.6242274146786772e-09,1.3836673936902409e-09,6.836477977749959e-10,-0.9573842928777728
0.14161,7.292873648466685e-10,1.0869813286132218e-09,1.6189605327272941e-09,1.3788702124227333e-09,6.795372343277202e-10,-0.9059105544263245
0.14166,7.942003529611882e-10,1.0894956516970504e-09,1.6206261013435399e-09,1.3808392797000214e-09,6.835812016997091e-10,-0.7684630644251839
0.1417,8.95595997962485e-10,1.0885393364635194e-09,1.6203110580908088e-09,1.3802778564292707e-09,6.816595717743087e-10,-0.5312367653688659
0.14175,1.0433224150240258e-09,1.0886990153335135e-09,1.6203417210872514e-09,1.3803572552274667e-09,6.820153578145346e-10,-0.13326853419520202
0.1418,1.190153126519306e-09,1.0898307231888818e-09,1.6211236096759462e-09,1.3812612416846964e-09,6.838057311836875e-10,0.3220256718921302
0.14184,1.2949309091749369e-09,1.090068683666643e-09,1.6213127587259054e-09,1.3814657310529682e-09,6.841536749816832e-10,0.6834662829646115
0.14189,1.3722273199220572e-09,1.090638384183437e-09,1.6215801015642475e-09,1.381847579201671e-09,6.85200878675808e-10,0.9703723797339797
0.14193,1.3961819723901493e-09,1.089657174263913e-09,1.6209371808647185e-09,1.3810832060739646e-09,6.836125427357548e-10,1.0624245485471213
0.14198,1.3784693687288157e-09,1.0882102136823901e-09,1.6200433949995683e-09,1.3799890709629866e-09,6.812010134835405e-10,0.9936733547391466
0.14202,1.3013902723011155e-09,1.0891001312303969e-09,1.6205462091724646e-09,1.380631763804477e-09,6.827473725905512e-10,0.7074099395269258
0.14207,1.2199073973366618e-09,1.0845367919475807e-09,1.6155151808307487e-09,1.3758826838404953e-09,6.777848754673204e-10,0.4311615179700514
0.14212,1.1500824369535349e-09,1.0790231397699288e-09,1.6058729495831672e-09,1.3680494619021282e-09,6.760342958157138e-10,0.22527660198137736
0.14216,1.0990142710915882e-09,1.0786273181698628e-09,1.6055870132577182e-09,1.367728404094648e-09,6.754079803018661e-10,0.06289151746649944
0.14221,9.714745148793308e-10,1.0769767332148288e-09,1.6043341456343565e-09,1.3663411585613553e-09,6.729512222970467e-10,-0.3099901170904348
0.14225,8.489272581751718e-10,1.0787199547092397e-09,1.6055185607542974e-09,1.367727342589134e-09,6.757087024483054e-10,-0.6255864983489963
0.1423,6.759591034966818e-10,1.0789818913047108e-09,1.6058521385090992e-09,1.3680211778249847e-09,6.759591034966818e-10,-1.1602888245447882
0.14235,6.761966052973638e-10,1.07909597254711e-09,1.6058837713815733e-09,1.3680844256934183e-09,6.761966052973638e-10,-1.2118945598847388
0.14239,6.721123712752515e-10,1.0767668422846023e-09,1.6046341267008483e-09,1.3664313887940428e-09,6.721123712752515e-10,-1.018243794709745
0.14244,8.77858022579941e-10,1.0778601290673718e-09,1.6055532352949525e-09,1.3674011683616814e-09,6.736414556197554e-10,-0.556368740321032
0.14248,9.655820042671774e-10,1.065929353705076e-09,1.5874565882053917e-09,1.3520750332199076e-09,6.665690889915325e-10,-0.29730884463867496
0.14253,1.0607560289341137e-09,1.0598646110479528e-09,1.577672089094958e-09,1.3439410802828388e-09,6.636673087646916e-10,0.002929183062446367
0.14258,1.0854799266862875e-09,1.0576666946040228e-09,1.5741141546500462e-09,1.340987364794764e-09,6.626234528458369e-10,0.08892742849913343
0.14262,1.1199620877182197e-09,1.0542706948077442e-09,1.56971728443058e-09,1.3370681980705304e-09,6.597102702463385e-10,0.20989100701607122
0.14267,1.1439260178662765e-09,1.0510518323212678e-09,1.5638113861799103e-09,1.3323332320265365e-09,6.590149723506229e-10,0.3069992992952652
0.14271,1.213738311037202e-09,1.0520031596771523e-09,1.5646212839282162e-09,1.3331842150982957e-09,6.603298440228842e-10,0.5515919118800912
0.14276,1.2921761454676456e-09,1.0504524535806806e-09,1.5637670307402885e-09,1.3320702027855504e-09,6.576351650125246e-10,0.8436550753772599
0.14281,1.3913952035980817e-09,1.0499201014367907e-09,1.5634713141859614e-09,1.3316867201080267e-09,6.567121008966588e-10,1.2400621787715782
0.14285,1.417282164874139e-09,1.0427586360998051e-09,1.554036395776688e-09,1.3233256437033017e-09,6.507731277506068e-10,1.3808708499043438
0.1429,1.4222920342598608e-09,1.043401028897913e-09,1.552000112062248e-09,1.322382445388755e-09,6.547360692557835e-10,1.4200756886735904
0.14295,1.3692716416002502e-09,1.043742819626301e-09,1.552157499978125e-09,1.322606223290121e-09,6.553888477442942e-10,1.1964728185139635
0.14299,1.3142040744223789e-09,1.0431692748158398e-09,1.5519318976179277e-09,1.3222474848814329e-09,6.542822469756242e-10,0.9715709610416075
0.14304,1.2068382853058522e-09,1.0440347729703457e-09,1.5526194956478448e-09,1.3229931635921691e-09,6.555348790381306e-10,0.560898780124667
0.14308,1.0571256131453869e-09,1.0421584964722221e-09,1.5516872889058805e-09,1.3217044234629393e-09,6.5215542627124e-10,0.046330731606511855
0.14313,7.478594387330963e-10,1.042118248326341e-09,1.5518426637574532e-09,1.3217825983963912e-09,6.518576798950317e-10,-0.7988394561413527
0.14318,6.549959272016754e-10,1.0443263801089135e-09,1.5536393845656194e-09,1.3237107022421256e-09,6.549959272016754e-10,-1.331377559453109
0.14322,6.387132568874883e-10,1.0339165183132111e-09,1.5464293564232014e-09,1.3153704048514378e-09,6.387132568874883e-10,-1.6864379261087672
0.14327,6.523671304487957e-10,1.0427284433994876e-09,1.552631457497374e-09,1.3224890143547097e-09,6.523671304487957e-10,-1.6587505952748332
0.14331,6.488441055910732e-10,1.0402126206568058e-09,1.5505386864841311e-09,1.320266456695575e-09,6.488441055910732e-10,-1.5207458186752405
0.14336,6.542296217885371e-10,1.0435193157032159e-09,1.5526604508071184e-09,1.3228171754026131e-09,6.542296217885371e-10,-1.1678808867681023
0.14341,6.547102833974838e-10,1.0436194338900746e-09,1.5526852692220285e-09,1.3228726697288863e-09,6.544313808679289e-10,-0.9962356438214843
0.14345,8.436817887029449e-10,1.0423013412375234e-09,1.5517119299842638e-09,1.321780319436205e-09,6.524379425354731e-10,-0.5675408067611782
0.1435,1.0090122195221218e-09,1.043031505604413e-09,1.5524209291114185e-09,1.3224867735828808e-09,6.533294505077492e-10,-0.104787655778361
0.14355,1.19889322988829e-09,1.0425510322693402e-09,1.5520953481949658e-09,1.322103365561754e-09,6.525829120755655e-10,0.5294772287338919
0.14359,1.3203950629849255e-09,1.0406474690058778e-09,1.550910444184474e-09,1.3206586432645922e-09,6.494254778874679e-10,0.9917987300450211
0.14364,1.4638102859499272e-09,1.0467148633710657e-09,1.5547835288015965e-09,1.3253193228441404e-09,6.593972086743345e-10,1.5974582030935673
0.14369,1.5671379330619132e-09,1.0370810173938578e-09,1.5483741190439929e-09,1.3177584084010708e-09,6.439506387831832e-10,2.0707037641745734
0.14373,1.6029031474354248e-09,1.0274907550057006e-09,1.541666185309864e-09,1.3100298590346968e-09,6.291607197940142e-10,2.243514167113362
0.14378,1.549976517056071e-09,1.0412350670568386e-09,1.550953478126748e-09,1.320911152909888e-09,6.508075203149828e-10,1.9918283519301245
0.14382,1.4180091096472188e-09,1.04374646027323e-09,1.5527468419082455e-09,1.3229542117857858e-09,6.546925462045236e-10,1.3981454131609645
0.14387,1.1542865660297766e-09,1.0411757396953634e-09,1.5510270482775342e-09,1.3209318964856831e-09,6.505726981992274e-10,0.3714098895748048
0.14392,8.031055874585983e-10,1.043042585718488e-09,1.5519979077087616e-09,1.3222384824566818e-09,6.538865979973292e-10,-0.6681612993025511
0.14396,6.494082596162006e-10,1.0401707077060034e-09,1.549978364628289e-09,1.3199207996227053e-09,6.494082596162006e-10,-1.3438493478461968
0.14401,6.680097798174412e-10,1.052546833737588e-09,1.5593242873364007e-09,1.3302852342701322e-09,6.680097798174412e-10,-1.8731326242984652
0.14406,6.75131052887132e-10,1.056010069700138e-09,1.5604059738904499e-09,1.3322804269696643e-09,6.75131052887132e-10,-2.0468524829751544
0.1441,6.595926198120412e-10,1.0464151867553345e-09,1.554004497991184e-09,1.324746277642646e-09,6.595926198120412e-10,-2.077300806056545
0.14415,6.368755271872705e-10,1.0324994869395609e-09,1.5451444185446158e-09,1.3140548523051325e-09,6.368755271872705e-10,-1.9367911204765933
0.1442,6.371088489136354e-10,1.0329324426088538e-09,1.5458342304187757e-09,1.314628431248236e-09,6.371088489136354e-10,-1.5436045831923173
0.14424,6.513479892865792e-10,1.042185362636177e-09,1.552413557735252e-09,1.3221428404731963e-09,6.513479892865792e-10,-1.1027638587700128
0.14429,9.127786847215517e-10,1.0431715185882674e-09,1.5534129323715691e-09,1.32311363811466e-09,6.525479085066017e-10,-0.38702464412644916
0.14434,1.144327391786631e-09,1.0395920931961323e-09,1.5470160195372627e-09,1.3179515891654275e-09,6.515544910747519e-10,0.35062619397754186
0.14438,1.2583328903924186e-09,1.0326418939201192e-09,1.5377939036793907e-09,1.309797227052397e-09,6.458718004516428e-10,0.79418961550495
0.14443,1.3696450175721321e-09,1.032729087899415e-09,1.5377250321880102e-09,1.309790340255567e-09,6.461675286486424e-10,1.2457341205181611
0.14448,1.403786732566158e-09,1.0305679532499205e-09,1.5365912928704755e-09,1.3082768834780698e-09,6.423223537100093e-10,1.3890425706436564
0.14452,1.4677340155927256e-09,1.0284770023606579e-09,1.5348934124143592e-09,1.3064543131995668e-09,6.393541589048381e-10,1.6740693389300334
0.14457,1.5032334115768268e-09,1.0283220580457743e-09,1.5382561052066195e-09,1.3083653299774012e-09,6.350242286819031e-10,1.807302959309451
0.14462,1.7823021597556228e-09,1.0427391130170174e-09,1.5624437373132507e-09,1.3282541990371638e-09,6.40831940989846e-10,3.044430585072032
0.14466,1.6310697674712045e-09,1.0709002464853402e-09,1.589799508402971e-09,1.355392960066683e-09,6.758052067682316e-10,2.2099531453533063
0.14471,1.7002785442959228e-09,1.0738464971511026e-09,1.5879563854669853e-09,1.355484120835786e-09,6.850802412694752e-10,2.5785859095958865
0.14476,1.3860259114690752e-09,1.0600286031162645e-09,1.5794119760564046e-09,1.345017951647e-09,6.620387805947776e-10,1.1581567304279816
0.1448,9.164751323430843e-10,1.0629522550922223e-09,1.581007804433677e-09,1.3471080582655358e-09,6.6714287267426e-10,-0.4182895914867197
0.14485,6.552009718233313e-10,1.0558264701027224e-09,1.5767405731608349e-09,1.3417888159757044e-09,6.552009718233313e-10,-1.8551231110287787
0.1449,6.877551369988606e-10,1.0766774040896073e-09,1.5915522881905439e-09,1.3586840838226008e-09,6.877551369988606e-10,-2.3734316286614723
0.14494,6.88345939648695e-10,1.0779759650841358e-09,1.5936514483730782e-09,1.3604331201211754e-09,6.88345939648695e-10,-2.155291215603503
0.14499,6.547051261136123e-10,1.0603512545489515e-09,1.5863815165099116e-09,1.3492175878779093e-09,6.547051261136123e-10,-1.6790647272625814
0.14504,6.657010134779544e-10,1.0651516575816636e-09,1.5868723213469357e-09,1.3513747848049754e-09,6.657010134779544e-10,-1.3365245356413682
0.14508,6.610967326629572e-10,1.06264359744788e-09,1.5856746612539064e-09,1.3496878473323951e-09,6.610967326629572e-10,-1.5975720831738591
0.14513,6.872403180247702e-10,1.0762859638760234e-09,1.5911776819094582e-09,1.358314488018936e-09,6.872403180247702e-10,-2.0629537556036714
0.14518,6.725261738860419e-10,1.0668391971825318e-09,1.5843276961806583e-09,1.3505885752051525e-09,6.725261738860419e-10,-2.5190628726424795
0.14522,6.934383200012912e-10,1.0800101503507774e-09,1.5934393640321098e-09,1.3611291056383449e-09,6.934383200012912e-10,-2.477481598137069
0.14527,6.85014973882525e-10,1.0756822969697935e-09,1.5916488120404133e-09,1.3583838834488042e-09,6.85014973882525e-10,-1.969361367621722
0.14532,6.714850614835589e-10,1.0680404156520864e-09,1.5874811892296787e-09,1.3529393879036243e-09,6.714850614835589e-10,-1.1645521355776647
0.14536,1.049225080324743e-09,1.0629990138668314e-09,1.5820975864215569e-09,1.3477883507427938e-09,6.658194278927475e-10,-0.041669815770248475
0.14541,1.487011387504959e-09,1.0558052237161173e-09,1.5695728581684576e-09,1.3376011899916895e-09,6.634732094918919e-10,1.6325431177927467
0.14546,1.955846049847137e-09,1.0349420599069672e-09,1.5430056289611124e-09,1.31377118762395e-09,6.451380078350886e-10,4.194661325938546
0.1455,2.3183197700667666e-09,1.0047130107054257e-09,1.5170769312261543e-09,1.2865930486251126e-09,6.043717213863141e-10,6.666251801629996
0.14555,2.551793812215985e-09,1.008088746831133e-09,1.5172625804270147e-09,1.2880354955560932e-09,6.119775026180701e-10,8.482720487701785
0.1456,2.3084405344806174e-09,1.0771275957064086e-09,1.5647142346719844e-09,1.3430470195298434e-09,7.22212326014697e-10,6.610789941353568
0.14565,1.7288813632481687e-09,1.0409467086376683e-09,1.5410249743133314e-09,1.3149532368703008e-09,6.620887849221078e-10,2.9854458416340117
0.14569,1.0324753667418706e-09,1.0285188922541676e-09,1.5309932111166272e-09,1.3041787928345988e-09,6.440764417672544e-10,0.012965577229186974
0.14574,6.563857866552293e-10,1.030101975876011e-09,1.5238858624676253e-09,1.3006357086464416e-09,6.563857866552293e-10,-2.9839233364461486
0.14579,5.807399004663588e-10,9.735001394871213e-10,1.4742867064751372e-09,1.249167079013215e-09,5.807399004663588e-10,-4.591812987708863
0.14583,5.912099836563859e-10,9.736154433472438e-10,1.4651336791320536e-09,1.2438649687570748e-09,5.912099836563859e-10,-4.658436573812991
0.14588,6.264622463448062e-10,9.954015360084155e-10,1.4790343973686543e-09,1.2606306707932545e-09,6.264622463448062e-10,-4.38476471648268
0.14593,5.969587858255938e-10,9.76268604789419e-10,1.4655170699110151e-09,1.2451389662120696e-09,5.969587858255938e-10,-3.3896134567651335
0.14597,5.987239707533407e-10,9.78385290837036e-10,1.468307735897983e-09,1.2476074117691706e-09,5.987239707533407e-10,-2.573171663545704
0.14602,6.194310740764209e-10,9.911556055386886e-10,1.4764618862683598e-09,1.2574314973053718e-09,6.194310740764209e-10,-1.4168951242291
0.14607,8.761805026733205e-10,9.950237867145206e-10,1.480900886590999e-09,1.2615507195591445e-09,6.234875156223283e-10,-0.3681811435997966
0.14612,1.1305767956099652e-09,9.941142099222456e-10,1.4812425529254391e-09,1.2614077456759353e-09,6.207840626212831e-10,0.4749233809073261
0.14616,1.277613458975969e-09,9.966774489512464e-10,1.4820134684411486e-09,1.262856718221781e-09,6.261270551534533e-10,1.0698320116484044
0.14621,1.361410782537967e-09,9.913346358022976e-10,1.4778285069136004e-09,1.2582994182093417e-09,6.182694813508701e-10,1.4418459962817771
0.14626,1.4293818352936502e-09,9.979999413910533e-10,1.481277550655738e-09,1.2629534771412744e-09,6.301460942668152e-10,1.766096484733495
0.1463,1.5051507714316094e-09,1.0032713655571944e-09,1.483974086621754e-09,1.2666150091349976e-09,6.396446320051283e-10,2.1440674077079214
0.14635,1.5347809497514773e-09,9.8750610079997e-10,1.4733374550905454e-09,1.2541580569995543e-09,6.14418967702341e-10,2.296316927295591
0.1464,1.4800755457175714e-09,9.941625553267226e-10,1.4791621259509408e-09,1.2602116543242122e-09,6.233656821357206e-10,2.007326285310851
0.14645,1.2276061737906002e-09,9.90101113289051e-10,1.4757110660169803e-09,1.256574475383714e-09,6.177959932055996e-10,0.8725316909911777
0.14649,9.758307903459624e-10,9.942774294721505e-10,1.4801458468027081e-09,1.2608548481061172e-09,6.223780912421177e-10,-0.06108282208042998
0.14654,6.058074135127237e-10,9.663150943676692e-10,1.4377963076480028e-09,1.2249556417085177e-09,6.058074135127237e-10,-1.1626934890278133
0.14659,6.031421686368749e-10,9.6155954113019e-10,1.4304589646296846e-09,1.2187730711739183e-09,6.031421686368749e-10,-1.2527541032081042
0.14663,5.987972975718893e-10,9.585128114976303e-10,1.4279709787199064e-09,1.2161120746767638e-09,5.987972975718893e-10,-1.2828848710966865
0.14668,6.008821818602649e-10,9.593837789152225e-10,1.427971312932136e-09,1.216455699770356e-09,6.008821818602649e-10,-1.2996763465519556
0.14673,6.416896742057487e-10,9.587717053481415e-10,1.427391443733699e-09,1.2158735249386291e-09,6.001080456820917e-10,-0.9083905268143658
0.14678,8.773260931313243e-10,9.57930095451601e-10,1.4268151029825272e-09,1.2152015695403552e-09,5.98788790780977e-10,-0.26811947928503993
0.14682,1.0707791905102484e-09,9.580368549656663e-10,1.4269875920839484e-09,1.215343382036823e-09,5.98848788900891e-10,0.4054451823151234
0.14687,1.2484678480187468e-09,9.59031675299614e-10,1.4278665196825386e-09,1.2162500425384192e-09,6.001955332729155e-10,1.1410006579747312
0.14692,1.316161030167224e-09,9.606673472978248e-10,1.4288252462805649e-09,1.2174579033470348e-09,6.029751432378576e-10,1.4523757787575595
0.14697,1.2835341928240462e-09,9.592284225687122e-10,1.4275841047264465e-09,1.2161638358184908e-09,6.009906441886098e-10,1.302691978171619
0.14701,1.2408563712332748e-09,9.602094236097726e-10,1.4281937104392238e-09,1.2169093445002263e-09,6.026122964940884e-10,1.1102091383811734
0.14706,1.188878913896193e-09,9.567867470998555e-10,1.4259150401122738e-09,1.2142226257131095e-09,5.971208802231668e-10,0.8840493490704335
0.14711,1.110609057042618e-09,9.59947119687504e-10,1.4281647055316804e-09,1.216789974757487e-09,6.02010826448876e-10,0.5613203078437542
0.14715,1.0551959656467719e-09,9.59939153624645e-10,1.4279438870791337e-09,1.2166565922585911e-09,6.022586053835079e-10,0.34776147894458925
0.1472,1.0016528364748362e-09,9.584596612829898e-10,1.4268387385343842e-09,1.2154245012011073e-09,6.000270747301308e-10,0.15121459656942896
0.14725,9.756384286021775e-10,9.540696436803642e-10,1.4201095547592645e-09,1.2097429436784185e-09,5.975139850716e-10,0.07572866328315438
0.1473,9.604772051808918e-10,9.515793341376849e-10,1.4165932087132699e-09,1.2066968374298487e-09,5.95729197062794e-10,0.030592616798289233
0.14734,8.986236196524071e-10,9.466389007673298e-10,1.4087508334216536e-09,1.200146665891113e-09,5.932106087228499e-10,-0.16104494140603945
0.14739,7.606293703041445e-10,9.397254034937932e-10,1.398379977704559e-09,1.191331446843911e-09,5.889873221127706e-10,-0.5658131128300969
0.14744,5.83917472769017e-10,9.362681622125563e-10,1.3956773353683378e-09,1.1883826567566598e-09,5.83917472769017e-10,-1.0467877776796248
0.14749,5.917081351507144e-10,9.412425242099384e-10,1.399147157082576e-09,1.1923809738369692e-09,5.917081351507144e-10,-1.2857429895324588
0.14753,5.922486692166696e-10,9.415503288459939e-10,1.3993105426861317e-09,1.192598921169564e-09,5.922486692166696e-10,-1.3054995714864712
0.14758,6.009185745363855e-10,9.370995225627047e-10,1.393144350600401e-09,1.1872245618690851e-09,5.889141452916743e-10,-0.9652459182275105
0.14763,7.571855594363674e-10,9.330160989460258e-10,1.3891922977488041e-09,1.1832942699505614e-09,5.838285058497143e-10,-0.5624110411198165
0.14768,8.65439995332021e-10,9.266153634173751e-10,1.3799055945397122e-09,1.1753195066856925e-09,5.795340914987262e-10,-0.21208063856987971
0.14772,8.704643945520481e-10,9.157095134454539e-10,1.3628478661562415e-09,1.1610075669547675e-09,5.736808331059863e-10,-0.1574399607566825
0.14777,9.018019285019392e-10,9.15399155627459e-10,1.3624179178891267e-09,1.1606332204215751e-09,5.734460560353268e-10,-0.04747274951972736
0.14782,9.891775105389664e-10,9.141355300831041e-10,1.3614761857410428e-09,1.1595819437582494e-09,5.715404626639618e-10,0.27751342574755083
0.14787,1.090099830373659e-09,9.153607586053547e-10,1.3619998876718946e-09,1.1603723755421165e-09,5.738535123976762e-10,0.6916810111530508
0.14791,1.1482439518855654e-09,9.160645349610355e-10,1.362090141556361e-09,1.160702709873968e-09,5.754357474161689e-10,0.9502042784482736
0.14796,1.1910584518566809e-09,9.121614057646754e-10,1.3593598533544737e-09,1.1575607377438236e-09,5.693329330753465e-10,1.1481772633767893
0.14801,1.1510062893284676e-09,9.144501919994258e-10,1.3609654611378981e-09,1.159405785112812e-09,5.72903755966685e-10,0.9630500628866397
0.14806,1.0554222087773032e-09,9.155344008540847e-10,1.361717437866434e-09,1.1602743801849264e-09,5.746105980105489e-10,0.5477311400182329
0.14811,9.296765137294255e-10,9.138953911037664e-10,1.3607522825427301e-09,1.159061760162471e-09,5.718289409211633e-10,0.05577777000440813
0.14815,8.090438933149322e-10,9.137635763842864e-10,1.3606145431596528e-09,1.1589287410483493e-09,5.716781671625698e-10,-0.35673801017510204
0.1482,7.222412799847364e-10,9.254215300111377e-10,1.3778928568745039e-09,1.1736670879091354e-09,5.790684007493148e-10,-0.643802600580926
0.14825,6.948676243446553e-10,9.304121188077916e-10,1.3858812104955707e-09,1.1803237111435322e-09,5.815293387827392e-10,-0.7294994490318478
0.1483,7.3199839227335e-10,9.330563691358275e-10,1.3876110161502583e-09,1.1823818250095795e-09,5.858081464616916e-10,-0.6289292557725046
0.14834,7.510221002965435e-10,9.319661958119106e-10,1.3868153577651596e-09,1.1814859290321355e-09,5.841344552936423e-10,-0.5752859373684308
0.14839,8.161472913181858e-10,9.327128074876605e-10,1.3871933548899794e-09,1.1820025054135261e-09,5.854734461800471e-10,-0.3813200511788847
0.14844,8.440110550290611e-10,9.303084185574525e-10,1.3856126112544217e-09,1.1801269313964055e-09,5.815892987021923e-10,-0.29371417344429335
0.14849,8.761528487339836e-10,9.319836201091086e-10,1.3866613978006244e-09,1.181403297845525e-09,5.843542526364787e-10,-0.18855452328520914
0.14854,9.415801118033183e-10,9.325019433917397e-10,1.3880212396626762e-09,1.1824052189567419e-09,5.839827931383498e-10,0.032592461467839326
0.14858,9.828297104361735e-10,9.366714691220547e-10,1.3939667550367328e-09,1.187538548654482e-09,5.869073159069762e-10,0.16779690557469568
0.14863,1.0296390980114757e-09,9.348891991282701e-10,1.392618259529309e-09,1.1860437423858657e-09,5.842448168201847e-10,0.34535434489808164
0.14868,1.0520771757855903e-09,9.370874689439114e-10,1.3940679792343255e-09,1.1877611930971015e-09,5.877892912574971e-10,0.43320872146474154
0.14873,1.0832587767948445e-09,9.360878740959989e-10,1.3934462108990327e-09,1.1870020301631309e-09,5.861331457868128e-10,0.5579564644595255
0.14877,1.0925352764844757e-09,9.349666469613329e-10,1.3927135171366477e-09,1.186129926248088e-09,5.843186350623463e-10,0.5957003140528748
0.14882,1.1139296499711047e-09,9.350878169327307e-10,1.39313582693448e-09,1.1864258636440104e-09,5.841059033047789e-10,0.682213476865519
0.14887,1.0887013304038115e-09,9.38479510602515e-10,1.3957374874450589e-09,1.1892910696006758e-09,5.891342383366249e-10,0.5760791952060179
0.14892,1.067562436319011e-09,9.369348145654794e-10,1.3952046091792765e-09,1.1883693704330588e-09,5.860644403962812e-10,0.4878835303066003
0.14897,9.948204109668125e-10,9.381034078796178e-10,1.39650098250222e-09,1.1895908579922423e-09,5.873239747887261e-10,0.20468548687230553
0.14901,9.090769657739506e-10,9.395782690063579e-10,1.3980333147436817e-09,1.1910715528404272e-09,5.890378277570149e-10,-0.10254057584761546
0.14906,7.387540672977231e-10,9.301764732467819e-10,1.3858482104962629e-09,1.1802120387676103e-09,5.810012790643071e-10,-0.6105664108385782
0.14911,6.22736824192786e-10,9.31177261875589e-10,1.3869820152044928e-09,1.1812723382935827e-09,5.820490385749563e-10,-0.9108141578552551
0.14916,5.829802488723883e-10,9.32224895061134e-10,1.3883068985842425e-09,1.182463610075413e-09,5.829802488723883e-10,-1.0918016978592218
0.14921,5.884964040348192e-10,9.343686215592284e-10,1.3903993082233346e-09,1.1845374440232472e-09,5.856260773226924e-10,-0.9915112745021037
0.14925,6.840321604406331e-10,9.359275127068058e-10,1.3921138696963672e-09,1.186158594019336e-09,5.873231484506611e-10,-0.7637066676525296
0.1493,8.417227385597742e-10,9.33951236253097e-10,1.3914293641494151e-09,1.1849772864067912e-09,5.834042053776435e-10,-0.31283748708976894
0.14935,9.732315612591441e-10,9.366806335632548e-10,1.3938938126168277e-09,1.1874997412885765e-09,5.870137297816898e-10,0.13291477372635976
0.1494,1.0657025723386371e-09,9.38445567295963e-10,1.3957265632386858e-09,1.1892707041138332e-09,5.890692479073429e-10,0.48318863851516936
0.14945,1.0794006921094514e-09,9.393209155221959e-10,1.3969502726262856e-09,1.1903339289870707e-09,5.89713100310174e-10,0.5346306265041582
0.14949,1.0479755324111863e-09,9.392212549268974e-10,1.397562987965331e-09,1.1906544190175541e-09,5.887433645622249e-10,0.40596010810628697
0.14954,1.0436511723048452e-09,9.409309163417767e-10,1.399669318968295e-09,1.1925650727155369e-09,5.903349465144899e-10,0.38396686833063637
0.14959,1.0850808672060925e-09,9.495723715144685e-10,1.4128317611827317e-09,1.203698155426631e-09,5.953906900463849e-10,0.5068220502314857
0.14964,1.1225452807890359e-09,9.495848929417266e-10,1.4127987076460158e-09,1.2036829285672094e-09,5.954617459328451e-10,0.6582257693285135
0.14969,1.1007932260576677e-09,9.485735193150234e-10,1.4122423708585581e-09,1.2029580884824068e-09,5.936994773328514e-10,0.5691449958930768
0.14973,1.0833334531618934e-09,9.475751005100117e-10,1.4115817727996844e-09,1.2021762676618716e-09,5.920964859875849e-10,0.49940014322331655
0.14978,9.95799793871595e-10,9.481506368878602e-10,1.4119645132142375e-09,1.2026278532485655e-09,5.93019404054682e-10,0.16690764311701642
0.14983,9.147197761951802e-10,9.484888129337927e-10,1.4122383071018792e-09,1.2029224780361096e-09,5.935003824364619e-10,-0.1162923444564431
0.14988,8.01626255296236e-10,9.474421054038142e-10,1.4115889608586732e-09,1.202125923312148e-09,5.917732085925675e-10,-0.4710463996916006
0.14993,6.982586174366026e-10,9.509026854968373e-10,1.4138078591908487e-09,1.2047965729856146e-09,5.974145590985368e-10,-0.7540203552983933
0.14998,7.259509685978046e-10,9.495251098126002e-10,1.4127887310185238e-09,1.203655049046538e-09,5.95323817848304e-10,-0.6817381611570577
0.15002,7.903123106455609e-10,9.488447438812313e-10,1.4122153798114012e-09,1.203050357652148e-09,5.943742901272558e-10,-0.5030542044126808
0.15007,9.260158520993094e-10,9.482229783717323e-10,1.4117804058848245e-09,1.2025494647669617e-09,5.934043419783702e-10,-0.07719013922561896
0.15012,1.0321656406872543e-09,9.49525232274113e-10,1.4126988996396505e-09,1.203601675365336e-09,5.954352817674563e-10,0.30257576550123066
0.15017,1.063079748492424e-09,9.494235579010231e-10,1.412676925366677e-09,1.203548651425761e-09,5.9521783828398e-10,0.4207429279637191
0.15022,9.952477805629072e-10,9.475708656726084e-10,1.411378968642071e-09,1.2020566533151176e-09,5.923204023548461e-10,0.1657578555940327
0.15027,9.138846448408321e-10,9.476834404873012e-10,1.4114267331575013e-09,1.2021292371899277e-09,5.925320926443108e-10,-0.11800503446640247
0.15031,8.435379801526628e-10,9.474677733132778e-10,1.4115020138419611e-09,1.2020878680486964e-09,5.91929976940294e-10,-0.344753606831408
0.15036,9.10584182544182e-10,9.481416645407513e-10,1.4119361859229217e-09,1.2026090378894124e-09,5.930233922128106e-10,-0.12982082380853102
0.15041,9.80292759577903e-10,9.49403001952591e-10,1.4128779524719188e-09,1.2036591694993404e-09,5.949250924588996e-10,0.11055670591991794
0.15046,1.0954446763289448e-09,9.50163127796449e-10,1.4136293101094168e-09,1.2044028046999341e-09,5.958340807866451e-10,0.5456842467666946
0.15051,1.0726219612568976e-09,9.498354153136043e-10,1.4132541993066797e-09,1.2040502425002783e-09,5.955161517229038e-10,0.4563463393166322
0.15056,9.951704806344714e-10,9.496122823960629e-10,1.4131096717710726e-09,1.2038774802225072e-09,5.95152763186471e-10,0.16382605455911076
0.1506,9.350692453818007e-10,9.493213452338341e-10,1.4129451960244741e-09,1.2036662794319403e-09,5.946507876707997e-10,-0.048147921300409194
0.15065,8.282060228383083e-10,9.497585835841137e-10,1.4131777742483772e-09,1.2039754399627684e-09,5.954207373691939e-10,-0.3920554455549692
0.1507,6.862327502082659e-10,9.513231192209785e-10,1.4145621388134617e-09,1.2051936651496452e-09,5.978238579641506e-10,-0.784953213441452
0.15075,6.076464981140445e-10,9.4654686627913e-10,1.4110529981607829e-09,1.201461981574135e-09,5.902563515436383e-10,-0.9705200941566261
0.1508,6.969552875837463e-10,9.499460476003695e-10,1.4131475611191023e-09,1.2040311526566131e-09,5.959092197992544e-10,-0.7573052057721598
0.15085,8.063669484105725e-10,9.479231039887178e-10,1.4114982880130726e-09,1.2022653721163344e-09,5.930230486263529e-10,-0.45587986432653227
0.15089,9.185749862846732e-10,9.487709941372043e-10,1.411988190600212e-09,1.202887318728672e-09,5.944714967625676e-10,-0.10163621421685874
0.15094,1.0373389027024445e-09,9.493669826134643e-10,1.4123064561129743e-09,1.203309249937515e-09,5.955211324463921e-10,0.32358091375623743
0.15099,1.101124869307616e-09,9.489583620048645e-10,1.4118914750823225e-09,1.2029047274648832e-09,5.950340187108018e-10,0.5739208361554345
0.15104,1.0987016612483234e-09,9.461455149399943e-10,1.4099393795188e-09,1.2006497762602853e-09,5.906182915918561e-10,0.5644777507379869
0.15109,1.1155142355578454e-09,9.49639047333723e-10,1.4123144910430433e-09,1.2034214877895273e-09,5.961628845604176e-10,0.6324596337871577
0.15114,1.139925103030573e-09,9.486147539824997e-10,1.4116038150223724e-09,1.2026001888669604e-09,5.945537315342509e-10,0.7334082701491221
0.15119,1.1922831214046507e-09,9.459504945787794e-10,1.4114141786309067e-09,1.2017166357718715e-09,5.901493464385562e-10,0.9573665422170262
0.15123,1.206392725645814e-09,9.482282605301488e-10,1.4114356337452354e-09,1.2023487506596334e-09,5.938297045760396e-10,1.0182388301431338
0.15128,1.191526363514598e-09,9.500961493374838e-10,1.412702331936761e-09,1.2038281975150148e-09,5.96805188280423e-10,0.9529037835726392
0.15133,1.0351254285574975e-09,9.46947897966422e-10,1.4103050401981218e-09,1.2011804726514954e-09,5.921055189901606e-10,0.31711464844638027
0.15138,8.52883785106251e-10,9.469092067907311e-10,1.4102175319964489e-09,1.2011142520259017e-09,5.921143853440082e-10,-0.3126864014699504
0.15143,6.586216508042255e-10,9.45900685016399e-10,1.4096020500226106e-09,1.2003554455515269e-09,5.904316240371812e-10,-0.8505563723242696
0.15148,5.97592421798185e-10,9.505092015738803e-10,1.412868062548543e-09,1.2040895260089283e-09,5.97592421798185e-10,-1.3016891941232678
0.15153,5.933835456305656e-10,9.479108097371168e-10,1.4111681330849134e-09,1.2020671170477357e-09,5.933835456305656e-10,-1.416387152851718
0.15157,5.979329055184155e-10,9.507349414339163e-10,1.4130443576268987e-09,1.2042806008427207e-09,5.979329055184155e-10,-1.1019306603437182
0.15162,6.824615433212204e-10,9.486063713776718e-10,1.4115356787902126e-09,1.2025567377243912e-09,5.946156200934697e-10,-0.7922723862520249
0.15167,7.942113496621673e-10,9.484222054903559e-10,1.4113007995256288e-09,1.2023466485338607e-09,5.944512153565458e-10,-0.48987358994609465
0.15172,9.174285079007466e-10,9.47661047525539e-10,1.4108151449229077e-09,1.2017614390721513e-09,5.932048843121774e-10,-0.1038015596558448
0.15177,1.0307256484146778e-09,9.479597139170715e-10,1.41105229084574e-09,1.2020179816692317e-09,5.936410329687222e-10,0.3001513734888525
0.15182,1.1268765280886075e-09,9.4618052410758e-10,1.4099936133106934e-09,1.2006955653365144e-09,5.906368990824322e-10,0.6790595455855645
0.15187,1.1770365115673988e-09,9.470050818960001e-10,1.4102555348916605e-09,1.2011740150592573e-09,5.923008687512845e-10,0.8925366171392558
0.15192,1.2076632485829382e-09,9.498441701430769e-10,1.4120440673081642e-09,1.203343087786581e-09,5.969813804567304e-10,1.0270674812530542
0.15196,1.2185995150399645e-09,9.478412169150443e-10,1.41068615387172e-09,1.2017564463891642e-09,5.9379185579309e-10,1.0758264399601565
0.15201,1.197091452782098e-09,9.46867169694638e-10,1.4101858394651687e-09,1.2010788473276615e-09,5.920527796122631e-10,0.9795746327581334
0.15206,1.1079199564164493e-09,9.448354820452408e-10,1.407268200999087e-09,1.1985653326820459e-09,5.906531914275853e-10,0.6121814920606813
0.15211,9.772848539511807e-10,9.350240825405164e-10,1.39245480017627e-09,1.186001844571634e-09,5.847565805209219e-10,0.14927866122708677
0.15216,7.943696711016262e-10,9.342011989316227e-10,1.3918148540118008e-09,1.1853017737007226e-09,5.835471722838909e-10,-0.45917025276140244
0.15221,5.957832166692745e-10,9.338147692284564e-10,1.3914431236746483e-09,1.1849312368652627e-09,5.830637507318734e-10,-0.9777020352834856
0.15226,5.819746329214902e-10,9.329807286051534e-10,1.3906805424364383e-09,1.1841546809693091e-09,5.819746329214902e-10,-1.3757276615776972
0.15231,5.835356262760748e-10,9.338774765056607e-10,1.3911716477735515e-09,1.1847966141043295e-09,5.835356262760748e-10,-1.2672985389519413
0.15236,7.143177997764867e-10,9.363225719730615e-10,1.3927836060993303e-09,1.1867067326281427e-09,5.874780007213019e-10,-0.6849610839703097
0.1524,8.783159189670992e-10,9.363139224032187e-10,1.3928967430325593e-09,1.1867698521015514e-09,5.8732173955851e-10,-0.194040230509961
0.15245,1.087631409463703e-09,9.251298311682026e-10,1.3773787033885715e-09,1.1732516353042656e-09,5.789695526081677e-10,0.6271474368035824
0.1525,1.1133092535502827e-09,9.022896880637866e-10,1.3424770274013769e-09,1.1437586327614758e-09,5.657510800328603e-10,0.8638963045557204
0.15255,1.0737333249855427e-09,8.958074187002469e-10,1.3318276943389238e-09,1.1349519663966947e-09,5.628813780664387e-10,0.7290391184807798
0.1526,9.90067103554251e-10,8.943271310453943e-10,1.330889939008076e-09,1.1338183771029992e-09,5.604454492534625e-10,0.3732339459670035
0.15265,9.112268315698716e-10,8.938199529961836e-10,1.3306354039768466e-09,1.1334674756075276e-09,5.59541952052041e-10,0.06426215410960934
0.1527,8.152232850372716e-10,8.930199379977657e-10,1.3298199787735546e-09,1.1326753635674119e-09,5.585111572708376e-10,-0.27625235209605675
0.15275,6.965539675905148e-10,8.928277744082822e-10,1.32961472874678e-09,1.1324785540707017e-09,5.583703328596665e-10,-0.6452174309853419
0.1528,5.630058415537198e-10,8.956736165778096e-10,1.3314538418334532e-09,1.1346801549561855e-09,5.630058415537198e-10,-0.9985318766870968
0.15285,5.613905226187443e-10,8.946862828060687e-10,1.3308192585022608e-09,1.1339185753078587e-09,5.613905226187443e-10,-1.0608692316206079
0.15289,6.14469389924397e-10,8.911921519036631e-10,1.325789405561797e-09,1.1295885367311313e-09,5.589982709075663e-10,-0.8610935816424342
0.15294,7.570373967069598e-10,8.814547067991371e-10,1.3117678223907231e-09,1.1175190696970183e-09,5.523366370016379e-10,-0.43035453946617674
0.15299,9.86649143586431e-10,8.806901901793327e-10,1.3104229564580282e-09,1.1164281686215758e-09,5.521043939503932e-10,0.422853613493822
0.15304,1.1010520559484362e-09,8.771296249091059e-10,1.3057910066699082e-09,1.1123053817627223e-09,5.490805678978444e-10,0.9463003606502086
0.15309,1.1759319054460818e-09,8.74696204064505e-10,1.300490243713387e-09,1.1082343212975873e-09,5.495565377716554e-10,1.341156940658468
0.15314,1.2071453268143626e-09,8.738902148230864e-10,1.2999757619437632e-09,1.1076145290517627e-09,5.482350697374552e-10,1.5015826664174443
0.15319,1.1328375189421445e-09,8.753676155527947e-10,1.301089519515913e-09,1.1088504639184798e-09,5.504566403309764e-10,1.1251418186668212
0.15324,9.84545929174933e-10,8.67879332527788e-10,1.2909001542637333e-09,1.0999172506063664e-09,5.446245424190889e-10,0.4780343664245562
0.15329,7.774426084801827e-10,8.586690949807401e-10,1.277337742442146e-09,1.0883252625900744e-09,5.38679910743367e-10,-0.293090481523935
0.15334,6.202821296475842e-10,8.528233169135594e-10,1.2699179019672678e-09,1.0816651589618885e-09,5.334943114874638e-10,-0.7757385107092558
0.15339,5.275455315516619e-10,8.425645180304732e-10,1.254247002088103e-09,1.0684218975039365e-09,5.275455315516619e-10,-1.0470757654938907
0.15344,5.234196191486947e-10,8.396935199382674e-10,1.2519376461774441e-09,1.0659341263957692e-09,5.234196191486947e-10,-1.0785678127130804
0.15348,5.361217815566286e-10,8.390931921545273e-10,1.250765912340325e-09,1.0650097551993483e-09,5.233722425199748e-10,-0.9766735618922469
0.15353,5.722929859648156e-10,8.42819646927232e-10,1.2533752733977874e-09,1.0680110880058355e-09,5.291950834632689e-10,-0.8837115498240723
0.15358,6.680577696562188e-10,8.415128592556237e-10,1.2526685176936172e-09,1.0670807515902204e-09,5.269023183299536e-10,-0.6081923439268785
0.15363,8.020594178871231e-10,8.423885555435917e-10,1.2531919110560819e-09,1.067733191978668e-09,5.283792159116101e-10,-0.15028462087706818
0.15368,9.396740541715376e-10,8.415539178804029e-10,1.252660434039113e-09,1.0670919363733478e-09,5.270118469828642e-10,0.4063571716978935
0.15373,9.851048027284231e-10,8.417771460808805e-10,1.2522727655921204e-09,1.0669527631247225e-09,5.280067317272752e-10,0.6129934996849862
0.15378,9.844766339626536e-10,8.369356193181451e-10,1.246952603198334e-09,1.061918922690273e-09,5.227361371893516e-10,0.623753140195951
0.15383,9.838063985590539e-10,8.361471269523962e-10,1.2432666995152484e-09,1.0594462820162046e-09,5.252278898399979e-10,0.6416639438069524
0.15388,9.904655630746556e-10,8.356075393675481e-10,1.2425363531054848e-09,1.0588074586728667e-09,5.247863795823098e-10,0.6750936153763004
0.15393,9.948767314242058e-10,8.322203081250873e-10,1.2391498383235869e-09,1.055481431015838e-09,5.207123026326308e-10,0.7036582082676082
0.15398,8.871867126253307e-10,8.308768734068513e-10,1.2366666275204563e-09,1.053494638455402e-09,5.204427401881714e-10,0.23144252939894985
0.15403,7.66078394633304e-10,8.293526153156719e-10,1.2346403507571502e-09,1.0517043511018268e-09,5.191993030076519e-10,-0.24171029232367458
0.15408,6.408177021424398e-10,8.284685431639698e-10,1.2340293727702322e-09,1.0509970607100623e-09,5.178089396220805e-10,-0.6629936241780596
0.15413,5.226123504165886e-10,8.315505140738088e-10,1.2363322889913772e-09,1.0535270278863794e-09,5.226123504165886e-10,-1.07221811045513
0.15418,5.227646456135007e-10,8.311648053666365e-10,1.2352992591167935e-09,1.052805348400021e-09,5.227646456135007e-10,-1.2518128351672293
0.15423,5.160215444619078e-10,8.247665638524943e-10,1.2280719488429959e-09,1.0460405352327474e-09,5.160215444619078e-10,-1.1371571500706614
0.15427,5.483337472626873e-10,8.217438918201219e-10,1.222203790684632e-09,1.0414036816597627e-09,5.157608932937319e-10,-0.9101780257320436
0.15432,7.476330837857347e-10,8.204017900121903e-10,1.2206316449967737e-09,1.0399518845453033e-09,5.144124555924332e-10,-0.2763293929351207
0.15437,9.604183789998672e-10,8.169220114606942e-10,1.216741903557319e-09,1.0362964656209294e-09,5.107012306490638e-10,0.6240064441947233
0.15442,1.0974343059436063e-09,8.050561976898384e-10,1.1991200582467267e-09,1.0212745740851427e-09,5.03217508758434e-10,1.4049873277452396
0.15447,1.1616088283997594e-09,8.02890889549455e-10,1.194293699298157e-09,1.0175868276265998e-09,5.037772958212615e-10,1.807519175792859
0.15452,1.1216327177065833e-09,8.002109450567753e-10,1.1917763211127684e-09,1.0150528839064423e-09,5.003477679839144e-10,1.5810387341513494
0.15457,1.022836107991385e-09,7.9883251766969e-10,1.1908326603933231e-09,1.0139557266822982e-09,4.981688573830084e-10,1.0378205035166332
0.15462,8.801921003681649e-10,8.011507525777837e-10,1.192283184262708e-09,1.0157216316551982e-09,5.019917114545109e-10,0.3424300299078825
0.15467,7.706555004335956e-10,8.007302164615775e-10,1.191802396021305e-09,1.0152736786258441e-09,5.015552470380844e-10,-0.12048564986844622
0.15472,6.63436789860266e-10,7.987550911273263e-10,1.1903501201015815e-09,1.0136424090104041e-09,4.98552625092762e-10,-0.5146826180546226
0.15477,5.533805068031518e-10,8.006263341933474e-10,1.1914743515296044e-09,1.0150424738710697e-09,5.01676480183669e-10,-0.8582797548656286
0.15482,5.045011370002626e-10,8.022736973174306e-10,1.1924350998409799e-09,1.0162534358115564e-09,5.045011370002626e-10,-1.246404476955102
0.15487,4.965771768929725e-10,7.971825815165029e-10,1.1888444681160848e-09,1.0121390628890724e-09,4.965771768929725e-10,-1.4928453723745092
0.15492,4.978825004155338e-10,7.979852549332544e-10,1.1893688482711675e-09,1.0127616201467717e-09,4.978825004155338e-10,-1.4122321201708472
0.15497,5.232692111679579e-10,8.001629253252521e-10,1.1908276960178566e-09,1.0144780117861636e-09,5.013539043387974e-10,-0.9407982012624655
0.15502,7.46504617076255e-10,7.988020994888611e-10,1.1895871484496137e-09,1.0132138474623477e-09,4.995655262378836e-10,-0.21050505584569457
0.15507,9.284407772566839e-10,7.997638489017643e-10,1.189729754769971e-09,1.0136762930713863e-09,5.017034913340621e-10,0.5772459694923257
0.15512,1.0186482317239542e-09,7.988021851174137e-10,1.1887113972084356e-09,1.01269902938582e-09,5.006115654434103e-10,1.0331217552513845
0.15517,1.0624811044163727e-09,8.00168590245789e-10,1.189349333772351e-09,1.013611092352129e-09,5.031337643989521e-10,1.2709647342127555
0.15522,1.0711447871699659e-09,7.999210024042922e-10,1.1889793629157273e-09,1.013297061966168e-09,5.029801351741744e-10,1.3206063986368952
0.15527,1.0246399897091898e-09,7.957614517244644e-10,1.1860259356798114e-09,1.0099232376916966e-09,4.965263076668035e-10,1.0700571497353786
0.15532,9.275732223890623e-10,7.987565461580878e-10,1.1878126520508896e-09,1.012153265431509e-09,5.015739577754543e-10,0.5815507353007358
0.15537,7.531430773202988e-10,7.917274337041496e-10,1.1782422038910623e-09,1.0037652739143044e-09,4.961026192402124e-10,-0.15495571521562326
0.15542,6.717057544901212e-10,7.876642150199721e-10,1.1726928960446606e-09,9.989057005218487e-10,4.929660555548404e-10,-0.4493337420461931
0.15547,6.730519167210889e-10,7.888125110631914e-10,1.1734592640212645e-09,9.998079417544883e-10,4.948090719708809e-10,-0.44450045007531
0.15552,7.255028326760063e-10,7.867540654262712e-10,1.1721176920884304e-09,9.982085076743945e-10,4.914749856732254e-10,-0.25026930179857
0.15557,7.487960008899686e-10,7.875933502214698e-10,1.172717486214702e-09,9.98891263908839e-10,4.927728257472291e-10,-0.159475026386745
0.15562,7.316276737915718e-10,7.873642966054836e-10,1.1717769492882073e-09,9.982335451692308e-10,4.934174791747147e-10,-0.22302976239982286
0.15567,6.972690290818248e-10,7.868161819073648e-10,1.170517617994711e-09,9.972923137786112e-10,4.935333646882026e-10,-0.35009482925420826
0.15572,6.544452401370239e-10,7.838605933743535e-10,1.167653062080019e-09,9.944461850971487e-10,4.898424879103447e-10,-0.5011769868473254
0.15577,6.050762283830765e-10,7.754312235547918e-10,1.1549882089615447e-09,9.83690163252578e-10,4.84706862312034e-10,-0.6454967215881827
0.15582,6.226617658855277e-10,7.730778731425619e-10,1.1503413523084727e-09,9.800363160777895e-10,4.845878657552814e-10,-0.5762705034252124
0.15587,6.622894316242502e-10,7.726745543054973e-10,1.1501581381699314e-09,9.797694722393195e-10,4.838363881797059e-10,-0.43627346230155517
0.15592,7.15726324999149e-10,7.726109336581827e-10,1.1500558866165676e-09,9.796826098735633e-10,4.838154218533141e-10,-0.2330752608782382
0.15597,7.865830069109084e-10,7.707165048754038e-10,1.1470772155110076e-09,9.771872818998725e-10,4.828177535254558e-10,0.06954022329817941
0.15602,8.676553669045779e-10,7.639368695844126e-10,1.138521484494431e-09,9.69491977303081e-10,4.767501529556068e-10,0.4678764800437244
0.15607,9.440724885260797e-10,7.61129987980415e-10,1.1340371137595341e-09,9.657531054044694e-10,4.753551706657004e-10,0.8773927398932013
0.15612,1.0090831880646756e-09,7.642961407261181e-10,1.135531955562274e-09,9.678783845985669e-10,4.811722403974213e-10,1.2425284747354421
0.15617,1.0244835433428544e-09,7.612446971189742e-10,1.133493824752029e-09,9.654789066713414e-10,4.762782958648743e-10,1.3313701412351224
0.15622,9.733492306139868e-10,7.622064582697474e-10,1.134194875498712e-09,9.662697706602723e-10,4.77747555998047e-10,1.041187152429548
0.15627,8.528691089757117e-10,7.612205481739074e-10,1.1335550140135309e-09,9.655057164228906e-10,4.761445707689201e-10,0.41722123325864263
0.15632,6.325619239393061e-10,7.582274849945196e-10,1.1283885411339196e-09,9.612933530773341e-10,4.751135560484035e-10,-0.49891386371071844
0.15637,4.751994604024259e-10,7.571400357052193e-10,1.126121169996399e-09,9.595346218962785e-10,4.751994604024259e-10,-1.244330338559579
0.15642,4.731760815547384e-10,7.543846860249195e-10,1.1222730890467167e-09,9.561888214161881e-10,4.731760815547384e-10,-1.5503413747645551
0.15647,4.739426850497738e-10,7.528844448633677e-10,1.118612312890448e-09,9.534480797535088e-10,4.739426850497738e-10,-1.3090284964913455
0.15652,5.816599874575785e-10,7.488046500069173e-10,1.1159411727886674e-09,9.502715805424234e-10,4.673395782880115e-10,-0.6564629984621818
0.15657,7.533677398267324e-10,7.537314135120395e-10,1.1220550346283652e-09,9.55802803278683e-10,4.718723748363489e-10,-0.0018519498766615113
0.15662,8.830130793065984e-10,7.548313553235435e-10,1.1227876476595027e-09,9.566662550958145e-10,4.736393628269714e-10,0.6122875326368203
0.15667,9.522877256925726e-10,7.563592868541827e-10,1.1238973714781315e-09,9.579197641603674e-10,4.759874918114846e-10,0.9795540727542938
0.15672,9.899171098511552e-10,7.562245512092263e-10,1.1239556083050478e-09,9.579000649072269e-10,4.755991052386817e-10,1.1898006933723766
0.15677,9.739919062147935e-10,7.522197404415202e-10,1.1212731458397387e-09,9.547480463150655e-10,4.692011682066656e-10,1.0993057127019197
0.15682,8.807507922037599e-10,7.521836442788471e-10,1.1212616775728227e-09,9.547294626953301e-10,4.690912247099651e-10,0.5986430160371946
0.15687,7.388631940285083e-10,7.54035524917286e-10,1.1222990586327663e-09,9.560664888362333e-10,4.723075939535533e-10,-0.06474576406098256
0.15692,5.776733406603718e-10,7.542432159582918e-10,1.1223820593660174e-09,9.561971879323537e-10,4.727061510161118e-10,-0.6787973338746344
0.15697,4.664300960759435e-10,7.481900510375956e-10,1.1154678028885006e-09,9.497517112941296e-10,4.664300960759435e-10,-1.0799275482338055
0.15702,4.724772383793378e-10,7.50176672215141e-10,1.114387620623211e-09,9.499009618171091e-10,4.724772383793378e-10,-1.2400895087204162
0.15707,4.947689132230399e-10,7.461570092686033e-10,1.111728906722675e-09,9.467555038125283e-10,4.660009471440713e-10,-0.9240051572767052
0.15712,6.03321047225755e-10,7.456216421759801e-10,1.1112653972359433e-09,9.46271902279017e-10,4.652732792535859e-10,-0.5726091443657646
0.15717,7.653372371280918e-10,7.475858236197198e-10,1.1126389911854899e-09,9.478520976027409e-10,4.683465047842319e-10,0.08026275928608585
0.15722,8.857588092089454e-10,7.455435659530374e-10,1.1114099234785268e-09,9.4632498592731e-10,4.64921476453429e-10,0.6647103688549929
0.15727,9.754855752452323e-10,7.48614959432654e-10,1.1135637746322802e-09,9.488007440663714e-10,4.697134120646531e-10,1.1555642195773608
0.15732,1.022407162998762e-09,7.461367719964453e-10,1.1117864517623681e-09,9.46780096663733e-10,4.658917159941603e-10,1.4325964035356904
0.15737,9.784517241126281e-10,7.468657760086419e-10,1.1121557120137893e-09,9.472846864976642e-10,4.671950894793452e-10,1.174778148972535
0.15742,9.275844044498533e-10,7.455776501319604e-10,1.1111751850645501e-09,9.462008519929665e-10,4.6527769630433907e-10,0.8901304790160768
0.15747,8.643933848392324e-10,7.451312478336966e-10,1.1097727216459094e-09,9.452026336565582e-10,4.658691014592889e-10,0.5644835372573005
0.15752,7.454484392647278e-10,7.458159745576899e-10,1.1103039787333292e-09,9.457851248532683e-10,4.668733692944606e-10,-0.0020527857486904804
0.15757,5.795679959807915e-10,7.471807845682478e-10,1.1114114525333403e-09,9.46973490111741e-10,4.688269989804169e-10,-0.6524798618260204
0.15762,4.639180786088312e-10,7.44060214902481e-10,1.1092546161253596e-09,9.444767944209427e-10,4.639180786088312e-10,-1.1647325093451157
0.15767,4.6518584357563595e-10,7.44871669810269e-10,1.1097827359736019e-09,9.451095602592828e-10,4.6518584357563595e-10,-1.449128054362729
0.15773,4.707903587099674e-10,7.482194570609531e-10,1.1118638127196244e-09,9.476471044021285e-10,4.707903587099674e-10,-1.299277374870105
0.15778,4.628371257064998e-10,7.432045943949772e-10,1.1084391207595182e-09,9.436600420228596e-10,4.628371257064998e-10,-1.0477053470904818
0.15783,5.723339997322957e-10,7.458549903344787e-10,1.1115038464077088e-09,9.463656422136302e-10,4.671606463765975e-10,-0.6758892946532816
0.15788,7.184902900327825e-10,7.450941024557186e-10,1.1097773454729655e-09,9.45190097554763e-10,4.657783623542915e-10,-0.11848583719767661
0.15793,8.553826629323114e-10,7.462607913202021e-10,1.1106754490493093e-09,9.46176952975009e-10,4.67507201224177e-10,0.517698218217397
0.15798,9.785964730910808e-10,7.470553982806888e-10,1.1113180831441158e-09,9.468678737084725e-10,4.686450019946572e-10,1.184523050046274
0.15803,1.0546585721653473e-09,7.456930530846753e-10,1.1103253174617428e-09,9.457501085294245e-10,4.66567820655644e-10,1.64243557808532
0.15808,1.0825218383896494e-09,7.443998480314914e-10,1.109370450876043e-09,9.446774884456473e-10,4.646003654631318e-10,1.819254666922628
0.15813,1.0512865625453048e-09,7.475892167269369e-10,1.1115531513286894e-09,9.47216143285801e-10,4.696476181122712e-10,1.621793076972931
0.15818,9.698246242413191e-10,7.468159788882374e-10,1.1110880417929724e-09,9.466382836601346e-10,4.683458318315901e-10,1.1346834444114922
0.15823,7.899909792849003e-10,7.468377190944011e-10,1.111333269059118e-09,9.467916062056213e-10,4.681011020447172e-10,0.19800152099343435
0.15828,5.9965900475618e-10,7.466272453151578e-10,1.111942868382836e-09,9.470662686568843e-10,4.668732915921248e-10,-0.5856178042621323
0.15833,4.742098919221524e-10,7.525816115935761e-10,1.1177850931920939e-09,9.52841995955011e-10,4.742098919221524e-10,-1.6445308129162395
0.15838,4.747118226852566e-10,7.541151466863235e-10,1.1204456498808259e-09,9.550093476932607e-10,4.747118226852566e-10,-2.785309019348145
0.15843,4.635687521382391e-10,7.470777800981996e-10,1.115653698361389e-09,9.49420667308875e-10,4.635687521382391e-10,-2.8932424327534183
0.15848,4.660689508788572e-10,7.490205635488564e-10,1.1174585410911756e-09,9.51245767977888e-10,4.660689508788572e-10,-2.16185595947013
0.15854,6.110968989191602e-10,7.519273682505765e-10,1.1195649400739306e-09,9.536297010398614e-10,4.70510872441806e-10,-0.5593189240459505
0.15859,8.7377048882969e-10,7.520728327016918e-10,1.1199294515727045e-09,9.539007596713198e-10,4.704277744870964e-10,0.5725355644027509
0.15864,1.0219649878567797e-09,7.517462973481847e-10,1.1202504732082162e-09,9.53959652596327e-10,4.692706959130209e-10,1.3831811003417074
0.15869,1.1801801499828726e-09,7.55874777633023e-10,1.1247596564830937e-09,9.583770449517242e-10,4.739233480324212e-10,2.3760800640349826
0.15874,1.2394797834680515e-09,7.502579673375558e-10,1.1196083143058464e-09,9.529951682468853e-10,4.664772354764656e-10,2.8039774886473845
0.15879,1.2513755419271245e-09,7.52290334201766e-10,1.1208960231250662e-09,9.545524402837251e-10,4.698103402217356e-10,2.891207020720917
0.15884,1.1320795404208276e-09,7.520822790615969e-10,1.1210180359960673e-09,9.545423642739135e-10,4.691656862275233e-10,2.0643439862851203
0.15889,9.649245608594556e-10,7.5675819759764e-10,1.1243879666995286e-09,9.583641848554638e-10,4.763646857224414e-10,1.0477499641286685
0.15894,6.193412770828187e-10,7.54799625732395e-10,1.1228339616625054e-09,9.566802380161464e-10,4.735112704664121e-10,-0.5346546024343102
0.15899,4.698115214006098e-10,7.520672496522016e-10,1.1204372351157946e-09,9.541966218773572e-10,4.698115214006098e-10,-1.8885961921216183
0.15904,4.719876595948164e-10,7.532727438599388e-10,1.1210288600499136e-09,9.550205331424678e-10,4.719876595948164e-10,-3.179942110196409
0.15909,5.011867696732387e-10,7.713442157459877e-10,1.133214158721308e-09,9.692821866068586e-10,5.011867696732387e-10,-3.7437301286425373
0.15915,4.749911757686124e-10,7.554125260084632e-10,1.1228186124729167e-09,9.569143284072234e-10,4.749911757686124e-10,-3.025809052712455
0.1592,4.689430566220895e-10,7.519789403169714e-10,1.1209892724320472e-09,9.544864016784193e-10,4.689430566220895e-10,-2.4563648469015757
0.15925,4.750844967768858e-10,7.55801737981302e-10,1.1235824673835235e-09,9.575050805808722e-10,4.750844967768858e-10,-1.0995959976277836
0.1593,9.206716335956788e-10,7.515678180436079e-10,1.1206833934389148e-09,9.541422171038109e-10,4.683383439861534e-10,0.8082283242675843
0.15935,1.2858338663392071e-09,7.462509870557298e-10,1.117118242490076e-09,9.499471287985403e-10,4.5993393170509435e-10,3.1400339815627443
0.1594,1.5363959017353396e-09,7.35398880068678e-10,1.1094533120556793e-09,9.411532263017486e-10,4.434577905098993e-10,5.191680891757761
0.15945,1.5980145191148099e-09,7.472536974367237e-10,1.1164599967892667e-09,9.499595871498215e-10,4.630615166266507e-10,5.778176685879242
0.1595,1.4889538375256224e-09,7.465899964804794e-10,1.1160938339972994e-09,9.49483448813076e-10,4.6191283249474137e-10,4.797366342695943
0.15955,1.2021960079300035e-09,7.497015797901957e-10,1.118827354652226e-09,9.52318966216858e-10,4.660687954336113e-10,2.545751737240943
0.1596,8.11523330561343e-10,7.549631232031073e-10,1.125458538780229e-09,9.582806452744581e-10,4.735341364611018e-10,0.2599172960441339
0.15966,4.703021051553606e-10,7.526883193059903e-10,1.1212667072662998e-09,9.549302318205709e-10,4.703021051553606e-10,-2.0449120522604622
0.15971,4.476177175155369e-10,7.379866118124726e-10,1.1110111141937824e-09,9.431012124761612e-10,4.476177175155369e-10,-3.102062546296159
0.15976,4.883534128101878e-10,7.634641042020145e-10,1.127914194043972e-09,9.63072470474771e-10,4.883534128101878e-10,-3.441990838880704
0.15981,4.901646737689644e-10,7.643300075037489e-10,1.128166859619379e-09,9.635628285731185e-10,4.901646737689644e-10,-3.132872330097742
0.15986,4.6553092110479293e-10,7.490948980383256e-10,1.118063945501278e-09,9.516305406553436e-10,4.6553092110479293e-10,-2.6165179168887027
0.15991,,,,,,
0.15996,,,,,,
0.16001,,,,,,
0.16007,,,,,,
0.16012,,,,,,
0.16017,,,,,,
0.16022,,,,,,
0.16027,,,,,,
0.16032,1.0423186221958554e-09,7.67095768268342e-10,1.139775679015516e-09,9.71465832521286e-10,4.828752690878188e-10,1.413121237122587
0.16037,6.499357624655332e-10,7.586406184480589e-10,1.1300726322511186e-09,9.624410157569694e-10,4.741226681963013e-10,-0.440499239704805
0.16042,5.957431780150933e-10,7.597960232946437e-10,1.1302368893530048e-09,9.629940573209006e-10,4.766893233211099e-10,-0.6309908611209457
0.16048,5.011769519049775e-10,7.50421442996882e-10,1.118631142731429e-09,9.524907422047483e-10,4.679989678860042e-10,-0.9149196961427366
0.16053,4.672756689367952e-10,7.492181414934951e-10,1.1168159433021408e-09,9.509505794932803e-10,4.672756689367952e-10,-1.1979879841791348
0.16058,4.6555610072644593e-10,7.478678271275991e-10,1.1155464099157612e-09,9.496727156677145e-10,4.6555610072644593e-10,-1.6946948816786915
0.16063,4.685296551230132e-10,7.496448191402754e-10,1.1166287153584352e-09,9.510069064289077e-10,4.685296551230132e-10,-1.9009542915973037
0.16068,4.647436154809969e-10,7.470084658746214e-10,1.1145147416717985e-09,9.487253042459415e-10,4.647436154809969e-10,-2.2410991791550523
0.16073,4.670819078436027e-10,7.487374103623928e-10,1.1160597922232279e-09,9.50305440973946e-10,4.670819078436027e-10,-2.0329419342757236
0.16078,4.658204907335913e-10,7.47676848914057e-10,1.1149603191933112e-09,9.492488824754718e-10,4.658204907335913e-10,-1.6077040399036562
0.16084,5.939757732790742e-10,7.501659433014923e-10,1.1165298084616352e-09,9.511520122933591e-10,4.699090764941607e-10,-0.6130553458543463
0.16089,8.237834758557562e-10,7.482991638827828e-10,1.1150552018099529e-09,9.49550715111877e-10,4.671899271191283e-10,0.3411537515946316
0.16094,9.149435519897058e-10,7.492722493823093e-10,1.115594471058907e-09,9.502513823061246e-10,4.688755171175555e-10,0.8060045637315778
0.16099,9.850318330617982e-10,7.498182443903444e-10,1.1160151445494161e-09,9.507136654123493e-10,4.696828816359327e-10,1.1953754312673022
0.16104,1.044202269662386e-09,7.507607319083083e-10,1.1166038864769797e-09,9.514302324368963e-10,4.712462626959999e-10,1.5473465264702362
0.16109,1.0965999378117136e-09,7.507337812434433e-10,1.1164278958723466e-09,9.513166178745282e-10,4.71389476895155e-10,1.877537745720141
0.16114,1.1119504921099123e-09,7.516786716818045e-10,1.116859113574486e-09,9.519423581586049e-10,4.731449445528224e-10,1.9791570619393044
0.1612,1.0561249963650191e-09,7.477656274019999e-10,1.1139190725565715e-09,9.486745390794422e-10,4.672548675800683e-10,1.6277473208051498
0.16125,9.118828794650667e-10,7.455317472974493e-10,1.1110096696175798e-09,9.460869869176087e-10,4.653569250553853e-10,0.8060457902296654
0.1613,7.344929768903003e-10,7.459846952956561e-10,1.1102089892023808e-09,9.457957850386286e-10,4.673905054531949e-10,-0.04893253165904359
0.16135,5.710327935908774e-10,7.44856973326745e-10,1.1091210758453012e-09,9.44713250123917e-10,4.659781042849268e-10,-0.6791995167129359
0.1614,4.74586343335536e-10,7.431749966295217e-10,1.1076915807875518e-09,9.432112191112084e-10,4.636495249722643e-10,-0.977182780231232
0.16145,4.697705256688696e-10,7.45289801675409e-10,1.109018592229508e-09,9.448237721970443e-10,4.671370178511605e-10,-0.9904683750672442
0.16151,4.714272416022617e-10,7.463351698927779e-10,1.1110084860003588e-09,9.46403294967296e-10,4.672796516479488e-10,-0.9886199684261952
0.16156,5.032401270991474e-10,7.468449775723601e-10,1.1130229828708647e-09,9.477860703531577e-10,4.661129824049399e-10,-0.9011322217397089
0.16161,5.571060798529094e-10,7.474608617149815e-10,1.1134989270130553e-09,9.483078812186685e-10,4.670234377699502e-10,-0.7335828716142914
0.16166,6.250634425284943e-10,7.44628800326508e-10,1.1096540988480646e-09,9.449340592062014e-10,4.6481272198734236e-10,-0.4903546802046351
0.16171,7.11586415826557e-10,7.440525562048254e-10,1.1081912492300823e-09,9.438475294505674e-10,4.6517354409634156e-10,-0.14330036387891265
0.16176,7.152098088566756e-10,7.437382127185287e-10,1.1078091286829202e-09,9.434991109003688e-10,4.648760334939924e-10,-0.1270958522395808
0.16182,7.511915210518052e-10,7.449037841813862e-10,1.1085671191061152e-09,9.444031143502563e-10,4.667697851684137e-10,0.029518685210211646
0.16187,7.229556838974797e-10,7.459901014326416e-10,1.1105268806034999e-09,9.459825321891399e-10,4.670378434503568e-10,-0.10022432700667039
0.16192,7.545505960381692e-10,7.464352149928784e-10,1.1108285174905402e-09,9.463354528447927e-10,4.677435174914422e-10,0.03766756884406844
0.16197,7.982509116534231e-10,7.459147854305309e-10,1.1105508707637034e-09,9.459645248991395e-10,4.668425673958456e-10,0.2379061517623027
0.16202,8.202761370382795e-10,7.444362730073829e-10,1.1082276094819053e-09,9.440223030642744e-10,4.660358433956984e-10,0.35175399450680767
0.16207,8.20401133340867e-10,7.445740011319624e-10,1.1080385200530525e-09,9.43965281594707e-10,4.66593109865208e-10,0.35422668137305086
0.16213,8.185420180126696e-10,7.455918227609629e-10,1.1087840356696468e-09,9.44804125436324e-10,4.681474147690216e-10,0.3447131196438383
0.16218,8.426582603280976e-10,7.427477822714448e-10,1.1067787490044122e-09,9.425055882575842e-10,4.637184377492431e-10,0.46434769928425756
0.16223,8.418471763478931e-10,7.453774719545266e-10,1.1085317654850023e-09,9.445715990674118e-10,4.679415927028845e-10,0.46079405218833047
0.16228,8.718015930899429e-10,7.457755946587822e-10,1.1086214771092362e-09,9.44780911190105e-10,4.687842904019618e-10,0.6141665190499261
0.16233,8.693303576175857e-10,7.428852472286804e-10,1.1068220129347425e-09,9.425848824126001e-10,4.6399765599464953e-10,0.6003884216486934
0.16239,8.103870312293563e-10,7.426184973522061e-10,1.1066272847449409e-09,9.423655412673787e-10,4.6358998873587587e-10,0.3062826710358102
0.16244,7.403528799118859e-10,7.443383280183394e-10,1.1079265652151956e-09,9.4380639419238e-10,4.66163056988412e-10,-0.017076196881290598
0.16249,6.089448910415084e-10,7.424457775096932e-10,1.106643738062034e-09,9.423068571395963e-10,4.6315909504229393e-10,-0.5435601898606137
0.16254,5.189195309828145e-10,7.430071005208027e-10,1.106696583067032e-09,9.425592509067763e-10,4.6443833040481077e-10,-0.8442833220940105
0.16259,4.63372436896125e-10,7.423292214956694e-10,1.1062307046129377e-09,9.420180628782224e-10,4.63372436896125e-10,-1.1446871057230341
0.16265,4.617044594089665e-10,7.411942844911513e-10,1.1053530565265965e-09,9.410548250114867e-10,4.617044594089665e-10,-1.2245519550132808
0.1627,4.737901029871948e-10,7.42666775898391e-10,1.1063377920758224e-09,9.422135427750723e-10,4.64055432720926e-10,-0.9771806098035897
0.16275,6.053400156262197e-10,7.433541498004425e-10,1.106729648140529e-09,9.427148614306038e-10,4.6523368130814417e-10,-0.5546998317210929
0.1628,6.833551694997287e-10,7.427232123701158e-10,1.1063643508659614e-09,9.422524261296947e-10,4.6415263976088956e-10,-0.25586035221844045
0.16285,7.261770649376823e-10,7.444391529864566e-10,1.1076037464464852e-09,9.436574178877684e-10,4.667842063936724e-10,-0.07677514494880472
0.16291,7.521300617114347e-10,7.40733688457511e-10,1.1030123339320636e-09,9.395022443780657e-10,4.6335936962270646e-10,0.04887733999304303
0.16296,8.426595667769092e-10,7.354242656268301e-10,1.0958314865840296e-09,9.33193341786262e-10,4.59180469936053e-10,0.5067707463697969
0.16301,9.817848980424798e-10,7.338738128383108e-10,1.0946287067538809e-09,9.318744632992854e-10,4.569110686387231e-10,1.277494057946307
0.16306,1.0938944242566424e-09,7.395516636388589e-10,1.0983477586257957e-09,9.362945151244843e-10,4.661048948133733e-10,1.9843335861115234
0.16311,1.1125533162204147e-09,7.377392147275541e-10,1.0975583216383278e-09,9.351161177157487e-10,4.6269422914835977e-10,2.1041021044310715
0.16317,9.763998748837479e-10,7.384418752674648e-10,1.097913711767699e-09,9.356000230253068e-10,4.639646870399718e-10,1.2436366136806076
0.16322,7.724131736268081e-10,7.371347725636169e-10,1.0971139730960324e-09,9.346187929297095e-10,4.6176298811664085e-10,0.16230749096099795
0.16327,5.101047591589017e-10,7.368778305156611e-10,1.0967617566550127e-09,9.343110585853417e-10,4.615639235788379e-10,-0.8562230470415896
0.16332,4.623405829552407e-10,7.372583272076935e-10,1.0968728802417644e-09,9.345269105962514e-10,4.623405829552407e-10,-1.8065398222848137
0.16337,4.5768097692924375e-10,7.340452918092584e-10,1.0943183304573651e-09,9.31760963002722e-10,4.5768097692924375e-10,-2.114537274019596
0.16343,4.647115565178086e-10,7.384291411601001e-10,1.0972407663961467e-09,9.352047911063105e-10,4.647115565178086e-10,-1.7702725799269736
0.16348,4.690871915325958e-10,7.34515821948602e-10,1.0946838207096987e-09,9.321609265500152e-10,4.5837277058966855e-10,-0.9768629111146213
0.16353,7.008980650259598e-10,7.358464947706391e-10,1.0955900054242554e-09,9.332173017988494e-10,4.6048209525060675e-10,-0.15359972595592974
0.16358,8.436328948354619e-10,7.365393175116829e-10,1.0963814486996635e-09,9.339546185856824e-10,4.612034421334872e-10,0.5132877502357956
0.16364,9.324507299238814e-10,7.364696092853288e-10,1.0958926416373676e-09,9.336397536062676e-10,4.6162063942468995e-10,0.9955307093096676
0.16369,9.679664862940245e-10,7.330755960625181e-10,1.0934888551939003e-09,9.308899528582818e-10,4.563585753820661e-10,1.2015656023370123
0.16374,1.0219565149267624e-09,7.39190723643219e-10,1.098947086363218e-09,9.36797784089402e-10,4.648670304852593e-10,1.5254466163360263
0.16379,1.0216387318449655e-09,7.387513153455099e-10,1.0974314068974245e-09,9.354408482770677e-10,4.652763226929385e-10,1.5247428180975053
0.16385,9.699371846506672e-10,7.356757798936151e-10,1.0955192841200949e-09,9.33106016340596e-10,4.60172341073883e-10,1.2107047570100153
0.1639,8.668114985054834e-10,7.358127823668042e-10,1.0956834956912197e-09,9.332569007870144e-10,4.603023318780027e-10,0.6351792383638929
0.16395,7.420619180584101e-10,7.356961578125516e-10,1.0953845767035501e-09,9.330365277546627e-10,4.603717215670622e-10,0.02728492901706862
0.164,5.905546434369294e-10,7.353299491660477e-10,1.0951221373874318e-09,9.327391129642555e-10,4.598004697128648e-10,-0.5857538856862088
0.16405,4.654120976942736e-10,7.393727008257219e-10,1.0985153299862683e-09,9.36333587457073e-10,4.654120976942736e-10,-1.199146068409413
0.16411,4.6265736507882585e-10,7.36728477292772e-10,1.0970576675132772e-09,9.335704727848042e-10,4.6265736507882585e-10,-1.6256982450992903
0.16416,4.643853141977241e-10,7.378085468189268e-10,1.096274379777557e-09,9.343911408209059e-10,4.643853141977241e-10,-1.5911766089574484
0.16421,4.559400698713569e-10,7.325592848665329e-10,1.092796078120735e-09,9.302807234499662e-10,4.559400698713569e-10,-1.4146124960638704
0.16426,4.801995262791939e-10,7.365769410099128e-10,1.0952519065944819e-09,9.333071110901853e-10,4.6263446634432635e-10,-0.9429358242019669
0.16432,5.848503667193946e-10,7.307566617605575e-10,1.0893544710351897e-09,9.27547680904831e-10,4.557039239972597e-10,-0.5967101748592326
0.16437,6.31106077309154e-10,7.321967844663583e-10,1.0887674661060475e-09,9.277730478425456e-10,4.5985451140746787e-10,-0.4179813941012326
0.16442,7.465278521419152e-10,7.297910236156467e-10,1.086452587175559e-09,9.254654027038489e-10,4.5684250538215826e-10,0.07580508719600887
0.16447,8.739476283961728e-10,7.314718024790956e-10,1.0876609448070478e-09,9.268369398833132e-10,4.59437727809415e-10,0.7126559082460443
0.16453,1.0341089668787686e-09,7.300074287982655e-10,1.0865968547684737e-09,9.256349618478405e-10,4.5719220814624e-10,1.6568963158174734
0.16458,1.084633526077579e-09,7.331436916341204e-10,1.0885429587848465e-09,9.280132201786184e-10,4.624085475084455e-10,1.9892104010105474
0.16463,1.0469867831349387e-09,7.279508845913283e-10,1.0850728316896984e-09,9.239305099978971e-10,4.5407436933283297e-10,1.7410881812647971
0.16468,9.586259217026614e-10,7.322144237163441e-10,1.087797824730607e-09,9.272109618232941e-10,4.6107448586519097e-10,1.1949802450263258
0.16474,8.239233192890987e-10,7.286430140923099e-10,1.0853710402408845e-09,9.243779349139154e-10,4.553788977139683e-10,0.453238065484937
0.16479,6.660277177766436e-10,7.241605979880501e-10,1.0783353630481862e-09,9.184815027212239e-10,4.529990464885849e-10,-0.2551501398085555
0.16484,5.059683239327376e-10,7.243872974854634e-10,1.076656851040098e-09,9.175856593942752e-10,4.5554157777660326e-10,-0.8378342354461831
0.1649,4.5634638038269463e-10,7.248698446368562e-10,1.076952035243496e-09,9.179496980373096e-10,4.5634638038269463e-10,-1.4130415187804786
0.16495,4.5434807979867827e-10,7.236860246285229e-10,1.0762169066856866e-09,9.17056259256118e-10,4.5434807979867827e-10,-1.2803228450634234
0.165,4.892088359710384e-10,7.225699668413049e-10,1.0750688604873882e-09,9.159380596110335e-10,4.530676607033453e-10,-0.8895075415271365
0.16505,5.807643878154959e-10,7.234819497830575e-10,1.0757924352483195e-09,9.167073473930331e-10,4.544635560245655e-10,-0.5804828861561425
0.16511,6.835334989613118e-10,7.214377880816309e-10,1.0742378194428858e-09,9.150020203948118e-10,4.513516392156367e-10,-0.16982846485420564
0.16516,7.545193444182086e-10,7.225236756641503e-10,1.0750983337643184e-09,9.159345310894752e-10,4.529349718039027e-10,0.15164595167621914
0.16521,8.135107920189083e-10,7.203967162164761e-10,1.0737772527339708e-09,9.143196069112126e-10,4.494175889775901e-10,0.4427527549249548
0.16526,8.051103205495357e-10,7.212067552199504e-10,1.0741720896735267e-09,9.148707327652479e-10,4.50880400912778e-10,0.40094124476729465
0.16532,7.601235584731481e-10,7.220813183137132e-10,1.075129946059761e-09,9.157807302435782e-10,4.518246220784488e-10,0.17633437740996
0.16537,6.83469146788e-10,7.213768172605349e-10,1.0746683696479256e-09,9.152311142708758e-10,4.506923764629198e-10,-0.17242799749853904
0.16542,6.755571215089389e-10,7.229775882493395e-10,1.0756047370500122e-09,9.164123932363544e-10,4.534105587727867e-10,-0.20568638310020615
0.16548,7.329767029715463e-10,7.224554098908511e-10,1.0752505948033912e-09,9.159985534186016e-10,4.5258047392052387e-10,0.04933853837433665
0.16553,7.729250531281136e-10,7.213569394852438e-10,1.0743103733170954e-09,9.150131491391873e-10,4.510693432650035e-10,0.24034476663648457
0.16558,7.754076845302236e-10,7.214162643002144e-10,1.0742162412337137e-09,9.149810482974255e-10,4.5132462905918426e-10,0.25336037818201357
0.16563,7.467238287785397e-10,7.219796403605578e-10,1.074623639736385e-09,9.154423113439433e-10,4.5218987640625494e-10,0.11535298623533555
0.16569,7.134331874280682e-10,7.219196525402704e-10,1.074523399478445e-09,9.15359498806674e-10,4.521672066292898e-10,-0.03775158587199655
0.16574,6.585758941931271e-10,7.227191757944864e-10,1.0750589936136992e-09,9.159890780381868e-10,4.534472471734375e-10,-0.27536785253996116
0.16579,6.295717318187922e-10,7.208892659274253e-10,1.0737282440847314e-09,9.144866466985064e-10,4.506436926346734e-10,-0.3929262841829755
0.16585,6.218392618843919e-10,7.208187517091228e-10,1.0736222108454907e-09,9.143966961912776e-10,4.5060030233150923e-10,-0.4232496739158997
0.1659,6.761821878551362e-10,7.212080909630404e-10,1.0739605687809702e-09,9.147492611809857e-10,4.51127861439163e-10,-0.20079611027512106
0.16595,7.579294254366067e-10,7.240476832595785e-10,1.0769671690193158e-09,9.178809347682646e-10,4.504604750928369e-10,0.15450123355606932
0.166,8.339561724788097e-10,7.216013901262861e-10,1.0740487425197497e-09,9.149555401944616e-10,4.519683536916181e-10,0.5530347103298215
0.16606,8.819750491672143e-10,7.230754438105085e-10,1.0748610701653478e-09,9.160139623160972e-10,4.5453516869780503e-10,0.8148064016891555
0.16611,8.774279485511969e-10,7.221836672981017e-10,1.074264340880005e-09,9.152934487277819e-10,4.530775444297758e-10,0.7894698279697444
0.16616,8.5779520771149e-10,7.208997624820977e-10,1.073653925745974e-09,9.1443838518733e-10,4.507649429525006e-10,0.6799663803541562
0.16622,8.086817277599606e-10,7.218521535731967e-10,1.0745639749525059e-09,9.153575236657366e-10,4.5195177229259605e-10,0.41930172864584164
0.16627,7.462056528548912e-10,7.214436921770629e-10,1.0742263078058267e-09,9.149979123913746e-10,4.513774594600902e-10,0.11311685688665482
0.16632,6.550744636569457e-10,7.223227479314848e-10,1.0747625622805495e-09,9.15658765451948e-10,4.5284932941422073e-10,-0.28976931494899394
0.16638,5.578329988326546e-10,7.218859867275276e-10,1.076404170605338e-09,9.158557550332666e-10,4.511229989720309e-10,-0.665096483603733
0.16643,6.028767090974082e-10,7.187345956608184e-10,1.070741267970551e-09,9.118843891122497e-10,4.49029464851138e-10,-0.4908318159861546
0.16648,6.28989465089391e-10,7.203808127771779e-10,1.071896595517084e-09,9.13212024073545e-10,4.5159668312305744e-10,-0.38892681972553705
0.16654,6.380931115684937e-10,7.188827896340178e-10,1.0706841284745318e-09,9.119094629862036e-10,4.494507192548739e-10,-0.3513924663964406
0.16659,6.195208289599689e-10,7.188196315556635e-10,1.0706183111863814e-09,9.118462013919872e-10,4.493760433168125e-10,-0.42550142308405275
0.16664,6.034888911422152e-10,7.192481729970954e-10,1.0709385691109927e-09,9.122028364551396e-10,4.500234934761783e-10,-0.4879204015327752
0.16669,6.3683045062038e-10,7.208723131883999e-10,1.0726755660726542e-09,9.138628276190399e-10,4.5184736590171077e-10,-0.35938541009946007
0.16675,6.481107319750306e-10,7.188820523547699e-10,1.0710516469692874e-09,9.121233639072794e-10,4.4902279505789624e-10,-0.31206724205099545
0.1668,7.285438582889944e-10,7.201354606256538e-10,1.0720011300917005e-09,9.131781521828063e-10,4.508748963158061e-10,0.038494568386988955
0.16685,8.296987373970864e-10,7.205370912246181e-10,1.0725062444115751e-09,9.136303374327973e-10,4.512531738011988e-10,0.5367822244110065
0.16691,9.378465949243116e-10,7.219139817821379e-10,1.0727801030623863e-09,9.143337637889955e-10,4.542329243109116e-10,1.1486680464512322
0.16696,9.910647249582772e-10,7.21985915409862e-10,1.0727319686845983e-09,9.143338609181577e-10,4.5446350805192444e-10,1.4757291114066577
0.16701,9.80523970135829e-10,7.200472241428604e-10,1.0718269578349516e-09,9.13038901565796e-10,4.5088434460029006e-10,1.4056411731537772
0.16707,8.801055083212732e-10,7.207938789041571e-10,1.071983632929846e-09,9.134254616404136e-10,4.5248722560783723e-10,0.8156513558243832
0.16712,7.081745945079476e-10,7.200864453804654e-10,1.0716965598759807e-09,9.129786151344609e-10,4.511284606961139e-10,-0.05278416529546783
0.16717,4.935499490591073e-10,7.206277484591896e-10,1.07256267254739e-09,9.137520138885983e-10,4.512625171055751e-10,-0.8732997696971657
0.16723,4.5404273195516647e-10,7.217940765855209e-10,1.0726915957225343e-09,9.142357999198293e-10,4.5404273195516647e-10,-1.6940336656025157
0.16728,4.540150837599722e-10,7.217147151497515e-10,1.072556461310005e-09,9.141249114970658e-10,4.540150837599722e-10,-1.9192943599033425
0.16733,4.464142366200619e-10,7.170261492118276e-10,1.0695074190501283e-09,9.104857852712123e-10,4.464142366200619e-10,-1.3906832427032634
0.16739,6.747398839982817e-10,7.198560066818981e-10,1.0711264673549339e-09,9.125518523069445e-10,4.512622863456138e-10,-0.19748278635333252
0.16744,9.035703186991011e-10,7.205902104251066e-10,1.0718480207607614e-09,9.132640262378673e-10,4.5216935948597295e-10,0.9487101199494095
0.16749,9.825375791085677e-10,7.227868588632721e-10,1.0734992024874128e-09,9.150994586672585e-10,4.554766753223331e-10,1.4198581694033752
0.16755,9.867325787057513e-10,7.160276215851538e-10,1.0683867783056851e-09,9.094335517954234e-10,4.453615111737067e-10,1.4520841271815974
0.1676,8.952622412708201e-10,7.202169179187238e-10,1.0711510853601734e-09,9.127086653306965e-10,4.520984753584212e-10,0.9050345467559442
0.16766,7.52498942755987e-10,7.18361115693059e-10,1.0696906334372506e-09,9.111200034576352e-10,4.493854635802518e-10,0.15794397060145626
0.16771,6.298703730748822e-10,7.179166130567052e-10,1.0694161040603153e-09,9.10783868668416e-10,4.486459006690928e-10,-0.38184142921437714
0.16776,5.285702277925434e-10,7.173303465057461e-10,1.0690338436712407e-09,9.103293068367265e-10,4.476888756475667e-10,-0.7554790592620302
0.16782,4.734909005706878e-10,7.170317017577451e-10,1.0687204022201339e-09,9.10025767426337e-10,4.4735132464484077e-10,-0.9308835356628365
0.16787,4.730455047995131e-10,7.167376633144047e-10,1.0683550155422136e-09,9.09696681976859e-10,4.4708235428560253e-10,-0.9318241817440169
0.16792,4.821957357166026e-10,7.178403717625401e-10,1.0696155358227948e-09,9.108715472517986e-10,4.482229428081865e-10,-0.9052907309456606
0.16798,5.828326240790526e-10,7.172643857561814e-10,1.0684796625467755e-09,9.099772748216771e-10,4.481952452543084e-10,-0.5616076334152615
0.16803,6.935182390268035e-10,7.174983333908511e-10,1.0687137553725772e-09,9.102058732727292e-10,4.4848305694497893e-10,-0.11143462513101557
0.16808,8.207995396757338e-10,7.178531943941394e-10,1.0691246169508342e-09,9.105878993612765e-10,4.488393615549207e-10,0.5016845020322438
0.16814,9.050803841572142e-10,7.121913344020778e-10,1.0604813545167724e-09,9.032821018749668e-10,4.4554986692556433e-10,1.0087357542134652
0.16819,9.316554282859624e-10,7.081890971668316e-10,1.0537627363368514e-09,8.977602172497914e-10,4.439498892507809e-10,1.2062111672367295
0.16824,9.00384459461532e-10,7.062139688869633e-10,1.051122438279645e-09,8.953930223259551e-10,4.424469134454397e-10,1.0310722451259957
0.1683,8.208912042248362e-10,7.064616322139397e-10,1.0509784881558572e-09,8.954443677856153e-10,4.4312421968223593e-10,0.5810826931634211
0.16835,7.726374132144055e-10,7.042861055648079e-10,1.0494748534075267e-09,8.937044215279061e-10,4.396983567030706e-10,0.3272904213778551
0.16841,7.512935898930936e-10,7.057782155359173e-10,1.0505125827433365e-09,8.949021893924284e-10,4.420353528804889e-10,0.21966479121242563
0.16846,7.05272356394912e-10,6.890270991387449e-10,1.0262649070738071e-09,8.740612116338027e-10,4.3074875121814184e-10,0.07494457595190508
0.16851,6.882860856614998e-10,6.814181404268994e-10,1.0145308337139005e-09,8.641740615757585e-10,4.2646523528916745e-10,0.032341078178551134
0.16857,6.705198429340971e-10,6.795424428013735e-10,1.0118721703947873e-09,8.618764834377823e-10,4.251186655729867e-10,-0.0451263764299511
0.16862,6.308831940598142e-10,6.789199981184143e-10,1.0101725642687949e-09,8.606347443638217e-10,4.256403125393429e-10,-0.2221653023234745
0.16867,5.294316008084534e-10,6.787559739339461e-10,1.009926177814172e-09,8.604247294576099e-10,4.255448144192802e-10,-0.6424341421308455
0.16873,4.3331250066517744e-10,6.756424610455583e-10,1.0076647427607881e-09,8.578690748853498e-10,4.2077868088122945e-10,-0.9729472762430385
0.16878,4.2161381637158684e-10,6.734025614656718e-10,1.0044699278672228e-09,8.551108681335351e-10,4.1921501105067667e-10,-1.0048294298026483
0.16884,4.823278543158345e-10,6.745518674733235e-10,1.0029432283258588e-09,8.546677165171697e-10,4.237803345275387e-10,-0.8002157956900726
0.16889,5.694130243228587e-10,6.689932439812629e-10,9.96183138289716e-10,8.485090323743989e-10,4.1840142915806495e-10,-0.4550967138369624
0.16894,6.640180413521954e-10,6.664477363413215e-10,9.919872190183031e-10,8.450416400272739e-10,4.1738504047074045e-10,-0.01145683553067331
0.169,7.697175111967461e-10,6.667353695133269e-10,9.911256277349773e-10,8.446489551007933e-10,4.1910372872282145e-10,0.5583854772434071
0.16905,8.129106688487992e-10,6.668640076523464e-10,9.913305904609177e-10,8.448120985485125e-10,4.1915766002568044e-10,0.8115699355687445
0.16911,8.359679765772779e-10,6.661835842701036e-10,9.907017730733914e-10,8.441823687999918e-10,4.182855507799253e-10,0.9545857431966442
0.16916,8.117608657422133e-10,6.607387080289123e-10,9.848115073123336e-10,8.385779036554481e-10,4.122453536207889e-10,0.8264741637109999
0.16921,7.500543259093339e-10,6.627674732447544e-10,9.86136253155653e-10,8.401560103970829e-10,4.155249829483453e-10,0.46534211010845533
0.16927,6.935869181876043e-10,6.608080935644732e-10,9.842466282785712e-10,8.382743677412139e-10,4.1307687883868665e-10,0.16336688931202406
0.16932,6.21543265221985e-10,6.630011073992482e-10,9.879252797715813e-10,8.418554346221266e-10,4.137143197533843e-10,-0.20192707288383843
0.16938,5.189315318946647e-10,6.622055797125461e-10,9.850288516078136e-10,8.392848876188384e-10,4.154931343170673e-10,-0.6320347862277977
0.16943,4.744477078618798e-10,6.595774031471478e-10,9.831708626283113e-10,8.371581193506162e-10,4.1140719718716816e-10,-0.7979355077781898
0.16948,4.560171462567278e-10,6.608215319111566e-10,9.839550339897115e-10,8.381090035673738e-10,4.1345227553704076e-10,-0.8623223911795094
0.16954,4.464124091026314e-10,6.591360855773318e-10,9.827536398235829e-10,8.367390519179401e-10,4.108481338809286e-10,-0.8947271986019163
0.16959,4.920887550290587e-10,6.588677333742127e-10,9.825444063435918e-10,8.365102318189283e-10,4.1045628860090776e-10,-0.7332560622059064
0.16965,6.079296877986692e-10,6.602254720899334e-10,9.833628085806198e-10,8.375258665872146e-10,4.127317978844385e-10,-0.2530948420544557
0.1697,7.022275776047693e-10,6.632263059309695e-10,9.865487792052407e-10,8.405788555113854e-10,4.1613565225142493e-10,0.2040597540032607
0.16975,7.823320295073272e-10,6.654450461046107e-10,9.903082276321922e-10,8.436602617831538e-10,4.1698190746244575e-10,0.6308858257166331
0.16981,8.342105453029416e-10,6.639769152484784e-10,9.891269166174618e-10,8.42388216140372e-10,4.148684529714064e-10,0.9445410447125117
0.16986,8.258858752595726e-10,6.636104077198419e-10,9.886833451005234e-10,8.41983500485813e-10,4.145170355600475e-10,0.8949455119509735
0.16992,7.936701753597507e-10,6.661632605813613e-10,9.90152594127547e-10,8.438528024549139e-10,4.1888697379676944e-10,0.7026955995955061
0.16997,7.520105448374279e-10,6.649805195061101e-10,9.891684796269948e-10,8.428090558603223e-10,4.172189393094244e-10,0.4642417189918337
0.17002,7.086166713156356e-10,6.627358656119776e-10,9.87463324117743e-10,8.409233296459198e-10,4.1386777109403133e-10,0.2291552256170726
0.17008,6.779511757699286e-10,6.610348276608055e-10,9.841017976486186e-10,8.382789549783573e-10,4.137906037709901e-10,0.08469316376567435
0.17013,6.846783219217992e-10,6.613351452258406e-10,9.842493298553502e-10,8.384841789936219e-10,4.143333891011286e-10,0.11952620881541738
0.17019,6.769867122738614e-10,6.655809348057464e-10,9.904560104348095e-10,8.438011279017591e-10,4.1712854687328064e-10,0.058856945171483314
0.17024,6.180377227461583e-10,6.645137027191584e-10,9.896744327709112e-10,8.429217911077432e-10,4.154997248529384e-10,-0.2245533775720848
0.1703,5.409882774729837e-10,6.637750450612212e-10,9.891292214122797e-10,8.423107404784605e-10,4.143784018844115e-10,-0.556410583037985
0.17035,5.12762200824628e-10,6.658355103258868e-10,9.904404245373956e-10,8.438927721170575e-10,4.177551653501229e-10,-0.6667738338070561
0.1704,5.335323092303327e-10,6.65624068542205e-10,9.902715539893647e-10,8.437100427428311e-10,4.1745034870157645e-10,-0.5858252673584865
0.17046,5.895983387677735e-10,6.635162396818744e-10,9.88638611962731e-10,8.419201592925036e-10,4.1434461856259754e-10,-0.35048856097998293
0.17051,6.196942640410955e-10,6.636319573179447e-10,9.884355306898021e-10,8.418465450109447e-10,4.148625293851733e-10,-0.21350663682520643
0.17057,6.258624919145223e-10,6.603781760068395e-10,9.835017723925279e-10,8.376676622723595e-10,4.129321569082854e-10,-0.1699729006444138
0.17062,6.193230497940932e-10,6.60920175116541e-10,9.83879653838099e-10,8.381032229608146e-10,4.1378074953927423e-10,-0.20072778956876977
0.17068,6.092164543649679e-10,6.614105056305133e-10,9.841504674442303e-10,8.384554925498444e-10,4.1463395861306917e-10,-0.24716154675807456
0.17073,6.367120474788451e-10,6.609254584319402e-10,9.838151998871187e-10,8.380674126223877e-10,4.1387038873108195e-10,-0.11810784268252153
0.17078,6.8280295091395e-10,6.611552279740404e-10,9.83984151294219e-10,8.382571533991568e-10,4.1422024377808047e-10,0.1108298659482544
0.17084,7.458647592109703e-10,6.615486849866147e-10,9.836842677871978e-10,8.382363059806158e-10,4.1552110677613574e-10,0.45442845885927297
0.17089,7.929562254244205e-10,6.564436411281748e-10,9.779203818434331e-10,8.32840247543444e-10,4.101413400232273e-10,0.7486104793738513
0.17095,7.906971688965461e-10,6.582147564779976e-10,9.784079785472835e-10,8.338247179616234e-10,4.1380772429789203e-10,0.7411687165657701
0.171,7.714950824462091e-10,6.568385792175739e-10,9.77566487128581e-10,8.3278812739965e-10,4.115079791289795e-10,0.62607119620687
0.17106,7.010465937751316e-10,6.571594116190117e-10,9.778022644636585e-10,8.3305299167467e-10,4.119967070158768e-10,0.23011130622827178
0.17111,6.475915336672204e-10,6.569291181532102e-10,9.77643588036979e-10,8.328691279164513e-10,4.116330640312528e-10,-0.04485640851030436
0.17117,6.227527071045925e-10,6.574316776416871e-10,9.782174088679642e-10,8.33403960655699e-10,4.1215587163751875e-10,-0.16654618329955956
0.17122,5.811479715382487e-10,6.591485789407554e-10,9.801390778127313e-10,8.352102874549229e-10,4.1394040694028346e-10,-0.3612890771172815
0.17128,5.778575595970643e-10,6.626947011698188e-10,9.852386522250941e-10,8.396005016454527e-10,4.1641971476233397e-10,-0.38835612118675195
0.17133,5.678851877324086e-10,6.607552160445739e-10,9.852123421959534e-10,8.391640545249012e-10,4.13510263793818e-10,-0.4306903629008967
0.17138,5.734185115645285e-10,6.62146838401955e-10,9.84394116261826e-10,8.388891771848758e-10,4.1610876251976945e-10,-0.4054110372020198
0.17144,5.304754290056067e-10,6.59183793343163e-10,9.828064700100375e-10,8.367894606406887e-10,4.108959840183624e-10,-0.5856957308853878
0.17149,4.338510938844998e-10,6.607248498818579e-10,9.846250730552045e-10,8.382915312258464e-10,4.1310780071394595e-10,-0.9368902870610036
0.17155,4.1750315351258507e-10,6.635426468925858e-10,9.860391998891907e-10,8.40404511270468e-10,4.1750315351258507e-10,-0.9998702109963622
0.1716,5.599681316508794e-10,6.609728259835239e-10,9.846038423439133e-10,8.385484776793524e-10,4.1305022779248136e-10,-0.4672515822855452
0.17166,7.200872564492891e-10,6.615965583866185e-10,9.855848083216377e-10,8.393702128259064e-10,4.1337850069934596e-10,0.29839012451720925
0.17171,8.267946168829282e-10,6.647410268573864e-10,9.87781620801718e-10,8.418992550856978e-10,4.1830640714590466e-10,0.9161465902582459
0.17177,8.8629527758686e-10,6.655536263603905e-10,9.91828870780866e-10,8.4459559549338e-10,4.154365643336521e-10,1.260379699697287
0.17182,9.018998064746889e-10,6.685605591196308e-10,9.940658411795738e-10,8.47094310882731e-10,4.199808839941892e-10,1.3611793624420316
0.17188,8.781827734216719e-10,6.721118092264764e-10,1.0000310269331619e-09,8.522260781384231e-10,4.211822852164278e-10,1.1738261286113554
0.17193,8.062960519028632e-10,6.724968415185428e-10,9.994060896996486e-10,8.517807228989105e-10,4.230663746838198e-10,0.7339859967790964
0.17199,6.676127190773049e-10,6.736920764554177e-10,1.0028005196322555e-09,8.542454547013467e-10,4.218836970600653e-10,-0.029243467749035787
0.17204,5.599282880816461e-10,6.755353934397461e-10,1.0049970435296793e-09,8.562616122909973e-10,4.236888951601139e-10,-0.5123408063226533
0.1721,4.2209850979258865e-10,6.751294408998275e-10,1.005516962865311e-09,8.564066658591208e-10,4.2209850979258865e-10,-1.0474498599927118
0.17215,4.204109415454687e-10,6.743084087250558e-10,1.005287503984086e-09,8.559477332156399e-10,4.204109415454687e-10,-1.3566791386908523
0.17221,4.303282008112505e-10,6.826062665869349e-10,1.0136743424394152e-09,8.64142029371563e-10,4.303282008112505e-10,-1.4084013488472071
0.17226,4.287028592469609e-10,6.819912325390731e-10,1.0137935846248445e-09,8.639701013228614e-10,4.287028592469609e-10,-1.1815559500979813
0.17232,5.073892904682321e-10,6.791911897303718e-10,1.0117849312592558e-09,8.616871367500282e-10,4.2437961109597684e-10,-0.729344220255
0.17237,6.110252068032434e-10,6.796709512681348e-10,1.0120142730177427e-09,8.62010981807027e-10,4.252551399251879e-10,-0.31672158374146003
0.17243,7.557218329148884e-10,6.825471272880413e-10,1.016093497668913e-09,8.655391356287385e-10,4.272980119516526e-10,0.3711784589286822
0.17248,8.973003800084491e-10,6.801398991766358e-10,1.014655098787679e-09,8.637264347269002e-10,4.2376915752927506e-10,1.1715052578776153
0.17254,1.053991519215614e-09,7.022647120119585e-10,1.0441804584042946e-09,8.897991868926697e-10,4.4115340968142003e-10,2.075932592103107
0.17259,1.0834777299055021e-09,7.088800444964337e-10,1.0521443139095513e-09,8.970813968891144e-10,4.4755188093541675e-10,2.238944579074768
0.17265,1.006180442074196e-09,7.038087098411163e-10,1.0498558952968515e-09,8.937392113626768e-10,4.3811150238857435e-10,1.6916198568266676
0.1727,8.60312380664491e-10,7.059948205230891e-10,1.0513261888031575e-09,8.954651487615026e-10,4.415875401831497e-10,0.7943751053309891
0.17276,6.73497568517375e-10,7.056872192122239e-10,1.0511691172122431e-09,8.952518205752742e-10,4.4103699305339314e-10,-0.15016479259266718
0.17281,5.059783487668266e-10,7.054947165925339e-10,1.0511829149610116e-09,8.951841932930058e-10,4.405591797731689e-10,-0.8016789504520396
0.17287,4.4552311520283037e-10,7.084929044480726e-10,1.0530518948358182e-09,8.974633365717978e-10,4.4552311520283037e-10,-1.4799170047354644
0.17292,4.4758656578699556e-10,7.097398341001531e-10,1.053838130748742e-09,8.984159018081137e-10,4.4758656578699556e-10,-1.8509662805566307
0.17298,4.448191168039589e-10,7.082288041263632e-10,1.0531115316580905e-09,8.97393941205842e-10,4.448191168039589e-10,-1.6642443953074841
0.17303,4.3864859051483407e-10,7.046025532484449e-10,1.0510014168245526e-09,8.947250572395136e-10,4.3864859051483407e-10,-1.1645811418980883
0.17309,5.984313420108362e-10,7.077771196475906e-10,1.05354064908801e-09,8.974672469243439e-10,4.4322765318432457e-10,-0.4687521213009264
0.17314,7.4062439128815e-10,7.080010662173423e-10,1.0540512895823944e-09,8.978550610723753e-10,4.431584762510134e-10,0.15432087774201445
0.1732,8.673589971925035e-10,7.099162446543668e-10,1.0557106875551757e-09,8.995842399284046e-10,4.4577678564740535e-10,0.8195443715926626
0.17325,9.401233352293107e-10,7.078179073608292e-10,1.0545504652776166e-09,8.980758804417448e-10,4.421273587555901e-10,1.247893466161537
0.17331,9.594416017514026e-10,7.098431986788884e-10,1.0561403793783997e-09,8.99807888238077e-10,4.4508721127149695e-10,1.365615763396633
0.17336,9.302926564359416e-10,7.120730216066721e-10,1.0577398882518719e-09,9.016257446759515e-10,4.485366860635326e-10,1.184333636695928
0.17342,8.869189378528795e-10,7.098190829592946e-10,1.0566532609065694e-09,9.00099622992101e-10,4.4441806583768246e-10,0.9230022644437232
0.17347,7.952123525633193e-10,7.067298497125446e-10,1.0512103185348327e-09,8.95686809549781e-10,4.434880548937823e-10,0.44357716303579436
0.17353,6.527274880609166e-10,7.06711832726391e-10,1.0512538740016355e-09,8.957056301361771e-10,4.433907339562634e-10,-0.23800429102489565
0.17358,5.206038783374212e-10,7.06938368952515e-10,1.0515471562408239e-09,8.959673287222358e-10,4.435834109540458e-10,-0.7503582588515421
0.17364,4.4119571045451176e-10,7.084764929183148e-10,1.056665187890824e-09,8.995770647503791e-10,4.4119571045451176e-10,-1.0510606940814784
0.17369,4.488461982162109e-10,7.132085011691669e-10,1.0597713237563397e-09,9.032659570982434e-10,4.488461982162109e-10,-1.129787739062095
0.17375,5.044483600590817e-10,7.090830018784286e-10,1.0563783350416444e-09,8.9965516605889e-10,4.4298313389864077e-10,-0.8147962920664417
0.1738,5.754653683667645e-10,7.112908839376573e-10,1.057856452175885e-09,9.013858065458591e-10,4.465175975310295e-10,-0.5645932335281119
0.17386,6.878348212904328e-10,7.086680292485574e-10,1.055395407335429e-09,8.989067575894735e-10,4.431603136075761e-10,-0.09777386777915097
0.17391,7.164526578171836e-10,7.098572795153479e-10,1.0570241390703515e-09,9.003316920748885e-10,4.440729800279736e-10,0.02874256340911237
0.17397,7.217513721619486e-10,7.110640023226987e-10,1.0585398192813618e-09,9.01698413887113e-10,4.4515440357561963e-10,0.04948514362717168
0.17403,6.692643159576839e-10,7.124061755617896e-10,1.0613494154987635e-09,9.038763945485641e-10,4.4503345022214367e-10,-0.19744602677442943
0.17408,6.264959456489346e-10,7.149578633317298e-10,1.0643733147384526e-09,9.066576209966153e-10,4.475495711900861e-10,-0.3822536169097566
0.17414,6.282440616045134e-10,7.164901795325985e-10,1.0654678528121446e-09,9.079042123354922e-10,4.4992162997691515e-10,-0.37544536351144214
0.17419,6.71836817611898e-10,7.148234354462308e-10,1.0643079765244645e-09,9.065662683499689e-10,4.473052442753569e-10,-0.19300763952812253
0.17425,7.651647918321473e-10,7.156037435720641e-10,1.0659544125586372e-09,9.078400669326772e-10,4.472198804985313e-10,0.23112233001150465
0.1743,8.405488906826158e-10,7.173333188777394e-10,1.0670957838242963e-09,9.091917957745201e-10,4.5000775060124505e-10,0.6191719523339346
0.17436,8.903462511274827e-10,7.190296567344416e-10,1.070848472799612e-09,9.12063384303767e-10,4.4961106975075386e-10,0.8728666924924705
0.17441,9.044224363562358e-10,7.266629995962246e-10,1.0820547067882617e-09,9.216512108354124e-10,4.5457363116918226e-10,0.9001728466836848
0.17447,8.440951955195213e-10,7.255052319535348e-10,1.0813697780303248e-09,9.207921439159376e-10,4.5262106012313855e-10,0.5712248214269076
0.17452,7.921979449494471e-10,7.285833512272505e-10,1.0834839308871243e-09,9.232471612289076e-10,4.5747782329693804e-10,0.30678340116641173
0.17458,7.619189738228955e-10,7.282228754730467e-10,1.0845863185212679e-09,9.237520215767811e-10,4.553026875092276e-10,0.15233691824008766
0.17464,7.623276748835549e-10,7.363467656277616e-10,1.096139404818244e-09,9.337365817437073e-10,4.6103061874389236e-10,0.11801794635410744
0.17469,7.880564405106324e-10,7.470704077476858e-10,1.1118288998353474e-09,9.471734345352834e-10,4.680735398178038e-10,0.1869460791943605
0.17475,7.323367274437141e-10,7.476415155074302e-10,1.113336129560305e-09,9.482840067550908e-10,4.676468799828672e-10,-0.06869267812715434
0.1748,6.609726501734169e-10,7.484688453779083e-10,1.113947316846039e-09,9.48968755860101e-10,4.689034822286443e-10,-0.3611624548705201
0.17486,5.574916451884004e-10,7.567295706851972e-10,1.1271033107082319e-09,9.599481154542148e-10,4.730547694322146e-10,-0.7539583959395281
0.17491,5.057274094234917e-10,7.584397880353378e-10,1.1289722094220576e-09,9.617196090867357e-10,4.749285951496697e-10,-0.9134283411451998
0.17497,4.784391258360434e-10,7.605759219254778e-10,1.1303296159221573e-09,9.633584192361213e-10,4.784391258360434e-10,-0.9925132393237788
0.17503,5.689976748945181e-10,7.652457531603174e-10,1.140064964571842e-09,9.70913971716201e-10,4.780501538763666e-10,-0.7381443976835698
0.17508,6.790435401967815e-10,7.644742622920977e-10,1.1392511485830464e-09,9.701321578979495e-10,4.771700001007025e-10,-0.3522555394336651
0.17514,8.339184712618586e-10,7.653694340061471e-10,1.1402646282992926e-09,9.710800472753902e-10,4.78108518806084e-10,0.3019270686688624
0.17519,9.090814795917699e-10,7.646701451067554e-10,1.1397925246828118e-09,9.70527108726947e-10,4.769971448022924e-10,0.6686815430538158
0.17525,9.388826803582235e-10,7.644027851879833e-10,1.1395919778041332e-09,9.703039759796268e-10,4.765959921107127e-10,0.8230078714308652
0.1753,9.468386646134388e-10,7.64558337746834e-10,1.1397148633183824e-09,9.704374046340203e-10,4.768222355251696e-10,0.8648800853061152
0.17536,9.541750026297968e-10,7.687517389968496e-10,1.14251853025656e-09,9.737364270967321e-10,4.835371239341306e-10,0.9040149670841348
0.17542,9.237022738718647e-10,7.64521339676705e-10,1.1397708440850094e-09,9.704556798946246e-10,4.766675024389852e-10,0.7430839566733514
0.17547,8.959070462994436e-10,7.658546107342698e-10,1.1406221846056117e-09,9.71481354085162e-10,4.788435766242326e-10,0.6019205495933392
0.17553,8.316955264764796e-10,7.658149521822538e-10,1.1406454538784793e-09,9.71479364196961e-10,4.787235081503957e-10,0.29109051408046865
0.17558,7.572660828583821e-10,7.673102032855804e-10,1.1418598763590129e-09,9.727743651161145e-10,4.80890803107649e-10,-0.040771496518525734
0.17564,6.525515596277169e-10,7.678484753274489e-10,1.1421727601112656e-09,9.731778310138951e-10,4.817771187033483e-10,-0.4536749874165067
0.17569,5.689877195549641e-10,7.652383509070177e-10,1.1404322967930814e-09,9.71127073540466e-10,4.77593904834688e-10,-0.7392541222505831
0.17575,4.823797461555154e-10,7.681426293551223e-10,1.142259976254175e-09,9.733449182098987e-10,4.823797461555154e-10,-1.0882779124556872
0.17581,4.773999892829566e-10,7.649346624622336e-10,1.1399844593146772e-09,9.707443680852302e-10,4.773999892829566e-10,-1.2220730966981825
0.17586,4.812324708139556e-10,7.673565735865801e-10,1.1416393790906271e-09,9.72670719650462e-10,4.812324708139556e-10,-1.0682007506874494
0.17592,5.512630648227787e-10,7.659458456227237e-10,1.1406016423485955e-09,9.715053427274066e-10,4.790864504717856e-10,-0.7939743824964723
0.17597,6.088084399788008e-10,7.660051353714767e-10,1.1406520739566016e-09,9.715585116299132e-10,4.791673298016572e-10,-0.6070971348854413
0.17603,7.621909383915994e-10,7.667633271235652e-10,1.1412156282948434e-09,9.72187749981684e-10,4.80316603548571e-10,-0.01856979115950362
0.17609,9.030600994868909e-10,7.660183313263434e-10,1.1407031268755094e-09,9.71593072044587e-10,4.791418814805323e-10,0.6381799100926047
0.17614,9.59184725560922e-10,7.650247029052178e-10,1.1399861193447789e-09,9.707804142555405e-10,4.776158310162446e-10,0.9311507029468773
0.1762,9.897837326876049e-10,7.671532359756038e-10,1.1413685854588586e-09,9.724313180653277e-10,4.810692004203849e-10,1.0985672671372093
0.17625,9.966277612422506e-10,7.649879619669004e-10,1.1399690831209394e-09,9.707559652758533e-10,4.775478604407778e-10,1.1361194375795822
0.17631,9.609039343007734e-10,7.671791376598691e-10,1.1415470531108658e-09,9.725462910612724e-10,4.809188014416405e-10,0.9394805642481707
0.17637,9.018375571562482e-10,7.645766934325631e-10,1.1400805087831535e-09,9.705850955025836e-10,4.768754602473321e-10,0.6322408506512375
0.17642,8.352329295004293e-10,7.668014086587503e-10,1.1411175052331076e-09,9.7214555974809e-10,4.805223386738018e-10,0.30878461222320275
0.17648,7.134789719642382e-10,7.655779170304781e-10,1.1403140915005315e-09,9.711918091304647e-10,4.785476726503293e-10,-0.2193261246443195
0.17654,5.747603520334985e-10,7.651087191905587e-10,1.1399750635085361e-09,9.70807644360906e-10,4.778261963294476e-10,-0.7196966514062156
0.17659,4.780699638309821e-10,7.652737456237581e-10,1.1401011818334226e-09,9.709469625438773e-10,4.780699638309821e-10,-1.053830870595124
0.17665,4.761955747346936e-10,7.640440105769913e-10,1.13920844915694e-09,9.699370087067097e-10,4.761955747346936e-10,-1.2755200636916566
0.1767,4.802993258627545e-10,7.666237613913878e-10,1.1409497489503547e-09,9.719765906332958e-10,4.802993258627545e-10,-1.0025580475685303
0.17676,6.263650334560348e-10,7.643876649920531e-10,1.1394308905017507e-09,9.702035580563315e-10,4.767500137447533e-10,-0.5458684400727403
0.17682,7.951396249926347e-10,7.667147753061518e-10,1.140942721611525e-09,9.720087566109365e-10,4.805229640491261e-10,0.1263767841532198
0.17687,8.790020660561732e-10,7.658366500918028e-10,1.1402864271587591e-09,9.712772008936976e-10,4.791999063662339e-10,0.520181782523701
0.17693,9.355558201970946e-10,7.650646144622634e-10,1.139783865890168e-09,9.706778876702664e-10,4.779487634363841e-10,0.8075998205108398
0.17699,9.695630308798573e-10,7.678672730770764e-10,1.1419269624650746e-09,9.730388724563452e-10,4.82168269068357e-10,0.9875617010807336
0.17704,9.57046083535163e-10,7.673723526915079e-10,1.1417772762805746e-09,9.727285103349376e-10,4.812255858409266e-10,0.9189885913229096
0.1771,8.951137073433632e-10,7.649264005431678e-10,1.1399257420915823e-09,9.707061809636598e-10,4.774526206820614e-10,0.5984405442073041
0.17715,8.23383629526171e-10,7.676977287467418e-10,1.141737217959857e-09,9.728623153375227e-10,4.819369306638134e-10,0.25358663356944033
0.17721,7.815838700335752e-10,7.669567083932329e-10,1.1411959206557255e-09,9.72252550900718e-10,4.808029637476173e-10,0.06597400718123168
0.17727,7.611858399052058e-10,7.665234204362015e-10,1.1408956138582069e-09,9.719054874658259e-10,4.801213281626894e-10,-0.022049471683062427
0.17732,7.566070092677434e-10,7.666597643619754e-10,1.1410669573962182e-09,9.720598661410665e-10,4.80243993045424e-10,-0.04192751158925201
0.17738,7.156327830268956e-10,7.675855546793459e-10,1.1418877288156036e-09,9.72907011069137e-10,4.81484860230206e-10,-0.21174048139215898
0.17744,6.354971578705286e-10,7.68111642385862e-10,1.142360052175767e-09,9.733918058436818e-10,4.82183876663798e-10,-0.5151627575137873
0.17749,5.977417269959973e-10,7.655250691841746e-10,1.140434096652831e-09,9.712412844153906e-10,4.782772900158408e-10,-0.6448096641488721
0.17755,6.024557438289699e-10,7.650705759179011e-10,1.1401429768572898e-09,9.7081866806226e-10,4.779191239357958e-10,-0.6279666586531796
0.17761,6.329476197418569e-10,7.660036206468406e-10,1.14048912425888e-09,9.71461906618307e-10,4.793592481273279e-10,-0.5225863727021892
0.17766,6.654699473002486e-10,7.652964332567773e-10,1.1399776202337405e-09,9.708807499745924e-10,4.782856527744542e-10,-0.40409689753199407
0.17772,6.866410993427434e-10,7.652319049744657e-10,1.1399824130065962e-09,9.708591408096996e-10,4.781220400197092e-10,-0.3241009227606235
0.17778,6.806328510166068e-10,7.658863140878439e-10,1.1403799974486771e-09,9.713521937466108e-10,4.792018487464549e-10,-0.34701365496184755
0.17783,7.126238996237499e-10,7.672343013360434e-10,1.1412675220360472e-09,9.724054865166404e-10,4.813723964987909e-10,-0.22205427367778793
0.17789,7.481321847666298e-10,7.658709347803824e-10,1.140308490365215e-09,9.713035218010643e-10,4.792565829677489e-10,-0.07648743215942476
0.17795,7.921565537269463e-10,7.654348745906496e-10,1.1390840214267998e-09,9.70412877955995e-10,4.796674722123621e-10,0.118747523400727
0.178,8.220999417583258e-10,7.663207654698247e-10,1.1403454913753568e-09,9.715025730417527e-10,4.802906126089953e-10,0.25055800973170606
0.17806,8.444600831579397e-10,7.648852120198347e-10,1.1394041463445692e-09,9.703841756385468e-10,4.779701803554504e-10,0.35488870084046176
0.17811,8.675857576984028e-10,7.674225067529552e-10,1.1411305920806007e-09,9.723976199849143e-10,4.819997639427482e-10,0.4657473059734928
0.17817,8.700039939118124e-10,7.666033227260491e-10,1.140590839975532e-09,9.717580969102602e-10,4.806756875596689e-10,0.47750497506595424
0.17823,8.405598518069465e-10,7.667289534407817e-10,1.1405779468974064e-09,9.718001671111898e-10,4.809913473817266e-10,0.33686712903052773
0.17828,8.049977416364127e-10,7.691781134116552e-10,1.1426701683100992e-09,9.740777598334438e-10,4.815303890350094e-10,0.15887969451411757
0.17834,7.728335165726383e-10,7.658474546935772e-10,1.1399812108845702e-09,9.71102332033568e-10,4.795882538636622e-10,0.030439190316132136
0.1784,7.738799508643661e-10,7.659693900866679e-10,1.1400932334388436e-09,9.712162194112017e-10,4.7974689672133e-10,0.03481060631886648
0.17846,7.739090766952947e-10,7.650051969829429e-10,1.1388534184656716e-09,9.701075113272243e-10,4.789155159120414e-10,0.03812943962034891
0.17851,7.650491777670355e-10,7.659332195591528e-10,1.1402389777150114e-09,9.71287523600037e-10,4.794875933474271e-10,-0.004163305992268601
0.17857,7.071753237248795e-10,7.64696293306545e-10,1.139367608532214e-09,9.702883386123239e-10,4.775610951094927e-10,-0.24279463740899174
0.17863,6.36097165684744e-10,7.648734904600779e-10,1.1388062957939299e-09,9.700288683142863e-10,4.786504413332229e-10,-0.5080428709820126
0.17868,5.992603174734128e-10,7.667114108030565e-10,1.1406691254579606e-09,9.718469706710894e-10,4.808397002603585e-10,-0.6379183999872361
0.17874,6.291083147025003e-10,7.666372146481305e-10,1.1400396243564243e-09,9.714481522637361e-10,4.814120884730539e-10,-0.533037706792466
0.1788,6.907029056806261e-10,7.659635435949189e-10,1.139586692903282e-09,9.709166318718019e-10,4.803353591636351e-10,-0.30467825924096037
0.17885,7.268838681398516e-10,7.667907094678586e-10,1.1407229421163995e-09,9.719096048046446e-10,4.809671752485484e-10,-0.16332416078518322
0.17891,7.502602410083409e-10,7.652066273792796e-10,1.1389944921697086e-09,9.7027040444122e-10,4.792264718335002e-10,-0.06317985167815432
0.17897,7.994270597477998e-10,7.653947909328817e-10,1.1391412366449854e-09,9.70430650765018e-10,4.795033856177977e-10,0.15079590824741834
0.17902,8.584155083270561e-10,7.674295999331522e-10,1.1411046019078854e-09,9.723852945491678e-10,4.820472686184839e-10,0.4215562020965758
0.17908,9.208881967871427e-10,7.656320018699203e-10,1.1392490978108044e-09,9.70587507211956e-10,4.799436174818188e-10,0.7382845648588501
0.17914,9.236666636624815e-10,7.644783146868131e-10,1.1385087222017748e-09,9.696980072959467e-10,4.780601024981672e-10,0.7524212045603496
0.17919,8.801595432187397e-10,7.67164887108263e-10,1.1409465472316178e-09,9.721881487303865e-10,4.816001408807838e-10,0.5274677111982516
0.17925,7.732615422078459e-10,7.662793825885284e-10,1.1403644747180987e-09,9.714975886738564e-10,4.801676635904785e-10,0.03175385632494486
0.17931,7.181332646199722e-10,7.651956928081792e-10,1.1396132763722982e-09,9.7062944693382e-10,4.784642524593837e-10,-0.1986253918882095
0.17937,7.079314854547354e-10,7.653956301217884e-10,1.1390959554076373e-09,9.704046753796413e-10,4.795576031608532e-10,-0.2365055836847278
0.17942,7.40500648186594e-10,7.663407431473724e-10,1.1403127953018518e-09,9.714915667113541e-10,4.803755457681728e-10,-0.10678446835440455
0.17948,7.537548632009995e-10,7.661261746388126e-10,1.1401462789622804e-09,9.713092177482844e-10,4.800593104328669e-10,-0.05111925949929403
0.17954,7.311269360628833e-10,7.646950784108664e-10,1.138573456524502e-09,9.698217352921257e-10,4.785005560314181e-10,-0.14245227140559194
0.17959,6.931615938241026e-10,7.653220909707564e-10,1.13965857673617e-09,9.707058434636949e-10,4.787131983404065e-10,-0.2972950311007288
0.17965,6.406617175575471e-10,7.64997887400419e-10,1.1394418256753375e-09,9.704507551070792e-10,4.781947966818612e-10,-0.4936927084940334
0.17971,6.496296000640086e-10,7.653668142593104e-10,1.1390650559988748e-09,9.703751073617294e-10,4.795257213388855e-10,-0.4588795056394223
0.17976,7.153377176019964e-10,7.649160026233039e-10,1.139370072070546e-09,9.703763145920167e-10,4.780842400330566e-10,-0.2095959400856828
0.17982,8.181569396686971e-10,7.646680949383639e-10,1.1385600071647616e-09,9.698030684576408e-10,4.784527195177146e-10,0.23647799102459485
0.17988,8.903983101125019e-10,7.634575478730009e-10,1.1377849222384738e-09,9.688706780744597e-10,4.764772703566264e-10,0.583055078198219
0.17994,9.134314038182456e-10,7.655235946035528e-10,1.139815517557715e-09,9.708774039114456e-10,4.790093109144726e-10,0.6950519843023343
0.17999,9.018483314061077e-10,7.645894019032064e-10,1.139222341386825e-09,9.701607409233504e-10,4.77478851752449e-10,0.6358013967189959
0.18005,8.356229856140116e-10,7.672262559933995e-10,1.1410678992351003e-09,9.722842174086062e-10,4.815974247806121e-10,0.31264268173905474
0.18011,7.509670151445121e-10,7.658996090757169e-10,1.1401222013655772e-09,9.712056396011273e-10,4.795456938643779e-10,-0.06355478313654823
0.18017,6.80571342431627e-10,7.658316527561759e-10,1.1393686733457554e-09,9.707364980003904e-10,4.802795708253448e-10,-0.3431645450147283
0.18022,6.355647640303193e-10,7.644307826699116e-10,1.1390410357422968e-09,9.699917642715645e-10,4.773146344574323e-10,-0.5118500782139799
0.18028,5.901954138569126e-10,7.638762771857264e-10,1.13806553219713e-09,9.692006271536378e-10,4.77144831472619e-10,-0.6659566164980874
0.18034,6.055504596970849e-10,7.634183060848125e-10,1.1377942305431033e-09,9.688615406689876e-10,4.763687245555358e-10,-0.6144740501419871
0.18039,6.515062088902726e-10,7.669602879632671e-10,1.1409019771526702e-09,9.720803487613898e-10,4.811674777111515e-10,-0.4549037459873976
0.18045,7.128019704607941e-10,7.649470260759042e-10,1.1389393935030447e-09,9.701357275241648e-10,4.786699815786538e-10,-0.21771782195206568
0.18051,7.495025279623388e-10,7.65808680608665e-10,1.1401930439578101e-09,9.712113806674855e-10,4.792436249958668e-10,-0.07037241240978206
0.18057,7.684040010651399e-10,7.662976463618101e-10,1.140634041581776e-09,9.716638777920062e-10,4.798851291356789e-10,0.009400433257296975
0.18062,8.057317106353537e-10,7.656923861612959e-10,1.1402252999314233e-09,9.711882110121753e-10,4.789131483816598e-10,0.17389677289377298
0.18068,8.58631493147367e-10,7.642832906696819e-10,1.1390815001003676e-09,9.699560905841903e-10,4.76920039559492e-10,0.4219956613671522
0.18074,9.457177082782246e-10,7.680203049065332e-10,1.1414810201177478e-09,9.728390344076897e-10,4.829664716426388e-10,0.8625891570773779
0.1808,9.882296973556652e-10,7.65147165394019e-10,1.1395755621442298e-09,9.705880704818078e-10,4.783935150120861e-10,1.0938350989990744
0.18085,9.890163640356261e-10,7.661629189050346e-10,1.1403348228034273e-09,9.71434177442758e-10,4.799243364954604e-10,1.0975443863079086
0.18091,9.382893417779983e-10,7.63673895992716e-10,1.1386742354306773e-09,9.69477554923348e-10,4.759432776293098e-10,0.8232566239727805
0.18097,8.427611101472616e-10,7.661106451111195e-10,1.1403446557886437e-09,9.714192986794106e-10,4.797875806264398e-10,0.34614177508592736
0.18103,7.479638274492924e-10,7.657064777251666e-10,1.1400461320174846e-09,9.710848290873947e-10,4.791735561941928e-10,-0.0764379790314429
0.18108,6.803928044278955e-10,7.65672995828719e-10,1.140173234101954e-09,9.711469737306338e-10,4.789293494976698e-10,-0.34769225371107143
0.18114,5.898755765278219e-10,7.678944598727131e-10,1.141615410170507e-09,9.728681125089697e-10,4.825559336490776e-10,-0.6696540990781907
0.1812,4.764472872983453e-10,7.643773574242616e-10,1.1397168917153152e-09,9.70368177899176e-10,4.764472872983453e-10,-1.0126870517101327
0.18126,4.778813276532215e-10,7.649688878139727e-10,1.1396478827885522e-09,9.705602119277381e-10,4.778813276532215e-10,-1.2713490419700768
0.18131,4.774040454190608e-10,7.647215288860263e-10,1.1395520813187325e-09,9.704063525341946e-10,4.774040454190608e-10,-1.2978162349214901
0.18137,4.786922949574308e-10,7.655919937681063e-10,1.1402199695163989e-09,9.711418520548887e-10,4.786922949574308e-10,-1.0069150103951454
0.18143,6.544916913902872e-10,7.660013379420074e-10,1.141088400916116e-09,9.718130215384347e-10,4.786409905219453e-10,-0.4471800316730604
0.18149,7.7639352483962e-10,7.685088376933592e-10,1.1435837951405545e-09,9.742699598729221e-10,4.816550563029718e-10,0.03591896474594082
0.18154,8.490454745691928e-10,7.699446560668755e-10,1.1449956249557325e-09,9.756611456169807e-10,4.83444943460435e-10,0.3625335252851416
0.1816,9.310583712827611e-10,7.688672779502286e-10,1.1448299439582375e-09,9.75138996594658e-10,4.810596023585412e-10,0.764864004237238
0.18166,1.0069159650560134e-09,7.728058878036978e-10,1.148116994122325e-09,9.78620837843098e-10,4.865986911420401e-10,1.167674157152974
0.18172,1.0510743327467835e-09,7.728387334788496e-10,1.152140868759306e-09,9.809959574332609e-10,4.818888983360789e-10,1.3811983488551627
0.18178,1.0356330948300976e-09,7.761848139578578e-10,1.1545147988397905e-09,9.83706448320353e-10,4.871020346847483e-10,1.2921144766356643
0.18183,9.665396274617732e-10,7.742262652221112e-10,1.1533759420351407e-09,9.822661967092032e-10,4.837517051114325e-10,0.9116845825475574
0.18189,8.258370544036778e-10,7.753651975646681e-10,1.154054844426181e-09,9.83115748633765e-10,4.856608554114819e-10,0.22199656791261738
0.18195,7.103648092619596e-10,7.75475368102931e-10,1.154066055707474e-09,9.831661201205162e-10,4.859108132161641e-10,-0.26329146427227934
0.18201,5.40618232113782e-10,7.773172311756568e-10,1.1563377898495853e-09,9.852265997810133e-10,4.876149406191616e-10,-0.8472957180199412
0.18206,4.855869222070363e-10,7.760596786600997e-10,1.1555146540934022e-09,9.842468440593483e-10,4.855869222070363e-10,-1.0460581082127467
0.18212,4.880631616382716e-10,7.775584304634209e-10,1.1564327255620044e-09,9.853803001186982e-10,4.880631616382716e-10,-1.1084382529667673
0.18218,4.899763213732512e-10,7.787072584860322e-10,1.1571640527471762e-09,9.862584919584863e-10,4.899763213732512e-10,-1.0120865535828822
0.18224,5.990661876759817e-10,7.749767757396411e-10,1.1547081127634552e-09,9.833367029743194e-10,4.839883938917115e-10,-0.6652271731715435
0.1823,6.924839885300029e-10,7.764372753767624e-10,1.1557293634288489e-09,9.845216629442187e-10,4.862367280497308e-10,-0.3361843344711054
0.18235,7.767349123076158e-10,7.763820140203541e-10,1.1557492648240608e-09,9.845115128930409e-10,4.860809317768538e-10,0.0013191743061319087
0.18241,8.349675492519832e-10,7.77523767520972e-10,1.1565065973543246e-09,9.85406529491337e-10,4.879164961613297e-10,0.2574233059766367
0.18247,8.959101074611849e-10,7.776847685208857e-10,1.156618226587266e-09,9.855349353363138e-10,4.881721517504923e-10,0.5452457710552364
0.18253,9.795160175045198e-10,7.752774922757205e-10,1.1552728967688245e-09,9.83795996586514e-10,4.840059187409438e-10,0.9708615199924325
0.18259,1.0458101593174317e-09,7.778962430206553e-10,1.1570936889439175e-09,9.858971386135e-10,4.881129077242748e-10,1.3363315736648582
0.18264,1.0712705933663872e-09,7.754398007515756e-10,1.1554566365103121e-09,9.839679915771172e-10,4.841751089035039e-10,1.483124487060235
0.1827,1.0550014452796755e-09,7.781712565677945e-10,1.1574578129984305e-09,9.862195007974619e-10,4.883399704972087e-10,1.3872627406793878
0.18276,8.947591959660586e-10,7.763586138532238e-10,1.156215747684386e-09,9.84775677485863e-10,4.854731937453113e-10,0.5363000541291286
0.18282,6.587059993354585e-10,7.766079374873855e-10,1.1563594303778274e-09,9.849585101511491e-10,4.858982687893479e-10,-0.46265495596451384
0.18288,4.90611370217723e-10,7.795155839498912e-10,1.158260854319767e-09,9.872208653863186e-10,4.90611370217723e-10,-1.2204501911354573
0.18293,4.87028150776223e-10,7.772735599927631e-10,1.1567503858848394e-09,9.854504763497293e-10,4.87028150776223e-10,-1.5691675923119395
0.18299,4.856383559886407e-10,7.765118867533343e-10,1.1563833243312351e-09,9.849349477617328e-10,4.856383559886407e-10,-1.7137967922405273
0.18305,4.893189847190396e-10,7.790190360861767e-10,1.158341340114817e-09,9.870724004286474e-10,4.893189847190396e-10,-1.645893404223486
0.18311,4.823348174342623e-10,7.747170507153181e-10,1.155554159496603e-09,9.837400819967165e-10,4.823348174342623e-10,-1.635837303975394
0.18317,4.887049945595251e-10,7.78852906846248e-10,1.1585336231371128e-09,9.871199392372734e-10,4.887049945595251e-10,-1.1050018700598148
0.18322,7.18482095446652e-10,7.777000193687774e-10,1.1578292451206724e-09,9.862518312261665e-10,4.867663840058381e-10,-0.2416156694789141
0.18328,9.639875277498308e-10,7.7601229070327e-10,1.156588983334191e-09,9.848582994273407e-10,4.842018602065883e-10,0.8819908920130651
0.18334,1.131181233891718e-09,7.798448002433791e-10,1.1589611051508142e-09,9.87761669145512e-10,4.905666615715862e-10,1.8367353341730934
0.1834,1.2274644182584619e-09,7.733834843255607e-10,1.1543187128613414e-09,9.824886477529661e-10,4.806175215242403e-10,2.4584479700129096
0.18346,1.2367719720024592e-09,7.799113725425802e-10,1.1587464382924037e-09,9.876618679543012e-10,4.909836058921411e-10,2.5204467291624457
0.18352,1.1896192340774658e-09,7.783288616776637e-10,1.156945887144592e-09,9.859814139977027e-10,4.893301529247115e-10,2.217933404171533
0.18357,1.0501042210729371e-09,7.715188462515328e-10,1.1491548703827171e-09,9.787223647772554e-10,4.82278499520715e-10,1.3958426707747662
0.18363,7.791901037964956e-10,7.722615472603787e-10,1.1498688518001594e-09,9.7943490527142e-10,4.832017825720594e-10,0.028106981584733105
0.18369,4.792878405900836e-10,7.691078163445947e-10,1.146810488851461e-09,9.763961988123116e-10,4.792878405900836e-10,-1.2589717175647692
0.18375,4.876440458991049e-10,7.745665084651096e-10,1.1507840221768928e-09,9.808807355994401e-10,4.876440458991049e-10,-1.934075594688581
0.18381,4.829240406963863e-10,7.714531059700583e-10,1.1484714299432147e-09,9.782962572951447e-10,4.829240406963863e-10,-2.3718485253030215
0.18387,4.871996772000173e-10,7.736163827700472e-10,1.1492432241477958e-09,9.7960183276356e-10,4.871996772000173e-10,-2.4682467874136274
0.18392,4.879159266649545e-10,7.745570790470641e-10,1.1505381631641403e-09,9.8073259555691e-10,4.879159266649545e-10,-2.32451999476974
0.18398,4.787870929305565e-10,7.689525747975002e-10,1.1469234450225996e-09,9.76400758470693e-10,4.787870929305565e-10,-1.9580911092487159
0.18404,4.897985616578906e-10,7.7349794409599e-10,1.1505127491465612e-09,9.803005505717698e-10,4.853972022111445e-10,-0.9834001842313804
0.1841,9.320168801856925e-10,7.745466112611184e-10,1.1517694876317236e-09,9.814516450466393e-10,4.864332208662351e-10,0.7460010323805824
0.18416,1.1428597298174923e-09,7.755172933879457e-10,1.1514723262530246e-09,9.816602239015444e-10,4.891071722089572e-10,1.9607375130377298
0.18422,1.1661551521772837e-09,7.732700022289704e-10,1.1494345249218803e-09,9.795699986463032e-10,4.862761635542566e-10,2.1177732202458666
0.18428,1.1675056968865587e-09,7.753052364457093e-10,1.1513707168023677e-09,9.815164948455595e-10,4.887189333576908e-10,2.117409518114375
0.18433,1.1259982498256098e-09,7.723075729061462e-10,1.1493592340942178e-09,9.79154291678211e-10,4.839155689194789e-10,1.854793191227885
0.18439,1.0542369653094337e-09,7.709495424866898e-10,1.1485739364010204e-09,9.781577142452704e-10,4.81598026857036e-10,1.4216867763600332
0.18445,9.033825265836174e-10,7.705322358433609e-10,1.1486507797409402e-09,9.779298502683627e-10,4.806906131154271e-10,0.6051828254666687
0.18451,7.488820051759083e-10,7.727652509312325e-10,1.149799809343091e-09,9.795932583364258e-10,4.844893334520686e-10,-0.09744673318075325
0.18457,6.430737667566818e-10,7.706852286809742e-10,1.1481863615881078e-09,9.778260766695633e-10,4.814251112818174e-10,-0.5030490232680372
0.18463,5.210885563036151e-10,7.687678342279145e-10,1.1463278810844342e-09,9.759788627770799e-10,4.790472659627919e-10,-0.8937711184534248
0.185,,,,,,
0.18527,7.563263178758236e-10,7.75321309787751e-10,1.1546724604083957e-09,9.834606985804624e-10,4.84823148330165e-10,-0.08218944696653062
0.18533,4.808766151061522e-10,7.727963238015946e-10,1.1529114124739851e-09,9.814313359260366e-10,4.808766151061522e-10,-1.938541685092346
0.18539,4.829904585229891e-10,7.737525386578859e-10,1.1530545743483168e-09,9.818924850323632e-10,4.829904585229891e-10,-3.007080149924369
0.18545,5.135245811527199e-10,7.923835240341977e-10,1.1652122159425917e-09,9.963597916545686e-10,5.135245811527199e-10,-3.7069459690949786
0.18551,5.112954578192812e-10,7.913177809875936e-10,1.1648799110106975e-09,9.957458506179146e-10,5.112954578192812e-10,-3.073532667556237
0.18557,4.885506393123445e-10,7.772081485870168e-10,1.1553375085773246e-09,9.84595957540461e-10,4.885506393123445e-10,-1.6252026899962468
0.18563,6.077518759361183e-10,7.733665379761068e-10,1.1526702126033626e-09,9.815149603199295e-10,4.825213684438954e-10,-0.6336465933388796
0.18568,9.176852315767777e-10,7.748790089652376e-10,1.1549879880043115e-09,9.832545155822858e-10,4.838150168196647e-10,0.6537774176110802
0.18574,1.2937839954235088e-09,7.598676432234384e-10,1.143873028678357e-09,9.710155811399477e-10,4.609861936099203e-10,2.930538288831002
0.1858,1.3832537013556774e-09,7.714493267595553e-10,1.1507628421535406e-09,9.79638283786608e-10,4.802085939282156e-10,3.603655367386971
0.18586,1.3465212813714176e-09,7.815722145577567e-10,1.1576635161568846e-09,9.87678455690048e-10,4.963057665439221e-10,3.3264595752252357
0.18592,1.204836842608529e-09,7.782827592922965e-10,1.1561893434094175e-09,9.85514311186763e-10,4.901253669784235e-10,2.3263936670624057
0.18598,8.549799287639533e-10,7.7648389172521e-10,1.1547282098427783e-09,9.839516502085662e-10,4.875447771766111e-10,0.35652457181503117
0.18604,4.825928093884977e-10,7.727220478055958e-10,1.1513120678630115e-09,9.804632613720554e-10,4.825928093884977e-10,-1.2462014539876252
0.1861,4.85912533194249e-10,7.748892213847342e-10,1.1528872275289383e-09,9.822421153264091e-10,4.85912533194249e-10,-2.386570996528873
0.18616,4.801170855015549e-10,7.709306678103691e-10,1.1497883304709627e-09,9.788627552098173e-10,4.801170855015549e-10,-3.1670090042960113
0.18622,4.813102023036362e-10,7.713878479487493e-10,1.1496992866516771e-09,9.789913859245104e-10,4.813102023036362e-10,-2.8889596735400858
0.18627,4.837103929852527e-10,7.734835034014222e-10,1.1519002178041691e-09,9.811097560286005e-10,4.837103929852527e-10,-2.224379755964758
0.18633,4.82011472196637e-10,7.7273339512434e-10,1.151835131257609e-09,9.807729124988016e-10,4.82011472196637e-10,-1.150139960432968
0.18639,7.69009185499964e-10,7.742928377483148e-10,1.1525342601807856e-09,9.818010213056941e-10,4.848954378164283e-10,-0.022007092082592387
0.18645,1.1021236392444478e-09,7.72628060155873e-10,1.151154889427635e-09,9.803341821622643e-10,4.825540471438136e-10,1.6912417686528138
0.18651,1.2580655928012235e-09,7.720506589485336e-10,1.1504877657696108e-09,9.797144387717026e-10,4.819661007400438e-10,2.7059767588015737
0.18657,1.282713466884349e-09,7.73450250549812e-10,1.1511383425902971e-09,9.806487066673238e-10,4.845408462225988e-10,2.882259364092766
0.18663,1.213860023074662e-09,7.682664725704858e-10,1.1468013021707114e-09,9.760579418371495e-10,4.772997451932815e-10,2.4201355551868358
0.18669,1.0901683685002475e-09,7.758126488436795e-10,1.1526022603044447e-09,9.824393253819124e-10,4.884683826371377e-10,1.6262990015107048
0.18675,8.644010989811428e-10,7.741190256265294e-10,1.1516821967995482e-09,9.812320684139954e-10,4.854943134631905e-10,0.4103404270293504
0.18681,5.202281265668272e-10,7.731197720960997e-10,1.1503386313825396e-09,9.800492262767958e-10,4.846984171192431e-10,-0.898848215607928
0.18687,4.787154432015425e-10,7.695540633951825e-10,1.1481969527366227e-09,9.773856951384057e-10,4.787154432015425e-10,-1.6862766776906897
0.18693,4.852805707383724e-10,7.733930409528201e-10,1.1503996987642424e-09,9.801929137918154e-10,4.852805707383724e-10,-2.362145861701977
0.18699,4.799925863107053e-10,7.695968438491038e-10,1.1472026183038668e-09,9.768190030450543e-10,4.799925863107053e-10,-2.0497102032668155
0.18704,4.871441775876877e-10,7.747448362055949e-10,1.1515699007747843e-09,9.814112739678165e-10,4.871441775876877e-10,-1.187107283853286
0.1871,7.216307088653125e-10,7.731805633789772e-10,1.150438605196645e-09,9.801315302789063e-10,4.84727325160944e-10,-0.20966462758633722
0.18716,9.184184552356337e-10,7.714673702307708e-10,1.1491521454538271e-09,9.787012242037422e-10,4.821517936573839e-10,0.6807674224987611
0.18722,9.861720528098525e-10,7.732672192629523e-10,1.1502399545130477e-09,9.800491853207415e-10,4.85171543732155e-10,1.0375936291478927
0.18728,9.86172777267662e-10,7.732681431866143e-10,1.1500915330817723e-09,9.799625996167875e-10,4.853495142230832e-10,1.0388449215120898
0.18734,9.021440156047056e-10,7.731414321230819e-10,1.1499860273230568e-09,9.79851307311914e-10,4.851697594884359e-10,0.6011125256034668
0.1874,8.127881126318433e-10,7.709120230909917e-10,1.1484412131465202e-09,9.780649083607114e-10,4.816663366360059e-10,0.17846919166446779
0.18746,7.879158186650452e-10,7.720767069591987e-10,1.1492237208138255e-09,9.78983481610794e-10,4.835251107716639e-10,0.0686456052866005
0.18752,7.295539283466179e-10,7.714711230266346e-10,1.148788672334158e-09,9.784896074939194e-10,4.825899807921424e-10,-0.175660723624765
0.18758,6.72834588527357e-10,7.717089888776257e-10,1.1489789914970418e-09,9.787059127099039e-10,4.829311541046715e-10,-0.39536587782854643
0.18764,6.634176208118337e-10,7.702220668295821e-10,1.147886507226305e-09,9.77467477674789e-10,4.806731468766212e-10,-0.42968651154642984
0.1877,7.140758821502317e-10,7.710822575964337e-10,1.1483847537182908e-09,9.780990307250678e-10,4.82139802100673e-10,-0.23669285896981762
0.18776,7.790667633953256e-10,7.712094073772547e-10,1.1483924533966958e-09,9.78153517746685e-10,4.824360059788902e-10,0.0316365011057691
0.18782,8.023064841560755e-10,7.722931537394552e-10,1.149004694318726e-09,9.789401524151335e-10,4.843052345829517e-10,0.1338242987927362
0.18788,8.140114201115983e-10,7.699386530975377e-10,1.1468531513602495e-09,9.767489014376133e-10,4.812224180069774e-10,0.18941873467025913
0.18794,8.354261700550839e-10,7.726494883230697e-10,1.1493621765726756e-09,9.792905015377283e-10,4.847342073288596e-10,0.28299147681788095
0.188,8.48170100841056e-10,7.720568319344489e-10,1.1489445831690506e-09,9.788117663730486e-10,4.83809074965236e-10,0.3424018489116338
0.18806,8.078979688798984e-10,7.701242067069418e-10,1.146904222809485e-09,9.768521785971602e-10,4.816051586227659e-10,0.1624069272063097
0.18812,7.256045057433419e-10,7.722117334601241e-10,1.1488365160397263e-09,9.788094753226886e-10,4.84309318121796e-10,-0.1894249459902385
0.18818,5.818465952621254e-10,7.704462020997141e-10,1.1469666785761524e-09,9.770158167621816e-10,4.823016437065214e-10,-0.7069830694873408
0.18824,5.05125641325149e-10,7.680653977483348e-10,1.1453426943133005e-09,9.751234228649562e-10,4.785371721835737e-10,-0.9379295309133984
0.1883,5.547084514289586e-10,7.730732788611181e-10,1.1493965803886815e-09,9.79477767405479e-10,4.857106965553838e-10,-0.7942130577217205
0.18835,7.105150310248013e-10,7.703456418783448e-10,1.147580273301572e-09,9.773362967387088e-10,4.81332570773446e-10,-0.24931224521764814
0.18841,8.794107905309002e-10,7.700334319273187e-10,1.1472974520725624e-09,9.770470333005932e-10,4.809222269876832e-10,0.4934203056123243
0.18847,9.696211017462378e-10,7.730507043139441e-10,1.1492398301929466e-09,9.79376781180511e-10,4.85843928208846e-10,0.9552988546384937
0.18853,9.540689532001352e-10,7.734943842534625e-10,1.149587064450666e-09,9.79755575815045e-10,4.864953877008289e-10,0.872124823265898
0.18859,8.762773159548844e-10,7.701218105428377e-10,1.14743433877695e-09,9.771624176004458e-10,4.809701363281588e-10,0.47767641523977067
0.18865,7.785275016729773e-10,7.715929952920568e-10,1.1484993467730232e-09,9.783677853459304e-10,4.83225965275175e-10,0.030166152410202082
0.18871,6.931018796630361e-10,7.710344250918193e-10,1.1481702581677152e-09,9.77954049856567e-10,4.822813313384352e-10,-0.3174343931620357
0.18877,7.628862943870892e-10,7.7181461876808e-10,1.1487510498483837e-09,9.786024916888226e-10,4.834603757284784e-10,-0.0369596310023142
0.18883,8.688118834344733e-10,7.722923107003787e-10,1.1490362260983137e-09,9.78958172921461e-10,4.842666172514925e-10,0.440757280691493
0.18889,9.37375075364441e-10,7.719390909427929e-10,1.1487265527327415e-09,9.786369916978805e-10,4.837887114629389e-10,0.7834992040409734
0.18895,9.168575785041949e-10,7.696085132545959e-10,1.1471294084390519e-09,9.767800820000604e-10,4.801103229259348e-10,0.6785427481991839
0.18901,8.242876809850008e-10,7.712241558147989e-10,1.1482587056909488e-09,9.78080900015209e-10,4.826297982564077e-10,0.23282785100697231
0.18907,7.000919735373064e-10,7.71604613248548e-10,1.1485297732490976e-09,9.78390156883473e-10,4.832181399127348e-10,-0.29043506265468255
0.18913,5.906458006300336e-10,7.771128307483023e-10,1.1557663506902168e-09,9.848097102741872e-10,4.878129781756618e-10,-0.6915294704871149
0.18919,5.58907647321973e-10,7.760918673954455e-10,1.1560081715975884e-09,9.845490792748855e-10,4.850790603933349e-10,-0.7937282298710043
0.18925,6.376635476820224e-10,7.774806245200915e-10,1.1569333662252675e-09,9.856397396887692e-10,4.87305403288418e-10,-0.5369398773481249
0.18931,7.353236182175204e-10,7.769295867750824e-10,1.1565737696336855e-09,9.852113044048943e-10,4.8641305112248e-10,-0.17164253570949936
0.18937,8.042057097596957e-10,7.778980429575249e-10,1.1573486402801054e-09,9.860481351484576e-10,4.878117740553108e-10,0.11654885383298211
0.18943,8.331758709736564e-10,7.781910005415935e-10,1.1575857632364445e-09,9.86302857298653e-10,4.882319806742393e-10,0.245503720760912
0.18949,8.332127205312785e-10,7.782304536616065e-10,1.1575310519323321e-09,9.862859670817826e-10,4.883938612320562e-10,0.246154212022789
0.18955,8.06412845763767e-10,7.765582390308971e-10,1.1563129184102206e-09,9.849115537408103e-10,4.858349875777701e-10,0.12703753818015626
0.18961,7.841634092348203e-10,7.772791853030524e-10,1.1567367143301382e-09,9.854445080425425e-10,4.870587698336954e-10,0.030900088855318766
0.18967,7.898689248255941e-10,7.766664812688672e-10,1.1563084129164952e-09,9.849515450106127e-10,4.860998095611367e-10,0.05550176804254388
0.18973,8.065521341459122e-10,7.767028813447756e-10,1.1563105822686394e-09,9.849671787422241e-10,4.861843681631203e-10,0.12821862350827046
0.18979,7.856786001208474e-10,7.769096183645831e-10,1.1564537182549453e-09,9.851328677305318e-10,4.865085184590317e-10,0.03760462898319977
0.18985,7.349092892593505e-10,7.765374573951203e-10,1.1561983756104054e-09,9.84836390494451e-10,4.859197007367263e-10,-0.17278010844318117
0.18991,6.624200241370494e-10,7.762525564968216e-10,1.1560213669256007e-09,9.84620151919123e-10,4.854478932836278e-10,-0.4489124401943825
0.18997,6.192365067271014e-10,7.783533350133569e-10,1.1574821042375076e-09,9.863058466312606e-10,4.887461779445645e-10,-0.5999081363661121
0.19004,7.261560783548862e-10,7.774059131118871e-10,1.1568392632132223e-09,9.855549882197947e-10,4.872386181787782e-10,-0.20789326379022666
0.1901,8.228705554269332e-10,7.769990412757592e-10,1.1565116855219155e-09,9.852024468442365e-10,4.86652053892068e-10,0.2006618842295878
0.19016,9.127521927946299e-10,7.774208037441032e-10,1.1567155069144982e-09,9.854882831026687e-10,4.874212161323619e-10,0.6264136515064869
0.19022,9.258817250515252e-10,7.760251792774782e-10,1.1557196235461282e-09,9.843533785783842e-10,4.852619564831275e-10,0.6926602467178767
0.19028,8.916835846238845e-10,7.766236333205916e-10,1.1561849926468857e-09,9.848623883377168e-10,4.861427416340192e-10,0.5227551044703255
0.19034,8.329227214703256e-10,7.779199581529895e-10,1.1570245652286056e-09,9.8586504576967e-10,4.882538762788375e-10,0.2466169275309637
0.1904,7.414438965448889e-10,7.765265543389294e-10,1.1560743827854896e-09,9.847591487030258e-10,4.860419093028272e-10,-0.14593203638337932
0.19046,6.674417725437929e-10,7.770953579622172e-10,1.1563965145345768e-09,9.85172522649031e-10,4.870226491295397e-10,-0.4299750556501939
0.19052,6.354665787882409e-10,7.756797626717873e-10,1.1553572522917043e-09,9.840046371020524e-10,4.848643835016841e-10,-0.543287868093361
0.19058,6.42737393728245e-10,7.778603374335271e-10,1.1568420740067938e-09,9.857356832702058e-10,4.883269220567038e-10,-0.5179879656854682
0.19064,6.717327710655551e-10,7.773956575328993e-10,1.1565178937203688e-09,9.853621696394017e-10,4.875974618499054e-10,-0.4139875930319995
0.1907,7.053200878664004e-10,7.763512955633858e-10,1.1558172347297057e-09,9.845391491744726e-10,4.859274776556917e-10,-0.2878370248509482
0.19076,7.396099565456402e-10,7.767942338287891e-10,1.156137488906107e-09,9.84901819288248e-10,4.866076876782154e-10,-0.15279003359793242
0.19082,7.688195877684835e-10,7.76701120339473e-10,1.1561810052681842e-09,9.848897097682853e-10,4.863374377731265e-10,-0.03312621717043784
0.19088,8.345835452337619e-10,7.771113785881006e-10,1.1563465316918297e-09,9.85149629489249e-10,4.871188406632683e-10,0.2550097653262377
0.19094,8.740602672116181e-10,7.781919268972269e-10,1.1570526298787117e-09,9.859899372075495e-10,4.888718242952147e-10,0.4390642621919318
0.191,8.960230153119124e-10,7.778148381889633e-10,1.1567882457475689e-09,9.856861378487434e-10,4.882811401395137e-10,0.5452208259817808
0.19106,8.895417943086265e-10,7.779111429428324e-10,1.1568880764390971e-09,9.857826552212419e-10,4.883937264841537e-10,0.5134106397977694
0.19112,8.544646972564999e-10,7.759165382804746e-10,1.1556306589365352e-09,9.842607497818734e-10,4.851279622890782e-10,0.3462122255458293
0.19118,8.272292610110902e-10,7.768478611937529e-10,1.156223467786461e-09,9.849733952902243e-10,4.866342427722999e-10,0.22137243745382712
0.19124,8.106451178845979e-10,7.771042846879119e-10,1.1564018671279329e-09,9.851792358999786e-10,4.870364700126734e-10,0.14724543687249197
0.1913,7.780975415676156e-10,7.764786113098334e-10,1.1559830839426166e-09,9.846867646540687e-10,4.860349134683182e-10,0.006201231595590475
0.19137,7.174591719419563e-10,7.76755084986524e-10,1.1561865883280997e-09,9.849142080649144e-10,4.864579517425663e-10,-0.24115672512354994
0.19143,6.564666282473704e-10,7.782819318124949e-10,1.1571113451647302e-09,9.860598882730112e-10,4.890179309508944e-10,-0.46926402945633705
0.19149,6.05940212449249e-10,7.761055864844896e-10,1.1557246639191076e-09,9.843879365531771e-10,4.854490784209225e-10,-0.643532392219497
0.19155,5.98541872984998e-10,7.78834340089737e-10,1.1576426411536391e-09,9.86589364465286e-10,4.897122778234906e-10,-0.6680644491079806
0.19161,6.532254669938147e-10,7.75550025538395e-10,1.1554714149328556e-09,9.84020207181135e-10,4.84420526186152e-10,-0.48158120228975365
0.19167,7.637576983571013e-10,7.771794625942668e-10,1.1565281638968187e-09,9.852829999373016e-10,4.87066475477585e-10,-0.05440023718890316
0.19173,8.281316464207872e-10,7.778086994704788e-10,1.1569068852353593e-09,9.85753422592251e-10,4.881271440019316e-10,0.22517311275486793
0.19179,8.814744559298702e-10,7.760302088666027e-10,1.155667069050762e-09,9.843246203489882e-10,4.853362946474975e-10,0.47418743454879864
0.19185,9.270914675810898e-10,7.774681339771508e-10,1.1566348033388732e-09,9.854593890002575e-10,4.87631956988549e-10,0.6991728699033369
0.19191,9.305197105868063e-10,7.771899530333753e-10,1.1565407129097952e-09,9.852944660402619e-10,4.87076809533278e-10,0.7158613239640245
0.19197,8.964476048623803e-10,7.783039167328979e-10,1.1573605371930087e-09,9.86214676756486e-10,4.887744600569465e-10,0.5456109350431645
0.19203,8.818423675001485e-10,7.764480856663561e-10,1.1560689909586564e-09,9.847247852198522e-10,4.858619474485135e-10,0.4751714315053404
0.19209,8.073889312188461e-10,7.775718018605493e-10,1.1567771276026555e-09,9.855838040294809e-10,4.877111583798023e-10,0.13249374485364
0.19216,7.833821104568764e-10,7.764909597068533e-10,1.1560892238630684e-09,9.847539495176426e-10,4.859382637232255e-10,0.02819857640685017
0.19222,7.657883670972305e-10,7.779683443746188e-10,1.1577210909028136e-09,9.862943742964199e-10,4.875373415816204e-10,-0.0492747749045577
0.19228,5.909102167864771e-10,7.773138196471149e-10,1.1583636112999924e-09,9.864137181492631e-10,4.852061334758666e-10,-0.698047267041454
0.19234,4.931084774274695e-10,7.839541673190114e-10,1.1651114511940044e-09,9.929902647542245e-10,4.931084774274695e-10,-1.0433055495255703
0.1924,4.935271390471277e-10,7.842339390538373e-10,1.1653203181341782e-09,9.932240530516174e-10,4.935271390471277e-10,-1.2794535558982396
0.19246,4.899930264531345e-10,7.826989335562123e-10,1.1651940044165e-09,9.9254493925136e-10,4.899930264531345e-10,-1.1421040088286956
0.19252,6.585515612729913e-10,7.836466110891521e-10,1.1657955305341302e-09,9.932734452871886e-10,4.915380503366511e-10,-0.48056045972089495
0.19258,7.88883555440663e-10,7.828985952422741e-10,1.1654304843515718e-09,9.927708860134499e-10,4.901316572575376e-10,0.024875403828716527
0.19264,8.87259887699196e-10,7.825955385361409e-10,1.1653203889705387e-09,9.925855798938208e-10,4.895467972290325e-10,0.46669334954422276
0.1927,1.0051791595696612e-09,7.815534874768242e-10,1.164958328020098e-09,9.919532104010462e-10,4.875456897599932e-10,1.0629721968647141
0.19277,1.0529462276233005e-09,7.814752496305119e-10,1.165309672857238e-09,9.91957092775687e-10,4.872710500818802e-10,1.3251421673591461
0.19283,1.0533341930622354e-09,7.819979090720143e-10,1.1669932380893847e-09,9.922283038482478e-10,4.885161831093648e-10,1.3309513555717278
0.19289,1.027015775315698e-09,7.821778261573356e-10,1.1648823033691353e-09,9.921544550679575e-10,4.891277806875416e-10,1.1863466913006402
0.19295,8.667888181874003e-10,7.83265986091815e-10,1.1655267503706909e-09,9.929635602371994e-10,4.909576803454372e-10,0.37229971539097706
0.19301,6.168512961382108e-10,7.805376229911462e-10,1.1635447092585029e-09,9.907253234804704e-10,4.867755610047309e-10,-0.6227808709793732
0.19307,4.922859397482167e-10,7.840936854125923e-10,1.1660740653647158e-09,9.936121681098755e-10,4.922859397482167e-10,-1.1128436215150235
0.19313,4.87882486999049e-10,7.816926811080991e-10,1.1649276733263542e-09,9.919955458234498e-10,4.87882486999049e-10,-1.7484018785771944
0.19319,4.955344683361675e-10,7.863797891982672e-10,1.1679569106052636e-09,9.956232734001394e-10,4.955344683361675e-10,-2.632520570246752
0.19325,4.875163217740378e-10,7.809088552231661e-10,1.1637159323204592e-09,9.909626331119531e-10,4.875163217740378e-10,-3.0912242597347035
0.19332,4.939162417968512e-10,7.853581466178088e-10,1.1672371194828456e-09,9.947933335596723e-10,4.939162417968512e-10,-1.5364760531493595
0.19338,9.977943271421495e-10,7.82794879783354e-10,1.1653408368922558e-09,9.926680312596926e-10,4.900607991495706e-10,1.027143864192576
0.19344,1.406595054048454e-09,7.733856630066531e-10,1.1591969054537878e-09,9.853703955152683e-10,4.748827985870614e-10,3.6651685033442143
0.1935,1.5324184508848898e-09,7.813485009028151e-10,1.1630081972338317e-09,9.90735360177607e-10,4.893205865058061e-10,4.68330051491429
0.19356,1.5669500877392797e-09,7.814088553627981e-10,1.1638532117667417e-09,9.912550698503106e-10,4.884618963387495e-10,4.954658194181041
0.19362,1.3684949735203307e-09,7.834877668197758e-10,1.165646508208772e-09,9.931191728313863e-10,4.91360524336186e-10,3.3841160331139224
0.19368,1.1150548774535586e-09,7.842613192596697e-10,1.1661387960368667e-09,9.937121944622725e-10,4.926354762273291e-10,1.6941534800891913
0.19375,6.582354948259873e-10,7.833810176824752e-10,1.1657916270568316e-09,9.93164004256798e-10,4.909183545405707e-10,-0.48227855509091105
0.19381,4.911493670419697e-10,7.832424801858896e-10,1.1656531738854194e-09,9.928080301203493e-10,4.911493670419697e-10,-1.9202080641205361
0.19387,4.855335491020586e-10,7.796823355071965e-10,1.162867294616838e-09,9.899907550571548e-10,4.855335491020586e-10,-2.5565153796537863
0.19393,4.920349983951108e-10,7.837694946864426e-10,1.1656269441114907e-09,9.932224003244558e-10,4.920349983951108e-10,-2.4012969611197312
0.19399,4.86293671280893e-10,7.800079303688529e-10,1.1628864068775235e-09,9.901293815847985e-10,4.86293671280893e-10,-2.250420056364667
0.19405,4.851662110369335e-10,7.793070475174338e-10,1.1624131778582785e-09,9.89573599752632e-10,4.851662110369335e-10,-1.6446741437800318
0.19411,4.939161161585392e-10,7.812830277881785e-10,1.1640220850070153e-09,9.912999837029435e-10,4.879892923019982e-10,-0.9895439819088493
0.19418,8.608875435771453e-10,7.829839833647968e-10,1.1650396885449343e-09,9.925668633877702e-10,4.908591655134856e-10,0.34676373406754446
0.19424,1.0226444752776586e-09,7.82113440052008e-10,1.1642600223242278e-09,9.91765552785221e-10,4.89683608690636e-10,1.1672605757368726
0.1943,1.0918514487280065e-09,7.847031333912864e-10,1.1657113467747197e-09,9.936382171543442e-10,4.941917888098794e-10,1.5635589181952276
0.19436,1.1063124902253267e-09,7.785916325804212e-10,1.1616357809562708e-09,9.888364512703747e-10,4.843975949970243e-10,1.648768201286984
0.19442,1.0520172164329917e-09,7.802230650207361e-10,1.1628143687358644e-09,9.901710940940626e-10,4.868982633818376e-10,1.3327695545149174
0.19448,1.0012231131918528e-09,7.818567467026285e-10,1.1638448358869627e-09,9.914208355955584e-10,4.895798964617404e-10,1.052735661084887
0.19454,9.303476460036206e-10,7.813480994491073e-10,1.163240407516452e-09,9.90865939004648e-10,4.890772269902213e-10,0.6862250186161004
0.19461,8.220029934211838e-10,7.806213887051767e-10,1.161811451663427e-09,9.897406934058447e-10,4.890346503095826e-10,0.18027063793721015
0.19467,7.040852789856747e-10,7.752296355657568e-10,1.1540943239656744e-09,9.830853712826023e-10,4.852894555228683e-10,-0.2884377901585032
0.19473,5.487426920885668e-10,7.688038569901783e-10,1.14563894621555e-09,9.755886001034093e-10,4.799489970703945e-10,-0.8100593575900977
0.19479,5.625444914970345e-10,7.695252458355935e-10,1.1441495124488973e-09,9.749990540242872e-10,4.834471782488014e-10,-0.7620052610638448
0.19485,4.857952482931104e-10,7.65786749440544e-10,1.141261955229239e-09,9.718304832000047e-10,4.779209087118655e-10,-0.9856871615216086
0.19492,4.985282283606357e-10,7.688225305070456e-10,1.1428944050569618e-09,9.739925056692933e-10,4.831151043950732e-10,-0.9499853896546073
0.19498,5.157456468907895e-10,7.651563709490442e-10,1.1399415081797227e-09,9.708087933787721e-10,4.779698268116558e-10,-0.8997942309981946
0.19504,5.82637055920961e-10,7.623481125125322e-10,1.1345439243051692e-09,9.665428854396483e-10,4.775600151385849e-10,-0.6834913974973058
0.1951,6.705342438034695e-10,7.538459713617964e-10,1.1223941849526675e-09,9.560472855261123e-10,4.717422869309638e-10,-0.3444183654831133
0.19516,7.758487806407324e-10,7.466899316337101e-10,1.111985202996857e-09,9.471152418703346e-10,4.669694462151745e-10,0.1282287088612118
0.19522,8.689821098296898e-10,7.465042436197738e-10,1.1118943428847507e-09,9.469891120273856e-10,4.66637838080786e-10,0.5792441515243933
0.19529,9.643647308351171e-10,7.452558008644737e-10,1.11027903623259e-09,9.455490891610089e-10,4.6556564911725093e-10,1.1012575660787842
0.19535,9.988035093064384e-10,7.44747742363955e-10,1.1106480135707643e-09,9.455646325966502e-10,4.6391917854082673e-10,1.293990133841834
0.19541,9.557424850984383e-10,7.340644198335721e-10,1.092940310938355e-09,9.309585060920467e-10,4.5936821753030987e-10,1.141469472769265
0.19547,8.42200958302446e-10,7.192684526030144e-10,1.0714647112557491e-09,9.125194190345794e-10,4.4944917791243545e-10,0.6044136631543919
0.19553,7.234384103392562e-10,7.07610330766102e-10,1.053853699555452e-09,8.975856107484682e-10,4.424541745558486e-10,0.07132284442126033
0.1956,5.142653848644448e-10,6.932424084660639e-10,1.0333875165009358e-09,8.799073988916269e-10,4.323653203991696e-10,-0.7442167564235688
0.19566,4.3626753845090685e-10,6.948008998416671e-10,1.0332440136462015e-09,8.804377213889799e-10,4.3626753845090685e-10,-1.138816917000222
0.19572,4.3755317008372863e-10,6.95564254755882e-10,1.0337043128961765e-09,8.810087212493454e-10,4.3755317008372863e-10,-1.2994482624347183
0.19578,4.3556719126403e-10,6.943517922505433e-10,1.032928165978569e-09,8.800750661076689e-10,4.3556719126403e-10,-1.0885949572671096
0.19584,4.952594889727418e-10,6.931509944871274e-10,1.0302128720273068e-09,8.780075802328454e-10,4.359230619239205e-10,-0.800311115291547
0.19591,6.057525952672123e-10,6.840218279034677e-10,1.0191733468611843e-09,8.679282863732643e-10,4.2717198393335255e-10,-0.35919236571810026
0.19597,7.04690819294744e-10,6.80259392090035e-10,1.0130713870911134e-09,8.628623724479048e-10,4.2541197533199493e-10,0.11743589160651065
0.19603,7.466146821194794e-10,6.756358706798853e-10,1.005422262642534e-09,8.565504406767164e-10,4.234263216358014e-10,0.3661254594149763
0.19609,7.796208535964231e-10,6.663639633892675e-10,9.911233229813497e-10,8.445015552702538e-10,4.182122927597031e-10,0.6134344727456126
0.19615,8.161900306886822e-10,6.661727278512387e-10,9.909969261310717e-10,8.443520093724495e-10,4.1790368347587386e-10,0.8302550785864319
0.19622,8.406906706568887e-10,6.670218091622758e-10,9.911695036195046e-10,8.447884066894979e-10,4.1973584662057885e-10,0.9848145350537947
0.19628,8.160090798821021e-10,6.659510159067283e-10,9.908342602281483e-10,8.441691559748831e-10,4.17565284649551e-10,0.8292878765851649
0.19634,7.806832541921376e-10,6.635058770927203e-10,9.892884218533401e-10,8.42297404236615e-10,4.135509133932934e-10,0.6188015128610121
0.1964,6.860240458614132e-10,6.644812692624747e-10,9.895946655054689e-10,8.428620003563711e-10,4.155179529162139e-10,0.1054323456612646
0.19646,6.070251096018531e-10,6.647314679871283e-10,9.89360253422803e-10,8.428230647315828e-10,4.1639566632447984e-10,-0.27240058362765246
0.19653,5.408258663636345e-10,6.636426838373313e-10,9.881493582738618e-10,8.416828750486102e-10,4.15227572188769e-10,-0.5534942160301868
0.19659,5.649824877809132e-10,6.687814710199413e-10,9.966035985782841e-10,8.4867136524005e-10,4.174909101918856e-10,-0.4754671160032328
0.19665,5.919119499464569e-10,6.815156825588501e-10,1.0135265373532981e-09,8.636257920541502e-10,4.2787977370494526e-10,-0.3997048229359983
0.19671,6.235636234694784e-10,6.798676587098156e-10,1.0129866515724947e-09,8.626590739554122e-10,4.2457336673540436e-10,-0.2657816060082783
0.19678,6.131230474547754e-10,6.815575323984141e-10,1.0146159096089679e-09,8.642819096765909e-10,4.266822852888824e-10,-0.313989249667103
0.19684,6.230862818599348e-10,6.821244888226909e-10,1.0149057773966405e-09,8.646755936291535e-10,4.2769644237211504e-10,-0.2699227845435229
0.1969,6.716681587171336e-10,6.817920672865861e-10,1.0146324658172734e-09,8.64384072157461e-10,4.272248059533004e-10,-0.0468572771893498
0.19696,7.240282389888757e-10,6.816223708836613e-10,1.0144317028405516e-09,8.641992454693191e-10,4.2705731243328483e-10,0.21254272040819563
0.19703,7.490517630556996e-10,6.814210588470653e-10,1.0142803686363821e-09,8.640309495890801e-10,4.2675539758978663e-10,0.34327483567011136
0.19709,7.387501315409991e-10,6.818622334839815e-10,1.0139396543505486e-09,8.640048214101526e-10,4.282198837566156e-10,0.2933166745062907
0.19715,6.896685499821015e-10,6.74507682354944e-10,1.0044999764698211e-09,8.555643575072844e-10,4.2181920899305804e-10,0.07203359522611649
0.19721,6.338103858441547e-10,6.6583561302837e-10,9.90666055620303e-10,8.440250439634838e-10,4.17488016981096e-10,-0.15169399836330863
0.19727,6.051361685256514e-10,6.603020861668968e-10,9.823331635512585e-10,8.369520550836871e-10,4.141373192876795e-10,-0.2603243474234575
0.19734,6.214315073983962e-10,6.54063129032964e-10,9.742534599710563e-10,8.297493926567295e-10,4.087963406740844e-10,-0.16342517170593088
0.1974,6.422645620858199e-10,6.553754650774377e-10,9.751193654371172e-10,8.307750941316179e-10,4.1091072272765287e-10,-0.06231672739418487
0.19746,6.570201174606836e-10,6.545554282983106e-10,9.745565113176846e-10,8.301213668221387e-10,4.0961499400139904e-10,0.01118184846848024
0.19753,6.500932665318442e-10,6.531915808875094e-10,9.723293969175006e-10,8.282763277873184e-10,4.089952106580602e-10,-0.015514838440376781
0.19759,6.309998140930877e-10,6.502842926437321e-10,9.685373070125089e-10,8.249042079185142e-10,4.06538332989204e-10,-0.09913310428199466
0.19765,6.228731375277863e-10,6.476041813117607e-10,9.636058442064525e-10,8.209528135087534e-10,4.0597985903375345e-10,-0.12081716152119094
0.19771,6.211501978651438e-10,6.424049277251798e-10,9.568193764576567e-10,8.149192861890921e-10,4.015919221876212e-10,-0.11014628003529746
0.19778,6.574235408388955e-10,6.429640661666933e-10,9.572082119211951e-10,8.153680339368651e-10,4.024684236490584e-10,0.07418934237728413
0.19784,6.702231800677857e-10,6.405171242498319e-10,9.528327778505237e-10,8.118349208044214e-10,4.0180865122732274e-10,0.160454016633586
0.1979,6.574643049190584e-10,6.349532880010212e-10,9.455880331865032e-10,8.053887582644812e-10,3.970907117932565e-10,0.11595228498376489
0.19796,6.364938361572245e-10,6.290606885299415e-10,9.363962079678686e-10,7.976701632486097e-10,3.9389948019029865e-10,0.03923054512359052
0.19803,6.137320770832318e-10,6.274394751329212e-10,9.33797932059653e-10,7.95505814925562e-10,3.9310436586979357e-10,-0.06981426976973465
0.19809,5.872566858116325e-10,6.239117663256248e-10,9.294422300967424e-10,7.915582084958092e-10,3.898316224001297e-10,-0.19149495979415934
0.19815,5.654202927193459e-10,6.213044950262193e-10,9.240496671684592e-10,7.873650260193226e-10,3.8999545776428573e-10,-0.27813995298445787
0.19821,6.185830267856158e-10,6.201091195874287e-10,9.232279891169829e-10,7.86411176586375e-10,3.8810862604864963e-10,-0.008925488340646439
0.19828,6.435733253446705e-10,6.146907761574995e-10,9.158556347580597e-10,7.79947220600224e-10,3.8389406755585695e-10,0.1521556021582867
0.19834,6.763926664914004e-10,6.1680607622961e-10,9.173167819729731e-10,7.816458603975348e-10,3.8720236113184554e-10,0.3406438650623557
0.1984,7.081602773384434e-10,6.149554538143328e-10,9.160181554154763e-10,7.801467890658613e-10,3.843355889631185e-10,0.5311958851110321
0.19847,6.699497576231016e-10,6.156489382763541e-10,9.164335618873923e-10,7.806643601119206e-10,3.8550062734663153e-10,0.3030970814868816
0.19853,6.452787626140145e-10,6.143677700187182e-10,9.14585776333017e-10,7.790748249779567e-10,3.846266199057524e-10,0.16937714776186283
0.19859,6.159455104458369e-10,6.144090759991593e-10,9.146537023938664e-10,7.791310623918903e-10,3.846443307899619e-10,0.007908656541820084
0.19865,5.624453878483548e-10,6.131497776343254e-10,9.138221580402728e-10,7.781465234842997e-10,3.826176652951003e-10,-0.2667373625617364
0.19872,5.483264842239079e-10,6.115965779388667e-10,9.113610065424557e-10,7.760895102439383e-10,3.818216414862268e-10,-0.32765596443677075
0.19878,5.728484382290545e-10,6.103694043299777e-10,9.089352036562707e-10,7.741816091384484e-10,3.8176489501964934e-10,-0.197994057172219
0.19884,6.085979152037145e-10,6.101489830840903e-10,9.084553647150246e-10,7.738126477914714e-10,3.81809608586016e-10,-0.009513317125094348
0.19891,6.15558580742756e-10,6.107333350675421e-10,9.088284066432486e-10,7.742619753094242e-10,3.827663692428296e-10,0.02808315404224851
0.19897,6.27751824128909e-10,6.110566723718535e-10,9.09079586135325e-10,7.745368314184128e-10,3.8324317246803534e-10,0.09478790801836477
0.19903,6.289003290608335e-10,6.106266212224509e-10,9.088864377565623e-10,7.742537051202843e-10,3.8244310672580037e-10,0.10056771671725964
0.19909,6.141124520410185e-10,6.108159441268312e-10,9.090373205800898e-10,7.744169738894532e-10,3.8271702833144136e-10,0.019233172676286332
0.19916,5.753712409559432e-10,6.082672029055296e-10,9.061699346608947e-10,7.717290095929908e-10,3.8002011272272234e-10,-0.1772117610028551
0.19922,5.444029195883546e-10,6.080813928002886e-10,9.061453659936581e-10,7.716410402799127e-10,3.79606607841555e-10,-0.3314714269393837
0.19928,5.055190943673297e-10,6.079913029169446e-10,9.061071424174322e-10,7.715834543662185e-10,3.7942112615344207e-10,-0.5125625912057558
0.19935,4.753099097377376e-10,6.114315196658217e-10,9.085381877940106e-10,7.743667077784175e-10,3.847900690777122e-10,-0.644258299812508
0.19941,4.375493579657314e-10,6.098043070302488e-10,9.075316897619785e-10,7.731350859801989e-10,3.8207865226869443e-10,-0.7972715586816209
0.19947,4.097911183998456e-10,6.09742192114748e-10,9.075324809670191e-10,7.731114382109816e-10,3.8192653792968277e-10,-0.9015344029549714
0.19954,4.881279631209813e-10,6.092327252989705e-10,9.07215348009724e-10,7.727243633047949e-10,3.810866713205713e-10,-0.5902754756647548
0.1996,6.519377047408688e-10,6.097280811910909e-10,9.075220013094965e-10,7.730992086272092e-10,3.8190565895281135e-10,0.23649390674523496
0.19966,7.245893572011566e-10,6.09844770365038e-10,9.0749239192232e-10,7.731279111124863e-10,3.8222278383958094e-10,0.6801613118172389
0.19973,7.817422689262934e-10,6.077929500738835e-10,9.061102014203383e-10,7.715072341733675e-10,3.7895604113986987e-10,1.0613873899536221
0.19979,8.097522495299844e-10,6.106690046674415e-10,9.08133920781249e-10,7.738294262462298e-10,3.834439850685857e-10,1.2578955067108584
0.19985,7.757268864693376e-10,6.107526037882564e-10,9.09730618305069e-10,7.750960023112182e-10,3.807752165456267e-10,1.0115889325048708
0.19992,7.127414221967662e-10,6.124579407208759e-10,9.106666053894341e-10,7.760187692276033e-10,3.847393522613354e-10,0.590863580603397
0.19998,6.723534826811013e-10,6.123739882583133e-10,9.106635596326746e-10,7.759855220030304e-10,3.8451979967237746e-10,0.34522370723137535
0.20004,6.223664668462461e-10,6.112591197472863e-10,9.098896682035192e-10,7.750921368387642e-10,3.8276463838542985e-10,0.060523807509465496
0.20011,6.068106269805058e-10,6.108616600716051e-10,9.096412683712999e-10,7.747897797693453e-10,3.8210684426783736e-10,-0.023701343191734756
0.20017,6.017373840482984e-10,6.117752456265136e-10,9.102465190833831e-10,7.755049687458175e-10,3.835782145766065e-10,-0.05063526773213188
0.20023,6.207369559362697e-10,6.120171958267404e-10,9.109299110503878e-10,7.760018740827411e-10,3.833427345439408e-10,0.04798628853528838
0.2003,5.895361921485089e-10,6.137153706339416e-10,9.136787542142053e-10,7.782846656611372e-10,3.841450266480785e-10,-0.12767633071446552
0.20036,5.844328682301853e-10,6.147386866289471e-10,9.143478228135303e-10,7.790805281604424e-10,3.8580439568404945e-10,-0.15364105029627032
0.20042,6.115984342161674e-10,6.136525035454409e-10,9.136699359951434e-10,7.782535542908777e-10,3.840119648672319e-10,-0.012112934156830065
0.20049,5.664007958374822e-10,6.14163052790987e-10,9.13756522157178e-10,7.785078901702186e-10,3.851189596359454e-10,-0.24319263758992957
0.20055,4.853266066959692e-10,6.15118113882117e-10,9.144762675446817e-10,7.793064371336973e-10,3.865568801202755e-10,-0.6160337398441821
0.20061,4.773809878505809e-10,6.130429040552357e-10,9.13263903905673e-10,7.777797577955108e-10,3.8302543486682594e-10,-0.6501812456871522
0.20068,4.5330309707079797e-10,6.166506540962193e-10,9.177243043964716e-10,7.818168511167885e-10,3.863664628546587e-10,-0.7552330455372439
0.20074,5.005432709117375e-10,6.153104997510997e-10,9.173327442792651e-10,7.810599101006034e-10,3.8361681510404277e-10,-0.5623299719875443
0.2008,6.815187145465743e-10,6.162826269937094e-10,9.179940772534964e-10,7.818319006116951e-10,3.851535482914723e-10,0.3617569125320416
0.20087,7.69654486991895e-10,6.184062625259978e-10,9.194424420680975e-10,7.835188276694394e-10,3.885243823257065e-10,0.914101729750224
0.20093,7.985529495002962e-10,6.18582995556147e-10,9.195158925135264e-10,7.836322870525553e-10,3.888541438426594e-10,1.1103953939421183
0.20099,7.71210719531912e-10,6.153452883930586e-10,9.175943826051205e-10,7.812260590695084e-10,3.8339693257859537e-10,0.9223501561665837
0.20106,6.128737320244364e-10,6.176822574502803e-10,9.19477075691134e-10,7.832540370853067e-10,3.8674504746029807e-10,-0.025555118737256632
0.20112,4.4657463264292507e-10,6.16312222488928e-10,9.189085547627815e-10,7.823778438667281e-10,3.841556038408632e-10,-0.7862348660236012
0.20118,3.8678857571389246e-10,6.17631924303562e-10,9.193453560219137e-10,7.831554809793857e-10,3.8678857571389246e-10,-1.2882543724776272
0.20125,3.891518441916576e-10,6.190414723815429e-10,9.201978941013861e-10,7.842121128113052e-10,3.891518441916576e-10,-1.5034239839380397
0.20131,3.874566788391103e-10,6.18053088381775e-10,9.196303627126989e-10,7.834890845695589e-10,3.874566788391103e-10,-1.3428020928700541
0.20138,4.411225427022898e-10,6.170315674155742e-10,9.184752860643303e-10,7.824079674933438e-10,3.863852725547658e-10,-0.8040575173307479
0.20144,5.767048129283597e-10,6.163176295229461e-10,9.176544633792114e-10,7.816444432308356e-10,3.856521211178499e-10,-0.20582043316780885
0.2015,6.654031404662959e-10,6.163137030870306e-10,9.180312148580857e-10,7.818656454402746e-10,3.8518472618220463e-10,0.26785593917743017
0.20157,6.986053031431984e-10,6.187119372020223e-10,9.196209806016596e-10,7.837421186973929e-10,3.8905811728960065e-10,0.46372690896940416
0.20163,7.045368369010345e-10,6.182784849061436e-10,9.198664959977495e-10,7.837132838843906e-10,3.87737134430613e-10,0.4953631941623476
0.20169,7.412421815545035e-10,6.166146915001562e-10,9.189754228485422e-10,7.825340670803613e-10,3.8481327349378155e-10,0.7220329577868195
0.20176,7.667810360355628e-10,6.197550935340416e-10,9.206105402498673e-10,7.847338107171021e-10,3.903872293384259e-10,0.8924547608497132
0.20182,8.826543006760275e-10,6.160513993107909e-10,9.182983212410368e-10,7.819154927445619e-10,3.842672079895448e-10,1.715219190579122
0.20189,1.021419651018262e-09,6.187100580074983e-10,9.204679238806159e-10,7.842406029922069e-10,3.880480363928658e-10,2.848111773732536
0.20195,1.0328357870376751e-09,6.199436290908909e-10,9.214824761765687e-10,7.853173556968265e-10,3.8981429962858887e-10,2.945860898444303
0.20201,8.059877956581146e-10,6.171574473461673e-10,9.194911657253524e-10,7.830513897304285e-10,3.854953797644932e-10,1.1519017767306585
0.20208,4.3177002078630257e-10,6.199085999657795e-10,9.214739063759034e-10,7.853637515916872e-10,3.8902000904279927e-10,-0.8448294110383439
0.20214,3.8965141456167884e-10,6.195187284913079e-10,9.207625545746591e-10,7.84731004846698e-10,3.8965141456167884e-10,-2.0167060684703326
0.20221,3.859268206379302e-10,6.170445416955009e-10,9.188983943267098e-10,7.826601641833745e-10,3.859268206379302e-10,-2.069968763334602
0.20227,3.889377323393487e-10,6.190686243969657e-10,9.204336974614571e-10,7.843610204656614e-10,3.889377323393487e-10,-1.0921911385689917
0.20233,5.804097882446138e-10,6.17471455899641e-10,9.190677305755889e-10,7.829297065418905e-10,3.8673091410958687e-10,-0.190991436444924
0.2024,7.187853421196804e-10,6.194810422560588e-10,9.205232826686851e-10,7.845750944509814e-10,3.898231005277064e-10,0.5838007212688776
0.20246,8.142688240908192e-10,6.166454784536567e-10,9.184759915411186e-10,7.822552322979495e-10,3.8546392492498836e-10,1.2170982890646433
0.20253,8.411305157070715e-10,6.167849440897777e-10,9.200990874797597e-10,7.832406883750302e-10,3.8392228159666287e-10,1.3910128550870116
0.20259,8.324464604581496e-10,6.232498001524974e-10,9.253746279791907e-10,7.889064135946407e-10,3.9310901775141955e-10,1.317317925889105
0.20265,8.485933997121614e-10,6.207561649640537e-10,9.236191993305102e-10,7.868916800036362e-10,3.8919879659248255e-10,1.4343214822837071
0.20272,7.363764735655975e-10,6.195576124872318e-10,9.225934348856688e-10,7.858183648473864e-10,3.875587104440347e-10,0.6759721357047414
0.20278,6.336376096960726e-10,6.200672446655885e-10,9.229417521544823e-10,7.862242832178263e-10,3.8836242628453445e-10,0.0734696941449083
0.20285,4.4009550406726674e-10,6.209987117183458e-10,9.236982114726224e-10,7.870356803809704e-10,3.8969463309856514e-10,-0.8163598535696867
0.20291,3.887399249579629e-10,6.207565119228538e-10,9.240015146608477e-10,7.871208418432998e-10,3.887399249579629e-10,-1.4622004026775508
0.20297,3.8695979715217066e-10,6.199046426967996e-10,9.237801490740509e-10,7.866552891419276e-10,3.8695979715217066e-10,-1.400956663712026
0.20304,3.8888368934148116e-10,6.211671697340853e-10,9.246979985131569e-10,7.876931094588858e-10,3.8888368934148116e-10,-1.2669614777414182
0.2031,4.889817721891997e-10,6.221190943992401e-10,9.252247374377443e-10,7.883764741068931e-10,3.905465091676087e-10,-0.6252478762087176
0.20317,6.881226255782049e-10,6.2357779412136e-10,9.276617462343746e-10,7.903800451807326e-10,3.911558785733966e-10,0.3628383492398047
0.20323,7.179084297079526e-10,6.223576696444349e-10,9.267616504196023e-10,7.893714197720215e-10,3.8929751623926404e-10,0.5410795296743133
0.2033,7.565127820106698e-10,6.214279779977213e-10,9.250669739789125e-10,7.880102998059156e-10,3.890839336928338e-10,0.7927374734002169
0.20336,7.382305706091024e-10,6.21760162564163e-10,9.25244796793109e-10,7.882454197425223e-10,3.8966991901804714e-10,0.6767691279670459
0.20342,7.480839431589024e-10,6.203670321905042e-10,9.244564735573989e-10,7.872334802891074e-10,3.8727069939345354e-10,0.7377228615616472
0.20349,5.923119042782299e-10,6.222340936659004e-10,9.2549077402391e-10,7.885765861411735e-10,3.9051556832162166e-10,-0.14980304654753734
0.20355,5.369025414345003e-10,6.238701730374916e-10,9.277650036577047e-10,7.905971971968172e-10,3.9081320595026573e-10,-0.42680215666035354
0.20362,5.035542269548933e-10,6.216610528887208e-10,9.258538751616264e-10,7.885641958150918e-10,3.887065978443366e-10,-0.5675395802782922
0.20368,4.592056752152757e-10,6.210025632259783e-10,9.254757293553919e-10,7.880826480271096e-10,3.875799440037994e-10,-0.7491614614111443
0.20375,5.025619054443977e-10,6.20857531160311e-10,9.255382674232562e-10,7.880623498841501e-10,3.871583637820346e-10,-0.5727013443484598
0.20381,6.002294174596649e-10,6.239943812914994e-10,9.288322812783201e-10,7.91232813819832e-10,3.90753364807091e-10,-0.12265489648087664
0.20388,6.614526557293094e-10,6.247084412470405e-10,9.308392296519187e-10,7.926915672890466e-10,3.900845578186678e-10,0.1926121187404661
0.20394,6.500015159568603e-10,6.272227167815464e-10,9.34244952945875e-10,7.956826990101726e-10,3.920543879438402e-10,0.11769060095778754
0.204,6.12028910939171e-10,6.302619623399984e-10,9.377384220870804e-10,7.989315628433956e-10,3.9518276639796795e-10,-0.09093431203072047
0.20407,5.920047623135543e-10,6.30657290299555e-10,9.379836778124183e-10,7.992312566404993e-10,3.958399411439866e-10,-0.19081617922426808
0.20413,6.299925284378301e-10,6.29770551040041e-10,9.374903872001945e-10,7.985907333267361e-10,3.943081076924182e-10,0.0011011074669846476
0.2042,6.999249682260396e-10,6.302914896318736e-10,9.390259098063614e-10,7.996988043996047e-10,3.937243967613855e-10,0.3773665529030547
0.20426,7.998038747267525e-10,6.360109257855044e-10,9.47263024317426e-10,8.067883016703055e-10,3.9763738621786786e-10,0.9513315617012144
0.20433,8.153536437946207e-10,6.401247335773076e-10,9.534288495466419e-10,8.120297025365784e-10,4.001620787420186e-10,1.0182841654596246
0.20439,8.138477380304521e-10,6.434419827075764e-10,9.580221311068365e-10,8.160342193423481e-10,4.0264584745718597e-10,0.9846155272170413
0.20446,7.875296554302289e-10,6.452489272029463e-10,9.593426158171203e-10,8.175161360536941e-10,4.05425718709237e-10,0.8163595117617882
0.20452,6.65513288985723e-10,6.432839991148557e-10,9.581801592975381e-10,8.160645695867636e-10,4.0208063609397325e-10,0.11162873033641596
0.20459,5.413334402387381e-10,6.452617001998309e-10,9.595321605951196e-10,8.176385222267512e-10,4.052092048873789e-10,-0.48275789200049996
0.20465,4.940612324091156e-10,6.472023120732281e-10,9.638488689817935e-10,8.209378365660947e-10,4.0472528284267315e-10,-0.6878688580559582
0.20472,5.029367424369309e-10,6.497473831428317e-10,9.681089059466016e-10,8.244128743803308e-10,4.069737640640933e-10,-0.6588811870216605
0.20478,5.34429635738722e-10,6.507167478420624e-10,9.676194959192586e-10,8.24536481028219e-10,4.086638969147651e-10,-0.531019691307411
0.20484,5.906103410623352e-10,6.497761274584876e-10,9.668240739604937e-10,8.236983241730577e-10,4.073567637630688e-10,-0.28370057481700933
0.20491,6.439851676105651e-10,6.502854506348944e-10,9.677962956421635e-10,8.244696420136162e-10,4.074220181204168e-10,-0.030377562878264267
0.20497,6.697392201514935e-10,6.49379781138468e-10,9.672783705848067e-10,8.238083988511728e-10,4.0586937283711577e-10,0.1006364055059317
0.20504,6.921190257513092e-10,6.501094922539816e-10,9.67830196808352e-10,8.244200053678029e-10,4.0696103613761883e-10,0.2188915498658413
0.2051,6.792356639547101e-10,6.499416608781858e-10,9.669784270202044e-10,8.238540240900599e-10,4.0757103505429766e-10,0.15511341216010766
0.20517,6.66393385491032e-10,6.506904401845956e-10,9.681534946008326e-10,8.248388045856863e-10,4.079655536953303e-10,0.08328190971802303
0.20523,6.205808559328326e-10,6.511969927704121e-10,9.69430559715557e-10,8.25788025425604e-10,4.076647745817745e-10,-0.15136573517857338
0.2053,5.797733407077249e-10,6.548012872919936e-10,9.738374517329418e-10,8.297963489087203e-10,4.1105951396911353e-10,-0.3509821697233628
0.20536,5.56432900831587e-10,6.579805022581777e-10,9.783202426968621e-10,8.336810764972521e-10,4.1334804616572894e-10,-0.46346545507605813
0.20543,5.650314794045037e-10,6.548971055966484e-10,9.760063443232897e-10,8.311069964969652e-10,4.0871281837847276e-10,-0.4255617931652439
0.20549,6.247464710871688e-10,6.572135204854046e-10,9.776208548781767e-10,8.329685688700929e-10,4.123382063947127e-10,-0.15456008174464486
0.20556,7.154506550544663e-10,6.594030150130386e-10,9.81414100950948e-10,8.360576239430283e-10,4.1307791086719664e-10,0.2927374805594615
0.20562,7.406715727487412e-10,6.62544136248498e-10,9.864732975189909e-10,8.402653747961062e-10,4.1459457818009103e-10,0.4092306972110846
0.20569,7.377840925591045e-10,6.62631465792397e-10,9.867718988716227e-10,8.40475458579782e-10,4.1444367781526755e-10,0.3913920783745386
0.20575,7.222465862058117e-10,6.747747495250256e-10,1.0046264541794469e-09,8.557439501441295e-10,4.2230796903385663e-10,0.2384764882288088
0.20582,6.942671108227098e-10,6.729882516587642e-10,1.0022250502679075e-09,8.536300220150981e-10,4.2088299164814556e-10,0.10296179168275499
0.20588,6.513270412455822e-10,6.750164033980891e-10,1.0033662667805561e-09,8.553025737808593e-10,4.210862543051567e-10,-0.11350894604830673
0.20595,5.991575322188928e-10,6.781883235662776e-10,1.0104676243444753e-09,8.605177289147208e-10,4.2354810317283504e-10,-0.3652295895777773
0.20601,5.745131280244067e-10,6.804123304783365e-10,1.0134550230936885e-09,8.631494029866892e-10,4.2531665841332386e-10,-0.4746840800389492
0.20608,6.441407394459197e-10,6.842307579199862e-10,1.018212083177392e-09,8.674469785354002e-10,4.2881060531057783e-10,-0.18537887725263724
0.20614,6.813798765467255e-10,6.89222646639118e-10,1.0259033808567274e-09,8.739296711330598e-10,4.316272679940388e-10,-0.03682639823838221
0.20621,7.233304995565319e-10,6.898898697492613e-10,1.027599527795459e-09,8.755101489732916e-10,4.318272686821036e-10,0.16529038801020315
0.20627,7.498866826692174e-10,6.88279912677872e-10,1.0249691118397502e-09,8.730093709271034e-10,4.304809078065553e-10,0.3048535897936426
0.20634,7.399568781299029e-10,6.885838660951702e-10,1.0253429894068548e-09,8.733485707638734e-10,4.3076650813280625e-10,0.25243103014354923
0.20641,7.511526230019806e-10,6.92507603230011e-10,1.0297691190985465e-09,8.774917962859317e-10,4.3491642496219736e-10,0.2978894399840061
0.20647,7.895938163486387e-10,6.968795767201681e-10,1.0367831198455253e-09,8.833373751378804e-10,4.370145794161284e-10,0.4710260431259662
0.20654,7.906250890322155e-10,6.980478357826716e-10,1.0389910766351796e-09,8.850910597909269e-10,4.372141901159034e-10,0.46611543651949944
0.2066,7.338266317665371e-10,6.965967898433055e-10,1.0366214399996378e-09,8.831281252959714e-10,4.365543713138407e-10,0.18262283776539529
0.20667,6.34472327169672e-10,6.925405674425712e-10,1.0298542945143492e-09,8.775567743335582e-10,4.348824063270185e-10,-0.2590360754741239
0.20673,5.885992254877058e-10,6.923472058434986e-10,1.0298424860566027e-09,8.774830381982135e-10,4.3445276661687624e-10,-0.4526441909857919
0.2068,5.781053192713173e-10,6.980865654038838e-10,1.0391906104985226e-09,8.852241998620203e-10,4.37065218108756e-10,-0.5169193432706357
0.20686,6.162018234191304e-10,6.995243622533004e-10,1.0416883105660207e-09,8.872573344326945e-10,4.375399041496772e-10,-0.3702191497804531
0.20693,6.257850172339317e-10,6.988209871569889e-10,1.041044462995488e-09,8.866017821634813e-10,4.3662297476854303e-10,-0.3294502430533307
0.20699,5.968155675853882e-10,6.993457134399565e-10,1.0413058956122522e-09,8.869614245195524e-10,4.3756208018747273e-10,-0.44808245543565817
0.20706,5.889084361506396e-10,7.033790871587185e-10,1.0464477437633991e-09,8.915701652823778e-10,4.4112179551379595e-10,-0.48939961661745857
0.20712,6.345670185716842e-10,7.126852101973473e-10,1.0620971175731361e-09,9.044248165186724e-10,4.4481698475787827e-10,-0.3461195538805024
0.20719,7.411707720672017e-10,7.144208764613411e-10,1.0632472090773987e-09,9.057851960505429e-10,4.475618919091583e-10,0.1277626579622569
0.20726,8.725978720872335e-10,7.163075392487094e-10,1.0644454851250584e-09,9.072311342354837e-10,4.507088513216372e-10,0.8114804956131209
0.20732,9.698112631709983e-10,7.116414802886321e-10,1.0614154289383171e-09,9.035768415429279e-10,4.432710251808763e-10,1.3890011828990254
0.20739,1.029307954031821e-09,7.163526119246339e-10,1.064164949455411e-09,9.070845741556017e-10,4.51150118812077e-10,1.7766141265852944
0.20745,1.0160039034348762e-09,7.110184444881343e-10,1.0605552177179608e-09,9.02863796323841e-10,4.4265865594179435e-10,1.689025058640408
0.20752,8.685839110805672e-10,7.160511887210574e-10,1.0642560913519684e-09,9.070184935114507e-10,4.5032092933863514e-10,0.7891192538431681
0.20758,6.334987764180553e-10,7.148079084089648e-10,1.0634224780833054e-09,9.060401068663047e-10,4.4832291296624325e-10,-0.350084117299327
0.20765,4.4922200979136425e-10,7.15238272796263e-10,1.0635363900324225e-09,9.062764997079093e-10,4.4922200979136425e-10,-1.2832727778215252
0.20771,4.4978368688008356e-10,7.204877543897248e-10,1.0736657845767571e-09,9.142864930204514e-10,4.4978368688008356e-10,-1.857850015406154
0.20778,4.551441330286556e-10,7.24437001203364e-10,1.0770919426478339e-09,9.178603117097088e-10,4.551441330286556e-10,-1.7753710499252957
0.20785,4.577397067278281e-10,7.288043244895363e-10,1.0837096757989718e-09,9.234667041608431e-10,4.577397067278281e-10,-1.2095502409802277
0.20791,6.120340739347357e-10,7.264329289650551e-10,1.0821938382714733e-09,9.216418824174597e-10,4.5385966633424184e-10,-0.48051372412524646
0.20798,7.861430818090995e-10,7.276126348734771e-10,1.0830000507735548e-09,9.225802569675362e-10,4.557264129329235e-10,0.27605547658034224
0.20804,8.605143659328737e-10,7.366299291470087e-10,1.0967165979745468e-09,9.341870125065326e-10,4.610229924314484e-10,0.59848522635925
0.20811,9.140682453620622e-10,7.434639771975323e-10,1.1052209525463826e-09,9.418732467799356e-10,4.672902616942886e-10,0.8537390147913633
0.20817,9.243907242028799e-10,7.416005771235832e-10,1.1053271622615388e-09,9.412006538264643e-10,4.6269917401755925e-10,0.8990598831396963
0.20824,9.074557144369877e-10,7.494218871702443e-10,1.1167642976122295e-09,9.5099802233665e-10,4.678400262607915e-10,0.757556865358
0.20831,8.616104176296556e-10,7.496403534706036e-10,1.116929017052974e-09,9.511809429172541e-10,4.681664747478536e-10,0.5208134435235808
0.20837,8.132010955633839e-10,7.513668461736196e-10,1.1181952657232652e-09,9.526058766343218e-10,4.707922225676238e-10,0.2836411635920187
0.20844,7.234695258696028e-10,7.516845170914036e-10,1.1184941190340804e-09,9.529059032929563e-10,4.712000933845064e-10,-0.11886447518207906
0.2085,6.69380101123047e-10,7.686989656395084e-10,1.1430785339342327e-09,9.740446486949436e-10,4.827401665765053e-10,-0.39275775171338684
0.20857,6.388271224415835e-10,7.671453216851498e-10,1.141924607706284e-09,9.727547640918173e-10,4.803874819433393e-10,-0.5040801172701089
0.20864,6.447632058179961e-10,7.684360239863937e-10,1.142741039026447e-09,9.737427945651155e-10,4.825106505352245e-10,-0.4825720765177627
0.2087,6.828806246401261e-10,7.678845718810595e-10,1.142438913192023e-09,9.733480478919033e-10,4.815484474396996e-10,-0.3413790349927094
0.20877,7.351421023932658e-10,7.6661130301949e-10,1.1416042381918782e-09,9.723559971345253e-10,4.794898632567575e-10,-0.13432929219515244
0.20883,7.957068700011726e-10,7.673030342742025e-10,1.1420267907924306e-09,9.728767525475255e-10,4.806449252720328e-10,0.12503010783474022
0.2089,8.404277939115627e-10,7.66584176952366e-10,1.1415621413253176e-09,9.723203236631427e-10,4.794768775304225e-10,0.32945557646776896
0.20897,8.771654564992687e-10,7.674681660232902e-10,1.1420938232559638e-09,9.729813411665675e-10,4.809602272424428e-10,0.5062497038994775
0.20903,8.730261537053716e-10,7.664204679353739e-10,1.1413366921152154e-09,9.72123765876526e-10,4.793507940891203e-10,0.48635759855399213
0.2091,8.660167323687126e-10,7.656482466854217e-10,1.140785082775389e-09,9.71495575243598e-10,4.781574165352578e-10,0.4524480365040471
0.20916,8.469377949609455e-10,7.676198173919312e-10,1.1421160940230964e-09,9.730542973630996e-10,4.812953115566243e-10,0.3610290890599294
0.20923,7.732137840117745e-10,7.671065781059574e-10,1.1419448986991071e-09,9.72751903332923e-10,4.802678518272017e-10,0.02609768183257651
0.2093,6.393342210032656e-10,7.67567650674695e-10,1.1422443108167506e-09,9.731093272904254e-10,4.810151291244013e-10,-0.5024114806980389
0.20936,5.461240216126141e-10,7.669369435518816e-10,1.141714695742383e-09,9.725496024685141e-10,4.801365352322817e-10,-0.8109596794055774
0.20943,4.78923200231983e-10,7.660967215957659e-10,1.1410432119697632e-09,9.718240425553454e-10,4.78923200231983e-10,-1.0282631406712115
0.20949,4.764316769096676e-10,7.645529765044792e-10,1.1400364960642635e-09,9.706239769004199e-10,4.764316769096676e-10,-1.1039865492594536
0.20956,4.885363896246738e-10,7.675285830336359e-10,1.1421435681318675e-09,9.73037671319237e-10,4.810249040480231e-10,-0.9776490830553761
0.20963,6.374807446308387e-10,7.66024511351632e-10,1.1413669304077342e-09,9.719846287332392e-10,4.783728991740683e-10,-0.5095550217289261
0.20969,8.973516588183623e-10,7.675440370154753e-10,1.1425627927123472e-09,9.732861703118305e-10,4.805863074987806e-10,0.6034168945597111
0.20976,1.0029035778329904e-09,7.675706911871974e-10,1.1423288903323013e-09,9.73159588182556e-10,4.809273138481864e-10,1.1656779525287133
0.20983,1.0367078886729243e-09,7.656153877834295e-10,1.1408884726742397e-09,9.715113677590223e-10,4.780866104846291e-10,1.3604510582644755
0.20989,1.053305063265117e-09,7.696747190850457e-10,1.1435138534302199e-09,9.74684391747698e-10,4.845685945157293e-10,1.4574267834033643
0.20996,1.063422103717437e-09,7.645605084314066e-10,1.1400064836010135e-09,9.70609288658445e-10,4.764837173908426e-10,1.5180696155269617
0.21002,1.0264580815137142e-09,7.698510025312727e-10,1.143625652189203e-09,9.748198236554523e-10,4.848571343879306e-10,1.3013063968701748
0.21009,8.853455250195449e-10,7.693382555264686e-10,1.1438871094805345e-09,9.747643108808986e-10,4.833538558352709e-10,0.5430397389796914
0.21016,7.05976999092272e-10,7.687854853541305e-10,1.143325621348477e-09,9.742236309749366e-10,4.826363918092393e-10,-0.2529956060343567
0.21022,5.739375712010352e-10,7.689259030171093e-10,1.1434699985742088e-09,9.742487416022763e-10,4.830048391828318e-10,-0.7245945582891178
0.21029,5.24179394729552e-10,7.659752233902856e-10,1.1411751001007e-09,9.718587824569317e-10,4.784500317924461e-10,-0.8769376228311161
0.21036,5.020940039385313e-10,7.660750162256896e-10,1.141271528545552e-09,9.719494709828453e-10,4.786006815229185e-10,-0.9403011187272269
0.21042,5.234105071334964e-10,7.654492562975696e-10,1.1408607317269305e-09,9.71461767937271e-10,4.775929306627753e-10,-0.8792225090154084
0.21049,5.624717652957616e-10,7.694720829166215e-10,1.143661722310369e-09,9.74691428394203e-10,4.839036052079214e-10,-0.7609453347139645
0.21056,6.83440283633977e-10,7.683823198888428e-10,1.1434052317565953e-09,9.741088162837567e-10,4.817250943199443e-10,-0.3413433176599322
0.21062,7.494352280693807e-10,7.671438482638643e-10,1.1423413430767634e-09,9.7300332331863e-10,4.798235254465572e-10,-0.07737025900510681
0.21069,8.579498621968773e-10,7.669087116214031e-10,1.1421746275730456e-09,9.728083819212776e-10,4.795258624554216e-10,0.41004359235965454
0.21076,9.650533108893827e-10,7.673136277606808e-10,1.1446528985854306e-09,9.748834924106583e-10,4.796221645956661e-10,0.955577972039368
0.21082,9.773241715594016e-10,7.672760237395293e-10,1.1423680055803294e-09,9.730667386954305e-10,4.801726284435296e-10,1.022099926809664
0.21089,8.963404422463724e-10,7.663615580001188e-10,1.142260459772596e-09,9.726438531110948e-10,4.781093117952228e-10,0.5946943671029556
0.21096,7.803314919223906e-10,7.681889843119863e-10,1.1433320991838555e-09,9.739922748042133e-10,4.812156389371145e-10,0.05343385791515791
0.21102,6.583945301068419e-10,7.693386984317347e-10,1.1439000892653628e-09,9.747785530318704e-10,4.832956120195646e-10,-0.4350314265690598
0.21109,5.813584632106327e-10,7.657076585311493e-10,1.1411666096719237e-09,9.717427012589586e-10,4.778487557455846e-10,-0.7007014130327315
0.21116,5.959487355493406e-10,7.683301606160274e-10,1.1428111757379906e-09,9.73742303770404e-10,4.821734925114887e-10,-0.6523572829162868
0.21122,5.983416375138475e-10,7.659935864875308e-10,1.1413354996334793e-09,9.719549309230173e-10,4.783298744257267e-10,-0.6446692114736926
0.21129,5.744020658137943e-10,7.692726707128546e-10,1.143838303612857e-09,9.747166118276784e-10,4.832120877178667e-10,-0.723978906387616
0.21136,6.649271563768698e-10,7.681517541282259e-10,1.1435321208118304e-09,9.740961071162304e-10,4.80881968922851e-10,-0.4126470494684856
0.21142,7.642965911417027e-10,7.712967001797859e-10,1.1472716034359633e-09,9.778807423295455e-10,4.803723931238982e-10,-0.03172018915533563
0.21149,8.595310604288846e-10,7.686772077791578e-10,1.1434511641061339e-09,9.742553371635131e-10,4.822405032392821e-10,0.4169880387639306
0.21156,9.140787855622329e-10,7.662959419364689e-10,1.1415239121069775e-09,9.72184617281441e-10,4.788302460841243e-10,0.6894669355748069
0.21162,9.749032723454354e-10,7.694413245408992e-10,1.1435192806014382e-09,9.745956738133687e-10,4.840000224801094e-10,1.0114074306950906
0.21169,1.0324844690531425e-09,7.659857949123776e-10,1.1411798879607977e-09,9.71860179978884e-10,4.784978093775916e-10,1.3347034327041067
0.21176,1.0406137903788267e-09,7.647776593530439e-10,1.1404940097992705e-09,9.709812503297656e-10,4.76423725036603e-10,1.3804950721145248
0.21182,9.880900465451003e-10,7.649667901656458e-10,1.1408161931955267e-09,9.712452874132857e-10,4.764920161440954e-10,1.0810551300589857
0.21189,8.483488299030827e-10,7.69176372958402e-10,1.1438442713333139e-09,9.746824235590476e-10,4.82974143268576e-10,0.3633092294944013
0.21196,6.903381632485789e-10,7.685510059336725e-10,1.1431091205885746e-09,9.740046082421182e-10,4.823466369735342e-10,-0.31369034073237667
0.21202,6.456178738693489e-10,7.655381989603553e-10,1.1409290261914042e-09,9.715366816811276e-10,4.777237485970206e-10,-0.4799785001028571
0.21209,5.863786263655726e-10,7.652114735009866e-10,1.1407895060481707e-09,9.713259431229643e-10,4.771085848106399e-10,-0.6841836241924042
0.21216,6.042575154225125e-10,7.664901876784982e-10,1.1418473407100805e-09,9.724504341277609e-10,4.789149203991037e-10,-0.6253656716875229
0.21223,6.230172836985968e-10,7.69420116654536e-10,1.1442067842650816e-09,9.749894773279685e-10,4.83137089741079e-10,-0.5624021431558766
0.21229,6.045663128876551e-10,7.667336496733436e-10,1.1424138660506515e-09,9.72878180943278e-10,4.788302879751985e-10,-0.6256161567394855
0.21236,5.610824101150822e-10,7.684570713928418e-10,1.1431616859065885e-09,9.739979987054019e-10,4.820610098797918e-10,-0.7658397088073152
0.21243,6.339570736741179e-10,7.668379416595385e-10,1.1418958603304795e-09,9.72616954379369e-10,4.796848189157892e-10,-0.5220439772817227
0.21249,7.200960921232578e-10,7.670380984212178e-10,1.1420380252753625e-09,9.72778307396893e-10,4.799978430996167e-10,-0.1962178794559718
0.21256,7.442688037557273e-10,7.682954689535158e-10,1.143097308591049e-09,9.73895925551507e-10,4.817529575111445e-10,-0.09833694190925622
0.21263,7.889449988340995e-10,7.672013429534172e-10,1.1424029168059323e-09,9.730583173108548e-10,4.799487002462552e-10,0.09256140268444646
0.21269,8.520677712744398e-10,7.669434376003644e-10,1.141980869552101e-09,9.72708459509667e-10,4.798354137626318e-10,0.383349078627787
0.21276,9.190328255486264e-10,7.678407676882922e-10,1.1425135630531259e-09,9.733746005519184e-10,4.813542608684279e-10,0.715218617486176
0.21283,9.179069947457524e-10,7.664928969608478e-10,1.1415094205845102e-09,9.722538107852842e-10,4.79318463313544e-10,0.7101778015641919
0.2129,8.963555673004725e-10,7.663792482867072e-10,1.141353472588972e-09,9.721174644441844e-10,4.792315823939315e-10,0.601456479321469
0.21296,8.756980698516982e-10,7.657906093218768e-10,1.1410028703841448e-09,9.716794721601022e-10,4.782400315719903e-10,0.4987732691879207
0.21303,8.089368054886201e-10,7.668504329950823e-10,1.141882013375172e-09,9.726133122784494e-10,4.797329713383546e-10,0.18343784250172934
0.2131,6.826119663204164e-10,7.676456635635313e-10,1.1424756903330008e-09,9.732752489608696e-10,4.809327396661821e-10,-0.3432307181070546
0.21317,6.133346352096345e-10,7.655854609347536e-10,1.1409335899998771e-09,9.715577137513834e-10,4.77832992520106e-10,-0.5934742675429359
0.21323,6.21201734709825e-10,7.679507636118333e-10,1.1424548139850427e-09,9.73383474770869e-10,4.816879476301002e-10,-0.5661147916819341
0.2133,7.196675785694118e-10,7.666358237014567e-10,1.1414208409183384e-09,9.722582072796387e-10,4.797655665145713e-10,-0.19634538031458315
0.21337,5.829362237684168e-10,7.669062501818642e-10,1.1425616970524291e-09,9.730336110510412e-10,4.790595719587375e-10,-0.6973641485134313
0.21343,4.784927717400753e-10,7.666655834449522e-10,1.145506773390322e-09,9.747866637834268e-10,4.784927717400753e-10,-1.0737027574462454
0.2135,4.861040083677091e-10,7.659826556373608e-10,1.142015706154928e-09,9.723498414736055e-10,4.774983654983451e-10,-0.9861483890154246
0.21357,7.138800376786893e-10,7.684011706314437e-10,1.143788432037503e-09,9.743439528501517e-10,4.811803642557802e-10,-0.2249136803102055
0.21364,8.910406043533068e-10,7.681774394505507e-10,1.143853964793433e-09,9.742940244018446e-10,4.80567729597172e-10,0.5657788702506389
0.2137,1.0094264735825516e-09,7.704615452537935e-10,1.1453821840695225e-09,9.760698711196005e-10,4.840193907470402e-10,1.1831580751129556
0.21377,9.917737334824075e-10,7.697190321152686e-10,1.1447385501408997e-09,9.75421347905646e-10,4.832094563080389e-10,1.095137999595398
0.21384,9.220677164799634e-10,7.670503015318099e-10,1.1426283615563256e-09,9.731301962645748e-10,4.793252839153425e-10,0.7259337224002959
0.21391,8.463843270820438e-10,7.670091164058203e-10,1.1424974085779485e-09,9.730371498987123e-10,4.793817835721061e-10,0.35336247503454715
0.21397,7.662156119526763e-10,7.715183958954149e-10,1.1472423778251086e-09,9.779808655312625e-10,4.812544220553099e-10,-0.021471478639460067
0.21404,6.68281042070119e-10,7.677420993967139e-10,1.142906241866941e-09,9.735663673611583e-10,4.806495572011051e-10,-0.39877497323855365
0.21411,6.13131108268315e-10,7.694451941187141e-10,1.1441201849709245e-09,9.749513779240777e-10,4.833193734484955e-10,-0.5960818361422604
0.21418,6.142727086511667e-10,7.663371867791518e-10,1.1416407371228549e-09,9.722693992810405e-10,4.787906770107887e-10,-0.5909502620889621
0.21425,6.359304889369406e-10,7.68470197383583e-10,1.1431571899600334e-09,9.740007067939813e-10,4.820967885800229e-10,-0.5156286348319753
0.21431,6.89575178312946e-10,7.67865740627598e-10,1.1427476797803403e-09,9.735219803549278e-10,4.811346368046468e-10,-0.31707327315100203
0.21438,7.706076222581189e-10,7.674003366909277e-10,1.142569254737816e-09,9.732337086287254e-10,4.802321433496228e-10,0.012553433856404436
0.21445,8.695002159137667e-10,7.660315466520952e-10,1.1416803854024398e-09,9.721720334642214e-10,4.780137209875734e-10,0.46503095342015704
0.21452,9.286337633413047e-10,7.659294137088096e-10,1.14149879668436e-09,9.720447474377648e-10,4.778491194452257e-10,0.7618240193853942
0.21458,9.488767988658549e-10,7.670809438626106e-10,1.1423783678050096e-09,9.729954735109674e-10,4.796957146118836e-10,0.86798749076685
0.21465,9.088538737378768e-10,7.64399540874515e-10,1.1389876991549631e-09,9.699458622692853e-10,4.773150265840362e-10,0.6720503335579799
0.21472,8.342270734913255e-10,7.50359383863045e-10,1.117922171942325e-09,9.520472486753521e-10,4.687056354441856e-10,0.38194984888854777
0.21479,7.636892418768477e-10,7.512778024744851e-10,1.1186547643180364e-09,9.528378983482148e-10,4.700460426666013e-10,0.05313208685375724
0.21485,6.335956886747711e-10,7.518053204103969e-10,1.118827513016101e-09,9.531486943856513e-10,4.710948473188743e-10,-0.4754218483841763
0.21492,5.616958374194858e-10,7.508879872264598e-10,1.118115522432638e-09,9.52369609011778e-10,4.697416882913736e-10,-0.7254926225213744
0.21499,5.282815682577253e-10,7.495755379878321e-10,1.1172919478662446e-09,9.513685812208922e-10,4.675805175532734e-10,-0.8317602259111592
0.21506,5.81923284592576e-10,7.532384539495379e-10,1.1199256972131213e-09,9.543537831365696e-10,4.732538504282895e-10,-0.6587282387359807
0.21513,6.784202311416542e-10,7.519966208683231e-10,1.1192825960153284e-09,9.534888075855014e-10,4.710262670378877e-10,-0.3054723619190228
0.21519,7.49310487479677e-10,7.520001281910206e-10,1.1193724687704966e-09,9.535454928786016e-10,4.709142947908504e-10,-0.01146412281517019
0.21526,7.731436328801507e-10,7.525495643905124e-10,1.119761954832642e-09,9.53990537460242e-10,4.71768757864762e-10,0.09394569076417997
0.21533,7.819900409965544e-10,7.511653912499853e-10,1.1187638903988327e-09,9.52858983495856e-10,4.696394187509686e-10,0.13435498521177103
0.2154,7.569711708930134e-10,7.515657538486699e-10,1.1189200846612288e-09,9.531088681011181e-10,4.70410324222575e-10,0.022954334193072953
0.21547,7.839408134119216e-10,7.512331413242121e-10,1.1185823598574206e-09,9.527796440112934e-10,4.70015394770441e-10,0.14458026171106356
0.21553,7.882897887164164e-10,7.516743956703332e-10,1.1188514900375577e-09,9.531115141980956e-10,4.707516995186025e-10,0.1646609184605491
0.2156,7.999743713752928e-10,7.527088109037346e-10,1.1195912966017252e-09,9.53953732056704e-10,4.723509096749382e-10,0.21836346629979697
0.21567,7.717014579451952e-10,7.510678464665975e-10,1.1184862081980249e-09,9.526580022953444e-10,4.69732776804275e-10,0.08903004354166597
0.21574,7.95218850632141e-10,7.523655040678799e-10,1.1193255961894706e-09,9.536621875687047e-10,4.718450032015531e-10,0.19652275809725153
0.21581,8.730429526337961e-10,7.51227446038687e-10,1.1187051507219372e-09,9.528497341388723e-10,4.698526598055024e-10,0.5735360180665663
0.21587,9.233986897048891e-10,7.50149526258825e-10,1.118057227811669e-09,9.52043764503815e-10,4.680475044952497e-10,0.8361931604009848
0.21594,9.115492574333846e-10,7.543734751652004e-10,1.121109315148039e-09,9.554987135215843e-10,4.745518320226889e-10,0.7712808582905116
0.21601,7.42822250273248e-10,7.519888317531478e-10,1.1195607348732996e-09,9.536520791669217e-10,4.706602500144607e-10,-0.04066362622591646
0.21608,5.233844142232728e-10,7.509141585122799e-10,1.1187523237151534e-09,9.52753680533932e-10,4.690487856564335e-10,-0.8482320497185211
0.21615,4.699642557763102e-10,7.513837807934352e-10,1.11892823170062e-09,9.530423347571594e-10,4.699642557763102e-10,-1.3433452714729817
0.21622,4.705254529084427e-10,7.516416560876915e-10,1.1189754397359703e-09,9.531714401518786e-10,4.705254529084427e-10,-1.1147171007856196
0.21628,5.399453105466815e-10,7.531624911096316e-10,1.120055280330717e-09,9.544047455873635e-10,4.728881827202069e-10,-0.7964422150101037
0.21635,7.605287970659634e-10,7.524778929420516e-10,1.1197696574616243e-09,9.539669001082354e-10,4.715875703346325e-10,0.03734012009021425
0.21642,9.217953887291021e-10,7.529439998388526e-10,1.1201549650087048e-09,9.543769051061915e-10,4.722463015410927e-10,0.8258616366294504
0.21649,9.732161305967138e-10,7.512149768153059e-10,1.1189341286312975e-09,9.529777416889577e-10,4.695607016543034e-10,1.1097935514082615
0.21656,9.952991025862271e-10,7.518573606439632e-10,1.1209319237591978e-09,9.528283158139765e-10,4.707873884015133e-10,1.2355112474643088
0.21663,9.771981633457388e-10,7.508451907158475e-10,1.1189497851309383e-09,9.528424679373991e-10,4.686494237157069e-10,1.129864334719653
0.21669,8.403779163411201e-10,7.539348724575059e-10,1.1213682771571629e-09,9.554803412658818e-10,4.731749841242948e-10,0.40497037352282345
0.21676,5.790551170885669e-10,7.510248251447697e-10,1.1195293870545764e-09,9.532524487578086e-10,4.683964254194816e-10,-0.6719503621965185
0.21683,4.732453417201442e-10,7.540273875097074e-10,1.1214947767907893e-09,9.555912323184412e-10,4.732453417201442e-10,-1.204030704880982
0.2169,4.71004674811403e-10,7.524293796122403e-10,1.1201564215487193e-09,9.541758797466008e-10,4.71004674811403e-10,-1.2358566919206693
0.21697,5.905303030881865e-10,7.515598377318194e-10,1.119285400155681e-09,9.533212577628878e-10,4.699611094643124e-10,-0.631052423212827
0.21704,7.367132219830565e-10,7.519289359985651e-10,1.1195448783652573e-09,9.536184369382122e-10,4.705393936829572e-10,-0.06704100800154354
0.2171,8.632332366100695e-10,7.515050023598499e-10,1.1191775965803513e-09,9.532358021847598e-10,4.699605613080652e-10,0.5219806034031139
0.21717,9.592236021756916e-10,7.547698968459194e-10,1.121787325282339e-09,9.560928233110176e-10,4.742056884927747e-10,1.0173413054934888
0.21724,1.001393290073278e-09,7.541142033524186e-10,1.121234947263964e-09,9.554702027180182e-10,4.737797570971377e-10,1.2683068585650878
0.21731,9.720437936411126e-10,7.496955657426461e-10,1.1180951964935944e-09,9.51886422544753e-10,4.66922537445378e-10,1.101397413861482
0.21738,8.953243064911116e-10,7.5261495698956e-10,1.1202182731383125e-09,9.542844589504728e-10,4.713812856284534e-10,0.6838466165727789
0.21745,7.03012228776633e-10,7.534020405166619e-10,1.1210551834776392e-09,9.550862963097574e-10,4.722707268325492e-10,-0.21053932102631892
0.21752,4.704010691586385e-10,7.52255508206139e-10,1.1204240434952074e-09,9.542612553257612e-10,4.704010691586385e-10,-1.2881861818162514
0.21759,4.657857379826289e-10,7.49441370129261e-10,1.1310212758833787e-09,9.649378005899468e-10,4.657857379826289e-10,-2.0598364091945367
0.21765,4.656863702863335e-10,7.491291153962087e-10,1.1179925155651103e-09,9.516039369053685e-10,4.656863702863335e-10,-1.8396744528251352
0.21772,4.664866348800369e-10,7.497376215176204e-10,1.118525191959e-09,9.521531438809736e-10,4.664866348800369e-10,-1.4314734297877059
0.21779,6.675945400672634e-10,7.512323517746959e-10,1.1192664897782687e-09,9.531809611800833e-10,4.691998433957671e-10,-0.3500099540867355
0.21786,8.668474217180964e-10,7.518547699071441e-10,1.1195944404141203e-09,9.53618324994576e-10,4.703032501163802e-10,0.5388769741796695
0.21793,9.848056973821972e-10,7.551708234237152e-10,1.1221547220688242e-09,9.564253147963056e-10,4.752308205370171e-10,1.1706468350364243
0.218,1.0940949308561397e-09,7.54163215013201e-10,1.121622546530973e-09,9.557188001588879e-10,4.734250200072637e-10,1.828507946411662
0.21807,1.138185739106815e-09,7.537412813567472e-10,1.1216789749370436e-09,9.554295632439319e-10,4.726911450725864e-10,2.1128407979915442
0.21814,1.040045686894924e-09,7.514270748810737e-10,1.1204342718373408e-09,9.539381999264378e-10,4.683102158227658e-10,1.4874415792323565
0.2182,8.567044621607654e-10,7.550991937461224e-10,1.1229269727719272e-09,9.568541648774318e-10,4.741131176795159e-10,0.4800183994648905
0.21827,4.843006242570731e-10,7.545327271563209e-10,1.1226704699583488e-09,9.564810147123666e-10,4.730552464702115e-10,-0.9660662115763633
0.21834,4.749724952130946e-10,7.558311474426792e-10,1.1236568553485962e-09,9.575752290523763e-10,4.749724952130946e-10,-1.9984658219801021
0.21841,4.715072239962864e-10,7.533623802486763e-10,1.1216074763212798e-09,9.55398787857908e-10,4.715072239962864e-10,-2.4156178608636405
0.21848,4.747100099710028e-10,7.549017484030221e-10,1.1222861070834219e-09,9.5635383473678e-10,4.747100099710028e-10,-1.7836750678960862
0.21855,5.480890612769463e-10,7.544101212380661e-10,1.1216698861974752e-09,9.55843947847335e-10,4.739614044206526e-10,-0.7728521717134191
0.21862,8.783860292250252e-10,7.534621664106333e-10,1.1215384570090289e-09,9.553920664595752e-10,4.718488552047514e-10,0.5911247785799124
0.21869,1.1396270295670606e-09,7.559159404557007e-10,1.1242276806642163e-09,9.579303348445475e-10,4.745760369466733e-10,2.107068808920901
0.21876,1.2474788274651855e-09,7.546764930528081e-10,1.122969663653283e-09,9.566411590792145e-10,4.735488505308272e-10,2.8513067230250155
0.21882,1.2070316772485212e-09,7.574316385908739e-10,1.1247082693511025e-09,9.58817273863184e-10,4.776313576215894e-10,2.570540649805537
0.21889,9.83424159535064e-10,7.533682953982486e-10,1.122557479011956e-09,9.559548028899216e-10,4.70406475191075e-10,1.147942757438747
0.21896,4.752257067241703e-10,7.559923827644893e-10,1.1237911982753777e-09,9.577138825376916e-10,4.752257067241703e-10,-1.5434508972648922
0.21903,4.755467851042165e-10,7.558909335045651e-10,1.1232749135222088e-09,9.573689488698693e-10,4.755467851042165e-10,-2.847966122508451
0.2191,4.543711623947756e-10,7.422814135991764e-10,1.1138451282326075e-09,9.464621139280733e-10,4.543711623947756e-10,-3.5335478934871394
0.21917,4.731161241020394e-10,7.602878095124857e-10,1.1298131882664257e-09,9.62582350959913e-10,4.731161241020394e-10,-2.741025071881583
0.21924,4.71685320915549e-10,7.534200444831707e-10,1.1216037947455534e-09,9.554115498463224e-10,4.71685320915549e-10,-1.0155478410466923
0.21931,8.181162755358883e-10,7.538995864766799e-10,1.1218239347827303e-09,9.557352281179638e-10,4.725363229371106e-10,0.2947200062442268
0.21938,1.0896392066039428e-09,7.54712663023002e-10,1.1226898152475074e-09,9.565608649713596e-10,4.734768581101611e-10,1.7925378075900777
0.21945,1.2174206181689898e-09,7.573414535597042e-10,1.124510982200646e-09,9.586664868620238e-10,4.776215286704381e-10,2.6450819435060926
0.21952,1.2744069246864175e-09,7.595949326040781e-10,1.1260790514449017e-09,9.604783618502352e-10,4.811575114892418e-10,3.054383219722243
0.21959,1.1430271705384505e-09,7.534694715267387e-10,1.121798042969382e-09,9.555481388812075e-10,4.715535372509251e-10,2.138289680962256
0.21965,9.505313465068802e-10,7.541467357205878e-10,1.1226961226874612e-09,9.562631066371131e-10,4.723559155506833e-10,0.9696536798205144
0.21972,6.418998324179231e-10,7.552708590222346e-10,1.123143008855958e-09,9.570477174193569e-10,4.742731374088811e-10,-0.4522634580962208
0.21979,4.736276813773274e-10,7.550389904152315e-10,1.1229765641315568e-09,9.568411433073763e-10,4.736276813773274e-10,-1.8441455831585942
0.21986,4.933867531849969e-10,7.668700043180673e-10,1.1306205142018895e-09,9.66001615306769e-10,4.933867531849969e-10,-2.9750756810257575
0.21993,4.809837118328277e-10,7.590862978314741e-10,1.1252370689438003e-09,9.597766516319177e-10,4.809837118328277e-10,-3.1530163576404004
0.22,4.686023283773225e-10,7.51616255005956e-10,1.1205491605390554e-09,9.540843052896513e-10,4.686023283773225e-10,-2.0171985168445636
0.22007,6.372338377173363e-10,7.513092835590354e-10,1.1197519770737091e-09,9.534961740984555e-10,4.688088782902007e-10,-0.4667575358916714
0.22014,9.4462619312724e-10,7.51825622340292e-10,1.1200347189531103e-09,9.53869467167026e-10,4.696988536809486e-10,0.9443869642823868
0.22021,1.1956815748404762e-09,7.559085985484773e-10,1.123018128240388e-09,9.572257837068799e-10,4.759435308360571e-10,2.5002439477213128
0.22028,1.3293407227480325e-09,7.515865369595532e-10,1.119724636602408e-09,9.535891915295187e-10,4.695057175794048e-10,3.4854603954701453
0.22035,1.3212479458937232e-09,7.371782009195434e-10,1.1099154823215092e-09,9.4213670359906e-10,4.4700148562777917e-10,3.4222343432492495
0.22042,1.142748927639198e-09,7.530473049909842e-10,1.1210301083371902e-09,9.549332480542676e-10,4.714349017490661e-10,2.1421985645957964
0.22049,8.121656252664937e-10,7.529843315904112e-10,1.1214035524463341e-09,9.551250293687685e-10,4.708603167513208e-10,0.26551888461114864
0.22056,4.701495951917914e-10,7.523669447457234e-10,1.1207241162038082e-09,9.544879941702902e-10,4.701495951917914e-10,-1.1379146337745107
0.22063,4.661633163425147e-10,7.494921776732927e-10,1.1182674476432521e-09,9.518934911408977e-10,4.661633163425147e-10,-2.542043106972269
0.2207,4.746040579151074e-10,7.545942259996286e-10,1.121498772272343e-09,9.558167633873602e-10,4.746040579151074e-10,-2.818711745706352
0.22077,4.670622547132653e-10,7.498812632128927e-10,1.1183494249639922e-09,9.521093341931213e-10,4.670622547132653e-10,-2.0912783159475006
0.22084,5.327173390276405e-10,7.479977024923297e-10,1.1117701300626266e-09,9.475042219659635e-10,4.703708145385463e-10,-0.8058768892573862
0.22091,9.108342793222702e-10,7.442488056795292e-10,1.1088960270062986e-09,9.443398993027666e-10,4.6479923167078466e-10,0.8105418722789848
0.22098,1.0885904804199852e-09,7.461552594567439e-10,1.1100763312920687e-09,9.457847401289263e-10,4.679606392235939e-10,1.8635957850493703
0.22105,1.0969548801794135e-09,7.440710052949679e-10,1.1084186166347261e-09,9.439899896553183e-10,4.649379820933817e-10,1.9207214590923773
0.22111,1.0124589207483482e-09,7.449832377405136e-10,1.1089555156139252e-09,9.446651241029955e-10,4.664823029277897e-10,1.3933317815599935
0.22118,8.887414013513229e-10,7.447717356120065e-10,1.1088555355891175e-09,9.445229787680423e-10,4.660949727212918e-10,0.6958794120171923
0.22125,6.860433453798232e-10,7.451972586176903e-10,1.1092767398955143e-09,9.449377542359637e-10,4.666150468451975e-10,-0.2506888059744434
0.22132,4.67073967099114e-10,7.45410147161751e-10,1.1093227707491345e-09,9.450496980681102e-10,4.67073967099114e-10,-1.0134737724771488
0.22139,4.6542549562608577e-10,7.442215050642204e-10,1.1083168834133756e-09,9.439885138539616e-10,4.6542549562608577e-10,-1.315994898186788
0.22146,4.6325143081923936e-10,7.450361048409193e-10,1.1106113466732115e-09,9.460600548318099e-10,4.6325143081923936e-10,-1.0973782772162604
0.22153,6.832522088711084e-10,7.452747007486793e-10,1.109328304446479e-09,9.449976719683494e-10,4.667446805053295e-10,-0.26198422880528166
0.2216,8.973684013350118e-10,7.462837879305219e-10,1.1097784961581065e-09,9.456602311576893e-10,4.68626310831012e-10,0.7422644282285193
0.22167,1.053194989996925e-09,7.43621619193201e-10,1.1077767650283413e-09,9.434355403897112e-10,4.646275653122529e-10,1.6456428288940605
0.22174,1.1474675009483818e-09,7.447887775270869e-10,1.108380084825267e-09,9.442511555086948e-10,4.666953923835957e-10,2.2632417173031465
0.22181,1.1109793922775713e-09,7.428698071197216e-10,1.1073359985284415e-09,9.4288046592866e-10,4.6335244360747384e-10,2.015792190258413
0.22188,8.994286606816365e-10,7.442647551401426e-10,1.1084265019340268e-09,9.440704196952125e-10,4.6539582771193643e-10,0.7532501573209036
0.22195,5.615955626840733e-10,7.463901672353516e-10,1.1095804051586392e-09,9.455858546435634e-10,4.691184050149488e-10,-0.7090548966168205
0.22202,4.675296941051523e-10,7.451292014264328e-10,1.1083728841301525e-09,9.443800977943999e-10,4.675296941051523e-10,-1.830528700106513
0.22209,4.609917192933295e-10,7.409161546669147e-10,1.1053894870754761e-09,9.409676676924276e-10,4.609917192933295e-10,-2.4909840236868748
0.22216,4.695432646777476e-10,7.461779543273664e-10,1.1087963883841651e-09,9.450421832526955e-10,4.695432646777476e-10,-2.3603140499210284
0.22223,4.6230192610817737e-10,7.41698307530268e-10,1.1058604241262908e-09,9.415523426513757e-10,4.6230192610817737e-10,-1.7532518001662105
0.2223,5.730248770013962e-10,7.421169534010773e-10,1.1064424446417694e-09,9.420589436831625e-10,4.626133404679593e-10,-0.6697090263186133
0.22237,8.873376262128228e-10,7.43096038600405e-10,1.1071660142431092e-09,9.428695425062622e-10,4.640969188348399e-10,0.692842409445342
0.22244,1.0529847494331566e-09,7.433238245312084e-10,1.1072790280607945e-09,9.430258402483065e-10,4.6450648074023206e-10,1.6475676215569839
0.22251,1.1196039088236859e-09,7.408182118161851e-10,1.1055117135567253e-09,9.40999586954405e-10,4.6062134999725477e-10,2.0782859243497143
0.22258,1.067534552263131e-09,7.436721150500391e-10,1.1073239586078438e-09,9.431897458162984e-10,4.6528545024043416e-10,1.7412845942028536
0.22265,9.612000798177658e-10,7.466294621383162e-10,1.109275857254849e-09,9.455015260563549e-10,4.700568822413039e-10,1.1004804186128598
0.22272,8.025691478356142e-10,7.453297514582383e-10,1.1086540271393905e-09,9.44610363838232e-10,4.677565580866022e-10,0.2680101002858966
0.2228,5.82672508660356e-10,7.45401504676913e-10,1.1085309643793457e-09,9.445807704544214e-10,4.679912268253507e-10,-0.6362391445659584
0.22287,4.688967270068537e-10,7.459412495773572e-10,1.1088626626695764e-09,9.449876501052707e-10,4.688967270068537e-10,-1.1537792815109595
0.22294,4.675496275772319e-10,7.450180511042301e-10,1.1081325935881624e-09,9.441951002158807e-10,4.675496275772319e-10,-1.20796522591325
0.22301,5.124427054528043e-10,7.433292371312704e-10,1.1069857105867013e-09,9.428556531549879e-10,4.6486878618112523e-10,-0.8643259063007661
0.22308,6.816218436872249e-10,7.437803011913909e-10,1.107254932772077e-09,9.43191897450316e-10,4.6562647850385197e-10,-0.2637388566928981
0.22315,8.143773955314078e-10,7.440301715331801e-10,1.1073912272152881e-09,9.433720230697954e-10,4.660574726811661e-10,0.32683090450537533
0.22322,8.572415370258789e-10,7.446148001390203e-10,1.107763252910865e-09,9.43819664638842e-10,4.670199218725463e-10,0.539972232004377
0.22329,8.589262994940062e-10,7.427082404654471e-10,1.1064611306052605e-09,9.423033154233565e-10,4.6400305932773014e-10,0.5487255023338177
0.22336,8.240965714375334e-10,7.423420468858079e-10,1.1061428364387659e-09,9.419744799456938e-10,4.634962111013081e-10,0.3748309952210674
0.22343,7.847889133102973e-10,7.436228070445143e-10,1.106833277567961e-09,9.428821935622833e-10,4.657522018933434e-10,0.18789462094623235
0.2235,7.254596168406489e-10,7.43739321620329e-10,1.1068143539710213e-09,9.429172845960971e-10,4.66051283587967e-10,-0.07823468622385865
0.22357,6.287061140799799e-10,7.440900842717737e-10,1.1070095593507858e-09,9.431701613339092e-10,4.666600618834737e-10,-0.4680925165224296
0.22364,5.135173833345933e-10,7.440705150650537e-10,1.1070446623181058e-09,9.431832059387027e-10,4.665704132122041e-10,-0.8599228156431669
0.22371,4.660771281768287e-10,7.438179467620084e-10,1.1069505557108278e-09,9.430283305934558e-10,4.660771281768287e-10,-1.0889181155226837
0.22378,5.735329117838584e-10,7.425093021384328e-10,1.1061112693532466e-09,9.420197403007113e-10,4.639403652203126e-10,-0.6660970881873765
0.22385,7.937210934155384e-10,7.435965778049133e-10,1.106821771222449e-09,9.428654888457262e-10,4.656995395141129e-10,0.22979057798660837
0.22392,9.388222807765204e-10,7.445202458951223e-10,1.107382904964152e-09,9.435588452258953e-10,4.672479621847681e-10,0.9783553165836242
0.22399,1.0162741244701843e-09,7.439913677182263e-10,1.1069833504646338e-09,9.43115727742733e-10,4.664553066224554e-10,1.4295087799613744
0.22406,1.0110651313489605e-09,7.430879208688023e-10,1.1063755186368096e-09,9.424026817076543e-10,4.650133919128191e-10,1.3980928311865528
0.22413,9.501077378911857e-10,7.431503157602751e-10,1.1063727531600568e-09,9.424257065981733e-10,4.6516582977150055e-10,1.042624933269709
0.2242,8.564396859087096e-10,7.436915243452699e-10,1.1067917896275745e-09,9.4288505799013e-10,4.659643731704801e-10,0.5384439158804839
0.22428,6.69224425208785e-10,7.437111260907084e-10,1.1068134163044961e-09,9.429067666947669e-10,4.659863087669899e-10,-0.3117786205864451
0.22435,4.671582994738301e-10,7.442358445819485e-10,1.1069989177231365e-09,9.43197689940099e-10,4.671582994738301e-10,-1.0152693152320647
0.22442,4.6412677888096784e-10,7.424116360202655e-10,1.1057577770652632e-09,9.417736505145577e-10,4.6412677888096784e-10,-1.2700519902960046
0.22449,4.646635821798545e-10,7.428222301485002e-10,1.1061337733963705e-09,9.42156156950981e-10,4.646635821798545e-10,-1.3474877888326147
0.22456,4.656876240925212e-10,7.43654775675573e-10,1.1069493148243088e-09,9.429632306692259e-10,4.656876240925212e-10,-1.0421892429384911
0.22463,6.096378728107854e-10,7.430142583972917e-10,1.1066756428190751e-09,9.425501548957703e-10,4.6447846630773964e-10,-0.5398116931336925
0.2247,7.279935414911046e-10,7.433877519841436e-10,1.1070096895595573e-09,9.428931746222678e-10,4.649778154534973e-10,-0.06949163374787633
0.22477,7.990841639649269e-10,7.44225784683751e-10,1.1077152820245827e-09,9.436414244300205e-10,4.661899107062913e-10,0.25289427244995455
0.22484,8.119334192056954e-10,7.443056962350691e-10,1.1074284835058204e-09,9.435005839005977e-10,4.666808983014271e-10,0.31596660071919425
0.22491,7.682876057085009e-10,7.442606866648132e-10,1.107282463493381e-09,9.433976421720318e-10,4.667440591320736e-10,0.11143974244942569
0.22498,6.999055532154437e-10,7.434961618729519e-10,1.1067364145940186e-09,9.427806087971276e-10,4.6556452946338287e-10,-0.18707725805318776
0.22505,6.753084747947826e-10,7.434954071319148e-10,1.1068302134401787e-09,9.428158859127858e-10,4.65561936970075e-10,-0.2877074327399514
0.22513,7.56404474530913e-10,7.438714992677455e-10,1.1070826583315758e-09,9.431275513934032e-10,4.660446704050556e-10,0.057200350852717116
0.2252,8.521495147406264e-10,7.425526675525226e-10,1.1062226520966964e-09,9.421027152974896e-10,4.6390918746236877e-10,0.51517846909636
0.22527,9.40558775563159e-10,7.415377728711495e-10,1.1054691434656756e-09,9.412593352857908e-10,4.623818413001553e-10,0.9872412096480284
0.22534,9.800482595187495e-10,7.43259226960057e-10,1.1066351350355042e-09,9.426226547626192e-10,4.651149240707343e-10,1.2128925191932312
0.22541,9.589404573191264e-10,7.437181999754255e-10,1.1069348656570836e-09,9.429896161670291e-10,4.657495043462814e-10,1.0899172807184943
0.22548,8.749322997555587e-10,7.453621977995711e-10,1.1083790304201077e-09,9.444758746254795e-10,4.680801527448044e-10,0.6302018600895799
0.22555,7.894086262704295e-10,7.438796385785246e-10,1.1071926523924073e-09,9.431949267668878e-10,4.659359905875804e-10,0.20836557711628442
0.22562,7.058643934081414e-10,7.426297730035243e-10,1.1062582914933556e-09,9.421534977092455e-10,4.6405436654124554e-10,-0.16261885139302668
0.22569,6.532975322485679e-10,7.448899986726601e-10,1.1077267240512648e-09,9.4390625276503e-10,4.677253847225126e-10,-0.37496496493878584
0.22577,5.487613596207633e-10,7.457753815490121e-10,1.1083223288949525e-09,9.446050872606561e-10,4.691423661508272e-10,-0.7488425443325438
0.22584,4.730579772546429e-10,7.421999246691881e-10,1.1056936707940913e-09,9.416263264336544e-10,4.6380155187269996e-10,-0.9783296154276175
0.22591,4.69259840934826e-10,7.458107861723088e-10,1.1082952062846866e-09,9.44603119394281e-10,4.69259840934826e-10,-1.0089792067506627
0.22598,5.849707991777393e-10,7.430562287859421e-10,1.1064776511133294e-09,9.424504230829148e-10,4.648144243617092e-10,-0.6266712319779928
0.22605,7.065779946700135e-10,7.433080790773906e-10,1.1067809136209878e-09,9.427277200408945e-10,4.650572660216376e-10,-0.15998845636934486
0.22612,8.266447276249881e-10,7.451698203964678e-10,1.1083989020767115e-09,9.444032724943123e-10,4.676382727149232e-10,0.38531745710147414
0.22619,8.600303134888543e-10,7.439847327818966e-10,1.107512757542078e-09,9.434231689372186e-10,4.658138587353149e-10,0.5530337599606775
0.22626,8.400590506317052e-10,7.433573272125879e-10,1.1069453083267662e-09,9.428452381664855e-10,4.6498090437130647e-10,0.45311663961942694
0.22634,7.678355230410548e-10,7.437940004283502e-10,1.107068164673115e-09,9.430878919100674e-10,4.658800089565514e-10,0.10885225009852358
0.22641,6.759613693020273e-10,7.440884739634581e-10,1.1072532081101013e-09,9.433132476693077e-10,4.663648269008138e-10,-0.28564709237271496
0.22648,5.766992605536865e-10,7.44957784029404e-10,1.1080549633675636e-09,9.441223340465164e-10,4.675490056161937e-10,-0.6560868854008157
0.22655,5.989499270637397e-10,7.420891876218671e-10,1.1061853704057446e-09,9.41905154470904e-10,4.627983150635415e-10,-0.5788026933870406
0.22662,7.616376201440452e-10,7.437979171529043e-10,1.1071691100784241e-09,9.431483891978297e-10,4.657713686481834e-10,0.08010923914800057
0.22669,8.928375906759763e-10,7.452853531399279e-10,1.1081777437382722e-09,9.443267611212055e-10,4.681389563108202e-10,0.7254623757454364
0.22676,1.0246677543639332e-09,7.429345962816362e-10,1.1074073747844773e-09,9.427540198671794e-10,4.6443362142120275e-10,1.4783242416995255
0.22684,9.932387793199117e-10,7.432516283459974e-10,1.1067877638753294e-09,9.4270921048612e-10,4.649156450551486e-10,1.2888118202673833
0.22691,8.493578596739942e-10,7.430898187851201e-10,1.1066499005277204e-09,9.425647341228455e-10,4.6469036050717476e-10,0.500611733714841
0.22698,6.51955831749309e-10,7.437135544229512e-10,1.1070154781009169e-09,9.430253157469037e-10,4.657494757169594e-10,-0.38053939544671056
0.22705,4.727837556736652e-10,7.420251734028908e-10,1.1057886903693021e-09,9.416390878192652e-10,4.631677137700371e-10,-0.9797594269601294
0.22712,4.613421382908962e-10,7.408192350993397e-10,1.1048963380916302e-09,9.40640578606111e-10,4.613421382908962e-10,-1.030969899950588
0.22719,5.241680394083108e-10,7.419332403729235e-10,1.1056718742734076e-09,9.415349654391806e-10,4.6308261743109337e-10,-0.8271898331765145
0.22727,6.979320719825182e-10,7.439276482234002e-10,1.1071570239107514e-09,9.431930658373219e-10,4.660935259994898e-10,-0.19592118427057456
0.22734,7.95690590729268e-10,7.431741823714312e-10,1.1065445354968655e-09,9.42536098850401e-10,4.650179406354733e-10,0.23906499175503687
0.22741,8.518041810984525e-10,7.421563390239874e-10,1.1058466967580675e-09,9.417250654127832e-10,4.6341134777582814e-10,0.5142082034642789
0.22748,8.648811802865804e-10,7.41726455340633e-10,1.1055578198968924e-09,9.41385950330799e-10,4.6272659180431276e-10,0.5809818915140369
0.22755,8.200323985732295e-10,7.441676950019022e-10,1.10729968664682e-09,9.433713744761883e-10,4.664988246934826e-10,0.3554960462036686
0.22762,7.218231261960061e-10,7.432690331973631e-10,1.106564598041686e-09,9.425851347689228e-10,4.652221019847104e-10,-0.09424974340664667
0.2277,6.277020873763238e-10,7.432419431965749e-10,1.1064984887377199e-09,9.425343894099402e-10,4.6525031172098536e-10,-0.47202945528096085
0.22777,5.659022980044555e-10,7.452662284017142e-10,1.1079526129137097e-09,9.441923472573883e-10,4.684080620607342e-10,-0.6917959564354896
0.22784,5.762113925553419e-10,7.445801714882002e-10,1.1073816471750536e-09,9.435807583708856e-10,4.673948256072223e-10,-0.6565289060759909
0.22791,6.742575735945032e-10,7.453676471088286e-10,1.1080229950318029e-09,9.44298858012251e-10,4.679526559550317e-10,-0.29455570174449863
0.22798,7.619896999466338e-10,7.426538012596235e-10,1.1060923833586055e-09,9.420655727420654e-10,4.6430877782106546e-10,0.08338179513883248
0.22805,8.613215783726286e-10,7.415655831514112e-10,1.1053421919201508e-09,9.41196001963742e-10,4.625973006371252e-10,0.5634717180288479
0.22813,9.499077578180597e-10,7.428946268326511e-10,1.1062250427302244e-09,9.422384906152323e-10,4.6472720300594074e-10,1.041256174010276
0.2282,9.570247338343637e-10,7.412464512306327e-10,1.1051490882840535e-09,9.409475091504313e-10,4.6209832557407195e-10,1.0815095045636707
0.22827,9.223625625645321e-10,7.4401856653387e-10,1.107069143401794e-09,9.43175439767435e-10,4.664291632033836e-10,0.8871141394126668
0.22834,8.224630554743493e-10,7.43723543661308e-10,1.1067260493785462e-09,9.428592066475685e-10,4.661186639590823e-10,0.3692171753686618
0.22841,6.94083923185538e-10,7.426719026347222e-10,1.1059927896562168e-09,9.420142232381785e-10,4.6447057753790337e-10,-0.21032642853141512
0.22849,5.517067877091567e-10,7.43445314189943e-10,1.1065922371322966e-09,9.426723205008936e-10,4.656025736284295e-10,-0.7387572372350923
0.22856,4.6320254398532156e-10,7.418396583311408e-10,1.1053836210728664e-09,9.413285041681497e-10,4.6320254398532156e-10,-1.0732459287825014
0.22863,4.6257913017056694e-10,7.415009290220102e-10,1.1052259089792745e-09,9.411025086298857e-10,4.6257913017056694e-10,-1.0748716556719726
0.2287,5.486307949405637e-10,7.41165504286149e-10,1.1049553247936069e-09,9.408112738125868e-10,4.6209915353202826e-10,-0.7484791537192513
0.22877,6.899579334391549e-10,7.437064296650987e-10,1.106604359232886e-09,9.427811007627787e-10,4.662220385623369e-10,-0.22694118280968553
0.22885,8.38759432440142e-10,7.41888329116795e-10,1.1054971745022175e-09,9.414109943945548e-10,4.6320327999780295e-10,0.44985179081036963
0.22892,9.534699745783042e-10,7.420974018980035e-10,1.1057305340589227e-09,9.416329143994737e-10,4.6341221793229297e-10,1.061095091349502
0.22899,1.0017268150819879e-09,7.426633929798801e-10,1.1068291348952349e-09,9.424075305080372e-10,4.63983132230399e-10,1.3399293942270825
0.22906,9.57177978680867e-10,7.414442953876321e-10,1.1053072041553829e-09,9.411279639375278e-10,4.623486635217382e-10,1.0819811045401602
0.22914,8.234717916550105e-10,7.448389244846459e-10,1.1074852381246386e-09,9.437397741335567e-10,4.678860470625711e-10,0.37368062638690575
0.22921,6.886063346948326e-10,7.424526838738149e-10,1.1057844607436357e-09,9.41805438457327e-10,4.641937452545872e-10,-0.23258793774240186
0.22928,5.70928869577079e-10,7.447773046178564e-10,1.1072909785214242e-09,9.436063874302793e-10,4.679737289967358e-10,-0.6738514990185509
0.22935,5.127847648568193e-10,7.435650902722844e-10,1.1065182226231514e-09,9.42674908992413e-10,4.659850888068774e-10,-0.8616800260939624
0.22942,4.887072122457312e-10,7.421514294871044e-10,1.1057204232542243e-09,9.416498214863707e-10,4.635447350838207e-10,-0.9338583725506461
0.2295,6.33467591145445e-10,7.445806078989781e-10,1.1072825315216765e-09,9.435242064386177e-10,4.675094060859586e-10,-0.44997054803210335
0.22957,7.536879912856681e-10,7.434598579545128e-10,1.10642562831644e-09,9.425790652421753e-10,4.658429891985571e-10,0.047125331780648545
0.22964,8.469723402423689e-10,7.440392476513003e-10,1.1067959043257322e-09,9.43024714764943e-10,4.667925266189012e-10,0.4920248424413712
0.22971,8.846300085278555e-10,7.442021181310329e-10,1.1069023227740904e-09,9.431512551961343e-10,4.670574443236266e-10,0.6862964700719963
0.22979,8.75819814489591e-10,7.422561529731688e-10,1.1056505436440269e-09,9.41649095900277e-10,4.638837957841275e-10,0.6396919988876152
0.22986,8.209949092711639e-10,7.420996380709921e-10,1.105500988978697e-09,9.414994387975932e-10,4.636878131961758e-10,0.36290922960851035
0.22993,7.566802132280874e-10,7.428881812307471e-10,1.1059369016089135e-09,9.420664485645523e-10,4.6505633496487823e-10,0.06121199248511068
0.23,6.901153267877725e-10,7.438524503401017e-10,1.1064926160641436e-09,9.42773086165421e-10,4.667056432727154e-10,-0.2252891728985881
0.23008,6.212514857554776e-10,7.414318253511312e-10,1.1048744723594725e-09,9.408688061969722e-10,4.628312340973109e-10,-0.4944929917919979
0.23015,5.896430238570784e-10,7.426544793568683e-10,1.1057405566501319e-09,9.418594003279774e-10,4.6472784283414665e-10,-0.6087496193846116
0.23022,6.367662736756598e-10,7.4390878565428e-10,1.1066486379760481e-09,9.428869044203468e-10,4.666544890934158e-10,-0.436773314821802
0.23029,6.963533870100861e-10,7.424467713511905e-10,1.105700580060245e-09,9.41753947509283e-10,4.6427860477561094e-10,-0.2002563774406173
0.23037,7.97493082342873e-10,7.425171606591696e-10,1.1057736361320725e-09,9.418244640110002e-10,4.643610552841337e-10,0.24965798053720176
0.23044,8.543075108591523e-10,7.412350982609651e-10,1.1049315496696678e-09,9.40824357359225e-10,4.6229592975504045e-10,0.5290025873638304
0.23051,8.693680527838569e-10,7.429293580655519e-10,1.1060017738875064e-09,9.421208266060337e-10,4.650774960236412e-10,0.6069218088208799
0.23058,8.381572891797414e-10,7.447003741923944e-10,1.107157442951952e-09,9.43496942187469e-10,4.679498253662236e-10,0.4482773255714306
0.23066,7.703259671398512e-10,7.428193840207716e-10,1.1058708488133719e-09,9.420008779156296e-10,4.6496806346741394e-10,0.12340350681436917
0.23073,6.908805916528644e-10,7.420946252114973e-10,1.1054014572880456e-09,9.414395115467985e-10,4.6379104488685246e-10,-0.22256744408782644
0.2308,6.223292092683972e-10,7.423350913157418e-10,1.1056294589542422e-09,9.416682916734502e-10,4.640949974072986e-10,-0.4910840179621873
0.23087,5.902563569193565e-10,7.431415390147509e-10,1.1061913829624082e-09,9.423162185979996e-10,4.65357764814216e-10,-0.6070192705142495
0.23095,6.516920022937065e-10,7.434822864965022e-10,1.1064348138319105e-09,9.425933625751518e-10,4.658854401271719e-10,-0.3797906004047369
0.23102,7.17843265098686e-10,7.427252712935408e-10,1.1059410599339457e-09,9.420050696812787e-10,4.646587538343115e-10,-0.1099963949320906
0.23109,7.970787113467899e-10,7.420720918959814e-10,1.1054737179474309e-09,9.414729349780055e-10,4.636520609505807e-10,0.24766045405961187
0.23117,8.505576239542442e-10,7.444608630806617e-10,1.1070748593862842e-09,9.4335443097921e-10,4.674736097524543e-10,0.5101692368612532
0.23124,8.574746656403706e-10,7.44883178759359e-10,1.1073146060765538e-09,9.436616495411947e-10,4.682020498620818e-10,0.5456406333774492
0.23131,8.154822120619157e-10,7.294625644917102e-10,1.0864438861013205e-09,9.253309827547968e-10,4.560656327154523e-10,0.4068698950773651
0.23138,7.450727494089461e-10,7.165974766484022e-10,1.0661896078281826e-09,9.08369886209227e-10,4.4932101524764317e-10,0.13653252983206243
0.23146,6.717244376744548e-10,7.170303197683183e-10,1.0664416369552734e-09,9.086885231420799e-10,4.5005907634232896e-10,-0.1966610346960995
0.23153,6.433670847771081e-10,7.146083473282347e-10,1.0648017235892398e-09,9.067684468320688e-10,4.4619688969266696e-10,-0.316380684554191
0.2316,6.634444896357354e-10,7.166219586875649e-10,1.0661983886435433e-09,9.083847646933821e-10,4.493688506940352e-10,-0.23233257040467187
0.23168,6.980757500421434e-10,7.15554783835975e-10,1.0654628738677445e-09,9.075322704951052e-10,4.4768610965502037e-10,-0.08092334599134629
0.23175,7.18947603689265e-10,7.057497681069356e-10,1.0505288542176677e-09,8.949004641339687e-10,4.419485860481623e-10,0.06236750003134749
0.23182,7.398738116445314e-10,6.93609463940638e-10,1.0332586667061276e-09,8.799765206596216e-10,4.3339514493700353e-10,0.22171053327819998
0.2319,7.357962386494511e-10,6.867219541213386e-10,1.0218660233048998e-09,8.705737444884368e-10,4.3043672482681315e-10,0.24606478817096292
0.23197,7.18785869133523e-10,6.872100472965812e-10,1.0221587015955155e-09,8.709379274426613e-10,4.3125938833381727e-10,0.15980429391424533
0.23204,6.971192939439429e-10,6.860483089188549e-10,1.0213098814652141e-09,8.699816957058653e-10,4.2948364898029437e-10,0.05313541643147894
0.23211,6.79842977743159e-10,6.828063126091949e-10,1.0164651468626204e-09,8.658597265138574e-10,4.274757075919521e-10,-0.014503136712248446
0.23219,6.435740982752331e-10,6.751363405592445e-10,1.0043151168075184e-09,8.556960279212971e-10,4.2362311556210325e-10,-0.1459780822050639
0.23226,6.132621622546936e-10,6.704318910213644e-10,9.97941082373761e-10,8.501074470446002e-10,4.19846307545113e-10,-0.26828602554422665
0.23233,5.723367745706174e-10,6.714835454052218e-10,9.987120371228941e-10,8.509745715710652e-10,4.2145594733979083e-10,-0.44612292547854276
0.23241,5.394731885506328e-10,6.703954033218106e-10,9.979653002215204e-10,8.501072840742933e-10,4.1973508991778976e-10,-0.5797897334585734
0.23248,5.400884162311468e-10,6.630418474198357e-10,9.878266514044735e-10,8.412566268777461e-10,4.1417243069168817e-10,-0.5567834271834354
0.23255,5.942315684509817e-10,6.587312105672237e-10,9.803252498953846e-10,8.351538103917421e-10,4.1276207676757223e-10,-0.3050470526940369
0.23263,6.670242918955608e-10,6.527775151697792e-10,9.720612189775933e-10,8.279555748835804e-10,4.083227677592413e-10,0.07036547952497102
0.2327,7.067936922727259e-10,6.528161169819047e-10,9.72077277889824e-10,8.279802524884951e-10,4.083959170905486e-10,0.28109247356098543
0.23277,7.193378963260743e-10,6.386057961606648e-10,9.519954269396122e-10,8.105895649063545e-10,3.982291742538638e-10,0.43114224553701475
0.23285,7.131931840802789e-10,6.351374733421779e-10,9.459391074692514e-10,8.056506444976488e-10,3.9721500191556476e-10,0.4257661074028432
0.23292,6.56176460345542e-10,6.23655424684702e-10,9.286857213306159e-10,7.91012802241166e-10,3.901169817545824e-10,0.17375046362670601
0.23299,5.955762548686281e-10,6.195197411404529e-10,9.227871949859518e-10,7.859200923716375e-10,3.872209937843625e-10,-0.12807685758646978
0.23307,5.831119545202872e-10,6.200121192889171e-10,9.231077975266181e-10,7.863023840600481e-10,3.88019039387702e-10,-0.1908836278304074
0.23314,6.267086644609652e-10,6.201689115921779e-10,9.232467354960792e-10,7.864456608773031e-10,3.8823012900075793e-10,0.034434156999402867
0.23321,6.825814369529401e-10,6.205656832609216e-10,9.227382538666734e-10,7.863033360419198e-10,3.897889779084498e-10,0.3532496251883863
0.23329,7.156086038883794e-10,6.157922285678042e-10,9.167664780263855e-10,7.809158447588842e-10,3.8545141731184035e-10,0.575604479127836
0.23336,7.004743576010032e-10,6.099153623505631e-10,9.063768015037951e-10,7.724999935068146e-10,3.837279959161974e-10,0.5380792312308458
0.23343,6.755092813946644e-10,6.030631724840108e-10,8.985032831267203e-10,7.65177329424368e-10,3.766649391890953e-10,0.4123103372955449
0.23351,6.388521092416091e-10,6.031057460527033e-10,8.984766642611995e-10,7.65178157591228e-10,3.76788409923441e-10,0.19542922902712528
0.23358,5.791921328099898e-10,6.03785691291519e-10,8.993841984082134e-10,7.658424317441334e-10,3.7764529104518607e-10,-0.13327183792924235
0.23366,5.503993128900214e-10,6.021189566805521e-10,8.972097426957658e-10,7.640461337379659e-10,3.759386516559482e-10,-0.2754037371135978
0.23373,5.292595703206268e-10,6.03969515197047e-10,8.978151530641842e-10,7.651310557507525e-10,3.7965437799588194e-10,-0.3752745188037668
0.2338,5.659364416808515e-10,6.015858329410132e-10,8.954716950509445e-10,7.628157421945068e-10,3.76726009438102e-10,-0.1889056789962565
0.23388,6.140419255858675e-10,6.014436453722985e-10,8.949919381541792e-10,7.62614702773933e-10,3.766680176638724e-10,0.07012762825781496
0.23395,6.288742461061248e-10,6.013705237702764e-10,8.95473198284328e-10,7.627363473636716e-10,3.763968218636546e-10,0.15433215306360992
0.23402,6.176485441978283e-10,6.022348399770258e-10,8.96789506223074e-10,7.634464431270987e-10,3.7772214607271853e-10,0.08898578308171878
0.2341,6.07315263949108e-10,6.0056436675893e-10,8.938081216038082e-10,7.614356597368494e-10,3.7626186437643976e-10,0.038487848879082104
0.23417,5.917709775257466e-10,5.996665268748569e-10,8.930434118044101e-10,7.598307244517079e-10,3.757017287824123e-10,-0.041739115523544264
0.23424,5.39940770543009e-10,5.953610627111692e-10,8.870640736017702e-10,7.554168055300722e-10,3.718190690611056e-10,-0.29641879387016523
0.23432,4.83464289991364e-10,5.936373439417145e-10,8.833698214886596e-10,7.525778903044634e-10,3.7207237172461616e-10,-0.5524546396588355
0.23439,4.138687107540041e-10,5.930422935656441e-10,8.82993982066457e-10,7.521227473356349e-10,3.7109307298309555e-10,-0.8444050852320276
0.23447,4.3184281689275613e-10,5.918242658019292e-10,8.808826268264231e-10,7.504035582617575e-10,3.7068256843418446e-10,-0.7687065061187836
0.23454,5.263320709800342e-10,5.919576756722666e-10,8.806698597749724e-10,7.503313384236001e-10,3.7125541539221866e-10,-0.341710182512847
0.23461,6.223634682734935e-10,5.902536420883065e-10,8.791906182646758e-10,7.487910306943139e-10,3.689322836749556e-10,0.17966579165627186
0.23469,7.131530706576294e-10,5.917673753751377e-10,8.801501688777923e-10,7.499748652245646e-10,3.71705079647831e-10,0.7564350225007964
0.23476,7.559537404044136e-10,5.908349979212404e-10,8.794672959601193e-10,7.491824524636643e-10,3.699967478317404e-10,1.0483461837651424
0.23484,7.940276974167657e-10,5.896591494041831e-10,8.786203856148695e-10,7.482212865816355e-10,3.681906195399279e-10,1.3271780048951654
0.23491,7.883245570069209e-10,5.879989860085172e-10,8.771519351552894e-10,7.467041104834366e-10,3.6596789617884865e-10,1.2888312769656831
0.23498,7.121219324177355e-10,5.905243187205277e-10,8.788561876495967e-10,7.487016885535971e-10,3.6997847661178865e-10,0.749075324369473
0.23506,5.888478282184093e-10,5.883822503222877e-10,8.757778588193569e-10,7.460498149184843e-10,3.685062359815018e-10,0.0031295955476812734
0.23513,4.5652514814984655e-10,5.88415211614695e-10,8.759797075037044e-10,7.461817531434553e-10,3.6834240631631526e-10,-0.6550224680377913
0.23521,3.7010338720620627e-10,5.895659641838644e-10,8.768198814076867e-10,7.471283948039694e-10,3.7010338720620627e-10,-1.142132823166727
0.23528,3.683732733961699e-10,5.879120612808967e-10,8.757860808607429e-10,7.458694038554592e-10,3.6736986413058935e-10,-1.0007556652291927
0.23535,5.34510905855266e-10,5.848831527462803e-10,8.706100176647666e-10,7.416365588893957e-10,3.6626803385577466e-10,-0.2708636410824791
0.23543,6.650801676765481e-10,5.842790220687894e-10,8.68418570916791e-10,7.401120375369866e-10,3.6742933453735957e-10,0.4982603575651587
0.2355,7.288948691806899e-10,5.8252243138124e-10,8.673380538742324e-10,7.387854023369636e-10,3.6449979293550257e-10,0.9283065136851025
0.23558,6.805163885664524e-10,5.829080432482105e-10,8.675924070307065e-10,7.390793327355568e-10,3.651282134271783e-10,0.5981988827867492
0.23565,5.68949631402907e-10,5.771574626441899e-10,8.591601542786785e-10,7.318697914819196e-10,3.613697074603453e-10,-0.046496092879421
0.23572,4.025055557836091e-10,5.755319430271077e-10,8.555096451740281e-10,7.290928386714281e-10,3.617771807618497e-10,-0.8362321701618112
0.2358,3.611595483257177e-10,5.748501925191138e-10,8.546858349787636e-10,7.283344396258754e-10,3.611595483257177e-10,-1.1363033483269889
0.23587,4.3437753052521576e-10,5.757709779251939e-10,8.558335720721447e-10,7.290723319822252e-10,3.6264406670864357e-10,-0.7014241518504157
0.23595,6.191634887085762e-10,5.745511185960329e-10,8.545782417157847e-10,7.281529541830634e-10,3.6057185275106333e-10,0.27095857041763544
0.23602,7.492059933752029e-10,5.710808000624186e-10,8.522013822158602e-10,7.253891554656114e-10,3.5509359941272143e-10,1.160642499998364
0.2361,8.450168328015849e-10,5.755238937316177e-10,8.551141871822808e-10,7.288506333336461e-10,3.622723124247113e-10,1.9253666816215442
0.23617,8.235137486461887e-10,5.724880543934417e-10,8.51411910856834e-10,7.25480240758734e-10,3.5939797979792956e-10,1.7702941942383643
0.23625,7.126644232364384e-10,5.620811621921712e-10,8.374346734065201e-10,7.131726190690535e-10,3.510817080777036e-10,0.9910747161382139
0.23632,5.208064708147276e-10,5.618138985492942e-10,8.370723424480567e-10,7.128545136892943e-10,3.508724972213788e-10,-0.23595316006501046
0.23639,3.5079964649479327e-10,5.616012805882881e-10,8.367123760264875e-10,7.125594732901647e-10,3.5079964649479327e-10,-1.3664241344081205
0.23647,3.485247216625218e-10,5.546044686017114e-10,8.244436322557283e-10,7.025985699323938e-10,3.485247216625218e-10,-1.8751284957964311
0.23654,3.495098931492005e-10,5.531486590327997e-10,8.207544557163139e-10,6.998620667682889e-10,3.495098931492005e-10,-2.0629077225254253
0.23662,3.450138740303901e-10,5.486025729446635e-10,8.153785298661699e-10,6.949116238138711e-10,3.450138740303901e-10,-1.3555506959657961
0.23669,4.6328312673693586e-10,5.470783655295949e-10,8.131291582027682e-10,6.929906615056522e-10,3.440401129668059e-10,-0.4585775507080614
0.23677,6.401122807252507e-10,5.478266931561993e-10,8.139498115261888e-10,6.9376635542195e-10,3.4485946054281764e-10,0.616340227518193
0.23684,7.699573492334416e-10,5.437327010260576e-10,8.118852146133953e-10,6.909372582297545e-10,3.3752561011700967e-10,1.6176476850022539
0.23692,7.750860128240491e-10,5.442715611468129e-10,8.097933704157827e-10,6.899240417708679e-10,3.413162622809281e-10,1.6991556052506758
0.23699,6.922986048437351e-10,5.414226636938976e-10,8.0491017293168e-10,6.858316433348256e-10,3.405181233318863e-10,1.0601877121965164
0.23706,5.355531416601777e-10,5.393098865164317e-10,8.027748290217748e-10,6.838508996047762e-10,3.3772262260458814e-10,-0.022576637273547365
0.23714,3.334643634324743e-10,5.362822784365471e-10,8.002622217415125e-10,6.811793027946182e-10,3.334643634324743e-10,-1.136156442992742
0.23721,3.3601106101365936e-10,5.377943220704517e-10,8.01167474771028e-10,6.823085889234684e-10,3.3601106101365936e-10,-1.3383304836799212
0.23729,3.3705840419666825e-10,5.386608687087987e-10,8.02034340633719e-10,6.831584062967522e-10,3.3705840419666825e-10,-1.1220827075722812
0.23736,4.6165229423538163e-10,5.386837146066054e-10,8.021983624320391e-10,6.832653214444941e-10,3.3691006959972133e-10,-0.43853166534606564
0.23744,6.05453709897882e-10,5.380677385046695e-10,8.016513663551144e-10,6.827013447016977e-10,3.3608555938085665e-10,0.43123779542739704
0.23751,6.625644737150553e-10,5.395022592598366e-10,8.021888098889393e-10,6.835827448498377e-10,3.3888215963711176e-10,0.8461662765858678
0.23759,6.551007154795108e-10,5.397589249428304e-10,8.024516405335299e-10,6.838381359777535e-10,3.3918560413734095e-10,0.7893479731675024
0.23766,5.826109030631402e-10,5.377950335015618e-10,8.010247526042523e-10,6.822256177790622e-10,3.3617850104511966e-10,0.2814489335206914
0.23774,5.5986275398893e-10,5.373429141902043e-10,8.006191554152778e-10,6.818089955061544e-10,3.3558033387095966e-10,0.13470280416601677
0.23781,4.696986812066689e-10,5.324806197649624e-10,7.921410343961954e-10,6.749157330309283e-10,3.340077161407696e-10,-0.36199982916048784
0.23789,4.180484714795417e-10,5.332861996219354e-10,7.92558083983772e-10,6.754779695582643e-10,3.3544598377096534e-10,-0.6280120020343328
0.23796,3.799042731335601e-10,5.311727657847921e-10,7.956453104168183e-10,6.774850837983551e-10,3.2978237640840885e-10,-0.8134337193308707
0.23804,4.5665326692934603e-10,5.275805803246505e-10,7.844531751687054e-10,6.684710989582911e-10,3.314088110469255e-10,-0.40732744972329665
0.23811,5.264536547293766e-10,5.22604500961901e-10,7.781921736651711e-10,6.628345893898808e-10,3.2692574504625935e-10,0.0222953700800788
0.23819,6.247616694568334e-10,5.212097151791878e-10,7.758410241258245e-10,6.609043478256779e-10,3.2638056024187875e-10,0.7188233597353545
0.23826,6.641972207684938e-10,5.214706636702638e-10,7.756552756115723e-10,6.608978281784363e-10,3.2722952060262465e-10,1.0311833800125603
0.23834,7.084951392959789e-10,5.227158913298414e-10,7.76685811950204e-10,6.619905004490481e-10,3.290099322029288e-10,1.3975173549371525
0.23841,7.025944544471934e-10,5.208252149782284e-10,7.753077893111856e-10,6.604375026718887e-10,3.2609906897526553e-10,1.3484045123200317
0.23849,6.180119931672941e-10,5.175277331838102e-10,7.706308993585082e-10,6.563935051831071e-10,3.2376115602085467e-10,0.6981422716416773
0.23856,4.983621138888245e-10,5.151485504919095e-10,7.668429907374009e-10,6.532322978569968e-10,3.225598903521907e-10,-0.10539752708199193
0.23864,3.9005769828138497e-10,5.116391835946475e-10,7.613323888081729e-10,6.486143779452757e-10,3.2070098535642187e-10,-0.6875185208072229
0.23871,3.148552463164399e-10,5.037015130916039e-10,7.502459708166997e-10,6.389786756895428e-10,3.148552463164399e-10,-1.0982861698834199
0.23879,3.124400128646266e-10,5.022128436786844e-10,7.49286990590519e-10,6.378280371184575e-10,3.124400128646266e-10,-1.293271077800933
0.23886,3.1510437571605994e-10,5.037918883189901e-10,7.502223495062723e-10,6.389993806038917e-10,3.1510437571605994e-10,-1.1698553552609152
0.23894,4.027504953010972e-10,5.048124015009293e-10,7.509632902814124e-10,6.398368040705575e-10,3.1666961651698596e-10,-0.5953433559470601
0.23901,5.536039322403875e-10,5.091348883998919e-10,7.573155491430483e-10,6.452693462507443e-10,3.1947635188565973e-10,0.30526652095455536
0.23909,7.123699057107174e-10,5.090582746362836e-10,7.598220976983468e-10,6.467093747802047e-10,3.163282572519344e-10,1.5447182540539302
0.23916,7.499077447120866e-10,5.077743939235185e-10,7.587866152109991e-10,6.455944968014863e-10,3.1449862443939207e-10,1.8925229561132066
0.23924,7.121534600023591e-10,5.087553390449136e-10,7.594691194738778e-10,6.463822668726397e-10,3.160258251175045e-10,1.545098827557319
0.23931,5.920844948859438e-10,5.118234563162953e-10,7.614125652947684e-10,6.487336363680588e-10,3.210505690825373e-10,0.5614596845990474
0.23939,4.2069561153336475e-10,5.115156694323383e-10,7.610742761569154e-10,6.484133065231082e-10,3.2071821899816303e-10,-0.5302569625598434
0.23947,3.2060700526263505e-10,5.114031106054771e-10,7.609337339870928e-10,6.482877326415554e-10,3.2060700526263505e-10,-1.281524866067231
0.23954,3.22990629821198e-10,5.129211211972243e-10,7.619944593658111e-10,6.495088634267115e-10,3.22990629821198e-10,-1.3490072198456988
0.23962,3.349046126242032e-10,5.099902877896871e-10,7.576512108414552e-10,6.458031837240271e-10,3.211317281037792e-10,-0.9303025469420637
0.23969,4.4262080973269153e-10,5.087552854825373e-10,7.568714887366143e-10,6.448589559030469e-10,3.190949130545692e-10,-0.39707687431130073
0.23977,5.272288283155986e-10,5.090847824670229e-10,7.572959642181968e-10,6.45238032815335e-10,3.193797914607783e-10,0.12372156004607353
0.23984,5.966122516165158e-10,5.091191358437949e-10,7.574100270427174e-10,6.45317967369334e-10,3.193299022059442e-10,0.6189777594031859
0.23992,6.219605976089977e-10,5.08695921447828e-10,7.56967945318638e-10,6.448916471632894e-10,3.188409227110131e-10,0.8173123672652419
0.23999,6.112994900853398e-10,5.094930789464741e-10,7.596965686150939e-10,6.468074797899937e-10,3.175111261618861e-10,0.7085858168818902
0.24007,6.034425737165917e-10,5.130236699867753e-10,7.620628778762261e-10,6.495884185507586e-10,3.231591725017449e-10,0.6484536608643042
0.24014,5.730289619270562e-10,5.119013796795348e-10,7.613146103665278e-10,6.48707602132081e-10,3.213497551544588e-10,0.4231343907583723
0.24022,5.698807820229635e-10,5.149332688366869e-10,7.665915326606251e-10,6.52998640840306e-10,3.2235056936516564e-10,0.3691063911998848
0.2403,5.593535368582233e-10,5.181514282863059e-10,7.691643099399256e-10,6.558847756779263e-10,3.241813218156847e-10,0.2740390683567118
0.24037,5.047233466215675e-10,5.152620470229441e-10,7.666308834001185e-10,6.531533369303443e-10,3.23078872925833e-10,-0.06364944569345847
0.24045,4.035517410488269e-10,5.17782691366388e-10,7.70325989625731e-10,6.563160729848955e-10,3.2472584477690543e-10,-0.643611911373876
0.24052,3.357916367036847e-10,5.207251663883415e-10,7.745028159283334e-10,6.599273606631702e-10,3.268140981114552e-10,-0.9587726664381897
0.2406,3.2575332538729616e-10,5.20101362814549e-10,7.741338032770652e-10,6.594644332686432e-10,3.2575332538729616e-10,-1.0968042800274007
0.24067,3.634492269222794e-10,5.195311260326272e-10,7.735632689133443e-10,6.58908500580521e-10,3.2502263106885343e-10,-0.8407189230434129
0.24075,4.055502461564337e-10,5.193418045301426e-10,7.734126803009039e-10,6.587421930597048e-10,3.247945791724033e-10,-0.6433519469006362
0.24083,4.066648424836224e-10,5.202126506413605e-10,7.73995169242475e-10,6.594278813084804e-10,3.2618506056946536e-10,-0.6378401259431129
0.2409,4.382761324452626e-10,5.187902002551289e-10,7.729470519061734e-10,6.58251766885449e-10,3.240248302478954e-10,-0.47467135250696885
0.24098,4.762344065012563e-10,5.207635610296372e-10,7.746245604956373e-10,6.599993252453996e-10,3.2683397958773297e-10,-0.26502119005162345
0.24105,5.343736946825119e-10,5.164807100958326e-10,7.692045732163149e-10,6.551444538341499e-10,3.2293999710838035e-10,0.11276897173255933
0.24113,6.638408745191758e-10,5.156649835882462e-10,7.667738320074001e-10,6.53395273771097e-10,3.2387715293673436e-10,1.091962222795781
0.24121,7.671696900497803e-10,5.11343778239164e-10,7.639693129939376e-10,6.500445180414894e-10,3.168838970940663e-10,2.0083705778271224
0.24128,7.848665897738187e-10,5.153476903577565e-10,7.667476334198436e-10,6.532555717134523e-10,3.2314623401006777e-10,2.177490648873102
0.24136,7.479950577792289e-10,5.121596791906371e-10,7.624920769697775e-10,6.494989677464964e-10,3.205786488537902e-10,1.8622468925072004
0.24143,6.674318957395936e-10,5.092410803768298e-10,7.589116018496827e-10,6.462475859539468e-10,3.178372747227773e-10,1.1690163203326407
0.24151,5.367898812787154e-10,5.08969294107046e-10,7.567436666679382e-10,6.448685344928842e-10,3.1973714298329533e-10,0.19264940181070056
0.24159,3.784425546908265e-10,5.072697864895539e-10,7.557796312956262e-10,6.436326857765521e-10,3.1683247251239254e-10,-0.7322835507415837
0.24166,3.148691405870137e-10,5.060496936176518e-10,7.549775376954734e-10,6.426807220175023e-10,3.148691405870137e-10,-1.1626948037987463
0.24174,3.172059664433323e-10,5.07565023670772e-10,7.560564264428591e-10,6.43912000942951e-10,3.172059664433323e-10,-1.5018878061695113
0.24181,3.181528627717776e-10,5.08139620210359e-10,7.564213935997712e-10,6.443523022886399e-10,3.181528627717776e-10,-1.298646717181654
0.24189,3.14697818115094e-10,5.059708522811833e-10,7.549657125392432e-10,6.426422561188731e-10,3.14697818115094e-10,-1.2744525346365558
0.24197,3.143487175229036e-10,5.058542685288204e-10,7.550279347930221e-10,6.426324570311308e-10,3.143487175229036e-10,-1.0242172183874987
0.24204,4.040046609138396e-10,5.098663063359872e-10,7.578440359165251e-10,6.458674058145533e-10,3.206057632570613e-10,-0.606396096294614
0.24212,5.365616389772016e-10,5.087285701850332e-10,7.570561998432012e-10,6.449566469715651e-10,3.1881217214683153e-10,0.18697467315221095
0.24219,6.265828452631217e-10,5.096179517868815e-10,7.575944412499722e-10,6.45627099767194e-10,3.2028860374509047e-10,0.853740977379615
0.24227,6.770852684404492e-10,5.104734462020005e-10,7.579993176172262e-10,6.461972781051731e-10,3.2188288962488205e-10,1.2751650763306193
0.24235,6.72788090248374e-10,5.105766026018335e-10,7.602646318546156e-10,6.475686273830018e-10,3.194250522812796e-10,1.2081365912059758
0.24242,6.109323458493299e-10,5.090525141090325e-10,7.593204289587164e-10,6.464127842017227e-10,3.169058201337431e-10,0.7066156940767123
0.2425,5.136517334147934e-10,5.088273503960446e-10,7.573163677512674e-10,6.451486313320054e-10,3.1873749238508804e-10,0.03229742126603591
0.24258,4.511596427908052e-10,5.067538467075997e-10,7.546470281751674e-10,6.42764139615373e-10,3.169438360301779e-10,-0.34296319035201933
0.24265,4.826713817472675e-10,5.036405047614744e-10,7.503724457498574e-10,6.390269861206231e-10,3.145708340660004e-10,-0.138812136790909
0.24273,5.425094299352696e-10,5.053509245324381e-10,7.515184758238925e-10,6.403739081177664e-10,3.173073687715181e-10,0.25759551034722816
0.2428,6.218357396196783e-10,5.037698699543071e-10,7.504172421982453e-10,6.391042387295671e-10,3.1482729337501644e-10,0.8551935499658992
0.24288,6.062074801773463e-10,5.033722677489586e-10,7.500642605525665e-10,6.387399672907639e-10,3.142969439896672e-10,0.7320975548621866
0.24296,5.211425428761014e-10,5.027789060092182e-10,7.487765153459889e-10,6.377501922952162e-10,3.1440482939163687e-10,0.11941485804301738
0.24303,4.2430620124706704e-10,5.034125477795496e-10,7.48442428498261e-10,6.378045092925595e-10,3.1632476178810615e-10,-0.47092360208794554
0.24311,3.1725258145516334e-10,5.037541990570046e-10,7.483654541773781e-10,6.378930970580147e-10,3.172373738687725e-10,-0.9875868002582333
0.24319,3.096466690911968e-10,4.989715504677747e-10,7.451147542343445e-10,6.341000984936031e-10,3.096466690911968e-10,-1.2724450615977503
0.24326,3.1545888729079596e-10,5.027083122689903e-10,7.477431614096464e-10,6.371167776427614e-10,3.1545888729079596e-10,-1.099890675032544
0.24334,3.495757828823521e-10,5.002666013819993e-10,7.451355802149609e-10,6.346310518872909e-10,3.126223990634997e-10,-0.8436600435606205
0.24342,4.5198604301679583e-10,4.986851307615314e-10,7.430572859770901e-10,6.327784022304326e-10,3.1140061743044847e-10,-0.2982910363782675
0.24349,5.523131008215684e-10,4.986615760723142e-10,7.412293864402579e-10,6.316971070528177e-10,3.135132066637506e-10,0.3835797780236771
0.24357,6.164292687247877e-10,4.970809171010327e-10,7.399250117739193e-10,6.303076702810359e-10,3.1127773573454137e-10,0.8851121855057814
0.24365,5.973834423868458e-10,4.972296562325426e-10,7.417101262000699e-10,6.314033829313872e-10,3.0950552124830674e-10,0.7114947747117416
0.24372,5.522642066714092e-10,5.017382944330426e-10,7.460057396083993e-10,6.357130671174751e-10,3.1521001841043693e-10,0.356525208717468
0.2438,4.1415295696331225e-10,4.985779531538017e-10,7.425505003604872e-10,6.324404786219101e-10,3.117342719073453e-10,-0.5119553799180722
0.24388,3.4961253231840026e-10,4.955297074627853e-10,7.386208884316145e-10,6.289354338694234e-10,3.090737749011069e-10,-0.8301137802315374
0.24395,3.8025184417152403e-10,4.95521057880338e-10,7.389072255831605e-10,6.290990837499752e-10,3.0875628446206746e-10,-0.6822674370623518
0.24403,4.761682304490136e-10,4.974115790444782e-10,7.39935793377285e-10,6.304464605829411e-10,3.12045022065894e-10,-0.13370653357667814
0.24411,5.75809015396981e-10,4.968828229080367e-10,7.396924706326705e-10,6.300952612346266e-10,3.1106624481164877e-10,0.5635742244869204
0.24418,6.39305417387601e-10,4.94917845314768e-10,7.383889882504889e-10,6.285544666047872e-10,3.079202603158968e-10,1.0771509350038175
0.24426,6.620909601667372e-10,4.963961042140524e-10,7.392628433099801e-10,6.296491080813349e-10,3.104269941397566e-10,1.2767831860033847
0.24434,6.093565049004818e-10,4.979905439267516e-10,7.401766640833126e-10,6.308150501342304e-10,3.131440954572526e-10,0.8315660443134039
0.24441,5.204533014262252e-10,4.961479044516961e-10,7.389034726789241e-10,6.293420485912286e-10,3.1024903488973624e-10,0.162039087040845
0.24449,3.190340955926276e-10,4.945817770059418e-10,7.377088813798477e-10,6.280234756539434e-10,3.079181518159725e-10,-0.9653981474781084
0.24457,3.0555319313869055e-10,4.929132542908008e-10,7.363482645874066e-10,6.265663762938312e-10,3.0555319313869055e-10,-1.6807253597016774
0.24465,3.12126057347015e-10,4.970712682831096e-10,7.391784879642975e-10,6.298701673697393e-10,3.12126057347015e-10,-1.5653162725872847
0.24472,3.163596740466238e-10,4.980084712590001e-10,7.397892969374614e-10,6.305949858131833e-10,3.1365926593356107e-10,-0.9759979781146186
0.2448,5.214139598433993e-10,4.971555306399861e-10,7.393774914079985e-10,6.300169227968502e-10,3.121011371101668e-10,0.1704482799586304
0.24488,6.596275615522698e-10,4.989685986634897e-10,7.409261374157358e-10,6.316389158554979e-10,3.1462217400755875e-10,1.255810882229145
0.24495,7.199488687617362e-10,4.99593196206988e-10,7.41426137243524e-10,6.321765343325523e-10,3.1553975173324784e-10,1.8094299639904967
0.24503,7.195905728488525e-10,4.990767281670726e-10,7.410295319280546e-10,6.317420943864386e-10,3.1476340865430013e-10,1.80695587888611
0.24511,6.328571305537078e-10,4.973822021997504e-10,7.394989360119475e-10,6.301763746863481e-10,3.125076462810351e-10,1.0299749485019543
0.24519,5.082241657915821e-10,4.960954856622441e-10,7.383935489949062e-10,6.290217046854473e-10,3.1073326419360565e-10,0.0821942446792614
0.24526,4.1378926650426916e-10,4.945806283300245e-10,7.37387212157487e-10,6.278321029014248e-10,3.0830502720734295e-10,-0.49998917684561806
0.24534,3.757135750595456e-10,4.963925848147871e-10,7.386914635982168e-10,6.293131378715909e-10,3.11089368763414e-10,-0.7014492117294268
0.24542,3.873205689698154e-10,4.967505485087034e-10,7.38807651304956e-10,6.295231544205538e-10,3.118059894404901e-10,-0.6416497734749284
0.24549,4.735078725487763e-10,4.968505396122119e-10,7.389384556712564e-10,6.296382654322688e-10,3.1189656087196614e-10,-0.1458602631924089
0.24557,5.711876677091816e-10,4.954187127182503e-10,7.383042289382617e-10,6.287002583277216e-10,3.092242493112302e-10,0.5326967004111702
0.24565,5.96591526234102e-10,4.96277949312187e-10,7.389428679207226e-10,6.294138685828097e-10,3.1052574686256143e-10,0.7301259997601038
0.24573,5.570085081338785e-10,4.97332603833224e-10,7.395313547195373e-10,6.301759806349599e-10,3.1235094306773156e-10,0.42645907898383484
0.2458,4.78427523498242e-10,4.958892293192488e-10,7.384174547531123e-10,6.2895453108854e-10,3.1020529035866977e-10,-0.11561764001355698
0.24588,4.1621806128564503e-10,4.966144534601885e-10,7.425306174357635e-10,6.316319200785799e-10,3.107805996975942e-10,-0.4902211183307676
0.24596,3.14190428771948e-10,4.966332848437978e-10,7.391526854893977e-10,6.29679927132313e-10,3.1111100326631965e-10,-0.9861089868006327
0.24604,3.117117729809793e-10,4.970692383883647e-10,7.395267082764815e-10,6.300712222507007e-10,3.117117729809793e-10,-1.0891320021998647
0.24611,3.122863856739482e-10,4.973299739910451e-10,7.395612827175409e-10,6.301934836727592e-10,3.122863856739482e-10,-1.0511794581710008
0.24619,,,,,,
0.24627,,,,,,
0.24634,6.783552643469967e-10,5.002240912034727e-10,7.425671537354345e-10,6.330986757500701e-10,3.156755470031934e-10,1.410675661106255
0.24642,6.7079179356283e-10,4.960895586340599e-10,7.395710678188771e-10,6.295737564468479e-10,3.0948480815068784e-10,1.3501294887286721
0.2465,5.973605897842376e-10,4.972022003436295e-10,7.41392100356923e-10,6.312174357040165e-10,3.0982338025738416e-10,0.7146753986959132
0.24658,5.177041536055777e-10,4.992140512775303e-10,7.425884900904774e-10,6.32713097088465e-10,3.132169005924413e-10,0.12871300211265072
0.24666,3.9817044649603885e-10,4.971322792895666e-10,7.41411975469726e-10,6.312020021898318e-10,3.0962762718444634e-10,-0.5968002137333472
0.24673,3.139279780232927e-10,5.001056824342445e-10,7.437809774318594e-10,6.337658679781547e-10,3.139279780232927e-10,-1.1477974837506448
0.24681,3.1295461755725665e-10,4.99433931499836e-10,7.432495060094053e-10,6.331897743978649e-10,3.1295461755725665e-10,-1.3841704455044817
0.24689,3.111421854586141e-10,4.987650710593655e-10,7.434278315583884e-10,6.330291536649897e-10,3.111421854586141e-10,-1.5130212072323548
0.24697,4.03572713936053e-10,5.014695744334804e-10,7.461842478792847e-10,6.35720317498135e-10,3.1433730692614425e-10,-0.5779939489452823
0.24704,5.38412570811317e-10,5.009502687540454e-10,7.457801349605517e-10,6.352702390768343e-10,3.1358657467165825e-10,0.254636115745724
0.24712,6.512097917524594e-10,4.992993706094209e-10,7.446672003531999e-10,6.339654522083904e-10,3.109596549706149e-10,1.13387941145387
0.2472,6.772758330153915e-10,4.987592913818737e-10,7.441775115379932e-10,6.3346585512878e-10,3.1024806378360496e-10,1.3624962335078201
0.24728,6.438300860533232e-10,5.007488758023402e-10,7.451596148579027e-10,6.348264374739237e-10,3.1383999249053043e-10,1.07767243859789
0.24735,5.765750676737196e-10,5.016205317082906e-10,7.454725507131743e-10,6.353492037308125e-10,3.155643242985313e-10,0.5414077901725824
0.24743,5.120459834829632e-10,5.00010017300597e-10,7.444839273906372e-10,6.341396102527937e-10,3.128694692217222e-10,0.07868291010838191
0.24751,4.3907603587244245e-10,5.056743265931669e-10,7.490166445815563e-10,6.391445796500399e-10,3.184558352415799e-10,-0.40633173632254643
0.24759,4.077330960589982e-10,5.009089339722717e-10,7.456105493648303e-10,6.351564569847551e-10,3.136765168467985e-10,-0.5548351300114187
0.24767,3.857202186174058e-10,4.997296677777533e-10,7.449473921203408e-10,6.343018791793747e-10,3.116443476989156e-10,-0.6699350470231791
0.24774,3.3722562559397015e-10,5.015360135858357e-10,7.46274695488248e-10,6.357938234325967e-10,3.1439677559875337e-10,-0.9000852774838501
0.24782,3.415312962456833e-10,4.995390190063529e-10,7.448153307690167e-10,6.341476278517029e-10,3.113550952003771e-10,-0.8804747320937087
0.2479,4.024051403732541e-10,5.005304143082645e-10,7.452597514116136e-10,6.347995105206935e-10,3.131978810919142e-10,-0.5825843786957434
0.24798,4.327359740438733e-10,5.001791504348159e-10,7.447063852375568e-10,6.343368986809178e-10,3.1300994052773216e-10,-0.4145276108262091
0.24806,4.634680336915605e-10,5.011431867485011e-10,7.451445279972866e-10,6.349740033588187e-10,3.148013846821026e-10,-0.23203631641536326
0.24813,4.870668033496167e-10,4.994148002665779e-10,7.43951911353457e-10,6.335922694070731e-10,3.1207862280865406e-10,-0.0842401927678283
0.24821,5.19579903432165e-10,5.011590110763601e-10,7.452371586405133e-10,6.350379675637156e-10,3.147053234246979e-10,0.12956550857917296
0.24829,5.788694737469393e-10,5.004262034752747e-10,7.44967777344979e-10,6.345879556513991e-10,3.132802012657345e-10,0.5556573487450926
0.24837,6.127932855611436e-10,5.021900463019475e-10,7.463922607419449e-10,6.361198705328934e-10,3.158228420845413e-10,0.8182708676510076
0.24845,6.49263151707653e-10,5.02311004416058e-10,7.466916520842342e-10,6.363426176765147e-10,3.1576048418354114e-10,1.1171918830642134
0.24852,6.139756584304257e-10,4.989014578697761e-10,7.445495446463407e-10,6.337406481440815e-10,3.101461120564499e-10,0.8231388570663578
0.2486,5.667182669563018e-10,5.01358685537115e-10,7.459823352642576e-10,6.355513067246666e-10,3.1431669583281497e-10,0.46024548960816003
0.24868,4.5700227184167173e-10,5.004723117629966e-10,7.453618369687003e-10,6.348385999818224e-10,3.129249243082782e-10,-0.27579085275326454
0.24876,4.447280480653838e-10,5.010364004799141e-10,7.458082062918207e-10,6.353223640669134e-10,3.1374660472558164e-10,-0.34877973788173405
0.24884,4.102731893653254e-10,5.029786997710515e-10,7.472145902461058e-10,6.369135596202327e-10,3.1673769007483884e-10,-0.542266550840744
0.24892,4.0906175181361254e-10,5.019910350874833e-10,7.465248161576743e-10,6.361137555286523e-10,3.1518822693253656e-10,-0.5486804636217684
0.24899,4.4390424878385466e-10,5.003053267337665e-10,7.45440593138393e-10,6.348178585915073e-10,3.124388845351172e-10,-0.3542872517960231
0.24907,5.031405898910532e-10,5.01793783115818e-10,7.468220997746963e-10,6.362157661870471e-10,3.1436071162862164e-10,0.009930584185983695
0.24915,5.818086049014546e-10,4.999004441772304e-10,7.457465937034806e-10,6.348371428403455e-10,3.111145100207861e-10,0.5656441894059918
0.24923,6.063108521093862e-10,5.034967530196907e-10,7.484129485973617e-10,6.378228229317914e-10,3.1654183065092193e-10,0.7527518765163019
0.24931,5.728396974161829e-10,5.01086834117885e-10,7.470100178036729e-10,6.360031793022366e-10,3.1295804226043494e-10,0.4977748608928877
0.24939,5.166818817422003e-10,5.016444349359218e-10,7.466518347920631e-10,6.360558852996423e-10,3.14211271808089e-10,0.10091501538976845
0.24946,4.521564863421927e-10,5.017015720000951e-10,7.487229869332167e-10,6.378309782994865e-10,3.147714455966348e-10,-0.305503899354213
0.24954,3.786006741446312e-10,5.029593588587399e-10,7.480614790923847e-10,6.369563823103059e-10,3.165503749199898e-10,-0.7065639662454654
0.24962,3.139073314839272e-10,5.005973930342765e-10,7.44792087061469e-10,6.34552584858976e-10,3.139073314839272e-10,-1.0037994888274369
0.2497,4.194979160033249e-10,4.993665411061431e-10,7.438277083858918e-10,6.33502045528707e-10,3.1210006007436395e-10,-0.4867988093731777
0.24978,5.251747131724608e-10,5.010983770499847e-10,7.451916956430936e-10,6.349841484378569e-10,3.146362707592114e-10,0.1682907575727965
0.24986,6.562297793499551e-10,5.002256201848049e-10,7.448787893578942e-10,6.344550406228521e-10,3.1292455184507066e-10,1.1826813507729392
0.24994,7.082051638363515e-10,5.032136708177223e-10,7.471780525425551e-10,6.369849290064388e-10,3.173637473984847e-10,1.6435748290509977
0.25001,6.931751195138087e-10,5.017552062068766e-10,7.457920063340739e-10,6.35594807745742e-10,3.155023294915677e-10,1.5116266965365568
0.25009,6.064922461732477e-10,4.991645703001683e-10,7.437371013973335e-10,6.333678272936158e-10,3.1173303627885436e-10,0.7752298989725162
0.25017,4.949360653179423e-10,4.998945283571018e-10,7.443362989047044e-10,6.340077493816799e-10,3.1276613298674e-10,-0.03399425637033411
0.25025,3.1602511202592153e-10,5.019496309111894e-10,7.457418522409044e-10,6.356428024547971e-10,3.1602511202592153e-10,-1.1009019989248605
0.25033,3.143438934832011e-10,5.008024203062826e-10,7.448329745847256e-10,6.346585083898363e-10,3.143438934832011e-10,-1.6727424671210236
0.25041,3.117427796598823e-10,4.992404055157515e-10,7.438779415522759e-10,6.334811463646852e-10,3.117427796598823e-10,-1.4270101901678112
0.25049,3.871383544102706e-10,5.008250785079524e-10,7.463118126989849e-10,6.355341937762246e-10,3.1264853027390165e-10,-0.6657622962334424
0.25056,5.646604200823673e-10,5.02515891607626e-10,7.491930723722836e-10,6.378916681810504e-10,3.132783067215776e-10,0.4202519726827053
0.25064,7.040636830637262e-10,5.039811148149143e-10,7.501463547544167e-10,6.390287404239298e-10,3.1565347372145837e-10,1.5665252215225909
0.25072,7.831372484795983e-10,5.048836612900156e-10,7.505669684608474e-10,6.396310677029551e-10,3.1732060197609765e-10,2.3319866364613975
0.2508,7.635584111677027e-10,5.059096450259199e-10,7.514933991377924e-10,6.405788873775289e-10,3.1868916167704784e-10,2.1315965172514284
0.25088,6.79523217349627e-10,5.018068150894774e-10,7.488430431011185e-10,6.374089999154409e-10,3.1199755613728284e-10,1.3439283542987919
0.25096,5.302346044595601e-10,5.020508952954805e-10,7.474201349834555e-10,6.366681004274628e-10,3.1426606276399565e-10,0.18921395591576454
0.25104,3.1772064008111346e-10,4.988741316368215e-10,7.440706171261338e-10,6.334486369465971e-10,3.106469805749835e-10,-0.9823769472955706
0.25112,3.1108919408786147e-10,4.991330877258127e-10,7.442195372834152e-10,6.336381402760356e-10,3.1108919408786147e-10,-1.3876222634859023
0.2512,3.0940330057147045e-10,4.982095230720224e-10,7.437866940362276e-10,6.330191646940454e-10,3.0940330057147045e-10,-1.2759372302232088
0.25128,3.229883007897099e-10,5.022453947323603e-10,7.464602067010963e-10,6.361806530492307e-10,3.1588125967890284e-10,-0.960651915656464
0.25135,3.79125433008046e-10,4.989799612495668e-10,7.425838328774624e-10,6.326177833570307e-10,3.1266257237935407e-10,-0.6943636256202543
0.25143,4.1583037186545673e-10,4.962895717330203e-10,7.402258876775876e-10,6.301731606985027e-10,3.090237199112672e-10,-0.49823966606413994
0.25151,4.406109273226581e-10,4.973855920168528e-10,7.405557012661916e-10,6.307994580979962e-10,3.1124917496414997e-10,-0.3550411435600545
0.25159,4.744243384573701e-10,4.977240262113043e-10,7.405393134581689e-10,6.309227928101911e-10,3.1208258202538687e-10,-0.147639620040625
0.25167,4.802745989319967e-10,4.976715009858088e-10,7.404759586414315e-10,6.308650389295549e-10,3.120313337302882e-10,-0.11027305473964585
0.25175,4.756288674223909e-10,4.968952754897984e-10,7.397437883153833e-10,6.30129686174738e-10,3.1103868487077e-10,-0.13831028709523377
0.25183,4.834518491214705e-10,4.958898690425736e-10,7.379888038577914e-10,6.287011006540361e-10,3.1072886912484964e-10,-0.07992195283973759
0.25191,5.60376851569283e-10,4.941792723660634e-10,7.366301683632807e-10,6.272306777737031e-10,3.0823804887232366e-10,0.45967888707950716
0.25199,6.344102139900948e-10,4.940421479842903e-10,7.364741002805434e-10,6.270852287441429e-10,3.0809487104333506e-10,1.053354938187799
0.25207,7.152901775658793e-10,4.928559939117705e-10,7.357878345754298e-10,6.262154013637634e-10,3.060724427524104e-10,1.7829514398988378
0.25215,7.165047417887005e-10,4.946170569953111e-10,7.367696158682657e-10,6.274849589828015e-10,3.0912159473152146e-10,1.7985468807687879
0.25223,6.573010073860723e-10,4.958888552927549e-10,7.375282483655018e-10,6.28431379623707e-10,3.112690079335089e-10,1.2543991203529614
0.2523,5.495370226591755e-10,4.955850536334803e-10,7.372886905373268e-10,6.281706943465445e-10,3.1082721841854453e-10,0.38205275759364304
0.25238,3.8698563205675233e-10,4.964894396812084e-10,7.374457484622685e-10,6.286204598416722e-10,3.128063016893974e-10,-0.6374267423839459
0.25246,3.1114915331590584e-10,4.953243900694926e-10,7.364939295423481e-10,6.276011169593723e-10,3.1114915331590584e-10,-1.3655278088178167
0.25254,3.0574277276461354e-10,4.918152167347524e-10,7.33972265285016e-10,6.247381591019614e-10,3.0574277276461354e-10,-1.6436845826387398
0.25262,3.121797158319871e-10,4.960355819373352e-10,7.370514777602624e-10,6.282109438274544e-10,3.121797158319871e-10,-1.2031283523839122
0.2527,3.97828478855305e-10,4.928802908412013e-10,7.349881830292012e-10,6.257545886111169e-10,3.0708121462669786e-10,-0.5800203567577242
0.25278,4.865066996414132e-10,4.948161678856101e-10,7.365297002866529e-10,6.274227863167512e-10,3.098820833819502e-10,-0.054373987880879285
0.25286,5.528266379992577e-10,4.959934045098719e-10,7.374456320174948e-10,6.284243716138772e-10,3.116168157683164e-10,0.40745870362263187
0.25294,5.716440546370229e-10,4.959448299662064e-10,7.372965439381793e-10,6.283177717335853e-10,3.1167769605170175e-10,0.5508188836184388
0.25302,5.507578783899625e-10,4.936865465498769e-10,7.357045612605983e-10,6.264928711234907e-10,3.081594516625273e-10,0.3940677961550302
0.2531,4.952257050113122e-10,4.946720192215576e-10,7.362302307555181e-10,6.27189748158024e-10,3.098954283899006e-10,0.004683945895634199
0.25318,4.4641926189191277e-10,4.936452511153988e-10,7.355398524783068e-10,6.263805491115947e-10,3.0825207891703344e-10,-0.30431188922160074
0.25326,4.091286375607165e-10,4.944123235538001e-10,7.361876460764667e-10,6.27066792982365e-10,3.092929083350571e-10,-0.5198123581222035
0.25334,3.662868243765859e-10,4.937567051825315e-10,7.357022708037608e-10,6.26521483804128e-10,3.0831780757946546e-10,-0.7428120474522566
0.25342,3.847246361656372e-10,4.947291480895159e-10,7.364433456283291e-10,6.273393036453471e-10,3.097812645538091e-10,-0.6500921131487816
0.2535,4.460833613852194e-10,4.962351705701496e-10,7.376001965762678e-10,6.286101489430035e-10,3.120148285347699e-10,-0.308359933099921
0.25358,5.235837731001922e-10,4.950215481718356e-10,7.368734770164451e-10,6.277047866490159e-10,3.0997017585335935e-10,0.19545687430942518
0.25366,6.012695204366629e-10,4.928057018550162e-10,7.351414918026867e-10,6.258147957961403e-10,3.0672431568608396e-10,0.7847848685150043
0.25374,6.202959716986257e-10,4.969404814856758e-10,7.376911482993256e-10,6.289419571259088e-10,3.1360103957314163e-10,0.9437738690273076
0.25382,5.878773890140588e-10,4.946212396440155e-10,7.361002980506065e-10,6.270944686539678e-10,3.099289009621881e-10,0.6808241634777491
0.2539,5.640658883785702e-10,4.947543689419274e-10,7.360463883305373e-10,6.271132795576161e-10,3.1029920563569345e-10,0.49773560588289184
0.25398,5.026147803092282e-10,4.944363924513178e-10,7.358110831049455e-10,6.26851158537108e-10,3.098267872751663e-10,0.0565636761347533
0.25406,4.421279364846988e-10,4.9268254629758e-10,7.34562414363233e-10,6.254279727301147e-10,3.071052509021652e-10,-0.32777174356723604
0.25414,4.416964006054406e-10,4.893783677978285e-10,7.29282071426296e-10,6.210255399684773e-10,3.054659950908198e-10,-0.3102167901264053
0.25422,4.33089998615459e-10,4.87625792190938e-10,7.254149386821763e-10,6.18064176253719e-10,3.0586475580510585e-10,-0.34433946579690955
0.2543,4.763716921953609e-10,4.861450840412225e-10,7.231714048673906e-10,6.1616163094601e-10,3.0499609567151314e-10,-0.061276872188002034
0.25438,4.987180555495103e-10,4.863523693074731e-10,7.235754525270141e-10,6.164867438155924e-10,3.04972959273408e-10,0.08789300453070599
0.25446,5.652082070897583e-10,4.845583915796298e-10,7.218589137756793e-10,6.1476602981402e-10,3.0275267591656956e-10,0.5869574672897077
0.25454,5.810761753205482e-10,4.86518106259317e-10,7.231629509726363e-10,6.163097848336832e-10,3.058566573200118e-10,0.7133758843367988
0.25462,5.431990693870594e-10,4.852395229355278e-10,7.223649864389482e-10,6.153370700597252e-10,3.0374764420263166e-10,0.4156225939026165
0.2547,5.055208158673221e-10,4.846330570613055e-10,7.221991246524291e-10,6.149930708643781e-10,3.025401066122526e-10,0.1378339740826198
0.25478,4.597797336590746e-10,4.859077066246816e-10,7.234302830823916e-10,6.163322343136102e-10,3.03636000315247e-10,-0.1740251828545832
0.25486,3.626300063918321e-10,4.865649281553502e-10,7.23145580473911e-10,6.163130195342232e-10,3.060301942612842e-10,-0.7258586218460464
0.25494,3.0583980053201774e-10,4.867845545973522e-10,7.237460356870542e-10,6.167522492832991e-10,3.0583980053201774e-10,-1.2505838564774312
0.25502,3.072816622466091e-10,4.884500779861801e-10,7.258937643154869e-10,6.186690476513214e-10,3.072816622466091e-10,-1.8061894514845407
0.2551,3.0934041797788254e-10,4.898223979098726e-10,7.269331570897033e-10,6.198202250591498e-10,3.0934041797788254e-10,-1.8929444864598526
0.25518,3.21291548161889e-10,4.859257804591523e-10,7.243862172155691e-10,6.167896705213938e-10,3.030197929383889e-10,-0.9295019095121202
0.25526,5.122147530827204e-10,4.874987768209724e-10,7.251281194066879e-10,6.178445285108499e-10,3.0590857628596527e-10,0.17609909430651818
0.25534,6.086086543760339e-10,4.873488323976085e-10,7.258989644967198e-10,6.185396045546502e-10,3.0482121962201764e-10,0.8797470719855415
0.25542,6.758903364820929e-10,4.841979802591551e-10,7.232624898489075e-10,6.155658821059232e-10,3.007858634311266e-10,1.5326663521669728
0.2555,7.243273790784548e-10,4.84468083242123e-10,7.221080260365846e-10,6.148746679079945e-10,3.0224601613987706e-10,2.0148659802629467
0.25558,7.406734855879482e-10,4.864598722034964e-10,7.2361614548408e-10,6.16549500547691e-10,3.0521433115602857e-10,2.178504866051277
0.25566,6.98381034428063e-10,4.892908226348242e-10,7.257038021867105e-10,6.188890125974128e-10,3.0953441435539716e-10,1.7507138859373168
0.25574,5.900016827428737e-10,4.883362974821727e-10,7.251880882720365e-10,6.182106021402842e-10,3.078478046206199e-10,0.7770881527992675
0.25582,4.3250691628759063e-10,4.871079951568263e-10,7.243994024244177e-10,6.172638133758185e-10,3.058340815677586e-10,-0.34344135236935314
0.2559,3.1037865592250953e-10,4.838927158147667e-10,7.22278155197371e-10,6.147496434292182e-10,3.0066883575475003e-10,-0.9747285637373669
0.25598,2.9911878088211274e-10,4.828990167202264e-10,7.215833059260788e-10,6.139508198676504e-10,2.9911878088211274e-10,-1.79686622879049
0.25606,3.0642440079214467e-10,4.870387230999183e-10,7.237556363831785e-10,6.168595729440034e-10,3.0642440079214467e-10,-2.166432877437849
0.25614,3.0764534370297295e-10,4.877248234841012e-10,7.241113465523341e-10,6.173405017871879e-10,3.0764534370297295e-10,-2.599359569705608
0.25622,2.976912360058734e-10,4.813198389344895e-10,7.195979367446316e-10,6.121641506803091e-10,2.976912360058734e-10,-2.6437925363142476
0.2563,3.026987177818065e-10,4.845692642517033e-10,7.21926245671312e-10,6.148099757094288e-10,3.026987177818065e-10,-2.397385907425768
0.25638,3.051343217079689e-10,4.836800781048595e-10,7.181166072228593e-10,6.122182624277401e-10,3.051343217079689e-10,-1.0709948125736202
0.25646,6.052562033159371e-10,4.831557372709654e-10,7.173493569479109e-10,6.115625964080358e-10,3.0476330805622937e-10,0.9609520978564763
0.25654,7.809233419463968e-10,4.764615052521957e-10,7.07258744194285e-10,6.030028086368621e-10,3.0072526011276114e-10,2.819631283557613
0.25662,7.717016621040807e-10,4.700322696211215e-10,7.023797397457073e-10,5.976050298535222e-10,2.911252382807393e-10,2.7268992108773045
0.2567,6.979775013789286e-10,4.746892496535377e-10,7.053200324664662e-10,6.011672538606462e-10,2.9877170662075535e-10,1.9353237721923493
0.25679,6.065203027618094e-10,4.743822273931934e-10,7.049078186815848e-10,6.008054580143311e-10,2.985179443867475e-10,1.0612505391738514
0.25687,5.13469708197562e-10,4.740403111483119e-10,7.048069024968125e-10,6.006118549569351e-10,2.978143847439442e-10,0.2932917951113649
0.25695,4.671778793825744e-10,4.686241814147362e-10,6.977750152116083e-10,5.943490186638896e-10,2.93195497419361e-10,-0.011656392469099233
0.25703,4.859459915761307e-10,4.681135270580538e-10,6.975314339021816e-10,5.940030338111945e-10,2.9227285193995665e-10,0.12108832184943014
0.25711,5.241164823282498e-10,4.705779947875976e-10,6.994186209391172e-10,5.960812477056267e-10,2.9593571978539546e-10,0.40699021824070936
0.25719,5.047558304950166e-10,4.700448253761588e-10,6.991855221937909e-10,5.957326407143848e-10,2.949466317482228e-10,0.25716873190136696
0.25727,4.912745766611315e-10,4.697537806074557e-10,6.986864974130633e-10,5.953294713019263e-10,2.948183097541504e-10,0.15950163584992033
0.25735,4.31228412602281e-10,4.688221991238187e-10,6.975309071085887e-10,5.942822059898656e-10,2.939699928194746e-10,-0.25060330370328143
0.25743,3.5233269516640235e-10,4.699810766188541e-10,6.988882364685877e-10,5.955361261718087e-10,2.951311880069806e-10,-0.7169227426138378
0.25751,3.5548305431597267e-10,4.72347421081569e-10,7.036838312561303e-10,5.991653382956914e-10,2.9534117933912903e-10,-0.7148929641852226
0.25759,3.7665795580012603e-10,4.718970931243123e-10,7.029502098781412e-10,5.986733026379982e-10,2.949036982075651e-10,-0.5995188540197369
0.25768,4.302644934111899e-10,4.73354474926866e-10,7.04474231125011e-10,6.001558351943724e-10,2.9650902146246274e-10,-0.2851241608783267
0.25776,4.5917346790105673e-10,4.722513583086602e-10,7.034982797625647e-10,5.991391613901738e-10,2.9507816027550305e-10,-0.09392182376660525
0.25784,4.472441013891754e-10,4.740634789783526e-10,7.049282091522584e-10,6.006916041768232e-10,2.977287448494784e-10,-0.17500614517149124
0.25792,4.0234408536509093e-10,4.741302799086619e-10,7.049582501475171e-10,6.007338538830238e-10,2.9786531901800185e-10,-0.4552009658088723
0.258,3.4562357317828633e-10,4.740259086923489e-10,7.046736850360409e-10,6.005268435778223e-10,2.979457716847679e-10,-0.7660478991168662
0.25808,3.407017368944449e-10,4.750866396523854e-10,7.053487069706744e-10,6.013395703859988e-10,2.9969289658242815e-10,-0.7906749442471144
0.25816,3.74093986515475e-10,4.739301565193143e-10,7.043985153056086e-10,6.003282528030002e-10,2.980396905092774e-10,-0.614183761837717
0.25824,4.702023952860444e-10,4.716394226047756e-10,7.019929361108298e-10,5.980201136331066e-10,2.953531186084193e-10,-0.009836906804814898
0.25832,5.371233600720481e-10,4.713622123650759e-10,7.015107367788275e-10,5.976214996283451e-10,2.9531282274815325e-10,0.4925938931922807
0.2584,5.885435236148314e-10,4.722951523834354e-10,7.022020567025841e-10,5.98393909676121e-10,2.9673570898271815e-10,0.9206288292000913
0.25849,6.493600999822511e-10,4.730826756363318e-10,7.028319366136035e-10,5.990745691748233e-10,2.978800814239928e-10,1.4767002770324982
0.25857,7.034122256197494e-10,4.754532019203781e-10,7.091187543351025e-10,6.036978729530755e-10,2.960894546351466e-10,1.9302061655474727
0.25865,6.942752172008986e-10,4.764201793665007e-10,7.109706401264104e-10,6.051669025739584e-10,2.962026545072679e-10,1.8164088521769202
0.25873,6.031242635090437e-10,4.80482332701998e-10,7.137235956533282e-10,6.083853186095224e-10,3.026526707325255e-10,0.9668696546795974
0.25881,4.4220531867283813e-10,4.78938257417756e-10,7.127248863077354e-10,6.07190744997442e-10,3.0013392130089166e-10,-0.24110007450584678
0.25889,3.144664661824633e-10,4.763954269656385e-10,7.108052500973978e-10,6.050600511792712e-10,2.963389578054363e-10,-0.9341351164868653
0.25897,3.0014205065762983e-10,4.786365438890771e-10,7.121049352876467e-10,6.067147563863868e-10,3.0014205065762983e-10,-1.3776969292570478
0.25906,3.0328712126224674e-10,4.804892041561302e-10,7.131963130415993e-10,6.080775041633651e-10,3.0328712126224674e-10,-1.5386264181460556
0.25914,2.9823530086067744e-10,4.774795554785447e-10,7.116320329795228e-10,6.058996859637473e-10,2.9823530086067744e-10,-1.2622098624228182
0.25922,3.514075991511979e-10,4.78259561866033e-10,7.12222122057425e-10,6.06627426607136e-10,2.991092787494926e-10,-0.7581514892263547
0.2593,3.870148931808703e-10,4.80204308993002e-10,7.149211533909675e-10,6.083699938522058e-10,3.021191922255921e-10,-0.5697704532025729
0.25938,3.6980921654574016e-10,4.789430612150368e-10,7.126662387744461e-10,6.071571343694388e-10,3.0022211328768985e-10,-0.6627655428275225
0.25946,3.7276666197407073e-10,4.770280735219635e-10,7.11338176132633e-10,6.056237582988599e-10,2.9720936476888467e-10,-0.6467743689621329
0.25954,4.0426889902362516e-10,4.793250581882427e-10,7.128764300820664e-10,6.074323828679203e-10,3.0087888208683387e-10,-0.4709642448718861
0.25963,4.745876121689624e-10,4.788229190175818e-10,7.125101194431854e-10,6.07018948722786e-10,3.0011468453908596e-10,-0.026754192727197538
0.25971,5.37567521380318e-10,4.78926931461063e-10,7.126135369268859e-10,6.071220211203835e-10,3.0024938414741835e-10,0.43066140156038024
0.25979,6.040236900244373e-10,4.764738898873795e-10,7.107895487465235e-10,6.050957883846925e-10,2.9655794955464014e-10,0.9780597789313789
0.25987,6.352173625746302e-10,4.782538722613246e-10,7.120450295124827e-10,6.06521893933023e-10,2.99300848687995e-10,1.2549110071391896
0.25995,6.936697517721279e-10,4.75537421408012e-10,7.101959121927977e-10,6.043664119814172e-10,2.950001178032427e-10,1.8130046121345125
0.26003,7.154732657756255e-10,4.786647284381132e-10,7.131602240871474e-10,6.0733746262527e-10,2.9896800882453476e-10,2.0184113202863396
0.26012,6.779405941335759e-10,4.870558349012506e-10,7.261998019158009e-10,6.182995280079803e-10,3.0357233056222014e-10,1.5231509186808727
0.2602,5.928601538418394e-10,4.872158586593124e-10,7.262206588106736e-10,6.18371742502734e-10,3.039411048420694e-10,0.7790782326004162
0.26028,4.804660632811198e-10,4.876870012827795e-10,7.263621965167962e-10,6.186442239214192e-10,3.048874107386643e-10,-0.051417406007704
0.26036,3.3551783660917283e-10,4.905462905408484e-10,7.282680345860942e-10,6.208899186519491e-10,3.094865607724205e-10,-0.8677339108904926
0.26044,3.088019478662181e-10,4.899878745501106e-10,7.277140149304864e-10,6.203443734616361e-10,3.088019478662181e-10,-1.1552570785282439
0.26052,3.0357804951932674e-10,4.875249727931504e-10,7.271420425304809e-10,6.19037829537312e-10,3.0357804951932674e-10,-1.0637726523614859
0.26061,3.7729239865132387e-10,4.889718175689329e-10,7.282647168280214e-10,6.202669588777684e-10,3.0570722225787866e-10,-0.667423566637471
0.26069,4.3127408826357803e-10,4.891337006150803e-10,7.285892261138685e-10,6.205212426572188e-10,3.0570948679892055e-10,-0.3690874548991433
0.26077,4.3237149860740963e-10,4.901015717969487e-10,7.293893772372191e-10,6.213710174367769e-10,3.070827235233312e-10,-0.36352315324670187
0.26085,3.997836531892524e-10,4.905533815895989e-10,7.296097369891816e-10,6.216791592760373e-10,3.079031465414782e-10,-0.5489309550231547
0.26093,3.913628067914758e-10,4.876764593981171e-10,7.274437313647802e-10,6.192799295855627e-10,3.0352360268457597e-10,-0.5936159198260135
0.26102,4.015304474940534e-10,4.88143425515856e-10,7.276584721123986e-10,6.19584001057321e-10,3.044569841220727e-10,-0.5374407331043316
0.2611,4.334450831374319e-10,4.879411915437319e-10,7.273076129964071e-10,6.19298892134268e-10,3.043771989956557e-10,-0.3530645721926816
0.26118,4.778012593887392e-10,4.889206110922967e-10,7.279400146363925e-10,6.200565726088494e-10,3.0596785038005296e-10,-0.0750303892362466
0.26126,5.161674248569916e-10,4.894612217794295e-10,7.283449571845366e-10,6.20507131609773e-10,3.067832582243268e-10,0.186784982595433
0.26134,5.782993254198647e-10,4.875307431172667e-10,7.272098636463113e-10,6.190790942170871e-10,3.035158515470263e-10,0.6523085346789106
0.26143,5.958123199126332e-10,4.908038829058257e-10,7.29472372487746e-10,6.216980008995811e-10,3.086656417442447e-10,0.792892864425342
0.26151,5.528021702855613e-10,4.891534225404527e-10,7.28363900052646e-10,6.203966739936311e-10,3.060248128469574e-10,0.4536937385481989
0.26159,4.901310699958955e-10,4.895716224130064e-10,7.286821894662139e-10,6.20748611588826e-10,3.066469045170146e-10,0.004459144568727466
0.26167,4.5986206217527747e-10,4.881901669286108e-10,7.27366131046609e-10,6.194314430438127e-10,3.049023195307349e-10,-0.19002470947535102
0.26176,4.409818273443674e-10,4.88733514922644e-10,7.284632872755387e-10,6.203228626828093e-10,3.0614895342719074e-10,-0.3048832925225888
0.26184,4.741338950805219e-10,4.883700011719388e-10,7.26868543307747e-10,6.192101781539402e-10,3.0592468625603524e-10,-0.09357705986751626
0.26192,5.037312586529857e-10,4.8829514960282e-10,7.268555841269263e-10,6.191718912397352e-10,3.0575936419596706e-10,0.10581280842531553
0.262,5.04622195195221e-10,4.892141985522935e-10,7.276218642638153e-10,6.199869311633431e-10,3.0703452215275424e-10,0.11044741782220655
0.26208,4.507138996835808e-10,4.8937193905914e-10,7.276664589857223e-10,6.200744719033629e-10,3.073705134874213e-10,-0.24390345907797825
0.26217,4.318734473326311e-10,4.896622431644015e-10,7.29352514314056e-10,6.212379770345376e-10,3.0749755098619225e-10,-0.36067586726305917
0.26225,4.707340379350737e-10,4.884708455832723e-10,7.271058937990663e-10,6.193898739641808e-10,3.058803578683978e-10,-0.11709475413918943
0.26233,5.37407961563281e-10,4.914756738085333e-10,7.295510007701612e-10,6.220445135086645e-10,3.087158894051598e-10,0.3251479808940554
0.26241,5.743272021990775e-10,4.870566044536956e-10,7.263148774379961e-10,6.183694170935386e-10,3.034330494217121e-10,0.6272527372312046
0.2625,5.65686435976342e-10,4.890659393333071e-10,7.272708846734251e-10,6.197114207990726e-10,3.071537856270735e-10,0.5642689432959566
0.26258,4.892339434531256e-10,4.878487460314557e-10,7.26346494051339e-10,6.186983796105185e-10,3.052955383868448e-10,0.00813809744472983
0.26266,4.48426411170487e-10,4.87265965983429e-10,7.259353128798109e-10,6.182270652848978e-10,3.0439009985601913e-10,-0.25586975828057484
0.26274,3.7479486918379017e-10,4.870473059807338e-10,7.258638504714545e-10,6.180990464074582e-10,3.039511902074657e-10,-0.674942293236655
0.26283,3.101736614437762e-10,4.90994904636036e-10,7.285913081364983e-10,6.212554710612304e-10,3.101736614437762e-10,-1.305804121008701
0.26291,3.017225699285779e-10,4.857108038138966e-10,7.250538405367807e-10,6.170963227225941e-10,3.017225699285779e-10,-1.6848405995259401
0.26299,3.0666966966711757e-10,4.889693316404463e-10,7.274217117122595e-10,6.197709219110183e-10,3.0666966966711757e-10,-1.7085597578869258
0.26307,3.047735461359217e-10,4.878270874912915e-10,7.267291279030913e-10,6.189162159176055e-10,3.047735461359217e-10,-1.2092463345311644
0.26316,4.60231858152871e-10,4.885385206066463e-10,7.271678392964669e-10,6.194527779319495e-10,3.059698491554047e-10,-0.18459942825443676
0.26324,5.913173725138804e-10,4.899250849220662e-10,7.280203474140718e-10,6.204996294043823e-10,3.0828344001213046e-10,0.7665334440584054
0.26332,6.729466536716715e-10,4.865604257046058e-10,7.258183052403172e-10,6.178899954489975e-10,3.027733953178392e-10,1.4766326469504654
0.26341,7.232409668655465e-10,4.901993720555997e-10,7.283868714035756e-10,6.208268665748194e-10,3.0849511041966554e-10,1.9592809636823232
0.26349,7.165886155683652e-10,4.876335143620389e-10,7.26475045053918e-10,6.186915010899144e-10,3.046120722424831e-10,1.8964406589353424
0.26357,6.578927726944541e-10,4.907825925070826e-10,7.286474946585474e-10,6.212055872060083e-10,3.0959858957924535e-10,1.3392644191728829
0.26365,5.705998517078444e-10,4.868094001970681e-10,7.260702667266064e-10,6.181261435329539e-10,3.0314058580677585e-10,0.5988790633016117
0.26374,4.504159707390825e-10,4.890975588441958e-10,7.277618127080348e-10,6.200231245307375e-10,3.065990265007567e-10,-0.247772279925522
0.26382,3.3198525918701467e-10,4.881369242312613e-10,7.269727948978841e-10,6.191611361793849e-10,3.0526333931817816e-10,-0.8852254810796817
0.2639,3.01605308592275e-10,4.858900610478636e-10,7.255132396028328e-10,6.17437002916871e-10,3.01605308592275e-10,-1.1841546508158183
0.26399,3.068646373842595e-10,4.890713576111243e-10,7.274868929826601e-10,6.198506119611626e-10,3.068646373842595e-10,-1.0877626617540237
0.26407,3.778581460765239e-10,4.894084826124124e-10,7.276548930730874e-10,6.200812716116668e-10,3.0747915248364385e-10,-0.6600321249548567
0.26415,4.70653364490045e-10,4.883931019373399e-10,7.269178966072065e-10,6.192489247179016e-10,3.059152269105702e-10,-0.11656237002303879
0.26423,5.283014767818602e-10,4.873202150505822e-10,7.263272714120313e-10,6.18481664617708e-10,3.0398561625789455e-10,0.27920447488828615
0.26432,5.5619723327898e-10,4.92987011611669e-10,7.31115010007948e-10,6.236826487123504e-10,3.0765172672947036e-10,0.4621581968887436
0.2644,5.813780427179327e-10,4.911787294437108e-10,7.294712277939425e-10,6.218455097063759e-10,3.095771575779135e-10,0.6790467184010858
0.26448,6.146047225628769e-10,4.898180423690658e-10,7.282095781676192e-10,6.205680062852726e-10,3.078030679604437e-10,0.9569209421265343
0.26457,5.852096430771431e-10,4.870579211709799e-10,7.261612195613296e-10,6.18277630693942e-10,3.036254172743521e-10,0.7162262701982278
0.26465,5.154766340180733e-10,4.887326849729989e-10,7.272003716373535e-10,6.195476656893257e-10,3.0640054185158075e-10,0.18792393399569815
0.26473,4.644359864885777e-10,4.882125959998332e-10,7.267203450559364e-10,6.19061287351745e-10,3.0572280572240587e-10,-0.15608164464950153
0.26482,4.757196994603739e-10,4.88354691033843e-10,7.266607928496217e-10,6.190827503700841e-10,3.0613168803439706e-10,-0.08163299654737084
0.2649,5.095973365163448e-10,4.888837797534056e-10,7.270540372969128e-10,6.195219900974948e-10,3.0693401047077146e-10,0.1484456103360071
0.26498,5.516917825032248e-10,4.878982006445578e-10,7.266287020755916e-10,6.18883890048122e-10,3.0507701043156614e-10,0.4545808063473201
0.26507,5.632830836654919e-10,4.862840543469006e-10,7.253623362709045e-10,6.175034055062331e-10,3.027243852758022e-10,0.545569835780461
0.26515,5.013958440650023e-10,4.875402392266756e-10,7.26182511470216e-10,6.184808108484535e-10,3.0475054657042685e-10,0.09095898370516926
0.26523,4.3233437631327464e-10,4.869548020620495e-10,7.256736222079891e-10,6.179512631893715e-10,3.039527845153145e-10,-0.3534417916249706
0.26532,3.891853116096855e-10,4.859307453579258e-10,7.247712831620762e-10,6.170175499965403e-10,3.025776292191566e-10,-0.597193383777106
0.2654,4.0444030717788106e-10,4.867857875034146e-10,7.25331728788277e-10,6.176837997411023e-10,3.0395582586222336e-10,-0.5134211546259294
0.26548,4.3895188262878714e-10,4.869026923565132e-10,7.253538247402659e-10,6.177434062549513e-10,3.042023176805054e-10,-0.3117485621472602
0.26557,4.902090367352331e-10,4.87635262593842e-10,7.259540990044516e-10,6.183840024366978e-10,3.052498388198092e-10,0.016874453885392184
0.26565,5.318240772796122e-10,4.88304589998544e-10,7.261978780854428e-10,6.187907770309767e-10,3.065664827058279e-10,0.3129680336270449
0.26573,5.428284713490133e-10,4.881355912232737e-10,7.261986860448157e-10,6.187252665634171e-10,3.0614985879617145e-10,0.39364135563301567
0.26582,5.222439510443292e-10,4.887764661341434e-10,7.266595374705476e-10,6.192478635236737e-10,3.0714835014965544e-10,0.24160633107276613
0.2659,4.964468565372051e-10,4.881651464009411e-10,7.262077471732239e-10,6.187418777271049e-10,3.062178876833679e-10,0.060181884868610265
0.26598,4.82959439718536e-10,4.880395999734089e-10,7.261855015880976e-10,6.186795775654746e-10,3.059416580252095e-10,-0.03149686003805837
0.26607,4.630221774204005e-10,4.792729541728906e-10,7.140097401369809e-10,6.080766418360411e-10,2.994099357991241e-10,-0.11404825891835534
0.26615,4.5987015790524696e-10,4.798786136090457e-10,7.144467007651502e-10,6.085703605741077e-10,3.003731911582164e-10,-0.13388839047707324
0.26623,4.734025554315346e-10,4.807296046057907e-10,7.151717425435946e-10,6.093319587922529e-10,3.0152547584260867e-10,-0.04604312057938459
0.26632,5.108234500762643e-10,4.790828393389292e-10,7.142158994860269e-10,6.08087209374135e-10,2.988641859062832e-10,0.21603998162190527
0.2664,5.467719472325041e-10,4.749432823351052e-10,7.069120579021314e-10,6.021995210488805e-10,2.9748781903176636e-10,0.5361512955355353
0.26649,5.508696087112093e-10,4.718492078725942e-10,7.014723036373238e-10,5.977814996305673e-10,2.9658482750920815e-10,0.6078571311514921
0.26657,5.09868431385063e-10,4.672733236020605e-10,6.960456873125877e-10,5.927990516297255e-10,2.9202890906328623e-10,0.3088130039563779
0.26665,4.1269141393697225e-10,4.664474057633363e-10,6.956186329723469e-10,5.922234819422979e-10,2.905571966581946e-10,-0.3656803391380473
0.26674,2.926985588416397e-10,4.700093688411356e-10,7.009661006841054e-10,5.967718370903105e-10,2.926985588416397e-10,-1.105207595887252
0.26682,2.9767185397990687e-10,4.730739321569932e-10,7.029268229591357e-10,5.991349010014029e-10,2.9767185397990687e-10,-1.4092884164100021
0.2669,2.9600403659880865e-10,4.719831364266572e-10,7.021892840766863e-10,5.982630386992214e-10,2.9600403659880865e-10,-1.0533650711790312
0.26699,4.997905390238162e-10,4.721589351479337e-10,7.021847992720434e-10,5.983296443366183e-10,2.9643182300823614e-10,0.20447873380814313
0.26707,6.261594727617384e-10,4.720692643260863e-10,7.021005946748391e-10,5.982451185282299e-10,2.96315320022617e-10,1.2583460100126334
0.26716,7.18181600353132e-10,4.675422399738997e-10,6.989621028632676e-10,5.946167338430332e-10,2.892299711635611e-10,2.175885312680801
0.26724,7.449434285305189e-10,4.692208115766388e-10,7.003736735117648e-10,5.959673979066614e-10,2.920935043167308e-10,2.4691617557052026
0.26732,7.047263481232474e-10,4.700281120380085e-10,7.00654997067211e-10,5.965915222158552e-10,2.9314691088393653e-10,2.0340429807134233
0.26741,5.971912447831414e-10,4.730135068378757e-10,7.026923144652471e-10,5.989642192528942e-10,2.9788047503263456e-10,0.9964149434236196
0.26749,4.859194813933232e-10,4.71609409169393e-10,7.016887133459546e-10,5.978223258721259e-10,2.957009029464957e-10,0.10441727616236779
0.26758,3.566964630197027e-10,4.732612925513372e-10,7.027636564404274e-10,5.991041946652246e-10,2.9838993298612417e-10,-0.7019782171784362
0.26766,2.93913405487469e-10,4.706162609035496e-10,7.011906645167692e-10,5.971384965467102e-10,2.93913405487469e-10,-1.3408617681406814
0.26774,2.9812153559938966e-10,4.731862974434111e-10,7.02837923079132e-10,5.991180258484113e-10,2.9812153559938966e-10,-1.3227622996344859
0.26783,2.961697733316612e-10,4.696936659461147e-10,7.00420372891849e-10,5.96321770293026e-10,2.926270699304427e-10,-0.9950251852410561
0.26791,3.876601571041939e-10,4.691369309109e-10,6.973270903183427e-10,5.942864130848679e-10,2.949701628187675e-10,-0.5156115656206455
0.268,4.59809990685764e-10,4.661999434767834e-10,6.941350662914979e-10,5.912552689383623e-10,2.9172292735786485e-10,-0.04603646835886488
0.26808,5.030155609114302e-10,4.6549197538574086e-10,6.937400828228004e-10,5.907420873510832e-10,2.905118561237757e-10,0.26775276531680986
0.26816,5.141416691185533e-10,4.65921320308443e-10,6.941614757178851e-10,5.911595114580397e-10,2.9103255000356227e-10,0.3518989866426894
0.26825,4.991410575021006e-10,4.666064348951353e-10,6.94723952582219e-10,5.917634029078075e-10,2.919899300559481e-10,0.2359882351303751
0.26833,4.3683358101950786e-10,4.665620005572819e-10,6.950848040732224e-10,5.921175019186743e-10,2.903349879500089e-10,-0.21021433996866234
0.26842,3.6465340705143294e-10,4.623718829101356e-10,6.910146285771518e-10,5.878011222922597e-10,2.8832468477337565e-10,-0.6271490124009658
0.2685,3.932043082092668e-10,4.628363235082106e-10,6.89938868454555e-10,5.874104836514271e-10,2.887551309508124e-10,-0.46314908095627333
0.26859,4.4294447092299447e-10,4.636838642747819e-10,6.905249867800219e-10,5.881443221051277e-10,2.8998590123885065e-10,-0.14611366745743173
0.26867,4.887986930755326e-10,4.650520497805281e-10,6.915177459569173e-10,5.892661491996903e-10,2.9208703600353205e-10,0.179404729067048
0.26875,4.512144895086936e-10,4.645165092251111e-10,6.912120784553907e-10,5.888755417559804e-10,2.9116632026461217e-10,-0.09064403159344073
0.26884,3.9381293618948774e-10,4.6335349688380946e-10,6.902466473364758e-10,5.878507716843043e-10,2.895255392692898e-10,-0.4598036636236165
0.26892,3.3630552677830775e-10,4.626565261061811e-10,6.896097297133949e-10,5.871999342983126e-10,2.8862747176822725e-10,-0.7798080346198062
0.26901,2.963886687910411e-10,4.6466083057237807e-10,6.907118532686756e-10,5.886382209418014e-10,2.921082093025656e-10,-0.9721335883262472
0.26909,3.3788252930678524e-10,4.6380411535232726e-10,6.901847967455386e-10,5.879918890305673e-10,2.9067944543201113e-10,-0.770831274322572
0.26918,4.4249604119920686e-10,4.6325551064667653e-10,6.898268668591545e-10,5.875656610658992e-10,2.897895765579244e-10,-0.1459067974348586
0.26926,5.517765888138132e-10,4.646037078136843e-10,6.907268071459001e-10,5.886255327958553e-10,2.9195115602370486e-10,0.6858606252276855
0.26935,6.454950243942922e-10,4.6131014614877867e-10,6.884619362361256e-10,5.859969461794908e-10,2.867624683037287e-10,1.5456552416254676
0.26943,6.516161897135408e-10,4.6331623698058506e-10,6.897848553963571e-10,5.875650133402381e-10,2.8998453720075264e-10,1.607038856925212
0.26952,6.051832175071627e-10,4.6165748572369386e-10,6.887306633586998e-10,5.862919556989283e-10,2.872710968976561e-10,1.1590569316255535
0.2696,5.378562836718983e-10,4.6465141885091105e-10,6.908064018090916e-10,5.886908046533415e-10,2.9197239112520657e-10,0.5692006902907297
0.26968,4.758361910741837e-10,4.628595995935435e-10,6.895304317912111e-10,5.872356893152674e-10,2.8919324870984977e-10,0.08861275040091489
0.26977,4.029631859764138e-10,4.643638305489397e-10,6.915866394210064e-10,5.889617348878308e-10,2.9143909412596563e-10,-0.40243007477982773
0.26985,4.010057728549007e-10,4.660386504906731e-10,6.925757024461574e-10,5.90484586736314e-10,2.923317486679869e-10,-0.42248172237790294
0.26994,4.565491766357857e-10,4.6298413628344486e-10,6.896104612754515e-10,5.873315320966121e-10,2.89397761999657e-10,-0.04877704446820111
0.27002,4.85523020106883e-10,4.6373538551110426e-10,6.9015821896983e-10,5.879492314083412e-10,2.9054657800967984e-10,0.1596809115864191
0.27011,4.693378845770231e-10,4.6405303486807657e-10,6.904093047197572e-10,5.882218312647596e-10,2.9100906576091407e-10,0.04090504527535746
0.27019,4.077465915285537e-10,4.620781991278125e-10,6.890399560688455e-10,5.866392893061748e-10,2.879097005693599e-10,-0.3720158854178202
0.27028,3.237145798362978e-10,4.630559095826511e-10,6.896486614988337e-10,5.8738229049594e-10,2.8952383871507614e-10,-0.8424520048979592
0.27036,3.00961431766254e-10,4.6249167736821245e-10,6.89146389215177e-10,5.868649853669988e-10,2.887701496687884e-10,-0.9508297461091211
0.27045,3.5288104806596063e-10,4.616555347149166e-10,6.885757648920424e-10,5.861998883321191e-10,2.8744835779020406e-10,-0.6906375916200229
0.27053,3.801145525008846e-10,4.6292130601366596e-10,6.894926517561287e-10,5.872372593546447e-10,2.8938930669009116e-10,-0.5380951192419042
0.27062,4.5739774700748155e-10,4.6382093390750884e-10,6.901421777288319e-10,5.879736562331211e-10,2.9076954648799417e-10,-0.04263824432988224
0.2707,5.2980416470316e-10,4.630046265939736e-10,6.896404101441316e-10,5.873571978337947e-10,2.894120366805497e-10,0.5041455126328163
0.27079,5.427526570751636e-10,4.623470513915969e-10,6.892760641862951e-10,5.868839211453974e-10,2.8827193525488073e-10,0.6094586815156469
0.27087,5.547244102160316e-10,4.6377965893909983e-10,6.903567345877441e-10,5.880833950150745e-10,2.9041528157490425e-10,0.7086336190849718
0.27096,5.117016464604797e-10,4.632273694249041e-10,6.899115833402951e-10,5.876041479236382e-10,2.8962268816705846e-10,0.35850645374803697
0.27104,4.532151954503491e-10,4.621236680717817e-10,6.878516043824214e-10,5.859607290965163e-10,2.8941823229376056e-10,-0.06233046870366797
0.27113,3.9981069357884506e-10,4.5832363784677174e-10,6.831922451239487e-10,5.817264690068732e-10,2.858643174233528e-10,-0.39934113181796793
0.27121,4.1388107155649897e-10,4.5851332154655757e-10,6.833077252573143e-10,5.818690504052429e-10,2.8618127964008586e-10,-0.31005096353029454
0.2713,4.542654694641572e-10,4.5966286284238135e-10,6.840713783902812e-10,5.827706740314428e-10,2.8802514324581717e-10,-0.036820660904930934
0.27138,5.025540967598476e-10,4.5928113590387905e-10,6.838210143591724e-10,5.824730501562363e-10,2.874093248226767e-10,0.3231251585636664
0.27147,5.110200307197661e-10,4.559463059692537e-10,6.782435623407195e-10,5.778844629010522e-10,2.860501612175082e-10,0.4266315327046547
0.27155,4.602925949539231e-10,4.526348414716697e-10,6.733892318426681e-10,5.737295663686254e-10,2.8388650134349244e-10,0.05970686504890798
0.27164,3.58244459773461e-10,4.491408841372155e-10,6.694682311952167e-10,5.700503899599028e-10,2.80178862533527e-10,-0.6033692520585251
0.27172,2.8421412677365956e-10,4.511225878360169e-10,6.700704516096285e-10,5.711852099808655e-10,2.8421412677365956e-10,-0.9915003099815305
0.27181,3.031674914823286e-10,4.4893226002651363e-10,6.684742823814794e-10,5.693797290000759e-10,2.808636526019802e-10,-0.8955128936504413
0.2719,3.638568612239993e-10,4.4966751939430876e-10,6.69022522025836e-10,5.69996431561235e-10,2.819685906068265e-10,-0.5658174678227358
0.27198,4.5544646637999e-10,4.4999850334090736e-10,6.694429991737258e-10,5.703737605585087e-10,2.822617041040388e-10,0.043777735767827695
0.27207,5.554713240051892e-10,4.4600307800647795e-10,6.660130611224022e-10,5.670163756919173e-10,2.776912730373806e-10,0.8916002378763341
0.27215,5.487009129018256e-10,4.4252433672255546e-10,6.607023728777614e-10,5.622953728619824e-10,2.747622043223075e-10,0.8565044616526025
0.27224,5.589582245657479e-10,4.4534303988940144e-10,6.609687983287778e-10,5.635635901814861e-10,2.811944272217957e-10,0.9742642060432337
0.27232,5.688831603575665e-10,4.4222687125267043e-10,6.573929320746255e-10,5.602365287996771e-10,2.779688921841197e-10,1.0907033460547366
0.27241,5.686584480861375e-10,4.4193776269883027e-10,6.56582767186557e-10,5.59647015399e-10,2.7824128785641347e-10,1.097833433341356
0.27249,5.463408802872246e-10,4.3959464248093233e-10,6.550012968746646e-10,5.577949821985438e-10,2.7450391121454167e-10,0.8869673619963245
0.27258,4.903712956879822e-10,4.395509395151615e-10,6.54819770864799e-10,5.576712693359194e-10,2.7461424876628975e-10,0.3965127342858007
0.27266,4.4664056294567457e-10,4.3741687354674485e-10,6.516242240859016e-10,5.54953981589299e-10,2.733012377417868e-10,0.06525352191059683
0.27275,4.0755754643389377e-10,4.3682038588974236e-10,6.496639268540195e-10,5.535680581594684e-10,2.7420341701633325e-10,-0.20823947703810441
0.27284,3.9207403240655123e-10,4.35963212046676e-10,6.4832107592157e-10,5.524417231056987e-10,2.7374675189947977e-10,-0.3095865114473506
0.27292,4.046809474573285e-10,4.3413772596793414e-10,6.472172262747234e-10,5.510736286523907e-10,2.7068984882059666e-10,-0.22320109131969365
0.27301,3.367669940921452e-10,4.364279000240914e-10,6.488266936022572e-10,5.529211332335786e-10,2.7426373858180195e-10,-0.6607912624782027
0.27309,2.7587469209221884e-10,4.37450002506689e-10,6.49533848101673e-10,5.537373498321634e-10,2.7587469209221884e-10,-1.0956517004037787
0.27318,2.7103208315775796e-10,4.3436218993236395e-10,6.473796344986655e-10,5.512577477729902e-10,2.7103208315775796e-10,-1.428709691419621
0.27326,2.725460050949832e-10,4.352120225734122e-10,6.478190524196122e-10,5.518506226820461e-10,2.725460050949832e-10,-1.5177336763939226
0.27335,2.739708995083077e-10,4.3607558570782376e-10,6.483622879917831e-10,5.525097377237278e-10,2.739708995083077e-10,-1.1053514267032207
0.27344,3.852380813064972e-10,4.3592411915568535e-10,6.485227957215616e-10,5.5254344104948e-10,2.734238231156014e-10,-0.3573495674857436
0.27352,5.024085240067307e-10,4.353108839629757e-10,6.486805491645321e-10,5.523979758212146e-10,2.716674056125509e-10,0.5376193653814756
0.27361,5.724638587482014e-10,4.3577243970512133e-10,6.49036234532413e-10,5.527849791686412e-10,2.724470219808707e-10,1.1883633003493563
0.27369,5.426905226159889e-10,4.3504953230883323e-10,6.484793689689433e-10,5.521739411796808e-10,2.7137353084153305e-10,0.9021756912409786
0.27378,4.814361536471855e-10,4.3607259907685964e-10,6.489992562519303e-10,5.528828618546136e-10,2.732022272751257e-10,0.3615574439372706
0.27387,4.046840362509414e-10,4.3660702245158556e-10,6.493417404728296e-10,5.532953395815031e-10,2.74071963956504e-10,-0.2270326170301432
0.27395,3.504658663256748e-10,4.349086020634612e-10,6.482579866342264e-10,5.519898151067138e-10,2.7129075039037453e-10,-0.5818500207076547
0.27404,4.608167838221326e-10,4.355471902158204e-10,6.487247981739401e-10,5.525133589750961e-10,2.722761180707081e-10,0.19258833007887124
0.27412,5.269774979922467e-10,4.3486145465123005e-10,6.484064718592194e-10,5.520577469728178e-10,2.7101229850663665e-10,0.7561329539549907
0.27421,5.972710444093008e-10,4.392777627562467e-10,6.513769203525998e-10,5.555450581952961e-10,2.780511771486889e-10,1.4382099502365748
0.2743,6.14941892918964e-10,4.38194785012385e-10,6.504708441148027e-10,5.545831204810838e-10,2.7654742245585527e-10,1.6275653602386413
0.27438,5.595235550996901e-10,4.3559825583595587e-10,6.489467089505547e-10,5.526653198710561e-10,2.721270842219923e-10,1.061104871880073
0.27447,4.4070246579640133e-10,4.360970960769495e-10,6.494785986497739e-10,5.53174255847212e-10,2.7268903128503065e-10,0.03188783561125299
0.27455,2.692364411271573e-10,4.337672384274693e-10,6.477096852208962e-10,5.512155608302982e-10,2.692364411271573e-10,-1.0843718795803523
0.27464,2.6893742343148705e-10,4.3336138964481995e-10,6.471356675914763e-10,5.507194070894733e-10,2.6893742343148705e-10,-1.8900230371438842
0.27473,2.6883459633927974e-10,4.322820533102461e-10,6.450404967938516e-10,5.490644553076775e-10,2.6883459633927974e-10,-2.1811618855010075
0.27481,2.701198602302915e-10,4.319748226563077e-10,6.434528891722674e-10,5.48001482662997e-10,2.701198602302915e-10,-1.7438938889208966
0.2749,3.3493960042477297e-10,4.3078182038926306e-10,6.415367591642028e-10,5.46416554853142e-10,2.6940199577735406e-10,-0.6520311335854351
0.27499,5.417405345256504e-10,4.3386391233373514e-10,6.443405145448231e-10,5.492711079351226e-10,2.734931751607972e-10,0.9420589786468704
0.27507,6.275753711481027e-10,4.28846275222552e-10,6.409958668862121e-10,5.453047038178488e-10,2.6545204105475386e-10,1.8249601159622935
0.27516,6.180557647296708e-10,4.291055946982879e-10,6.409858826054341e-10,5.454306936141805e-10,2.660599656588412e-10,1.7244821737459066
0.27524,5.214474412192507e-10,4.3271693622419347e-10,6.427585895193934e-10,5.478959916610734e-10,2.7259084743739193e-10,0.7623905241158405
0.27533,3.517516031583567e-10,4.2817872984157324e-10,6.373790365665665e-10,5.429494171691575e-10,2.6810566355281396e-10,-0.5347436137964487
0.27542,2.660625119863268e-10,4.2669656089572867e-10,6.364556140806451e-10,5.416429215078089e-10,2.660625119863268e-10,-1.6299499501574237
0.2755,2.660512538166515e-10,4.265391382419397e-10,6.358011360579601e-10,5.413776703254121e-10,2.660512538166515e-10,-1.58042681120887
0.27559,3.0214429580030764e-10,4.2885752264419953e-10,6.375051087178885e-10,5.43291942909006e-10,2.695788532772252e-10,-0.8242342631978665
0.27568,5.027831703222885e-10,4.277637827363147e-10,6.368714760385382e-10,5.42487779659932e-10,2.6771570885356965e-10,0.626204281414935
0.27576,6.226349173176052e-10,4.287393848687092e-10,6.375750779801051e-10,5.432854497025458e-10,2.692178189975198e-10,1.8370113082599326
0.27585,6.751992619426077e-10,4.2447761806984607e-10,6.347665421983717e-10,5.399555662537217e-10,2.623749595408917e-10,2.4479244108374156
0.27594,6.54252155752918e-10,4.316678966991215e-10,6.395255478448738e-10,5.455841214891331e-10,2.739431428296603e-10,2.199374907100139
0.27602,5.636966217112152e-10,4.2995147585110397e-10,6.384071226401475e-10,5.442507190029654e-10,2.711443168854807e-10,1.2086500416215102
0.27611,4.6125703703099976e-10,4.2856087071876315e-10,6.374666747281245e-10,5.43151330319595e-10,2.6891893465398564e-10,0.26585338130283503
0.2762,3.4935891205539785e-10,4.2621530749642253e-10,6.359250587028116e-10,5.413199271372359e-10,2.6514713097373623e-10,-0.5487906715662946
0.27628,2.6922847127757003e-10,4.276673264683721e-10,6.35408825377637e-10,5.415910292958419e-10,2.6922847127757003e-10,-1.1919981586046244
0.27637,2.6930769128651227e-10,4.2759238835217435e-10,6.351904483377635e-10,5.414335605277893e-10,2.6930769128651227e-10,-1.4720049054655937
0.27646,2.661679357843953e-10,4.2502691864870634e-10,6.326550885304956e-10,5.389343151213555e-10,2.661679357843953e-10,-1.209960948295652
0.27654,3.4705875028160413e-10,4.243319579189125e-10,6.324009781780365e-10,5.385114347121746e-10,2.648048836210275e-10,-0.5492140609539388
0.27663,4.5978197579723497e-10,4.2423959630053615e-10,6.32451442282394e-10,5.385051096030189e-10,2.645271835924212e-10,0.27656310415853425
0.27672,4.600457874727159e-10,4.245254955507666e-10,6.32634553434851e-10,5.387243615620641e-10,2.6499332408330325e-10,0.27903270291779664
0.2768,4.4996023982772775e-10,4.2404417703648315e-10,6.320113384713307e-10,5.381701489053511e-10,2.6457307767748774e-10,0.19860683914211905
0.27689,4.1983592468805216e-10,4.2567010041537404e-10,6.338884783313106e-10,5.399119127423113e-10,2.6624235139357716e-10,-0.04692770061812136
0.27698,4.0037137740401284e-10,4.254166606081182e-10,6.33510357817955e-10,5.395895563770366e-10,2.6608767360862363e-10,-0.18993218481426816
0.27707,4.192578389107579e-10,4.250999485027984e-10,6.332338233899117e-10,5.393028069878799e-10,2.6565559993389e-10,-0.04871443660243923
0.27715,4.793949189343573e-10,4.272710019344044e-10,6.348151359997286e-10,5.410865366381049e-10,2.689832384649259e-10,0.44014307283568627
0.27724,5.78084810870359e-10,4.255149303272676e-10,6.338563805394786e-10,5.398307728896143e-10,2.659160463960208e-10,1.383501800829171
0.27733,6.555618604559224e-10,4.259469418810327e-10,6.342217219218189e-10,5.40214264904352e-10,2.66523145549341e-10,2.248243819813833
0.27741,6.699634175704768e-10,4.2440307367845924e-10,6.329691571338146e-10,5.388715436691597e-10,2.64311018335534e-10,2.425838651146011
0.2775,6.487756014438783e-10,4.233214852298573e-10,6.327202026496376e-10,5.382966188368955e-10,2.6203661992900655e-10,2.1617047722486893
0.27759,5.005521136114768e-10,4.2513921943578257e-10,6.339440735509478e-10,5.397929226814473e-10,2.6564840375194714e-10,0.628270493278272
0.27767,2.664171346466855e-10,4.251550500029121e-10,6.327030083164475e-10,5.390132216118878e-10,2.664171346466855e-10,-1.3930951443691593
0.27776,2.6889757440513536e-10,4.2642347305390803e-10,6.331793069248877e-10,5.397924737183484e-10,2.6889757440513536e-10,-2.7649093413845174
0.27785,2.6530544448174877e-10,4.241171410215785e-10,6.315454953272244e-10,5.379246834084747e-10,2.6530544448174877e-10,-3.2026312023808083
0.27794,2.615219292335668e-10,4.219161310642449e-10,6.303125876075719e-10,5.363315455045248e-10,2.615219292335668e-10,-2.731842410512588
0.27802,2.6553641689506153e-10,4.249776575297508e-10,6.330847519323936e-10,5.391679167373585e-10,2.6553641689506153e-10,-1.3951925318991738
0.27811,4.819405798655744e-10,4.266787505982274e-10,6.340867179129451e-10,5.404259847268915e-10,2.684261767636547e-10,0.4663741914334588
0.2782,5.655571946095855e-10,4.266587459092055e-10,6.337052776945481e-10,5.401939354106159e-10,2.6883459351618226e-10,1.2687040840205082
0.27829,5.402595154880727e-10,4.269082961562822e-10,6.336950729874795e-10,5.402862449502596e-10,2.6944960624326154e-10,1.0165477975149493
0.27837,5.026252908017694e-10,4.2337187212707283e-10,6.312142213406618e-10,5.374358644357755e-10,2.639193815898804e-10,0.6601966273248222
0.27846,4.686673543147579e-10,4.251025339344542e-10,6.323438686596784e-10,5.387815263754826e-10,2.667193345280083e-10,0.35968443978485143
0.27855,4.965433704303894e-10,4.245422829695324e-10,6.320823619572193e-10,5.384069653200455e-10,2.656884329579208e-10,0.6037962494225501
0.27863,5.294079234523489e-10,4.23465577830269e-10,6.314531625791815e-10,5.376129637239657e-10,2.6386091049754544e-10,0.9098136351094886
0.27872,5.576179279524495e-10,4.276380532015069e-10,6.343951685826945e-10,5.409842706627035e-10,2.7037346839640897e-10,1.1868449270924941
0.27881,5.478305181690103e-10,4.259703043781418e-10,6.333227494712205e-10,5.396979025430096e-10,2.6763774696904736e-10,1.0878410617270287
0.2789,5.136221957994222e-10,4.277757644358828e-10,6.353469436081584e-10,5.417403827849866e-10,2.69544018827425e-10,0.7491649675581689
0.27898,4.531958496426502e-10,4.250618569804584e-10,6.328630058916451e-10,5.390702439921009e-10,2.6600359817277216e-10,0.2236517958740755
0.27907,3.8333611356380244e-10,4.251857082711163e-10,6.329658148212218e-10,5.391800621073991e-10,2.6617460074760267e-10,-0.30817676938086175
0.27916,3.3573860547080723e-10,4.2313069427818696e-10,6.313945507268194e-10,5.374471745344678e-10,2.631278408894148e-10,-0.6182829638358113
0.27925,2.8027900757638983e-10,4.236814556893072e-10,6.316528729233964e-10,5.37817299568732e-10,2.641366927327021e-10,-0.9290097121977872
0.27934,2.688501591471795e-10,4.25570579535999e-10,6.315102282417137e-10,5.384756754798009e-10,2.688501591471795e-10,-1.2470823182425412
0.27942,2.6191819312937926e-10,4.1942572028524287e-10,6.249403471649391e-10,5.321980851141637e-10,2.6191819312937926e-10,-1.027168078413535
0.27951,3.1215905625303554e-10,4.1773266572099093e-10,6.221939413179682e-10,5.299183764051111e-10,2.6112613495052525e-10,-0.7282902520760012
0.2796,3.649393748692619e-10,4.1809353702600627e-10,6.222991057261438e-10,5.301217165826805e-10,2.618694669368313e-10,-0.39111105191606416
0.27969,4.5434380216684555e-10,4.183396471393291e-10,6.222858558854119e-10,5.302108229948064e-10,2.624763792107112e-10,0.30043588821770084
0.27977,5.130715418196958e-10,4.179014338052159e-10,6.219833513619854e-10,5.298606259736084e-10,2.617845396577289e-10,0.8359775535902594
0.27986,5.438385334171735e-10,4.1525845229841273e-10,6.191225241522266e-10,5.271389027297054e-10,2.588587184431457e-10,1.160212814606748
0.27995,5.072729752737032e-10,4.1552664045961457e-10,6.174172630057441e-10,5.262436882573457e-10,2.6152942542693686e-10,0.8229110713821851
0.28004,4.1705826169830515e-10,4.1218880079222404e-10,6.135636406811184e-10,5.226659477771927e-10,2.5810854979511295e-10,0.03929142696122005
0.28013,3.0004031283032065e-10,4.133277580897428e-10,6.13743313399666e-10,5.23220241763517e-10,2.6063153576517854e-10,-0.7700920032047794
0.28021,2.557924446434647e-10,4.1034632593629546e-10,6.11819683353087e-10,5.209142261709112e-10,2.557924446434647e-10,-1.0741915075850548
0.2803,2.7838847067815815e-10,4.124654407952017e-10,6.133423571014581e-10,5.226446676978055e-10,2.590358726245542e-10,-0.8926309187301368
0.28039,3.6999748551696005e-10,4.102662178240373e-10,6.118491093262626e-10,5.209014850920706e-10,2.5554455018511845e-10,-0.3158635134289047
0.28048,4.38084397444956e-10,4.0891202404803683e-10,6.091753906455772e-10,5.187981072444376e-10,2.5547574080989334e-10,0.23771254237347983
0.28057,4.934545122950834e-10,4.0797065659464924e-10,6.088896230609967e-10,5.181097054734009e-10,2.5389126255999363e-10,0.7421427161203299
0.28065,5.258969780597094e-10,4.085804514798879e-10,6.088647602783849e-10,5.184867627661992e-10,2.5504077521771783e-10,1.069296175803984
0.28074,5.160796899201777e-10,4.1181836050801635e-10,6.129719385076795e-10,5.221741624091627e-10,2.5791470547316707e-10,0.9390282884541833
0.28083,4.5125624372599904e-10,4.1206296478316023e-10,6.144038697435646e-10,5.231100992800861e-10,2.5680756080863947e-10,0.31577099291735605
0.28092,3.7077726189035066e-10,4.1389864519072303e-10,6.157098228739439e-10,5.246020297686486e-10,2.596438234258531e-10,-0.3216593804726233
0.28101,2.66343563179177e-10,4.145944373167405e-10,6.162547698423007e-10,5.251950400763401e-10,2.606691986776049e-10,-0.962362364169645
0.28109,2.606288519399084e-10,4.1454403799645053e-10,6.161871847774843e-10,5.251355197488475e-10,2.606288519399084e-10,-1.0892089644050502
0.28118,3.3591372540880903e-10,4.113689698478802e-10,6.137642973839487e-10,5.224603325524578e-10,2.5591299895035074e-10,-0.5570643447773308
0.28127,4.5094696660649694e-10,4.117242476898716e-10,6.140369493015032e-10,5.227598649730992e-10,2.5644107838447904e-10,0.3147487353233155
0.28136,5.530908819105136e-10,4.159494126819454e-10,6.169868122331546e-10,5.261565799029187e-10,2.6306951491510916e-10,1.3011023776527848
0.28145,5.958358655119822e-10,4.1095197489578736e-10,6.138781777916776e-10,5.223619458133455e-10,2.5479058216574207e-10,1.7691284492028538
0.28154,5.549214987428349e-10,4.1245681188995777e-10,6.15132550263532e-10,5.236939894692988e-10,2.568805032077629e-10,1.3119525732480761
0.28162,4.495726812673362e-10,4.1315295934661967e-10,6.159380650457923e-10,5.24440654052474e-10,2.5758564631541226e-10,0.2920115303237747
0.28171,2.5875141575563317e-10,4.138417783414049e-10,6.173920343636092e-10,5.254469680923705e-10,2.5875141575563317e-10,-1.1851089876057057
0.2818,2.540213253276736e-10,4.105820703726992e-10,6.13757501599162e-10,5.221524030767001e-10,2.540213253276736e-10,-2.1619659285622985
0.28189,2.5701931908954957e-10,4.136725865203048e-10,6.166564159533384e-10,5.25233760740256e-10,2.5701931908954957e-10,-2.1943680057279975
0.28198,2.6221803216217005e-10,4.155324473201614e-10,6.168543292067446e-10,5.259150031434169e-10,2.6221803216217005e-10,-1.6651305322697507
0.28207,2.951670990056498e-10,4.1447207245699e-10,6.159471233173814e-10,5.249658128654755e-10,2.607496795366044e-10,-0.8055003353668386
0.28215,3.814164152800129e-10,4.125377288427123e-10,6.147216862613878e-10,5.234831521059893e-10,2.5756956002924257e-10,-0.24389725381040547
0.28224,4.314072567908026e-10,4.1327859053341333e-10,6.152233166352296e-10,5.240699750194921e-10,2.587454357245745e-10,0.14727230814607728
0.28233,4.636525406693755e-10,4.1301114017481673e-10,6.151660516904605e-10,5.239308815745542e-10,2.581732790801017e-10,0.4236680436103741
0.28242,4.575308325652185e-10,4.127923668200769e-10,6.150741080432736e-10,5.237875635559033e-10,2.577582544616051e-10,0.36873097624971035
0.28251,4.678552323789625e-10,4.1428195623068574e-10,6.158343188744925e-10,5.248239612032915e-10,2.6042667776514684e-10,0.46358411933451127
0.2826,5.072472825564085e-10,4.1072984951889153e-10,6.129516693500416e-10,5.217312799870813e-10,2.553489171015758e-10,0.8407626936122566
0.28269,5.292803382171266e-10,4.129261801126327e-10,6.142214688833861e-10,5.23343020931661e-10,2.5909261826651e-10,1.0649176448292672
0.28277,5.237812459899511e-10,4.112199996953768e-10,6.130450924098352e-10,5.219797882951745e-10,2.56405299593727e-10,1.009306898443742
0.28286,5.228450899568891e-10,4.100269318770028e-10,6.123424019586934e-10,5.210961644858071e-10,2.543956573387642e-10,0.9980292171456485
0.28295,5.092994427832486e-10,4.132615682234955e-10,6.146742111958782e-10,5.237404461684388e-10,2.593576307877039e-10,0.8607563405958956
0.28304,4.861401816842327e-10,4.1232645750496117e-10,6.142490221648475e-10,5.231227308744303e-10,2.5762221750118115e-10,0.6353284973163918
0.28313,4.2206778005077975e-10,4.137030791541933e-10,6.155476778762286e-10,5.244281794087404e-10,2.5937397101543674e-10,0.07002959707688074
0.28322,2.9667899436846164e-10,4.1555012445808277e-10,6.183635108854107e-10,5.267147475384769e-10,2.6156480999442464e-10,-0.8005417771371173
0.28331,2.861470185298659e-10,4.128933456261025e-10,6.147237282975782e-10,5.236248331942642e-10,2.584190229001146e-10,-0.855273115304994
0.2834,3.299024267536745e-10,4.1443258583540834e-10,6.15489824333974e-10,5.246806378141567e-10,2.6120367664280693e-10,-0.5935674992201275
0.28349,4.126211386571641e-10,4.129598563988369e-10,6.147231636132976e-10,5.236508923471317e-10,2.5857560340985525e-10,-0.0026295464181899935
0.28357,4.498092610378745e-10,4.1047784718954494e-10,6.119065672802861e-10,5.210173095362811e-10,2.5598787714627e-10,0.3200326573463762
0.28366,4.429410383172841e-10,4.1150970895946987e-10,6.127503645806417e-10,5.216202580899067e-10,2.580574655934322e-10,0.2646478712757345
0.28375,4.1811727551008755e-10,4.1098040867742694e-10,6.120751231310523e-10,5.213998012045153e-10,2.57028004478367e-10,0.0559603106590764
0.28384,3.6681539015689064e-10,4.0739877629719785e-10,6.077825453942797e-10,5.172746275130276e-10,2.5383457577284565e-10,-0.3197648279555197
0.28393,3.385100953299686e-10,4.0595695981611285e-10,6.053621421489727e-10,5.153963469936608e-10,2.5292821619257915e-10,-0.50835905169031
0.28402,3.736949384245567e-10,4.054094262320267e-10,6.040178042454426e-10,5.14389982055961e-10,2.5321434219982293e-10,-0.2516803827869575
0.28411,3.821823968264449e-10,4.038274622062235e-10,6.020281446264508e-10,5.125961709813245e-10,2.518023971459276e-10,-0.17926809044832737
0.28455,6.407516116730015e-10,4.027804325217947e-10,6.028223352799177e-10,5.126476184435199e-10,2.483918097916767e-10,2.4366915354180323
0.28464,5.957556166032092e-10,4.1083560296006685e-10,6.102885134710679e-10,5.20171026236117e-10,2.588796866877537e-10,1.842735097723997
0.28473,5.073872396019962e-10,4.1090267426080227e-10,6.103638000789831e-10,5.202787716668432e-10,2.5884632151260437e-10,0.8827702379202792
0.28482,4.0699477335854515e-10,4.0931052357521357e-10,6.090839372686138e-10,5.18894233309009e-10,2.5658062905689377e-10,-0.015858013850039262
0.28491,2.6882672979879385e-10,4.111103141535615e-10,6.101132882313125e-10,5.202170059733554e-10,2.5962486026214493e-10,-0.9336317344241554
0.285,2.53248811373922e-10,4.071842224443067e-10,6.075720294132473e-10,5.171754158325302e-10,2.53248811373922e-10,-1.8449107931554862
0.28509,2.565563113414281e-10,4.09518816653072e-10,6.094788818585766e-10,5.192173447449529e-10,2.565563113414281e-10,-1.999686584670865
0.28518,2.5216879700338727e-10,4.0689767876091406e-10,6.078978896249424e-10,5.172561347150091e-10,2.5216879700338727e-10,-1.7904212408744864
0.28527,2.56610358665186e-10,4.099411446562923e-10,6.102812707906183e-10,5.198554686705489e-10,2.56610358665186e-10,-1.2535837326605022
0.28536,3.6767820225651553e-10,4.111247632658406e-10,6.110182390705294e-10,5.207525576924208e-10,2.5858589296462144e-10,-0.3214682504235257
0.28545,4.578679550494068e-10,4.0990438627584456e-10,6.098716546255443e-10,5.195971354585442e-10,2.570304224834253e-10,0.41133410000911497
0.28554,4.957957276442558e-10,4.1079933713827714e-10,6.103341887883759e-10,5.20218261431753e-10,2.586477906657645e-10,0.7682956284159248
0.28563,4.3884058286517606e-10,4.0972205370934023e-10,6.092296341686492e-10,5.191471420480197e-10,2.5736568025784155e-10,0.24986401061549307
0.28572,4.357759649945748e-10,4.0896202552275543e-10,6.087413796569181e-10,5.185617764883882e-10,2.561184409073729e-10,0.2232898619215914
0.28581,4.381785622776015e-10,4.0901290513383315e-10,6.087170094650811e-10,5.185668583923497e-10,2.562732100965023e-10,0.24465011146043017
0.2859,4.772824078035059e-10,4.101105490406742e-10,6.097460024008301e-10,5.196024412178993e-10,2.5768827990063643e-10,0.5930818053112689
0.28599,5.130926298400856e-10,4.0806882636031977e-10,6.087674996230695e-10,5.182246863822423e-10,2.5395368640058616e-10,0.9351701276732971
0.28608,5.055599864300223e-10,4.086442232925112e-10,6.093738872017759e-10,5.188082960540172e-10,2.5460461205406574e-10,0.8566415768831559
0.28617,4.310790720555638e-10,4.10872162418079e-10,6.107590907438818e-10,5.205001991722568e-10,2.5829303500467447e-10,0.17492173399690328
0.28626,3.048651118509614e-10,4.0783719456307547e-10,6.075818650663024e-10,5.174414932062913e-10,2.547789855861095e-10,-0.7284279796251443
0.28635,2.5260010918272044e-10,4.0597895176188287e-10,6.056753240364037e-10,5.155894502308244e-10,2.5260010918272044e-10,-1.4776512358091995
0.28644,2.506777441541012e-10,4.045099482453662e-10,6.043477679716928e-10,5.142292301438691e-10,2.506777441541012e-10,-1.489107909881586
0.28653,2.747059376148071e-10,4.050483370624855e-10,6.049208665642718e-10,5.147775713261277e-10,2.5128648779312146e-10,-0.897130541217228
0.28662,4.4621034932439363e-10,4.0653089093989775e-10,6.0607670093282e-10,5.160408702479737e-10,2.534563611603828e-10,0.32569453778970536
0.28671,5.52447230051158e-10,4.0912185424989227e-10,6.081028710602997e-10,5.182496513010128e-10,2.572726512548019e-10,1.371143098696597
0.2868,6.034884293325128e-10,4.0784428753691617e-10,6.075756685630385e-10,5.174357599341222e-10,2.548332724523357e-10,1.9471195004980781
0.28689,5.70772430293464e-10,4.091240539898391e-10,6.083097641513217e-10,5.183722359642498e-10,2.570253902011154e-10,1.570553955129498
0.28698,5.014966496590922e-10,4.084549021714797e-10,6.075458477719727e-10,5.176614964268529e-10,2.5631671685820174e-10,0.8418059999279618
0.28707,4.0107969037406197e-10,4.0838961518856845e-10,6.075906985822822e-10,5.176719433466477e-10,2.560523481655753e-10,-0.055587808594650734
0.28716,2.9597542794005827e-10,4.103865253982846e-10,6.090585649696287e-10,5.193067625423612e-10,2.591740545759023e-10,-0.779644217564351
0.28725,2.558640768866341e-10,4.0824443427337626e-10,6.093207341270455e-10,5.175803426523927e-10,2.558640768866341e-10,-1.3110945404290055
0.28734,2.529893134761252e-10,4.0637931425077423e-10,6.061659532397201e-10,5.160330394897158e-10,2.529893134761252e-10,-1.0959840100223406
0.28743,3.4308780608558387e-10,4.097818986317611e-10,6.096308567705363e-10,5.194220570991762e-10,2.580493072678272e-10,-0.4831863122180315
0.28752,4.16750357213995e-10,4.082767284363141e-10,6.07831753913919e-10,5.177619018806273e-10,2.5553115305547893e-10,0.06803251874030894
0.28761,4.362800497750382e-10,4.0949911902766257e-10,6.094331477767741e-10,5.193825603312441e-10,2.562061485921061e-10,0.2266219360654089
0.2877,4.338284630107438e-10,4.0688620272870693e-10,6.064845299000104e-10,5.164208492155835e-10,2.538163393119285e-10,0.21588481705554657
0.28779,3.9846326303375994e-10,4.117308495424055e-10,6.107374785967853e-10,5.210983070956299e-10,2.555991059383288e-10,-0.10452616791880626
0.28788,3.879959748500965e-10,4.072516474102438e-10,6.062680052319881e-10,5.164371553338193e-10,2.5495168868274575e-10,-0.15218631882469855
0.28797,4.081273051569849e-10,4.074552796461037e-10,6.065270414292285e-10,5.166690040660724e-10,2.551343709615502e-10,0.005540024330019923
0.28806,4.4475704805628946e-10,4.0790758953098343e-10,6.07044968531172e-10,5.171498439075242e-10,2.5561109109066453e-10,0.3126710490368289
0.28815,4.4968276451745494e-10,4.072747393756937e-10,6.071457430501959e-10,5.169615250386684e-10,2.539652428886581e-10,0.3495448701465299
0.28824,4.286547780725762e-10,4.0832791510043973e-10,6.083704627541649e-10,5.180929327197141e-10,2.550472273082251e-10,0.16211043224697053
0.28833,4.105364089567233e-10,4.0943145085006704e-10,6.092743330123622e-10,5.190629562620623e-10,2.5658933114384665e-10,0.010618753099187276
0.28842,4.063692180393351e-10,4.086885128531785e-10,6.084420873582667e-10,5.182814142313288e-10,2.557977294848666e-10,-0.01940654410173424
0.28851,3.666161796299924e-10,4.072194167340971e-10,6.069362805909859e-10,5.168152256109123e-10,2.540904800039753e-10,-0.3175384065370856
0.2886,3.152262639078693e-10,4.070463931134901e-10,6.06590850066829e-10,5.165464951628285e-10,2.5407248843895065e-10,-0.6623193175517408
0.28869,2.8446604417426645e-10,4.0692064680910093e-10,6.065225102041254e-10,5.164574553462993e-10,2.5384925691399016e-10,-0.8448073980364823
0.28878,3.3835972934829086e-10,4.0956286979470095e-10,6.085138299071188e-10,5.186699060845788e-10,2.578020726217879e-10,-0.5144364074443969
0.28887,4.2707887531821193e-10,4.087582878971239e-10,6.084270759020767e-10,5.183007006193033e-10,2.559807882228809e-10,0.1511046722241653
0.28896,5.04500941342218e-10,4.0733328579170814e-10,6.093409212235945e-10,5.186151655843737e-10,2.532651483059879e-10,0.85668849352881
0.28905,5.429952488854556e-10,4.083875559216896e-10,6.087714817363748e-10,5.183557461952539e-10,2.5469052859341247e-10,1.2479756339723798
0.28914,4.740061491432395e-10,4.102382612457322e-10,6.094670918677136e-10,5.194925633387078e-10,2.5830702409228425e-10,0.5668396889381029
0.28923,4.1152395508899314e-10,4.084546673012415e-10,6.079835661153752e-10,5.179191351349074e-10,2.5579070167581123e-10,0.025167255113850928
0.28933,3.7355022302944173e-10,4.079170160498724e-10,6.071099914029917e-10,5.171942635985013e-10,2.5554153824619115e-10,-0.26457014410704893
0.28942,3.7712734143907926e-10,4.0857548572394283e-10,6.082525454020805e-10,5.183044514279208e-10,2.5526476689797924e-10,-0.24467652554671204
0.28951,4.469000657764762e-10,4.0728780761914353e-10,6.066676169254465e-10,5.166851076847112e-10,2.5456887698341526e-10,0.33101503925520476
0.2896,4.970256625630367e-10,4.076994707067688e-10,6.073616909910773e-10,5.172553566049355e-10,2.5472668367544967e-10,0.7929456275046222
0.28969,5.037820627485408e-10,4.112576804004071e-10,6.1088851356644e-10,5.207305883167748e-10,2.5904891975402947e-10,0.8422543742373738
0.28978,4.725659510691041e-10,4.1238833117894415e-10,6.125738714476979e-10,5.221618627358601e-10,2.597784500926224e-10,0.5318450776083647
0.28987,3.845267528354312e-10,4.1053978969734113e-10,6.110254992202647e-10,5.205239140478623e-10,2.5718707320755035e-10,-0.20085323880963604
0.28996,3.0966624903497514e-10,4.1143847910605307e-10,6.112507615466187e-10,5.210104543432448e-10,2.5907656860027394e-10,-0.7062121544932298
0.29005,2.600921684748357e-10,4.1060636856842183e-10,6.108612672649201e-10,5.205419227947706e-10,2.5622512786693185e-10,-0.9870786193425624
0.29014,2.844938019934087e-10,4.117493381585204e-10,6.111575765561822e-10,5.210798405138059e-10,2.5992726077954633e-10,-0.8511918840560565
0.29023,3.42569272506685e-10,4.093478627950329e-10,6.094771042423883e-10,5.191467169800258e-10,2.561622174277483e-10,-0.49372347974776204
0.29032,4.0886876852723315e-10,4.09975243168252e-10,6.102149002524658e-10,5.198282765805295e-10,2.567815223530222e-10,-0.008169891055276964
0.29042,4.958825788458268e-10,4.109041540867389e-10,6.104743773902656e-10,5.203468207809975e-10,2.587023955708882e-10,0.767613045809259
0.29051,5.101459238258222e-10,4.0941575977512795e-10,6.094501879942729e-10,5.191590950583389e-10,2.563484042422189e-10,0.9088966362641773
0.2906,4.638850504838437e-10,4.09793070776397e-10,6.097135287023551e-10,5.194623336859557e-10,2.5694011893430575e-10,0.46662119617072073
0.29069,3.696989855099861e-10,4.099970366793891e-10,6.09829371312359e-10,5.196161166407269e-10,2.5724784691836924e-10,-0.30380309695958524
0.29078,2.916610935786337e-10,4.072859546885954e-10,6.079617556743892e-10,5.174396740532375e-10,2.5305927572035383e-10,-0.8096119515277552
0.29087,3.2116344818664067e-10,4.075103921977051e-10,6.077371111650567e-10,5.174019916788859e-10,2.538254699989537e-10,-0.6300093161405439
0.29096,4.4028743618944336e-10,4.086520568999831e-10,6.084158498145895e-10,5.18250157317657e-10,2.5575265916631737e-10,0.26338276758534945
0.29105,5.117953496414861e-10,4.06436465103126e-10,6.069681023065538e-10,5.16525261184677e-10,2.521860084360913e-10,0.932687205361372
0.29115,5.351084879189623e-10,4.0947956898677935e-10,6.09571401652133e-10,5.193317361334683e-10,2.5512637392969876e-10,1.1647496661784347
0.29124,5.004172913546064e-10,4.071289568708785e-10,6.074407390176801e-10,5.17076888567122e-10,2.5327358125081214e-10,0.8193546846247631
0.29133,4.2890259758107815e-10,4.0858806357701964e-10,6.083248853447147e-10,5.181716930290606e-10,2.5570643179839085e-10,0.16647999731951757
0.29142,3.735362524876707e-10,4.0790422255747613e-10,6.069574119184977e-10,5.17099166861385e-10,2.5569537977419096e-10,-0.2633950384052271
0.29151,3.3364221555389497e-10,4.0567421149185e-10,6.035305479555947e-10,5.142087715542026e-10,2.5442483378877315e-10,-0.5298929409380732
0.2916,3.291306021694179e-10,4.05848921610758e-10,6.035390452889748e-10,5.142821249925019e-10,2.548372025970962e-10,-0.5590986555836622
0.29169,3.821270273052623e-10,4.0598520498252095e-10,6.037928887227144e-10,5.144843635414162e-10,2.548647138529675e-10,-0.18265576372851405
0.29179,4.5305582928871465e-10,4.045220959101445e-10,6.030780664049425e-10,5.134870498123408e-10,2.5221580604879777e-10,0.4070481932686285
0.29188,4.85795170053348e-10,4.0324745622192145e-10,6.016349657508914e-10,5.121389949244838e-10,2.508789417368915e-10,0.7225619905446067
0.29197,4.452431923406677e-10,4.0236752472731594e-10,6.000454571953159e-10,5.108592803694584e-10,2.506489614302451e-10,0.35575238040206936
0.29206,3.179754740359323e-10,4.008943015311076e-10,5.981679649103117e-10,5.09175652499445e-10,2.4935787552281527e-10,-0.618752772830472
0.29215,2.472713922477943e-10,3.9927790420357253e-10,5.96675477666705e-10,5.076619864185868e-10,2.472713922477943e-10,-1.3258111887447066
0.29224,2.5247952960232513e-10,4.022930670219273e-10,5.983545543329007e-10,5.098372253756197e-10,2.5247952960232513e-10,-1.6097747661856474
0.29233,2.518440000804169e-10,4.0119734183953347e-10,5.966790808380986e-10,5.084221371374894e-10,2.518440000804169e-10,-1.164453290715483
0.29243,3.515064254042307e-10,3.998732773310961e-10,5.940849097766633e-10,5.06376756124432e-10,2.5176230140820476e-10,-0.36460049689379936
0.29252,4.5174343455637893e-10,3.9959561321932525e-10,5.940049617543365e-10,5.062201827031082e-10,2.5119123877673675e-10,0.4679730981761539
0.29261,5.161192196781772e-10,4.0141516737488653e-10,5.954131368284782e-10,5.077628828185115e-10,2.5389489664079725e-10,1.1097395887886026
0.2927,5.28457817478795e-10,3.949011283573447e-10,5.901795639601502e-10,5.021220366672039e-10,2.4451708630598743e-10,1.258288806687106
0.29279,4.975535232712984e-10,3.9869626267485613e-10,5.945122682200267e-10,5.065903256239158e-10,2.50772512620107e-10,0.9326376029128377
0.29289,4.2593314218915414e-10,3.984573857614491e-10,5.922285416182051e-10,5.047277595855398e-10,2.5058203061120704e-10,0.24511789726555872
0.29298,3.934143117080421e-10,3.975015052675629e-10,5.914153222298519e-10,5.038756566510386e-10,2.4924355720264086e-10,-0.030561606227977937
0.29307,4.032268862535189e-10,3.958216290633884e-10,5.895882883077813e-10,5.021403232141878e-10,2.4739452016545746e-10,0.05805357919939344
0.29316,4.047268831770937e-10,3.9452449703564006e-10,5.87126495378846e-10,5.001828968196885e-10,2.4721535025289803e-10,0.08790404796914511
0.29325,4.1753284945539595e-10,3.919841643431097e-10,5.840769715125105e-10,4.973944303878162e-10,2.4474004969766325e-10,0.21445131640704299
0.29335,4.522924232549762e-10,3.9288225949354955e-10,5.847604474414852e-10,4.981503801022046e-10,2.4607309628397006e-10,0.535829369303617
0.29344,4.471715431508873e-10,3.9077284238463476e-10,5.831683922551472e-10,4.963819960809991e-10,2.429328952412469e-10,0.48893045217020403
0.29353,4.407376624401675e-10,3.906766351699883e-10,5.8284228530719e-10,4.961520703236858e-10,2.430920909911014e-10,0.43146428543308285
0.29362,4.261477154014956e-10,3.9337685231436535e-10,5.844628924179551e-10,4.981674758468381e-10,2.476363082595419e-10,0.29865797583784126
0.29371,3.966766329749232e-10,3.9155378301842744e-10,5.824674450090936e-10,4.962765840371671e-10,2.456424800327079e-10,0.0473861158270045
0.29381,3.746427439859738e-10,3.9056146433235275e-10,5.819553957910197e-10,4.955825692613764e-10,2.4388862043134727e-10,-0.13644467831029827
0.2939,3.6890690118773734e-10,3.912870228593285e-10,5.825482651461151e-10,4.962192793742808e-10,2.4490419080530763e-10,-0.18349556341663284
0.29399,3.6053931740851216e-10,3.9069086596012694e-10,5.823187567766543e-10,4.958486697302485e-10,2.437555904236755e-10,-0.2503990580495407
0.29408,3.4313018215929105e-10,3.9253050490272704e-10,5.837421073894318e-10,4.974098565220035e-10,2.4646820637195297e-10,-0.38336267384643846
0.29417,3.835087991332527e-10,3.9251748020688485e-10,5.838277438111507e-10,4.974550942342753e-10,2.4633284563083034e-10,-0.0698215742986995
0.29427,4.083361242418127e-10,3.9119826530849156e-10,5.829534476189125e-10,4.964238412427784e-10,2.441990093140888e-10,0.14006063322094295
0.29436,4.094553409805858e-10,3.9236637047162403e-10,5.834588333704336e-10,4.971787341553675e-10,2.464121708333146e-10,0.15321003261813404
0.29445,3.9312995997264906e-10,3.914047943061815e-10,5.868201252445905e-10,4.99568736473251e-10,2.4526456875906466e-10,0.012740027841540238
0.29454,3.477239283517001e-10,3.9338052939126085e-10,5.868453247713115e-10,4.987862572280975e-10,2.4620866185925515e-10,-0.3603225445717388
0.29464,2.790152085378111e-10,3.935819993406425e-10,5.861081384092879e-10,4.992160142598118e-10,2.461567757538123e-10,-0.8194189257139899
0.29473,2.4723860841730563e-10,3.9340388313321656e-10,5.848427827502946e-10,4.984026072797508e-10,2.4723860841730563e-10,-1.3090371916487615
0.29482,2.440539056154358e-10,3.9107063856069315e-10,5.828216185282987e-10,4.962958246168876e-10,2.440539056154358e-10,-1.4302264408520935
0.29491,2.4543053404478993e-10,3.909779358037575e-10,5.82758990653424e-10,4.96223006963785e-10,2.43903140776952e-10,-0.9997563864185461
0.29501,3.7436686741421354e-10,3.922408176082436e-10,5.834234910150401e-10,4.971095432693492e-10,2.4614684609757425e-10,-0.1420789663718559
0.2951,4.4147103968643176e-10,3.9150379373496523e-10,5.823360693981064e-10,4.96181217336821e-10,2.4567079936869605e-10,0.4525230672612455
0.29519,5.064076633219516e-10,3.8884933991019803e-10,5.777942560460388e-10,4.92467599268803e-10,2.447193488528203e-10,1.1632670339543376
0.29528,5.559325465736732e-10,3.878162138864207e-10,5.749244134367838e-10,4.903743981784797e-10,2.456770719358823e-10,1.7861876262849672
0.29538,5.814663626923223e-10,3.822928043195913e-10,5.707382082396062e-10,4.857395453447452e-10,2.3741198693166795e-10,2.120317455596349
0.29547,5.515938858643687e-10,3.8191248191234776e-10,5.697765650735414e-10,4.850254695739858e-10,2.37637889522625e-10,1.7586736639576996
0.29556,4.908124400439194e-10,3.850574600115412e-10,5.718748036383409e-10,4.874966117247796e-10,2.426818953170553e-10,1.050169216731611
0.29565,4.209453811384209e-10,3.848394146327893e-10,5.716917076261095e-10,4.873031139028929e-10,2.423764601393221e-10,0.33779990722096315
0.29575,3.215831448498668e-10,3.844622101907096e-10,5.712088532925975e-10,4.868718620356509e-10,2.4204083641747936e-10,-0.48581576759873696
0.29584,2.422900004102177e-10,3.845678511539919e-10,5.712082931637681e-10,4.869141325322918e-10,2.422900004102177e-10,-1.2660213463036372
0.29593,2.367012869351604e-10,3.809985683594156e-10,5.687157016216352e-10,4.840443093158025e-10,2.367012869351604e-10,-1.793372724734286
0.29602,2.4486987238877477e-10,3.860561259468793e-10,5.72050073053312e-10,4.87994888702687e-10,2.4486987238877477e-10,-1.8714256208905926
0.29612,2.386350583393701e-10,3.824403319703868e-10,5.699924683503483e-10,4.853616153732546e-10,2.386350583393701e-10,-1.335912780011554
0.29621,3.3355384971077417e-10,3.8418751414823376e-10,5.716440913756951e-10,4.870211739043022e-10,2.4084888363205285e-10,-0.40302227643834393
0.2963,4.26799772813283e-10,3.8512561005165534e-10,5.725229383008359e-10,4.879053706264281e-10,2.420620307212539e-10,0.38509496472362814
0.2964,4.755393585848267e-10,3.86109276508891e-10,5.728523706211379e-10,4.88486161612413e-10,2.440383308200995e-10,0.8802711932789029
0.29649,4.638064297137248e-10,3.857424412829553e-10,5.723955226149349e-10,4.880736680114886e-10,2.4369967307582693e-10,0.7603774170827217
0.29658,4.4258018063642047e-10,3.816611776570087e-10,5.692463202181062e-10,4.846159062846102e-10,2.3766093930352373e-10,0.5512073714227099
0.29668,3.886992806527497e-10,3.834698744721479e-10,5.704993743023859e-10,4.860651755818921e-10,2.404974808822317e-10,0.04861599450626844
0.29677,3.3827395751165933e-10,3.819024811085117e-10,5.697557142323701e-10,4.850123881919378e-10,2.3761487939325174e-10,-0.36460899583304546
0.29686,3.022291806890294e-10,3.8435513727303493e-10,5.71963995076403e-10,4.872676484890194e-10,2.4091689694436067e-10,-0.6264040172776494
0.29695,3.152117933251838e-10,3.829065922712711e-10,5.710107096246419e-10,4.86143979834602e-10,2.385364402646883e-10,-0.5373890906553783
0.29705,3.1205836150809733e-10,3.8417754657998955e-10,5.717118320806526e-10,4.870602029159441e-10,2.4071441446131456e-10,-0.558616719437053
0.29714,3.77255135047068e-10,3.8373723776608426e-10,5.709883693734266e-10,4.864582455746632e-10,2.405541715887294e-10,-0.05262666100382463
0.29723,4.0528333681541845e-10,3.8372040678866986e-10,5.711843020699335e-10,4.865128936627206e-10,2.4062288209013574e-10,0.1941232333086459
0.29733,4.337643915273966e-10,3.827924881501514e-10,5.700048439752085e-10,4.854864982837519e-10,2.396045181834837e-10,0.46668030213392003
0.29742,4.2966911374120354e-10,3.816786903407763e-10,5.69299634653695e-10,4.845463153030775e-10,2.37912148300284e-10,0.42758512076791255
0.29751,4.2114305625648184e-10,3.8202256953520805e-10,5.695754944693641e-10,4.849484434111481e-10,2.381533464549649e-10,0.3428060852008135
0.29761,3.998153920446645e-10,3.822957495648842e-10,5.698367087999916e-10,4.85210078596663e-10,2.384927995232981e-10,0.14555148655693242
0.2977,3.2491192665721925e-10,3.836524709382895e-10,5.707612244607326e-10,4.862891805995053e-10,2.40633652443466e-10,-0.4624746608180842
0.29779,2.3822893753845184e-10,3.821607399724291e-10,5.697685990529711e-10,4.851205255294868e-10,2.3822893753845184e-10,-1.1879199014830133
0.29789,2.3781793952654977e-10,3.8184567331194403e-10,5.694936568867595e-10,4.848356803297023e-10,2.3781793952654977e-10,-1.907237889583979
0.29798,2.4117923389257726e-10,3.8374294404450827e-10,5.704679413406771e-10,4.861562069716125e-10,2.4117923389257726e-10,-1.8735893476309977
0.29807,2.389763544907386e-10,3.8232888455631413e-10,5.69474754139092e-10,4.850147672665585e-10,2.389763544907386e-10,-1.185297956645781
0.29817,3.720294376538627e-10,3.82831782492088e-10,5.705864351763479e-10,4.858387328714438e-10,2.396261349182297e-10,-0.09214499019545233
0.29826,4.888119513211226e-10,3.82504280381942e-10,5.700978910917944e-10,4.854453033041335e-10,2.386803221239513e-10,1.0297805979636228
0.29835,5.27131358435005e-10,3.8075171489893837e-10,5.690536128698141e-10,4.841408399682966e-10,2.357420949390138e-10,1.4623898496619145
0.29845,5.305494503971787e-10,3.854699853096916e-10,5.722809220833385e-10,4.878974377282261e-10,2.432038651272881e-10,1.5017731519356357
0.29854,5.136278163640457e-10,3.809802644036826e-10,5.693424614718088e-10,4.844011332214578e-10,2.359410881000283e-10,1.30248317032779
0.29863,4.953820932923253e-10,3.8556391105836126e-10,5.720087963704845e-10,4.877750565955824e-10,2.437405834661007e-10,1.1039433865532187
0.29873,4.741066803681086e-10,3.8434338320389845e-10,5.710746087286743e-10,4.867469121919496e-10,2.4191691189168246e-10,0.8748704519970252
0.29882,4.6410992622392786e-10,3.815612213375454e-10,5.690435556902633e-10,4.844554331283179e-10,2.3767428767469045e-10,0.7724605731523919
0.29892,4.66423131726635e-10,3.843715269420481e-10,5.709850712270018e-10,4.867035069405823e-10,2.420975991858903e-10,0.7956979982489008
0.29901,4.541671013280563e-10,3.829620367144243e-10,5.700375557888017e-10,4.855920085795387e-10,2.3984054816713345e-10,0.6692627468830203
0.2991,4.1893734904054006e-10,3.8264195813021166e-10,5.691640819280058e-10,4.849550422283771e-10,2.401008469089207e-10,0.3322734929561947
0.2992,3.41908524482427e-10,3.8209301670292666e-10,5.689503584590074e-10,4.846136884912686e-10,2.390360040644202e-10,-0.3292407841470166
0.29929,2.439067016979789e-10,3.8512500079569285e-10,5.709932655297109e-10,4.870076921198162e-10,2.439067016979789e-10,-1.2597205113752155
0.29938,2.371392788225585e-10,3.80626659311915e-10,5.675895392307069e-10,4.832375006034092e-10,2.371392788225585e-10,-1.8579689188487125
0.29948,2.3363733383132826e-10,3.7817355460928223e-10,5.656068308170072e-10,4.81105594973524e-10,2.3363733383132826e-10,-2.1981803984309534
0.29957,2.3220770365395316e-10,3.734818294453935e-10,5.572994075841687e-10,4.743856409678587e-10,2.3220770365395316e-10,-2.057274423826098
0.29967,2.389341193707124e-10,3.7780268171004855e-10,5.604199294259033e-10,4.779080634589807e-10,2.389341193707124e-10,-1.3638787667251295
0.29976,3.2098349154326327e-10,3.839607712468803e-10,5.702822935007752e-10,4.861254547704561e-10,2.419635275337824e-10,-0.4855989459614062
0.29985,4.2792097582662574e-10,3.831115845049455e-10,5.693670383251065e-10,4.852548467027547e-10,2.410131311153256e-10,0.41972527970486
0.29995,4.436695412662241e-10,3.829238710119938e-10,5.690330612793842e-10,4.849880421221385e-10,2.409448998801811e-10,0.5773275153541613
0.30004,4.6244917096265885e-10,3.7953942843013037e-10,5.666375678855776e-10,4.822463419880987e-10,2.3569390841046656e-10,0.7710914878517057
0.30014,4.525225468277841e-10,3.8101026367177453e-10,5.674767257926356e-10,4.833204999174476e-10,2.3820187865317844e-10,0.6708599920148294
0.30023,4.576420221216277e-10,3.827759933872264e-10,5.69089647744891e-10,4.849647497118888e-10,2.405078412742979e-10,0.7168800105971962
0.30032,4.94944507226672e-10,3.85001527775913e-10,5.713452644922497e-10,4.871652802573107e-10,2.4317190857365895e-10,1.10400018795637
0.30042,5.141902478336111e-10,3.817381813355752e-10,5.692290599753082e-10,4.847048875281882e-10,2.3773115222340784e-10,1.3195374505770128
0.30051,4.989033128876332e-10,3.8464900527075495e-10,5.714599911504974e-10,4.870943800565396e-10,2.4218082035749424e-10,1.1419854347750293
0.30061,4.612754216809849e-10,3.826955003100797e-10,5.703736859102346e-10,4.856867205277e-10,2.3878832264757815e-10,0.7340648097492288
0.3007,3.9277910190744094e-10,3.8377656212942865e-10,5.716236931826218e-10,4.868493654311829e-10,2.398746779879939e-10,0.07403195974995991
0.3008,3.270105317337233e-10,3.854313768204676e-10,5.734354047110929e-10,4.88564842146305e-10,2.416874912435523e-10,-0.4585886714374851
0.30089,2.7514102523214184e-10,3.861230692550949e-10,5.756163040284785e-10,4.901165285750693e-10,2.4076331388317407e-10,-0.8140940178419652
0.30098,3.0197325626522855e-10,3.8832419100054067e-10,5.77022820080917e-10,4.918086961198676e-10,2.4437242432825247e-10,-0.6436452064073367
0.30108,3.2349650707464235e-10,3.8606407065428786e-10,5.755373385280054e-10,4.900458491272132e-10,2.4072119724974796e-10,-0.4960897311021173
0.30117,3.376610461573443e-10,3.8775876194174354e-10,5.76888286803414e-10,4.915069655224252e-10,2.4317351994474724e-10,-0.39501036177199567
0.30127,2.9156439484033414e-10,3.8901023184555004e-10,5.777612792191391e-10,4.92512701897377e-10,2.4513849921490756e-10,-0.713103942672126
0.30136,2.4746469732141954e-10,3.870911715205689e-10,5.767137762300119e-10,4.911442401212881e-10,2.4161904677051416e-10,-0.9749357536339205
0.30146,2.390796209360636e-10,3.8527547580233665e-10,5.753365705938194e-10,4.896165411752427e-10,2.390796209360636e-10,-1.2687411647822222
0.30155,2.4830236768937055e-10,3.9236042165770654e-10,5.81858476377929e-10,4.962382439516074e-10,2.4830236768937055e-10,-1.0706741614880337
0.30165,3.052173344880272e-10,3.908522171310343e-10,5.818366954468188e-10,4.954401916634498e-10,2.450726648469837e-10,-0.6399694669842084
0.30174,3.8863545878398645e-10,3.903728631020246e-10,5.812577621623757e-10,4.951045777505283e-10,2.4422694655456104e-10,-0.016227588271026355
0.30183,4.683218623579494e-10,3.9116006707360836e-10,5.818500121486098e-10,4.957597004845942e-10,2.454288198741015e-10,0.7192614502080075
0.30193,5.364716163379924e-10,3.935812309983845e-10,5.836554444360694e-10,4.97768046140495e-10,2.4913043019312775e-10,1.4542302969381138
0.30202,5.393211477967659e-10,3.912161168644437e-10,5.820361335106531e-10,4.958927444590427e-10,2.4516571938353926e-10,1.4749653519692507
0.30212,5.067548153049879e-10,3.893013480675775e-10,5.813321314816812e-10,4.947731293710246e-10,2.4223663653874824e-10,1.1204931794567903
0.30221,4.692792503664482e-10,3.9230580111392357e-10,5.825640945380175e-10,4.966259350237777e-10,2.4735236958122233e-10,0.7299182362077958
0.30231,4.4783768935259683e-10,3.9153494384429333e-10,5.818049087831462e-10,4.958778842833487e-10,2.4640606359384717e-10,0.5211147225511554
0.3024,4.684690314966893e-10,3.91336249579039e-10,5.815166785702948e-10,4.956322999282064e-10,2.4625571670737603e-10,0.7274369072040971
0.3025,4.242769769159337e-10,3.8547467224469685e-10,5.739955880876386e-10,4.889057805701412e-10,2.4115457175111254e-10,0.34564860479879
0.30259,3.604246821939958e-10,3.8562789474075366e-10,5.74100246744863e-10,4.890296497057638e-10,2.4138661481014773e-10,-0.20849933852379898
0.30269,2.5908169974830726e-10,3.8462836936917187e-10,5.736748810606159e-10,4.883877303961271e-10,2.3948511476799933e-10,-0.9038785740029851
0.30278,2.431523944022455e-10,3.870591343315259e-10,5.754942491262383e-10,4.904134382072529e-10,2.431523944022455e-10,-1.3527212715307289
0.30288,2.435911361674964e-10,3.862184399821995e-10,5.73519800765831e-10,4.889196919702827e-10,2.435911361674964e-10,-1.015462936730135
0.30297,3.262809993367023e-10,3.8481261530919955e-10,5.720392035962491e-10,4.874988267580489e-10,2.4188264325683493e-10,-0.4563270577770746
0.30307,4.191013557859275e-10,3.828215147065404e-10,5.706084773822642e-10,4.858726083249493e-10,2.388213526150471e-10,0.3171464799488428
0.30316,4.6463695941485054e-10,3.9111218366194263e-10,5.777095295065006e-10,4.934585268892833e-10,2.468055811461092e-10,0.7156294864763558
0.30326,4.7935318146526e-10,3.859583101861526e-10,5.733748591891191e-10,4.887359814678326e-10,2.430325012109405e-10,0.9107065155497219
0.30335,4.1604397225348767e-10,3.852060370435708e-10,5.731077299196306e-10,4.882910878220501e-10,2.4148641103101657e-10,0.2628787528567566
0.30345,2.8545350128498875e-10,3.844513884553512e-10,5.73393884068427e-10,4.880425781450494e-10,2.410420939814273e-10,-0.7364006736407747
0.30354,2.407592397768315e-10,3.8416115396003836e-10,5.716740253627298e-10,4.87026804932436e-10,2.407592397768315e-10,-1.7655797747017365
0.30364,2.3685577455462067e-10,3.817697421620893e-10,5.701498980969628e-10,4.851888487752923e-10,2.3685577455462067e-10,-2.0953466856151484
0.30373,2.464799928619137e-10,3.885391594607408e-10,5.757048536893659e-10,4.911473237351026e-10,2.464799928619137e-10,-1.847216878778215
0.30383,2.936570985488654e-10,3.862036331764146e-10,5.735343528715419e-10,4.889217956141171e-10,2.434829871566886e-10,-0.6853082090085549
0.30392,4.41999639529542e-10,3.848437372989145e-10,5.726833610007226e-10,4.878864016592312e-10,2.412067640930162e-10,0.5277342531891682
0.30402,5.445242445879034e-10,3.8545772642559205e-10,5.734144262798392e-10,4.885580174794199e-10,2.418076931575372e-10,1.6457474139155457
0.30411,5.798511446878225e-10,3.874125552186839e-10,5.746422145217321e-10,4.900500755703633e-10,2.450381237983091e-10,2.0880782266639173
0.30421,5.313146019774234e-10,3.8652243988199874e-10,5.743617367981041e-10,4.894989489114761e-10,2.4338140185654596e-10,1.4865868213467655
0.3043,4.214104817451018e-10,3.853481021430444e-10,5.732141309238277e-10,4.883989450750472e-10,2.417712926871354e-10,0.3274044029517702
0.3044,2.4934861676650133e-10,3.831947483914007e-10,5.699272648854168e-10,4.856222039091964e-10,2.4051072824477627e-10,-0.9462038301654567
0.30449,2.369030720727709e-10,3.807549023569024e-10,5.680506933872205e-10,4.835583147869969e-10,2.369030720727709e-10,-1.5089156656545455
0.30459,2.3605153309029245e-10,3.80139759907968e-10,5.675333180036868e-10,4.830112000490482e-10,2.3605153309029245e-10,-1.302451973511566
0.30469,2.584358699326524e-10,3.841936297650224e-10,5.703125813856524e-10,4.862406461519321e-10,2.424556440123491e-10,-0.8929062326375644
0.30478,3.462150450136885e-10,3.8304226953629613e-10,5.693934647487383e-10,4.852473268639111e-10,2.4078978361712785e-10,-0.2940843568682565
0.30488,4.030247797087268e-10,3.813341586392309e-10,5.682073350451947e-10,4.838774906008831e-10,2.3810743522434624e-10,0.18580404961532293
0.30497,4.3619855103947844e-10,3.8193415580211683e-10,5.684860212422652e-10,4.842764147708367e-10,2.3922010862627184e-10,0.5015357263695622
0.30507,4.01525388984371e-10,3.8198116469345666e-10,5.68456984133358e-10,4.842783003819061e-10,2.3936504994124003e-10,0.1745291194316397
0.30516,3.8088874125348116e-10,3.816075543236525e-10,5.679381604708365e-10,4.838265626091073e-10,2.390859668706976e-10,-0.004682183589641067
0.30526,3.9415936895111115e-10,3.8203999073338186e-10,5.683537664521103e-10,4.842418374276962e-10,2.3962337500838863e-10,0.10986871160013055
0.30535,4.2878138091147206e-10,3.806790616430693e-10,5.67295928650733e-10,4.830839935451695e-10,2.376232097361415e-10,0.43361979798165456
0.30545,4.906232823355612e-10,3.7943026423915306e-10,5.667858122425198e-10,4.82290561785164e-10,2.352590091714844e-10,1.0705296338183745
0.30555,4.997652310963067e-10,3.80158365665134e-10,5.673404667211047e-10,4.829061397865978e-10,2.3632029936313815e-10,1.1712792133701346
0.30564,4.659770093913062e-10,3.838300485831525e-10,5.69895827313294e-10,4.858529672164989e-10,2.4208332797796015e-10,0.8020052375268135
0.30574,3.732582879139324e-10,3.8250846101984827e-10,5.690600265760257e-10,4.848422466254605e-10,2.3989858670521735e-10,-0.07517751181711939
0.30583,2.9996253478382683e-10,3.825753731778224e-10,5.689516778738551e-10,4.847396557656537e-10,2.403527837237176e-10,-0.629241426448071
0.30593,3.0376044905959835e-10,3.814771923493085e-10,5.692883004442563e-10,4.848141410744426e-10,2.388047421824542e-10,-0.6022968466277898
0.30603,3.249687909835571e-10,3.837006300311008e-10,5.826988346987116e-10,4.968528895120117e-10,2.409045623025936e-10,-0.4606837650354849
0.30612,4.1321376986816246e-10,3.821475156729542e-10,5.680711402790526e-10,4.841178772660934e-10,2.402213720566872e-10,0.28797849536708076
0.30622,4.640001788431992e-10,3.814277171733466e-10,5.677767415557052e-10,4.836632152236716e-10,2.3883353962598454e-10,0.7892860201478383
0.30631,4.775823220209708e-10,3.8375671841392723e-10,5.695833337255548e-10,4.856387677750425e-10,2.4229186380862436e-10,0.9299151486072773
0.30641,4.796634804860526e-10,3.813313152635284e-10,5.681007711508634e-10,4.838130972850294e-10,2.3823139437788297e-10,0.9501952866404431
0.30651,4.3644425240270946e-10,3.82214741859462e-10,5.685472420742334e-10,4.844236615628945e-10,2.398157328123761e-10,0.5056079431932067
0.3066,3.794781505980269e-10,3.8125728741039323e-10,5.678682136991646e-10,4.835965351887269e-10,2.384774266296697e-10,-0.017286728936805124
0.3067,3.486517107250646e-10,3.824485733600821e-10,5.685544159595147e-10,4.845211839914293e-10,2.4036206643655897e-10,-0.2711555549554905
0.30679,3.084197909904397e-10,3.812279289135152e-10,5.677299505595932e-10,4.835562950182615e-10,2.3841422217943784e-10,-0.5699402048234923
0.30689,2.678278817199539e-10,3.9057319481855627e-10,5.770063006027192e-10,4.931772883551505e-10,2.3554001852494783e-10,-0.8840351072589392
0.30699,2.3727872580384563e-10,3.8155138090303906e-10,5.69147257048585e-10,4.845418940050389e-10,2.3727872580384563e-10,-1.1448199303135962
0.30708,2.4443107056177357e-10,3.861091836088928e-10,5.724815964934358e-10,4.882747435099329e-10,2.4443107056177357e-10,-1.203263581741142
0.30718,2.513490724989457e-10,3.8449945931040226e-10,5.71402669670477e-10,4.869958486312148e-10,2.419256535126461e-10,-0.9375074559558642
0.30727,3.4591281049520564e-10,3.8276911490137003e-10,5.707717748611108e-10,4.859380366492178e-10,2.385586813765484e-10,-0.30933302338311497
0.30737,4.3763853415654274e-10,3.835779060608452e-10,5.711742639121334e-10,4.864983366637073e-10,2.399871854294052e-10,0.4943362010249145
0.30747,5.087920430045166e-10,3.8247177496204184e-10,5.701327552338299e-10,4.854525650065987e-10,2.3856680043269146e-10,1.2517969209996547
0.30756,5.424335128031081e-10,3.824985251332081e-10,5.700241983846963e-10,4.853977576410233e-10,2.3875511293980956e-10,1.6503256390510748
0.30766,5.437379831608628e-10,3.843461984318337e-10,5.720300992087247e-10,4.873133105265125e-10,2.407528258028857e-10,1.6486501919976988
0.30776,5.02846052381796e-10,3.841994854510806e-10,5.720777512510356e-10,4.872740890450106e-10,2.404065853291553e-10,1.1706483974854847
0.30785,4.19766456581189e-10,3.892235632603444e-10,5.762725050935738e-10,4.919623203435235e-10,2.417449382518419e-10,0.2749126594038349
0.30795,2.3807862497882014e-10,3.8218972607541086e-10,5.699442483529196e-10,4.852369260940303e-10,2.3807862497882014e-10,-1.1400972385425048
0.30805,2.3855763278296003e-10,3.8235801731748334e-10,5.698826711332584e-10,4.852670733297974e-10,2.3855763278296003e-10,-1.8416356911285978
0.30814,2.4162376045705714e-10,3.8453508900350497e-10,5.716855434076677e-10,4.871841689946751e-10,2.4162376045705714e-10,-2.2527963111663816
0.30824,2.3795189977632475e-10,3.8240011928068856e-10,5.783322114099605e-10,4.928506023236845e-10,2.3795189977632475e-10,-1.8412503259718342
0.30834,2.655086075082347e-10,3.8412514141948733e-10,5.712281018047248e-10,4.86751810370072e-10,2.4119766438568485e-10,-0.8561088950244088
0.30843,4.029889793401527e-10,3.835193471666549e-10,5.713291704290739e-10,4.865803639441798e-10,2.3956492195714546e-10,0.1653336275292503
0.30853,4.685879864631228e-10,3.823431243789444e-10,5.706463023368501e-10,4.857061722682137e-10,2.3763481917196414e-10,0.8019818623814656
0.30863,4.799455524362114e-10,3.816860690926364e-10,5.701171953229381e-10,4.851338589396189e-10,2.3670957258062494e-10,0.9237113991559162
0.30872,4.73146783200026e-10,3.8315868695675306e-10,5.715060232682631e-10,4.864510895903281e-10,2.387514107318032e-10,0.8477041440693636
0.30882,4.815799099477349e-10,3.8373914538571254e-10,5.725638491441686e-10,4.87381694502346e-10,2.38701317521279e-10,0.9237293484818413
0.30892,5.438315430542656e-10,3.844785470451417e-10,5.732224237981431e-10,4.880602017958536e-10,2.3968876430764704e-10,1.6276457797493658
0.30901,5.902887434983975e-10,3.8804571211606846e-10,5.761610926524113e-10,4.911950153367679e-10,2.447300937594562e-10,2.1826875577147598
0.30911,5.844913106921628e-10,3.8687819849598294e-10,5.749279900406583e-10,4.900053383331911e-10,2.4342848528811743e-10,2.133576595149728
0.30921,5.272496831557676e-10,3.8720638412527576e-10,5.7569836909544e-10,4.905898025385823e-10,2.4326965993884655e-10,1.418301926241171
0.3093,4.3076789027835435e-10,3.926076223102361e-10,5.871344454429051e-10,5.002037118046776e-10,2.467954732785781e-10,0.34525771426606766
0.3094,3.0834676808607313e-10,3.9330085075667653e-10,5.838826489010336e-10,4.977931617008917e-10,2.4816837334798614e-10,-0.6235838706764225
0.3095,2.490981395617012e-10,3.9329057683789877e-10,5.836067699077017e-10,4.976290907347552e-10,2.484633882594149e-10,-0.977284598970702
0.30959,2.807958456659582e-10,3.9017271533058444e-10,5.815054480566206e-10,4.951642974675267e-10,2.434924183063971e-10,-0.7965670094565612
0.30969,3.603077696837072e-10,3.9047719810729714e-10,5.814796432729062e-10,4.952733074725511e-10,2.4423037072849625e-10,-0.24627592209083807
0.30979,4.243826232665082e-10,3.9146403164642957e-10,5.821835682327611e-10,4.960752306714654e-10,2.457607166144112e-10,0.29484453947981715
0.30989,4.120391640620226e-10,3.908491271664205e-10,5.819932179451146e-10,4.957228697207295e-10,2.4450206144865217e-10,0.1810056442488571
0.30998,3.6172564187786736e-10,3.917859024253338e-10,5.831478112019784e-10,4.968361544146668e-10,2.4458032344542715e-10,-0.24634364458078803
0.31008,2.449546447926896e-10,3.922057398955484e-10,5.843571761372337e-10,4.97643386287604e-10,2.449546447926896e-10,-1.127064154734611
0.31018,2.441577971987704e-10,3.9206298797363355e-10,5.847429271370345e-10,4.978141008327208e-10,2.441577971987704e-10,-1.6385383516107177
0.31027,2.4853011069940824e-10,3.9479426151570584e-10,5.865703931719856e-10,4.999626271042043e-10,2.4853011069940824e-10,-1.2495756425783182
0.31037,3.5907625895826797e-10,3.947053110931638e-10,5.867236074069576e-10,5.000163398753831e-10,2.4814126473376244e-10,-0.2763011608222083
0.31047,4.912666415729441e-10,3.958275234710736e-10,5.877308269986284e-10,5.010494184456066e-10,2.4964287433758013e-10,0.9125310031491144
0.31057,5.545085724314638e-10,3.9288759750389253e-10,5.84657796890639e-10,4.980881103376301e-10,2.4623402964963374e-10,1.6356833170290876
0.31066,5.568703588352505e-10,3.9330164013317447e-10,5.850845078609699e-10,4.98499915435013e-10,2.4670139977198375e-10,1.6603509206768645
0.31076,4.848466040913502e-10,3.9276020504535367e-10,5.84523900222874e-10,4.979590669266509e-10,2.4608910594354923e-10,0.8639676477715419
0.31086,4.0965035955358637e-10,3.9256987849544755e-10,5.84187556156286e-10,4.976920766433929e-10,2.4599278341247517e-10,0.14789729996404782
0.31096,3.6171676972221817e-10,3.917777110116835e-10,5.836494382330181e-10,4.970603940863339e-10,2.4476260838657903e-10,-0.24670307866467106
0.31105,3.487873317048776e-10,3.943208253613023e-10,5.860005923385056e-10,4.994461655896247e-10,2.4804932002914225e-10,-0.35012461915726967
0.31115,3.158373919505027e-10,3.9116198763605326e-10,5.835279601817697e-10,4.967455277329128e-10,2.434420240459387e-10,-0.5807383031117498
0.31125,3.1599575586358127e-10,3.9128986134784857e-10,5.834136946946789e-10,4.967283170780534e-10,2.438852895813238e-10,-0.5783550409317604
0.31135,3.4335479763802514e-10,3.9272686746843644e-10,5.844842495661951e-10,4.979239015404508e-10,2.460492039918003e-10,-0.3865846423327174
0.31144,3.999155267665326e-10,3.936998829311364e-10,5.859158139644029e-10,4.99147087989456e-10,2.466828245621732e-10,0.053876106596723115
0.31154,4.4882356761965444e-10,3.9266221570808843e-10,5.848386565782393e-10,4.98108444258277e-10,2.454608613996686e-10,0.49959963759049725
0.31164,4.627587125453326e-10,3.931129502730034e-10,5.849105503260853e-10,4.98326160391197e-10,2.4646881924252357e-10,0.6383510335757088
0.31174,4.607802493049068e-10,3.9488231121919183e-10,5.862067468435791e-10,4.997837870427416e-10,2.4917791753057315e-10,0.6167040609798967
0.31183,4.3909598512228823e-10,3.9226057603028584e-10,5.84576606210501e-10,4.977951579808799e-10,2.448168322162991e-10,0.40756411953021543
0.31193,3.9086970705833245e-10,3.925972240325943e-10,5.846647599483466e-10,4.979779289842882e-10,2.4552929107152213e-10,-0.016726622117341862
0.31203,3.0527652465697645e-10,3.908984464261534e-10,5.835396767366344e-10,4.966463456343877e-10,2.4281267103264195e-10,-0.6517799118911227
0.31213,2.4239922650280677e-10,3.9054492128156067e-10,5.83170853400326e-10,4.962916933956014e-10,2.4239922650280677e-10,-1.1874220711908658
0.31222,2.49766963112831e-10,3.9506927437642373e-10,5.860908325280763e-10,4.997898065843806e-10,2.49766963112831e-10,-1.149144377161264
0.31232,2.824149972196665e-10,3.9133959171956374e-10,5.836603913082156e-10,4.968923468477979e-10,2.437144705773831e-10,-0.794109019831732
0.31242,3.66530219455159e-10,3.937340435527811e-10,5.851504570061303e-10,4.987116762395554e-10,2.476754363156722e-10,-0.21069247819097425
0.31252,4.395485083625085e-10,3.9276706399697654e-10,5.845999675321054e-10,4.980070208472963e-10,2.460121297698724e-10,0.4161184099203176
0.31262,4.861072549764513e-10,3.9431536612415264e-10,5.858177478281688e-10,4.993326048810825e-10,2.482755136271894e-10,0.8728516801273146
0.31271,4.818459087428248e-10,3.9385044898110666e-10,5.856564854501547e-10,4.990552546923103e-10,2.473410001280628e-10,0.8266890902639898
0.31281,4.660460643909358e-10,3.927851509875162e-10,5.849616101068509e-10,4.98225292792014e-10,2.4562971108842137e-10,0.6671170689372964
0.31291,4.051190037678934e-10,3.9333745512157207e-10,5.851473364217433e-10,4.985531698434992e-10,2.4672802411142457e-10,0.10401935200171816
0.31301,3.846043684195627e-10,3.9222147091211226e-10,5.843988106810349e-10,4.976738031287548e-10,2.449449314234272e-10,-0.06834795378941842
0.31311,3.846233406126595e-10,3.936065134107597e-10,5.854332016381161e-10,4.988273334925666e-10,2.4703174440575814e-10,-0.06926761244562828
0.3132,4.1401796050193236e-10,3.9293464991522695e-10,5.849963459004306e-10,4.983060585070933e-10,2.4594057868489137e-10,0.18039704742130364
0.3133,4.109505397345286e-10,3.9392643796481626e-10,5.856846453293718e-10,4.991004757854666e-10,2.475022175078391e-10,0.15303083849479052
0.3134,4.0147545875291783e-10,3.9267234525178003e-10,5.848775744214569e-10,4.981329207384501e-10,2.454536440768393e-10,0.07077320585825053
0.3135,3.53697907580064e-10,3.9562916983620266e-10,5.887330732184343e-10,5.015619543179392e-10,2.479530803463764e-10,-0.32856376818938543
0.3136,2.445918362069995e-10,3.935117982477391e-10,5.872954370491955e-10,4.998839841464693e-10,2.445918362069995e-10,-1.2160701012426038
0.31369,2.435617108265342e-10,3.927460691024301e-10,5.86629912221268e-10,4.991903877660247e-10,2.435617108265342e-10,-1.369028705235952
0.31379,2.437187785823503e-10,3.915107321007556e-10,5.840016224053541e-10,4.971602713405628e-10,2.437187785823503e-10,-1.1332085086693195
0.31389,3.696319962459275e-10,3.9197071977754543e-10,5.841869017768082e-10,4.97451311413583e-10,2.4459332233296147e-10,-0.18842415576982824
0.31399,4.4749162729398817e-10,3.9478256723174447e-10,5.862643318919798e-10,4.997787220207267e-10,2.488673744165101e-10,0.4868245007917706
0.31409,5.563691475177699e-10,3.955092048670031e-10,5.869544567684745e-10,5.004868177177895e-10,2.4960685892768266e-10,1.6397645520217166
0.31419,5.675397328132215e-10,3.909924012833736e-10,5.837896563427628e-10,4.968313132755613e-10,2.4273406093323607e-10,1.7827379864237407
0.31428,5.215959996065551e-10,3.9165649538880593e-10,5.840359562779147e-10,4.972387049453063e-10,2.4402115027898326e-10,1.2538480235054914
0.31438,4.524055906447945e-10,3.9301253432627777e-10,5.849317279820277e-10,4.982993120570963e-10,2.4620103042549605e-10,0.5361048622523151
0.31448,3.936061344103654e-10,3.918830649865317e-10,5.83303725051055e-10,4.968984862102401e-10,2.454298268513017e-10,0.014994620550241242
0.31458,3.4377807814626494e-10,3.898970089263956e-10,5.807805042326867e-10,4.946345272611604e-10,2.436706122196969e-10,-0.3691811230367858
0.31468,3.961448388552568e-10,3.9101502170553135e-10,5.818141283965702e-10,4.956811623529448e-10,2.451255351191117e-10,0.04602043996259642
0.31478,4.578293005766203e-10,3.9143489187637043e-10,5.82305935699868e-10,4.961345610524657e-10,2.4555203897437047e-10,0.6107963623145919
0.31488,4.76654926881519e-10,3.921880651871566e-10,5.840848415805808e-10,4.974762370223009e-10,2.452441664372533e-10,0.7807976941893648
0.31497,4.712370452511944e-10,3.9464563798453173e-10,5.856670210259146e-10,4.993734884736252e-10,2.4925680018767683e-10,0.7265171818863249
0.31507,3.9980575154905677e-10,3.9233592648187665e-10,5.841105188246851e-10,4.975500529819493e-10,2.455590316365066e-10,0.06236804136089454
0.31517,2.755027206856033e-10,3.9109979891934086e-10,5.831860726031507e-10,4.965199951599435e-10,2.437034845475394e-10,-0.8336695713008094
0.31527,2.4793461261076146e-10,3.936514091496292e-10,5.847643934626546e-10,4.984530353250535e-10,2.4793461261076146e-10,-1.2566543728989596
0.31537,2.496161211979241e-10,3.9471654171504325e-10,5.85506117761428e-10,4.993077556349913e-10,2.496161211979241e-10,-1.1510480418717457
0.31547,3.048806366274192e-10,3.9058935149601713e-10,5.828193855437449e-10,4.96102614545471e-10,2.4292058553955507e-10,-0.6512408108011658
0.31557,3.83196776383188e-10,3.922126243325165e-10,5.842006698917367e-10,4.975554137522104e-10,2.4514978659024863e-10,-0.07820468250060321
0.31567,4.167505332574996e-10,3.93545531422817e-10,5.849475224426069e-10,4.985186218530325e-10,2.4746381042404887e-10,0.2096786409049445
0.31577,4.061457748626444e-10,3.926895338067699e-10,5.843099908658434e-10,4.978064778817774e-10,2.4616955901737834e-10,0.11734053517695966
0.31586,3.8683547011147103e-10,3.9201998302209415e-10,5.837523042806596e-10,4.972157411357426e-10,2.45224934900894e-10,-0.04513127800629277
0.31596,3.777461302290387e-10,3.9171604432345304e-10,5.835142348696159e-10,4.969564301997085e-10,2.4477852311988066e-10,-0.11909070402552062
0.31606,3.81571177736223e-10,3.937049876384397e-10,5.856501614652651e-10,4.98993458748904e-10,2.470098144246082e-10,-0.0957076933256515
0.31616,4.0471469273576623e-10,3.973371650788434e-10,5.90949331075763e-10,5.035361620923319e-10,2.4941186369327224e-10,0.06696735286708665
0.31626,4.238983940689157e-10,3.9875776257726874e-10,5.926111161439174e-10,5.050704196222566e-10,2.508494247103367e-10,0.22499468322761318
0.31636,4.3894321871735147e-10,3.9854088711465773e-10,5.925595268402805e-10,5.049557745376636e-10,2.503829038035237e-10,0.3590157719138215
0.31646,4.1940828759802393e-10,3.9861018450577636e-10,5.928236206566215e-10,5.051402103102622e-10,2.5022179860555717e-10,0.1820175570582644
0.31656,3.980693880716953e-10,3.979429201592826e-10,5.923253525094578e-10,5.045837686456634e-10,2.492199529791e-10,0.0014296825569300748
0.31666,3.507116952608483e-10,3.991748539372061e-10,5.930706080156819e-10,5.055076253214177e-10,2.5128450037922025e-10,-0.3661882475523683
0.31676,3.4358871460561245e-10,3.9959312203450883e-10,5.955403686429421e-10,5.073236016906004e-10,2.4974843886884883e-10,-0.4303965070507909
0.31686,3.3578536890658597e-10,4.0001349124470937e-10,5.949960635764953e-10,5.06967959314111e-10,2.5100482649850804e-10,-0.48254997219045515
0.31695,3.5035888358391287e-10,3.988649178314476e-10,5.943911156517961e-10,5.061598897139604e-10,2.4897159333659013e-10,-0.38076328891507855
0.31705,3.8145890408932556e-10,3.990152917990505e-10,5.945813200611865e-10,5.063303794901808e-10,2.491107727294779e-10,-0.14707910726973103
0.31715,3.760048566093189e-10,4.0022815225985464e-10,5.954662785047778e-10,5.073278743571459e-10,2.5096473168405123e-10,-0.19030607448365852
0.31725,3.8574130844825125e-10,3.994316931851659e-10,5.945066093452143e-10,5.064502727765621e-10,2.5019876763578425e-10,-0.11001842788641107
0.31735,3.623602783668492e-10,3.9769522777597746e-10,5.930473173326766e-10,5.049085026576636e-10,2.4777984632767335e-10,-0.28784072140116984
0.31745,3.6507599789145413e-10,4.0017122222134755e-10,5.94794677081264e-10,5.069070683478277e-10,2.5165123203816135e-10,-0.26802445325915586
0.31755,4.259629984538271e-10,3.9848930061483086e-10,5.936820358925444e-10,5.055955233139953e-10,2.489164929321214e-10,0.2288096708786328
0.31765,4.872986485591738e-10,4.0050302031073115e-10,5.951221756168399e-10,5.072330107592288e-10,2.5204288805594926e-10,0.8060798099190074
0.31775,5.099242357173294e-10,3.9883965746261755e-10,5.940962334681026e-10,5.059748941326131e-10,2.4927931991097273e-10,1.0377482885498532
0.31785,5.16761211858873e-10,4.0224027366643517e-10,5.966674271838427e-10,5.088257610252764e-10,2.5436378292042787e-10,1.1046131586133623
0.31795,4.702319707809573e-10,4.018834059528636e-10,5.992749117633823e-10,5.102152955364113e-10,2.5040959864442804e-10,0.5928323798867303
0.31805,3.4670684507318014e-10,4.0227738538668436e-10,5.997435583979602e-10,5.106470353010673e-10,2.5079007472902695e-10,-0.42979145891747395
0.31815,2.4914791921392737e-10,4.010933349308703e-10,5.987448846665245e-10,5.095935444125934e-10,2.4914791921392737e-10,-1.217674520704479
0.31825,2.54047261014156e-10,4.015425344818283e-10,6.03673503531714e-10,5.153602252254556e-10,2.54047261014156e-10,-1.3501779695315053
0.31835,2.789447253664983e-10,3.982785591033458e-10,5.930237777955453e-10,5.048974861904066e-10,2.4951586778110847e-10,-0.8374183122782266
0.31845,4.006306223077512e-10,3.9826440509095715e-10,5.926938085115991e-10,5.049267250022532e-10,2.4955256912335926e-10,0.021134185438764257
0.31855,4.776897261741583e-10,3.979678529151469e-10,5.926108185544906e-10,5.047609713053813e-10,2.4894091125949104e-10,0.7220312671891514
0.31865,4.987318304951051e-10,4.001657600954182e-10,5.939443784967337e-10,5.064093021691087e-10,2.5263649527728347e-10,0.9372094360680717
0.31875,4.971497358135712e-10,3.981922414747918e-10,5.925092427107824e-10,5.047887172133464e-10,2.496116852839475e-10,0.9231954121223797
0.31885,4.986010609158475e-10,4.0000276842811245e-10,5.937560819590932e-10,5.062330221843763e-10,2.524704292530545e-10,0.9371491041857953
0.31895,4.86864519714756e-10,3.999746896992744e-10,5.937489612015177e-10,5.062044458886664e-10,2.524797890067581e-10,0.8179109476858168
0.31905,4.912607779544135e-10,4.0065134041615227e-10,5.945461920282933e-10,5.069592815035188e-10,2.5305383244821573e-10,0.8555672023641666
0.31915,4.61581734223301e-10,3.997539930398416e-10,5.936440106023223e-10,5.060644312689988e-10,2.520565315636547e-10,0.5679182923846058
0.31925,4.261875730927424e-10,3.9872934944822367e-10,5.927733302904355e-10,5.051559313478262e-10,2.5057836129266964e-10,0.24313815945076706
0.31935,3.824280807262965e-10,3.9803556213998074e-10,5.924035049000846e-10,5.046652674322228e-10,2.4935441432181994e-10,-0.12543153881702684
0.31945,3.154860553758435e-10,3.989226560385843e-10,5.929685447418762e-10,5.053462953483172e-10,2.508335817629001e-10,-0.610470166697588
0.31955,2.469768714280878e-10,3.965440682391912e-10,5.913916349128623e-10,5.034849862791574e-10,2.469768714280878e-10,-1.196616561164206
0.31965,2.5183161772879476e-10,3.99527518255096e-10,5.933330265492339e-10,5.057987289102008e-10,2.5183161772879476e-10,-1.577259321418314
0.31975,2.540574909524362e-10,4.0087259268198294e-10,5.94183475375075e-10,5.068279669081089e-10,2.540574909524362e-10,-1.7912103933734522
0.31985,2.4486701614396917e-10,3.9528101923120314e-10,5.906488097479842e-10,5.025476380571473e-10,2.4486701614396917e-10,-1.3521889987211162
0.31995,3.430218454647602e-10,3.991058065713886e-10,5.933643014993704e-10,5.056506101319631e-10,2.5078150402199083e-10,-0.4241796156546277
0.32005,4.785340638642152e-10,3.9898093656207483e-10,5.93333126400266e-10,5.055833649381498e-10,2.5051688467016107e-10,0.7298744463565731
0.32015,5.531044991251825e-10,3.97486594578583e-10,5.922916395060797e-10,5.043837239393586e-10,2.481742512906219e-10,1.5284701985550078
0.32025,5.767639335307851e-10,3.9734406204017464e-10,5.923362529423581e-10,5.043514131071887e-10,2.477791730731475e-10,1.802693540140065
0.32035,5.714560516348686e-10,3.9665568001700083e-10,5.919252739964151e-10,5.038426223870153e-10,2.466088640910626e-10,1.7376951186998442
0.32045,5.083750447561605e-10,3.968570736062212e-10,5.918456256925128e-10,5.038748580512754e-10,2.4718572085079906e-10,1.035859022004987
0.32055,4.16091939712971e-10,3.972649927637998e-10,5.920781425900712e-10,5.041650324547282e-10,2.4792293926865413e-10,0.1518569221415725
0.32065,3.014173093780812e-10,3.964486948264303e-10,5.913653333862438e-10,5.034295691526584e-10,2.4679468805711093e-10,-0.7010749458302029
0.32075,2.5218882818839877e-10,3.9991264202824396e-10,5.938053503993552e-10,5.062287036834941e-10,2.5218882818839877e-10,-1.7413503780256443
0.32085,2.4851258096896885e-10,3.976678720416958e-10,5.923602041721102e-10,5.044970939637967e-10,2.4851258096896885e-10,-1.9957146584355654
0.32095,2.521231364013492e-10,3.9963782796846207e-10,5.933091153387626e-10,5.058286707915471e-10,2.521231364013492e-10,-1.8601542993422235
0.32105,2.459789611771936e-10,3.9575021222617103e-10,5.906477013477843e-10,5.027326828604549e-10,2.459789611771936e-10,-1.202539215358857
0.32115,2.89896328453233e-10,4.013691322371143e-10,5.958071241792322e-10,5.079770381764049e-10,2.533050803256474e-10,-0.7778902837583632
0.32125,3.5206083958817923e-10,4.035886016904278e-10,6.002079518292742e-10,5.114362307196935e-10,2.5337828136608387e-10,-0.38883503711859396
0.32135,4.08758272319498e-10,4.026791457980636e-10,5.998581801756419e-10,5.10872222768372e-10,2.516155261252202e-10,0.045351877678511315
0.32145,4.693610074094722e-10,4.048621454776344e-10,6.01413424328366e-10,5.12645427006717e-10,2.550031408740092e-10,0.5825887623017599
0.32155,5.264388771085172e-10,4.037747171964066e-10,6.006739422576578e-10,5.117827026802464e-10,2.532724585181403e-10,1.1576795376224034
0.32165,5.743466891090917e-10,4.008089680012304e-10,5.985544646263463e-10,5.093680189962629e-10,2.4870479018084165e-10,1.6934098332055463
0.32176,5.768396074895237e-10,4.043731361172009e-10,6.008144931213034e-10,5.121003455274906e-10,2.5454703355016015e-10,1.7253701446630982
0.32186,5.48292151417618e-10,4.0349353518964e-10,6.003027411815557e-10,5.114547970647688e-10,2.5302507564538894e-10,1.3982567762200566
0.32196,4.999903433107925e-10,4.0173318172977623e-10,5.992429149633685e-10,5.10139992017442e-10,2.500706920479475e-10,0.8835334257576868
0.32206,4.4706168841934345e-10,4.0437887912430905e-10,6.011353000713865e-10,5.122929879011953e-10,2.541653930109565e-10,0.3753656852481524
0.32216,3.8264225925361934e-10,4.042627005808126e-10,6.012616083987203e-10,5.123203051149525e-10,2.537416696139517e-10,-0.16651198727328326
0.32226,3.50626453156962e-10,4.0233796594878067e-10,6.000814994628951e-10,5.108693196476625e-10,2.5053289134187324e-10,-0.4043696892102272
0.32236,3.4958279820476005e-10,4.0475868264142134e-10,6.014619641103273e-10,5.126329953816994e-10,2.5469674179528526e-10,-0.4098818964461005
0.32246,3.0524994274271046e-10,4.0371597699729246e-10,6.005108042524262e-10,5.116637480660105e-10,2.5332633835730685e-10,-0.7018796723767565
0.32256,2.643514101867275e-10,4.031243819363544e-10,6.000049213796236e-10,5.111337265395519e-10,2.52512113208547e-10,-0.9371691330633787
0.32266,2.4954909051131907e-10,4.012709470814844e-10,5.98758683344084e-10,5.096724811124515e-10,2.4954909051131907e-10,-1.1697560643293186
0.32276,2.5667734723291683e-10,4.069159295017236e-10,6.005833505842496e-10,5.130672670644949e-10,2.5667734723291683e-10,-1.4127879241799066
0.32287,2.770902700429063e-10,4.0179907381222537e-10,5.967196248823965e-10,5.086829432319958e-10,2.5324168981494416e-10,-0.8558650901624706
0.32297,3.9802897038288974e-10,3.99725547952962e-10,5.952113318979153e-10,5.069807331054244e-10,2.5005919356421344e-10,-0.01570037760204727
0.32307,4.914511933165013e-10,4.0088480213219223e-10,5.959240962055399e-10,5.078556238867929e-10,2.519954720655003e-10,0.839696992940434
0.32317,5.501999111889671e-10,3.9986442418534333e-10,5.937577647701717e-10,5.061800079830965e-10,2.5214252234663377e-10,1.4977295775477915
0.32327,5.549112507070315e-10,3.9999687758581535e-10,5.9522495940674e-10,5.070927390937934e-10,2.507127015187914e-10,1.525166860344263
0.32337,5.134590991573758e-10,3.979891245749622e-10,5.948040672913385e-10,5.057268289096738e-10,2.473324599212981e-10,1.065013296379862
0.32347,4.2056016695736803e-10,3.998219872856315e-10,5.954191057486911e-10,5.071375800923072e-10,2.5006225292732493e-10,0.17244865403640902
0.32357,3.2523289137278287e-10,3.987867551060251e-10,5.947430061101937e-10,5.063334420112826e-10,2.483827539856855e-10,-0.5581387631569162
0.32368,3.063311945706083e-10,4.0019741310563727e-10,5.957226666729712e-10,5.074659016231486e-10,2.505877341847948e-10,-0.6810575692246358
0.32378,3.698588149750642e-10,3.993072706100363e-10,5.949994985690295e-10,5.066907991203855e-10,2.4931274098015805e-10,-0.23878446684241666
0.32388,4.0500658713899546e-10,3.9999043672780044e-10,5.95416652682456e-10,5.072065304312878e-10,2.5044274014047364e-10,0.041437922125679066
0.32398,4.5163297884106145e-10,3.9947073862322607e-10,5.950529702346332e-10,5.067861014916878e-10,2.496446745305581e-10,0.45241490302535564
0.32408,4.6037635904849904e-10,3.9836159283796415e-10,5.942354190222209e-10,5.058688601978317e-10,2.4796375812354423e-10,0.5351760199883221
0.32418,4.4056033254965246e-10,4.033276291273549e-10,6.005401943069361e-10,5.115271473637633e-10,2.5236469824440903e-10,0.31598606070942575
0.32428,4.162327816344686e-10,4.031133935132491e-10,6.003595064284069e-10,5.113370909088812e-10,2.520633378207273e-10,0.10572564899235994
0.32439,3.7800374071056707e-10,4.044365503632899e-10,6.013340881839994e-10,5.124309396791655e-10,2.540753767278898e-10,-0.20169109582434971
0.32449,3.3734557805231865e-10,4.0498642611889435e-10,6.017338437953468e-10,5.128825038662966e-10,2.5491904579171614e-10,-0.4956694793517172
0.32459,2.6378969648867003e-10,4.0275625782530174e-10,6.00258813067353e-10,5.111374541666983e-10,2.513270536480794e-10,-0.9423155988195133
0.32469,2.5549162317838995e-10,4.05279970866838e-10,6.018413485738756e-10,5.130616986503228e-10,2.5549162317838995e-10,-1.328059887689516
0.32479,2.53403614687929e-10,4.03878759885426e-10,6.007721797515711e-10,5.118813867447675e-10,2.53403614687929e-10,-1.1492821169092668
0.32489,3.058971163539443e-10,4.04205527339878e-10,6.010599560772515e-10,5.121792704755495e-10,2.5384347103158607e-10,-0.6991564132906997
0.325,4.5810789040937685e-10,4.032416893741028e-10,6.00590161893948e-10,5.115222733982682e-10,2.521011184639611e-10,0.4739237600895125
0.3251,5.205321465486557e-10,4.0165168235331384e-10,5.996370280204577e-10,5.103403924815653e-10,2.494317189016051e-10,1.0877544547096738
0.3252,5.399831604140044e-10,4.043740459651306e-10,6.015132371892842e-10,5.12512255070452e-10,2.537065908444891e-10,1.2958300781727659
0.3253,4.946674851673713e-10,4.0482128161716665e-10,6.0179586416534e-10,5.128533396966559e-10,2.544492721892671e-10,0.8232664376594447
0.3254,4.3814819549849673e-10,4.0358420053217674e-10,6.008095353027553e-10,5.117850797398452e-10,2.526669222254103e-10,0.2935353159374465
0.3255,3.879555807393445e-10,4.0334923382460237e-10,6.003182693983059e-10,5.114051200153065e-10,2.526819227728422e-10,-0.12212031091679351
0.32561,3.5376714678798895e-10,4.0186200873497114e-10,5.994542582682808e-10,5.103094561963112e-10,2.501459984248762e-10,-0.37964781564943234
0.32571,3.5591757490813425e-10,4.0375635660508055e-10,6.008763149865075e-10,5.11894090095598e-10,2.5297133260958106e-10,-0.36528902887109743
0.32581,3.3365920074536957e-10,4.019209289134001e-10,5.996819444284392e-10,5.104689984234055e-10,2.500187022374952e-10,-0.5206522606459595
0.32591,3.2147346339156214e-10,4.036744010080834e-10,6.010041120424404e-10,5.119359739743489e-10,2.526310084943917e-10,-0.6023337238520459
0.32601,3.1206978720449807e-10,4.046068718833739e-10,6.014211058665795e-10,5.125459240603242e-10,2.543806575636912e-10,-0.6611134331354324
0.32612,3.0247038503881984e-10,4.0161847680535336e-10,5.993435941719839e-10,5.101651888631037e-10,2.496066419320441e-10,-0.7206737626941184
0.32622,2.534580009285154e-10,4.0365239869730705e-10,6.002719792292069e-10,5.114998825244447e-10,2.534580009285154e-10,-1.3404918962622265
0.32632,2.8578699178694105e-10,4.0310030452267744e-10,6.000944475175166e-10,5.111833335585161e-10,2.5205799632786163e-10,-0.8191672598486479
0.32642,3.928516750699993e-10,4.030964026263747e-10,6.000119634080678e-10,5.111270128227806e-10,2.524319888733768e-10,-0.08223044672900899
0.32653,4.730827818441798e-10,4.129804845360194e-10,6.065981252751924e-10,5.188867535785697e-10,2.68547760702767e-10,0.5470158880068786
0.32663,4.843338252039657e-10,4.014857573956078e-10,5.987662802052904e-10,5.097603864650354e-10,2.500512140348379e-10,0.7323888238752306
0.32673,4.6058389769198037e-10,4.0239975211726323e-10,5.992608511691605e-10,5.104117290552565e-10,2.516557951732668e-10,0.5067267955227389
0.32683,4.445897282236408e-10,4.016443091485913e-10,5.987389412602485e-10,5.098066222903053e-10,2.504724224945409e-10,0.35999435879932534
0.32693,4.3745480916623275e-10,4.028313242081262e-10,5.995147427018406e-10,5.107300603283738e-10,2.523916440414924e-10,0.2965441231845119
0.32704,4.390321653359027e-10,4.016578295026304e-10,5.988157341733565e-10,5.098568559427412e-10,2.5041507483120607e-10,0.30938223701388234
0.32714,4.784235486426373e-10,4.0319960715063414e-10,5.997542409484679e-10,5.110164724122784e-10,2.529816319021331e-10,0.6773438124058623
0.32724,4.821173212326564e-10,4.032716812449172e-10,5.997309603529219e-10,5.110307277403179e-10,2.531897470004329e-10,0.7143003973676592
0.32734,5.142572168125139e-10,4.0436472550996387e-10,6.023431308742227e-10,5.135436443198067e-10,2.556119276885222e-10,1.0469166436126922
0.32745,4.4811341586826546e-10,3.989789156185778e-10,5.926889548627795e-10,5.052047256274799e-10,2.512837163569039e-10,0.44555727733465683
0.32755,3.708622017468424e-10,3.954006757101694e-10,5.881438741981614e-10,5.01127238060895e-10,2.4809860064645423e-10,-0.19382233795741455
0.32765,2.512147777178469e-10,3.946345952747725e-10,5.882661094340884e-10,4.98844286001651e-10,2.4701749295387177e-10,-0.978791409259884
0.32775,2.434675933025237e-10,3.924144016714827e-10,5.860403444448715e-10,4.987137173074576e-10,2.434675933025237e-10,-1.1302405487068685
0.32786,3.40172670379081e-10,3.9326119858910053e-10,5.8670809521832e-10,4.994389082024772e-10,2.4469704223936035e-10,-0.42386416387339887
0.32796,4.310175810194969e-10,3.9583142983915e-10,5.885426588560694e-10,5.015295884916009e-10,2.486675287930894e-10,0.3137062259269412
0.32806,4.627183656265705e-10,3.930654545032617e-10,5.866169360821571e-10,4.993083471174719e-10,2.443373497201276e-10,0.6131742646957482
0.32817,3.4611486101258265e-10,3.9841237638489655e-10,5.920487419229494e-10,5.046047551282298e-10,2.5068682535738267e-10,-0.39549124369681454
0.32827,3.023898895709751e-10,3.9718863780845336e-10,5.912868637668308e-10,5.036731595692357e-10,2.4866823942226547e-10,-0.6915929914703106
0.32837,3.1561708749096305e-10,3.949690365136104e-10,5.891198955890869e-10,5.015272576297245e-10,2.459281630588635e-10,-0.6019881679730009
0.32847,4.438356327320377e-10,4.0080942293330217e-10,5.938479928030733e-10,5.066742856024326e-10,2.5271897675297864e-10,0.37968960614837616
0.32858,5.042108255826754e-10,3.968433851510781e-10,5.908700859404297e-10,5.032952689811357e-10,2.483198726659722e-10,1.0082536999469272
0.32868,4.128973597250068e-10,3.978732937353172e-10,5.915737281532777e-10,5.041141453865302e-10,2.499535370670099e-10,0.1339939027225231
0.32878,2.587358324675672e-10,3.943919746286297e-10,5.890712709929456e-10,5.012755284626993e-10,2.4458943889447354e-10,-0.9455008835727072
0.32889,2.481372314097268e-10,3.963000813984774e-10,5.899123421165591e-10,5.025219345974104e-10,2.481372314097268e-10,-1.1950158423331194
0.32899,3.126422419295098e-10,3.966774581482782e-10,5.898255473055867e-10,5.026180083801988e-10,2.491574825792869e-10,-0.6189108940936642
0.32909,4.6411119508833313e-10,3.9470415128555714e-10,5.887368656765725e-10,5.011981885455554e-10,2.4574395980378364e-10,0.6126778629224774
0.32919,5.865077684938372e-10,3.9730656299189643e-10,5.907825818493496e-10,5.034243121209249e-10,2.4954839458283857e-10,1.9542744988011134
0.3293,6.547621565568887e-10,3.999755750405203e-10,5.929109072515857e-10,5.057269516566743e-10,2.534192466570984e-10,2.830346328989103
0.3294,5.866862729649969e-10,3.975700257544224e-10,5.911830217416321e-10,5.037616916165203e-10,2.497128783002072e-10,1.9517896803095651
0.3295,4.481355765369914e-10,3.955123492351115e-10,5.900178421193612e-10,5.019926054412632e-10,2.467824815491309e-10,0.45750128867953016
0.32961,2.477564714721968e-10,3.955943531036723e-10,5.888259310660445e-10,5.016031235981764e-10,2.477564714721968e-10,-1.0608518573043475
0.32971,2.51706015651048e-10,3.9793671374927347e-10,5.902334716382251e-10,5.033528921827317e-10,2.51706015651048e-10,-1.9373003745361386
0.32981,2.4703593056521827e-10,3.9510303002333116e-10,5.88441056483775e-10,5.011840083755239e-10,2.4703593056521827e-10,-2.0218964988299617
0.32992,2.467117349134682e-10,3.951008727336138e-10,5.88708644763081e-10,5.013401737526617e-10,2.467117349134682e-10,-1.7253157524708207
0.33002,2.4529009038001176e-10,3.944027826555146e-10,5.885003669895559e-10,5.009429758498822e-10,2.4529009038001176e-10,-1.2581669149676904
0.33012,2.438059095026986e-10,3.935391874966142e-10,5.880102889972756e-10,5.003158784222374e-10,2.438059095026986e-10,-1.2655041041293835
0.33023,3.088753833747306e-10,3.9789792881200225e-10,5.906897806436784e-10,5.036063531305226e-10,2.510614154215918e-10,-0.643666782229087
0.33033,3.6795683430337155e-10,3.9506243454564884e-10,5.88529990802233e-10,5.01220242882164e-10,2.4683110782120694e-10,-0.2218805593620122
0.33043,4.538117794254132e-10,3.946304154980431e-10,5.879723521878413e-10,5.007215699870679e-10,2.464653227706652e-10,0.5231910416113585
0.33054,5.302803550190617e-10,3.9733674219114587e-10,5.902911970752154e-10,5.031474028345155e-10,2.502098183719135e-10,1.3064911700488977
0.33064,6.069059422066105e-10,3.9798630559197643e-10,5.909726237432441e-10,5.038033167910623e-10,2.5095925592471376e-10,2.2152858027744675
0.33074,6.381942533520303e-10,3.986995614869493e-10,5.913271202563001e-10,5.042921943064327e-10,2.5225645412127155e-10,2.6267307810992393
0.33085,5.953908870125935e-10,3.957638018767182e-10,5.897112921632408e-10,5.021864673509837e-10,2.47129898354788e-10,2.0650971452085924
0.33095,4.981897100783127e-10,3.9441778355451586e-10,5.885604855346234e-10,5.009817973961834e-10,2.452691145402845e-10,0.9561154576496916
0.33105,3.853211648797653e-10,3.9576087642580254e-10,5.892337287670165e-10,5.019066486887819e-10,2.476796498284795e-10,-0.08658970310830495
0.33116,2.8710449370589225e-10,3.947371671774745e-10,5.883819746233223e-10,5.010032060408559e-10,2.4624057108243017e-10,-0.7788536036133418
0.33126,3.1299354015153496e-10,3.9695439352759333e-10,5.898355190527584e-10,5.027235034551137e-10,2.498692694457616e-10,-0.6151362753105686
0.33137,3.9743732723431084e-10,3.957309397266282e-10,5.892038944225192e-10,5.018782592621888e-10,2.4763771565409606e-10,0.012924719338320755
0.33147,4.0968647248308923e-10,3.963504576233481e-10,5.895367663147863e-10,5.023177663811995e-10,2.4872784685865384e-10,0.11756068196484688
0.33157,3.1299867700361177e-10,3.969584438833367e-10,5.900037243713762e-10,5.028329427366991e-10,2.4962192780642763e-10,-0.6164760289932443
0.33168,2.4883006901389737e-10,3.962053919223433e-10,5.891547449989815e-10,5.020371346057006e-10,2.4883006901389737e-10,-1.6042528946225427
0.33178,2.510049282948708e-10,3.974193975048063e-10,5.897751510998183e-10,5.028806883984379e-10,2.510049282948708e-10,-2.0030881265411318
0.33188,2.4744089622997123e-10,3.952029916844202e-10,5.882922019075553e-10,5.011376057143932e-10,2.4744089622997123e-10,-1.5579038797570508
0.33199,3.7821379036650347e-10,3.959141053358033e-10,5.889232968723702e-10,5.017860648610193e-10,2.4840900262896043e-10,-0.13971141349198968
0.33209,5.252461968393147e-10,3.965047173349196e-10,5.895814683222928e-10,5.02406417992252e-10,2.490351524659723e-10,1.2529776698060764
0.3322,6.115357685635418e-10,3.9731580060016295e-10,5.902379023764617e-10,5.031101495573715e-10,2.502092175458639e-10,2.280783886133635
0.3323,5.388422340345252e-10,3.968064364205112e-10,5.89820426026173e-10,5.026653000475713e-10,2.494738381246041e-10,1.4039208675861137
0.3324,4.1833046307632195e-10,3.952182367630662e-10,5.901647510380176e-10,5.024134833944047e-10,2.4703985724877645e-10,0.19419594082332325
0.33251,3.129733373739733e-10,3.969384640864019e-10,5.896076305999496e-10,5.025880648421895e-10,2.500736560285714e-10,-0.6140246816552474
0.33261,2.65163709563148e-10,3.936689921503481e-10,5.874634160567368e-10,5.00045455601307e-10,2.4476281752851445e-10,-0.9052647081913684
0.33272,3.408704964922021e-10,3.972582960138016e-10,5.908098475996466e-10,5.034216619505742e-10,2.4939746935785177e-10,-0.42962732259646813
0.33282,4.424213034446586e-10,3.992427010868816e-10,5.932512051054348e-10,5.056390305696562e-10,2.5124000151788946e-10,0.3879737579791447
0.33292,4.738249582079982e-10,4.019842431275345e-10,5.970786179564624e-10,5.089646437562004e-10,2.5327187406044873e-10,0.6587842615180465
0.33303,4.4704276255062934e-10,4.011362697463261e-10,5.976554330281604e-10,5.089696693900095e-10,2.5054565424319675e-10,0.3914995528807095
0.33313,3.610085615534428e-10,4.0217833322253106e-10,5.980370219828979e-10,5.096033319105039e-10,2.525948646901053e-10,-0.31421752774630557
0.33324,2.8098684272127415e-10,3.9971146670331617e-10,5.96019391663466e-10,5.074476073125236e-10,2.490791276550371e-10,-0.8369792495763344
0.33334,2.8100794158045307e-10,4.0451074861202967e-10,6.020965530091742e-10,5.12907741508521e-10,2.5334530754080853e-10,-0.8507929497943019
0.33345,3.1589492184884755e-10,4.033712445723963e-10,6.016128270368121e-10,5.121748400003641e-10,2.5119231479685397e-10,-0.6430582751053574
0.33355,3.843853123640859e-10,4.059129227745941e-10,6.045715703029848e-10,5.149140748621814e-10,2.537584384662915e-10,-0.17279176631744092
0.33366,4.5115076679499344e-10,4.0570936609451034e-10,6.044141613195152e-10,5.147417664678401e-10,2.534561143151802e-10,0.38313310947579926
0.33376,4.676795967860348e-10,4.0677975291320184e-10,6.050459235075928e-10,5.15534140633293e-10,2.552707757931199e-10,0.5356281638309307
0.33386,4.384255061510865e-10,4.066453019354217e-10,6.047723094424228e-10,5.153226049102152e-10,2.5526241311304775e-10,0.2733084802782741
0.33397,3.5588040893062683e-10,4.0372359459307275e-10,6.013971167657788e-10,5.121867351287232e-10,2.5229197802468954e-10,-0.3699416476687086
0.33407,3.3770305106964795e-10,4.052842422434543e-10,6.022559547645452e-10,5.133047943845667e-10,2.550208660578778e-10,-0.4954306421744879
0.33418,4.5010301896943707e-10,4.045439445134487e-10,6.019198633466535e-10,5.128155423716257e-10,2.5364472078174953e-10,0.39495628929584004
0.33428,5.293644751304308e-10,4.019442388003551e-10,6.001515243610673e-10,5.107525231895874e-10,2.4952827215643676e-10,1.1766991407711929
0.33439,5.724717770537034e-10,4.0491504347566907e-10,6.021193089768342e-10,5.130801504496809e-10,2.542901517740325e-10,1.6556682963691802
0.33449,5.276972684162103e-10,4.054140328228557e-10,6.021352037680854e-10,5.132858951212734e-10,2.554728946816826e-10,1.1648934063991312
0.3346,4.318303866558389e-10,4.022046580606488e-10,5.995193764685324e-10,5.104857994102299e-10,2.5088591149813517e-10,0.24188699629026156
0.3347,2.88208665310049e-10,4.048208067669521e-10,6.007020278335393e-10,5.122112812421651e-10,2.5575890736369273e-10,-0.8012977397577247
0.33481,2.5394544243566556e-10,4.039071978451787e-10,6.003766253580719e-10,5.11660375453953e-10,2.5394544243566556e-10,-1.5967834977331912
0.33491,2.5159014058659194e-10,4.029791961081051e-10,6.004882957385883e-10,5.113597399404113e-10,2.5159014058659194e-10,-1.604553733490966
0.33502,2.721273739481574e-10,4.0330398745946585e-10,6.008263848344609e-10,5.116902412509669e-10,2.5195643170222453e-10,-0.8981440406163369
0.33512,3.63140719030042e-10,4.0409332092528237e-10,6.018673984293093e-10,5.12609028704404e-10,2.526158870612868e-10,-0.3191973663118461
0.33523,3.6777186335674574e-10,4.0540076193352857e-10,6.027359313112957e-10,5.13633980829937e-10,2.54717636195293e-10,-0.28501856508711443
0.33533,3.556816834135775e-10,4.03548429914475e-10,6.015235890815046e-10,5.12191929722422e-10,2.517234208777624e-10,-0.37320285064216324
0.33544,3.513988881697935e-10,4.0301129419641344e-10,6.012272741385207e-10,5.118049479220488e-10,2.5079586535465114e-10,-0.4039950116161902
0.33554,3.674692076937736e-10,4.051262184831813e-10,6.029870169315919e-10,5.136732815847416e-10,2.537602165646782e-10,-0.2909022727554873
0.33565,4.5411099032415255e-10,4.0570350400290326e-10,6.036909934760466e-10,5.14314069745394e-10,2.5430670179981277e-10,0.4188784322317407
0.33575,5.443869729367221e-10,4.043038104057821e-10,6.029298371575943e-10,5.133145217954348e-10,2.518669629652514e-10,1.317786723651828
0.33586,5.743285566744094e-10,4.075359467845606e-10,6.051824637431069e-10,5.159108446714701e-10,2.56936975093724e-10,1.6510076070782125
0.33596,5.284577603727846e-10,4.064034146189977e-10,6.042420558454839e-10,5.149123954563867e-10,2.5533657700592184e-10,1.148687213868
0.33607,4.3518372705650086e-10,4.058028837023452e-10,6.035897588168281e-10,5.142931976416336e-10,2.5466962763057315e-10,0.2523570896957392
0.33617,3.025530968437627e-10,4.061118285090105e-10,6.038919886333456e-10,5.145969453347679e-10,2.5504283968749826e-10,-0.7283708520725861
0.33628,2.527063354668162e-10,4.048420059892408e-10,6.033005871598852e-10,5.137455168554588e-10,2.527063354668162e-10,-1.1927274365260498
0.33638,2.558763141343505e-10,4.0695401180314636e-10,6.048898427021837e-10,5.155113661359565e-10,2.558763141343505e-10,-1.3181524505492306
0.33649,2.6156442498740606e-10,4.0639861308275726e-10,6.045411700941929e-10,5.150876917338762e-10,2.549586269373726e-10,-0.9617599098221988
0.33659,2.96231897019561e-10,4.0596876779056186e-10,6.041274583851393e-10,5.146749778486739e-10,2.544225408365683e-10,-0.7680201281284585
0.3367,3.211099230562399e-10,4.033849489624683e-10,6.020415643003503e-10,5.124314977836015e-10,2.507213552206955e-10,-0.6122675462139686
0.3368,3.679943809284725e-10,4.056026364489294e-10,6.033458335113653e-10,5.140723921621176e-10,2.54471317296427e-10,-0.2873578479862483
0.33691,4.4242304927529e-10,4.05361473664282e-10,6.032119308170276e-10,5.138976892477594e-10,2.5405885859735e-10,0.3169944006393095
0.33701,5.181672035767171e-10,4.040449765650282e-10,6.025496776749954e-10,5.129953485103063e-10,2.5165582537130757e-10,1.041499168259461
0.33712,6.232799208182881e-10,4.0755097452026787e-10,6.048543414282815e-10,5.157248227807629e-10,2.5736211310718694e-10,2.244502328982298
0.33722,6.835574676961409e-10,4.033906614386489e-10,6.0292902896423e-10,5.129019510232504e-10,2.495776166477134e-10,3.0062422872193677
0.33733,6.585761267987132e-10,4.061889989330155e-10,6.053937555896902e-10,5.155092368211051e-10,2.534681454699815e-10,2.6580117553575753
0.33744,5.620216523526111e-10,4.09804030763875e-10,6.078154901142646e-10,5.183643909078303e-10,2.5914933127666186e-10,1.4870102867702237
0.33754,3.496075887333387e-10,4.0478009396817943e-10,6.039766507593354e-10,5.141114502914201e-10,2.517964096613476e-10,-0.4279510120563159
0.33765,2.588677373849477e-10,4.0920795661088054e-10,6.069336738034346e-10,5.175982476277289e-10,2.588677373849477e-10,-2.129298568430455
0.33775,2.6095586223127934e-10,4.1046997353578017e-10,6.077371525181094e-10,5.18566326461086e-10,2.6095586223127934e-10,-2.439928744207785
0.33786,2.566594527550933e-10,4.079835950498323e-10,6.063118594607958e-10,5.167509261357645e-10,2.566594527550933e-10,-1.8406006110290158
0.33796,3.2849726203013537e-10,4.0533547223196113e-10,6.045459540869562e-10,5.146699639900407e-10,2.5241761436410947e-10,-0.571986167447789
0.33807,4.169022658742074e-10,4.0700519417573564e-10,6.05677853029663e-10,5.159926911981502e-10,2.550684642958944e-10,0.08295421521468102
0.33818,4.375760660900674e-10,4.057293318915616e-10,6.046966213494502e-10,5.149141566716526e-10,2.531767576765185e-10,0.25985164542932093
0.33828,4.1836538745088315e-10,4.0696749723356524e-10,6.054128620670913e-10,5.158229099801853e-10,2.5528976268749737e-10,0.09751205971213442
0.33839,3.8962019690829134e-10,4.068245388608065e-10,6.054729730933899e-10,5.158018396261267e-10,2.5487532613826914e-10,-0.13503416844092156
0.33849,3.8673199298953826e-10,4.060476107799934e-10,6.052140226837916e-10,5.153430077810272e-10,2.5332667779340926e-10,-0.15950901651792634
0.3386,4.537825906927826e-10,4.086339620894871e-10,6.072877959215298e-10,5.175778113646312e-10,2.570715838574484e-10,0.3958432314740139
0.33871,4.782647285163433e-10,4.072080441798972e-10,6.064190981220276e-10,5.16510492829464e-10,2.5466196222822726e-10,0.6206078373464081
0.33881,4.263111065363688e-10,4.099254224560988e-10,6.109145630824215e-10,5.208004612832404e-10,2.5593304447172946e-10,0.13872186168091136
0.33892,3.3547987956460195e-10,4.0718691956213716e-10,6.059142329472363e-10,5.162062760107833e-10,2.552010035294892e-10,-0.526920585379042
0.33902,2.505162157619254e-10,4.0394120307828024e-10,6.033357200396586e-10,5.134111126198441e-10,2.505162157619254e-10,-1.1562501701011791
0.33913,2.5882304086125274e-10,4.09237668491288e-10,6.070225058149556e-10,5.176634753304177e-10,2.5882304086125274e-10,-1.7174805033194158
0.33924,2.544525097508642e-10,4.0667555410943454e-10,6.05516806483196e-10,5.157703464623834e-10,2.544525097508642e-10,-1.628783162208749
0.33934,2.5762676861309936e-10,4.086350898539138e-10,6.06812721237006e-10,5.173019897384191e-10,2.5762676861309936e-10,-0.9885571851975434
0.33945,4.259698746721411e-10,4.0550844826467165e-10,6.044859150253525e-10,5.147037810090611e-10,2.5289624055118516e-10,0.16066533466880512
0.33955,4.688239218827914e-10,4.0423937937978057e-10,6.032381128475515e-10,5.134742628539134e-10,2.513160605526897e-10,0.5468948404287076
0.33966,4.6542094110955157e-10,4.041809180966839e-10,6.027913907506156e-10,5.131861642473676e-10,2.517288805606643e-10,0.5211107889412763
0.33977,4.6306692655885416e-10,4.0523945040378477e-10,6.026938471718229e-10,5.135458233179266e-10,2.543809992725177e-10,0.5099605640219868
0.33987,4.69402114391942e-10,4.0490980613886626e-10,6.024732025811381e-10,5.132855440738342e-10,2.5385369383788623e-10,0.5694005489418779
0.33998,4.876930030053326e-10,4.0553177968585713e-10,6.029576295994727e-10,5.138170815819582e-10,2.547516564764709e-10,0.7440865839917502
0.34009,5.143419325572754e-10,4.0447245861708357e-10,6.023040904082431e-10,5.130139998909021e-10,2.5300031714418647e-10,1.0116370886477632
0.34019,5.060321396796977e-10,4.0427827933857233e-10,6.024426988995002e-10,5.131423868269354e-10,2.516935921227348e-10,0.9200992037858722
0.3403,4.718583155777305e-10,4.0378513545645067e-10,6.008377971439092e-10,5.118828068561109e-10,2.5310358055725117e-10,0.6045625341886444
0.34041,4.224124607069997e-10,4.017699023649792e-10,5.98890071975167e-10,5.099452183818904e-10,2.5059017843965264e-10,0.1640839388349347
0.34051,4.023109756330777e-10,4.0299157983518326e-10,5.999485370272933e-10,5.110457911465465e-10,2.5227190313153435e-10,-0.005967228164888929
0.34062,4.074003680143851e-10,4.03413477495473e-10,6.00342827483965e-10,5.114461857683542e-10,2.5279863241012063e-10,0.03440443155257318
0.34073,3.9753229883046213e-10,4.0368893884077954e-10,6.005233502064706e-10,5.1165981109113e-10,2.532501208128018e-10,-0.0456408172850813
0.34083,3.591224645425892e-10,4.0349133211873784e-10,6.001978542021038e-10,5.113909468336729e-10,2.5316328802427307e-10,-0.33834745683147693
0.34094,2.48960159514253e-10,3.9840311911675405e-10,5.937611584364345e-10,5.056071235176875e-10,2.486223872430339e-10,-1.0052972255475334
0.34105,2.4554163477568853e-10,3.9529637101407016e-10,5.900989435317909e-10,5.022322582358847e-10,2.4554163477568853e-10,-1.5580587144610216
0.34115,2.447363018122316e-10,3.9479103320068705e-10,5.897639697047514e-10,5.018359711205282e-10,2.447363018122316e-10,-1.6162958641175957
0.34126,2.4687946900483963e-10,3.9610745100194e-10,5.905992265871618e-10,5.028461501291516e-10,2.4687946900483963e-10,-1.294887655853551
0.34137,3.169652506785384e-10,3.960471739905743e-10,5.906713140664061e-10,5.028648453330725e-10,2.4665171345736374e-10,-0.5984956396009073
0.34147,4.571604339412731e-10,3.9847671958631583e-10,5.922719278362963e-10,5.047623011501369e-10,2.5056806245482885e-10,0.5319989552310028
0.34158,5.372143029276883e-10,3.945929689826625e-10,5.89539656805065e-10,5.016264755444191e-10,2.445280073630693e-10,1.3631896565559887
0.34169,5.337010776006492e-10,3.959462031029057e-10,5.903385886174685e-10,5.026290347090228e-10,2.4680852438103744e-10,1.3263884454531767
0.34179,4.899433274892899e-10,3.941839439143815e-10,5.872323389645152e-10,5.001109653111623e-10,2.4627691307026467e-10,0.8891348406441435
0.3419,4.737101729522279e-10,3.9318222927795124e-10,5.856684323380209e-10,4.987984410263038e-10,2.4573363805723297e-10,0.7371077086545731
0.34201,5.158385456653798e-10,3.9554994500486114e-10,5.872326155848258e-10,5.00648483545766e-10,2.4960829664317054e-10,1.1808534688836267
0.34211,5.405719555466164e-10,3.9293865775355573e-10,5.850907588684925e-10,4.983751031524746e-10,2.45824579058228e-10,1.4650440989735154
0.34222,5.371907551224398e-10,3.9456089795422503e-10,5.866622638068507e-10,4.999250225197065e-10,2.4785772069996487e-10,1.4170063942689055
0.34233,4.668645371212283e-10,3.937559354770723e-10,5.86246316971525e-10,4.993633474574772e-10,2.464219992849505e-10,0.6660361741307619
0.34244,2.888386112257875e-10,3.914547302987818e-10,5.845465545550645e-10,4.974564404081029e-10,2.429462630348587e-10,-0.7593617403893883
0.34254,2.4098995042838903e-10,3.8993734829154166e-10,5.831433780826189e-10,4.960360157409057e-10,2.4098995042838903e-10,-2.007496201409316
0.34265,2.4892125935619554e-10,3.9479827965525124e-10,5.862523272912509e-10,4.997776005638437e-10,2.4892125935619554e-10,-2.629444786213374
0.34276,2.409646056751886e-10,3.901514452463847e-10,5.835885147962813e-10,4.964119158224909e-10,2.409646056751886e-10,-2.1292922915781274
0.34286,2.4838660903507e-10,3.9488446126835036e-10,5.868689353630547e-10,5.001742978315837e-10,2.4838660903507e-10,-1.1535091322322975
0.34297,3.92101875539693e-10,3.9450505696376933e-10,5.869843560206655e-10,5.00092134379479e-10,2.4734001571215387e-10,-0.016972297171388828
0.34308,4.687930759651892e-10,3.960406403071651e-10,5.882116850655974e-10,5.01417439262425e-10,2.495679821780391e-10,0.6787669701195223
0.34319,4.4260879741088556e-10,3.927863148997957e-10,5.857025957238941e-10,4.986625810121339e-10,2.4474694611306193e-10,0.43057168038485855
0.34329,3.941336610516766e-10,3.9298258567028995e-10,5.851428866443185e-10,4.98411226444211e-10,2.458797927885875e-10,0.007939371961936245
0.3434,3.7252256975821763e-10,3.925380144619714e-10,5.849777483331618e-10,4.98138954585508e-10,2.45012533423803e-10,-0.16932129838132098
0.34351,3.807331488293944e-10,3.928928406447762e-10,5.852898648944014e-10,4.984623561282588e-10,2.45489157190759e-10,-0.10431527569774333
0.34362,4.511575023109823e-10,3.9532785467942287e-10,5.870897862786676e-10,5.004783887948568e-10,2.491915642569036e-10,0.515720893234161
0.34372,5.09510270559908e-10,3.9288141726346626e-10,5.864037078411903e-10,4.991106093617454e-10,2.4415062194729954e-10,1.0945973026761742
0.34383,5.342399451805011e-10,3.966722507889581e-10,5.888086765360522e-10,5.02016950871559e-10,2.503742372657602e-10,1.3696387213615269
0.34394,5.246654237143168e-10,3.957350507801956e-10,5.879680956713629e-10,5.011520227742717e-10,2.4912992789802353e-10,1.2665725306312712
0.34405,4.3246548966761125e-10,3.9446947860978985e-10,5.873006555934599e-10,5.002644773273935e-10,2.468651828947643e-10,0.33077074007283735
0.34415,4.05661523289446e-10,3.9389620189224734e-10,5.867458005146555e-10,4.997114078317134e-10,2.4617193628935897e-10,0.09540950287283737
0.34426,4.360668939664284e-10,3.953707443118649e-10,5.879002892576091e-10,5.009719058015496e-10,2.483261611964713e-10,0.36401554493229615
0.34437,4.704646117457666e-10,3.937229764894432e-10,5.868452902668788e-10,4.996998572746709e-10,2.4563902015236524e-10,0.692714785319788
0.34448,4.2911223789062743e-10,3.9375586142698857e-10,5.88669011920397e-10,5.003746317153939e-10,2.45719624450172e-10,0.3005983395321512
0.34459,3.214779163815797e-10,3.9573032306213843e-10,5.879442740293273e-10,5.011393931347209e-10,2.491398769986379e-10,-0.5515790161047245
0.34469,2.514748624942418e-10,3.969569910882509e-10,5.884677715736206e-10,5.019284096021114e-10,2.514748624942418e-10,-1.4885603513590469
0.3448,2.459460938855424e-10,3.9350355555442603e-10,5.861389946197187e-10,4.992010267634644e-10,2.459460938855424e-10,-1.8560666304459443
0.34491,2.510146406675084e-10,3.96611759180933e-10,5.882678624380138e-10,5.016140525102714e-10,2.510146406675084e-10,-1.6005017759366709
0.34502,2.5793873455758797e-10,3.9386950812922097e-10,5.866052691474412e-10,4.996191576229067e-10,2.4626704650243884e-10,-0.9407018074810376
0.34512,3.525263533936598e-10,3.945821334472696e-10,5.871878577152742e-10,5.002420180884173e-10,2.472823645936415e-10,-0.3304198373834111
0.34523,3.99720357548714e-10,3.9463702067417795e-10,5.871946281355572e-10,5.002673858833312e-10,2.474073745339839e-10,0.04531908637358841
0.34534,4.1621756031284475e-10,3.9298108840659714e-10,5.858586555487713e-10,4.98830304972034e-10,2.4503040173869017e-10,0.19010215947548742
0.34545,4.2673234329562473e-10,3.9401011402867413e-10,5.866094066397335e-10,4.996770446930721e-10,2.4659874444633694e-10,0.2835031499112765
0.34556,4.563925457571872e-10,3.93750832320268e-10,5.863802056149383e-10,4.994405653333793e-10,2.462486285885837e-10,0.5616009394365056
0.34567,5.32462475565047e-10,3.942750859544278e-10,5.868531695502814e-10,4.999245963450104e-10,2.4694394238291006e-10,1.356227015178869
0.34577,5.846020110082337e-10,3.9448783728739244e-10,5.873245889618134e-10,5.002849596510372e-10,2.4689427709572477e-10,1.9654235664087538
0.34588,5.586568308408632e-10,3.9204437007840514e-10,5.859782581255839e-10,4.985296455701664e-10,2.4266826026140107e-10,1.6457267808522154
0.34599,4.571727626198426e-10,3.946549087641461e-10,5.879397219510375e-10,5.007120613660507e-10,2.465629638367246e-10,0.5561167807773701
0.3461,4.0320731682850097e-10,3.944428565568231e-10,5.876250262012867e-10,5.00443984737349e-10,2.464275441802949e-10,0.06883873544224584
0.34621,3.829468103834952e-10,3.950383692697056e-10,5.876910643202155e-10,5.007172612698533e-10,2.477774665460965e-10,-0.0956116575062851
0.34631,3.946563875322789e-10,3.9501051017693394e-10,5.879355742345115e-10,5.008511626573192e-10,2.474110089197356e-10,-0.0022128327146368246
0.34642,3.7367804371158965e-10,3.980429650422974e-10,5.919196779846481e-10,5.047697853894948e-10,2.485853721469352e-10,-0.1911507643193543
0.34653,2.8602663012345823e-10,3.93953898298979e-10,5.872428240107116e-10,5.000261100838115e-10,2.460845411572155e-10,-0.7805894635698336
0.34664,2.803587476237465e-10,3.945355889887944e-10,5.87487991274015e-10,5.003818323205993e-10,2.4691338950158277e-10,-0.8148011504466097
0.34675,2.7627844819470507e-10,3.9641573098014225e-10,5.903692119502493e-10,5.028325317504404e-10,2.4789187369856194e-10,-0.8472184382653744
0.34686,2.9535319363347983e-10,3.9628597190406097e-10,5.902203004087396e-10,5.026947252960823e-10,2.4775387479087684e-10,-0.7329470487479388
0.34697,3.4072499155544804e-10,3.9713345142836935e-10,5.910282621411734e-10,5.034981145966883e-10,2.488232722487162e-10,-0.43305356638787496
0.34707,3.734885909409899e-10,3.978651143674561e-10,5.913858673022583e-10,5.040011137677319e-10,2.5015569418940637e-10,-0.18739812276604656
0.34718,4.2543735464314724e-10,3.9792736696347116e-10,5.915565123556922e-10,5.041257722101445e-10,2.5010198797041437e-10,0.2443442006825568
0.34729,4.5946568154609575e-10,3.9730879004723246e-10,5.911957584412835e-10,5.036696736088583e-10,2.4904987694006966e-10,0.558121179518655
0.3474,4.3103687269160167e-10,3.958524362945912e-10,5.901188019806044e-10,5.024632359309223e-10,2.4684356433298105e-10,0.29496902478136844
0.34751,4.225771242464892e-10,3.973529044286155e-10,5.91200435722067e-10,5.036916014063303e-10,2.4913975124485073e-10,0.2187361410491091
0.34762,4.2585282233345e-10,3.957799014802508e-10,5.899401138322077e-10,5.023297891704553e-10,2.468818166402486e-10,0.2501088716691311
0.34773,4.2450319835680356e-10,3.9692847223130476e-10,5.906942930111041e-10,5.032258536273886e-10,2.4873398100014633e-10,0.2384575188148317
0.34783,4.470265955790658e-10,3.9775786451314934e-10,5.9266876656693e-10,5.047114309573121e-10,2.483751432300223e-10,0.4254180510118299
0.34794,4.6472463904380394e-10,3.9947790457819106e-10,5.93871522780211e-10,5.060954210671916e-10,2.51068013293517e-10,0.5919321479090559
0.34805,4.63890935091522e-10,3.985077236037906e-10,5.934181187942868e-10,5.05446486111459e-10,2.4928265575646063e-10,0.5813064326445433
0.34816,4.4652756308841943e-10,3.971969363234485e-10,5.924500057295216e-10,5.043611410640547e-10,2.472988167570537e-10,0.4186644206083134
0.34827,4.0464126521063504e-10,3.984993384966915e-10,5.93256673892248e-10,5.053486615995845e-10,2.4945277461518085e-10,0.05055835027865002
0.34838,3.901886488688139e-10,3.9904655738573074e-10,5.937010654956381e-10,5.058256644682285e-10,2.502334460586182e-10,-0.06908339796839556
0.34849,3.4631580024068666e-10,3.9858695179251453e-10,5.934571777760753e-10,5.055019746541346e-10,2.4941801394473597e-10,-0.4040954738199194
0.3486,3.537123361126864e-10,3.9868374342842776e-10,5.938690032470081e-10,5.057819036745844e-10,2.4915946824828894e-10,-0.35327762844458865
0.34871,3.6131206920980174e-10,3.9954980372421803e-10,5.945542555918087e-10,5.0652433888098e-10,2.5042784766698684e-10,-0.2979810596825302
0.34882,3.813350522250406e-10,3.988968909830291e-10,5.939909370182645e-10,5.059361382061726e-10,2.495341090774177e-10,-0.1434030365356904
0.34892,3.498862793907621e-10,3.9844985114369415e-10,5.935479821857502e-10,5.055002477490086e-10,2.489878142585077e-10,-0.37974558177112455
0.34903,3.354101424834224e-10,3.9969856502969697e-10,5.942701136908763e-10,5.064158694539339e-10,2.5112572145462234e-10,-0.4813884259817563
0.34914,3.1719486501505787e-10,4.002754261208021e-10,5.945136306572283e-10,5.067886440286513e-10,2.5222005820206777e-10,-0.6033675022561801
0.34925,3.7699664290488524e-10,3.989231771603792e-10,5.938357093543513e-10,5.058557170608118e-10,2.49779649945497e-10,-0.1758420592280517
0.34936,4.6122074062798515e-10,3.9933711787862235e-10,5.944372475290648e-10,5.063726463894584e-10,2.5005241840923434e-10,0.5494396913532422
0.34947,5.388555118077136e-10,3.968244667494435e-10,5.933512307006792e-10,5.046651762067525e-10,2.458870088158378e-10,1.3475296643753656
0.34958,5.306893356569886e-10,3.9788239814797897e-10,5.93543923695874e-10,5.052758795590751e-10,2.476269204386902e-10,1.258371273197253
0.34969,4.5571348421279215e-10,4.0051941337132905e-10,5.952699364863973e-10,5.073289188449899e-10,2.5189000364250745e-10,0.4966051754238483
0.3498,3.643896571710852e-10,3.96848482581084e-10,5.914498151690861e-10,5.036371233138453e-10,2.476594318516221e-10,-0.2638791470247401
0.34991,2.637429485987195e-10,3.9769478445704e-10,5.91263124067349e-10,5.038605155894461e-10,2.499008534583251e-10,-0.9180828893285377
0.35002,3.079824803847668e-10,3.9720519573886204e-10,5.90514565734007e-10,5.032115691627476e-10,2.4969241322669635e-10,-0.65085338564571
0.35013,4.084663978892719e-10,3.9678425446615354e-10,5.901975884371502e-10,5.028714409099798e-10,2.4900852951562316e-10,0.10335315096815442
0.35024,4.731173257310117e-10,3.9688894569825946e-10,5.899137530781809e-10,5.027546891442298e-10,2.495576706176801e-10,0.7050856248897828
0.35035,4.6045597755804166e-10,3.9450388259270685e-10,5.869540223715945e-10,5.000733021342841e-10,2.4737679206472304e-10,0.6002139641004057
0.35046,4.2769857288421074e-10,3.950563838105954e-10,5.870172135945138e-10,5.003285883639763e-10,2.4862612522356604e-10,0.29557442033759573
0.35057,4.0890292420636043e-10,3.9372646548640946e-10,5.858996637165635e-10,4.991484444785896e-10,2.4676440398294247e-10,0.13145049833990793
0.35068,4.4010350786549355e-10,3.9338806920471217e-10,5.856785052575565e-10,4.988856316884628e-10,2.4621288597123174e-10,0.41276129740080986
0.35079,4.472593470096116e-10,3.9451926052703597e-10,5.865296798494841e-10,4.998314989494046e-10,2.479119751508052e-10,0.4789094422750528
0.3509,4.361337303626086e-10,3.9226362996011117e-10,5.851438986582272e-10,4.981285676522288e-10,2.441592464685657e-10,0.37274521667867605
0.351,3.690036026678268e-10,3.9365794854083446e-10,5.856594353452451e-10,4.98980990120848e-10,2.4688219934098764e-10,-0.1965312383500179
0.35111,2.728229678524381e-10,3.94015256835898e-10,5.860948362901243e-10,4.993771190990051e-10,2.4722293666218366e-10,-0.8541054707276509
0.35122,2.419814351127633e-10,3.9029455974835315e-10,5.830206140010837e-10,4.961046552829106e-10,2.419814351127633e-10,-1.1427928719565528
0.35133,2.4693533467620783e-10,3.9100126429537544e-10,5.802721187216533e-10,4.947705193237591e-10,2.4693533467620783e-10,-1.0340617502059861
0.35144,2.939621821701484e-10,3.86435665854266e-10,5.757926855031224e-10,4.903415931214076e-10,2.4130895154187e-10,-0.6963209000757341
0.35155,3.637478411412441e-10,3.8642686817701143e-10,5.759822205399499e-10,4.904496906153804e-10,2.4106342739431724e-10,-0.19419000989338006
0.35166,4.221565044378143e-10,3.8616379936467593e-10,5.752979155974455e-10,4.899440061338923e-10,2.412473204806639e-10,0.31517285303645964
0.35177,4.1841826791421123e-10,3.877691981716453e-10,5.761725610009436e-10,4.91090044571278e-10,2.4405836632428404e-10,0.2829012642406593
0.35188,4.1454382071812316e-10,3.8625875517365484e-10,5.74777945582043e-10,4.896757582977453e-10,2.420953373360848e-10,0.2521988164337327
0.35199,4.746295325785571e-10,3.8498816811190483e-10,5.74191907577387e-10,4.888318675411686e-10,2.397476317563715e-10,0.837590360867712
0.3521,5.024445737379887e-10,3.836738744085508e-10,5.730122600219278e-10,4.876195604117679e-10,2.3801323159162196e-10,1.1422064129889775
0.35221,5.048214584451951e-10,3.867813298643733e-10,5.753555250589132e-10,4.902207585890533e-10,2.4266144064629924e-10,1.164411160119956
0.35232,4.833707373384512e-10,3.8598417999153366e-10,5.752517626789964e-10,4.898455129236207e-10,2.408761010378217e-10,0.9236703164693557
0.35244,4.3157019356947455e-10,3.8381754432893323e-10,5.723373872600033e-10,4.872805253235307e-10,2.39151887830955e-10,0.4215580870962711
0.35255,3.629943939548564e-10,3.814016749086265e-10,5.684266993201388e-10,4.840330188940474e-10,2.380082964521063e-10,-0.16123126286696948
0.35266,2.877439310309172e-10,3.773650808029197e-10,5.628383346787953e-10,4.791628590512452e-10,2.3497435049083937e-10,-0.695262395245622
0.35277,2.671558971838911e-10,3.804743279714289e-10,5.657033375580164e-10,4.820693619809491e-10,2.3902388239693153e-10,-0.8303610559404222
0.35288,2.994560065003492e-10,3.7805864320097176e-10,5.644037250063365e-10,4.803528164998507e-10,2.347926780118873e-10,-0.6235144010851877
0.35299,3.8559084752006715e-10,3.7784010100561065e-10,5.624716053184615e-10,4.791317115262255e-10,2.3656266042147656e-10,0.06804640331171723
0.3531,4.4901820703769547e-10,3.768414996879694e-10,5.621714703864576e-10,4.785628775435855e-10,2.3452678425223753e-10,0.6720699287972713
0.35321,4.306260701551947e-10,3.792325855255029e-10,5.637907280861278e-10,4.804581784485804e-10,2.383126460128746e-10,0.4858360813488756
0.35332,3.8295937076930286e-10,3.776504912054798e-10,5.625593160420065e-10,4.791109304605678e-10,2.359892109023828e-10,0.04199672858130523
0.35343,3.3498204896112365e-10,3.789897140094438e-10,5.63076440138027e-10,4.799420910544659e-10,2.3858775475422466e-10,-0.35066412701527583
0.35354,2.3605370834536995e-10,3.77234486251194e-10,5.616716602714923e-10,4.78424894689119e-10,2.3605370834536995e-10,-1.0245917272884497
0.35365,2.3783446054164165e-10,3.7856403744804466e-10,5.628505391980511e-10,4.796418551185403e-10,2.3783446054164165e-10,-1.3081591347886654
0.35376,2.3551713742405975e-10,3.771713747506295e-10,5.619964152230454e-10,4.785906120739938e-10,2.3551713742405975e-10,-1.168895761893689
0.35387,2.7093376145145373e-10,3.784364750294078e-10,5.62984493117566e-10,4.79669075766057e-10,2.3737493240218256e-10,-0.7998293439084643
0.35398,3.6128603482627596e-10,3.777680118281388e-10,5.626485448948799e-10,4.792059518463377e-10,2.361853830891583e-10,-0.1432036382401257
0.35409,4.568979912376803e-10,3.774077446312398e-10,5.622854265299901e-10,4.788530171216665e-10,2.3574241874015485e-10,0.7584015923997632
0.3542,4.359242138294848e-10,3.778504214590811e-10,5.626798577659059e-10,4.792590521430561e-10,2.3633365926626233e-10,0.541471441048123
0.35431,3.774520124881524e-10,3.778222606750027e-10,5.624751632791201e-10,4.791262906427845e-10,2.3651764254447044e-10,-0.0036214302280064368
0.35443,2.82956820287358e-10,3.7813135475007446e-10,5.644116014194688e-10,4.793009335761515e-10,2.3707420454174014e-10,-0.7222349534082868
0.35454,2.393189056284208e-10,3.7938953175874257e-10,5.632748220362611e-10,4.802153052202628e-10,2.393189056284208e-10,-1.517462420015999
0.35465,2.705938822890418e-10,3.764619241858226e-10,5.616432452180003e-10,4.782007788495811e-10,2.317045286246343e-10,-0.8103141509772931
0.35476,4.485917949491866e-10,3.763333152027125e-10,5.611372498383276e-10,4.777559804617567e-10,2.3453450294079086e-10,0.6781424576070179
0.35487,6.351621268139643e-10,3.7628209981914494e-10,5.612096849406149e-10,4.777751857675075e-10,2.3455823410941083e-10,2.992000691266387
0.35498,6.888017401035975e-10,3.737315942901034e-10,5.592692221464566e-10,4.756292160626105e-10,2.305692123614185e-10,3.8372915587230305
0.35509,6.522135536601903e-10,3.776247446727344e-10,5.616949917625939e-10,4.785890751451386e-10,2.3697907894858456e-10,3.276275975736312
0.3552,5.684197853176203e-10,3.77742240322831e-10,5.62314546528851e-10,4.790017652266345e-10,2.3651027182266534e-10,2.0796170824989444
0.35531,3.89998004302942e-10,3.777451386158422e-10,5.626112477865378e-10,4.79175892501726e-10,2.361710553276195e-10,0.10508625100149015
0.35542,2.361420519209442e-10,3.778458417517931e-10,5.628503659524242e-10,4.793509323657541e-10,2.361420519209442e-10,-1.5879586001902137
0.35554,2.405681447822394e-10,3.801663946963157e-10,5.637986445045699e-10,4.808288310913577e-10,2.405681447822394e-10,-2.6164369778340872
0.35565,2.383510635645614e-10,3.7881577920010674e-10,5.62801122397305e-10,4.797330792521811e-10,2.383510635645614e-10,-2.854838719312029
0.35576,2.364016856805059e-10,3.7671956079763685e-10,5.603436090792026e-10,4.774444883920886e-10,2.364016856805059e-10,-2.1588332879301406
0.35587,2.353324416403451e-10,3.7552621940734976e-10,5.58834361923142e-10,4.760861701910342e-10,2.353324416403451e-10,-1.032755733167358
0.35598,4.0126766482982934e-10,3.74611323319795e-10,5.583992454560955e-10,4.754631748420991e-10,2.3371936378308033e-10,0.2336014053411004
0.35609,4.5533416207406366e-10,3.7551302302623457e-10,5.591633866940948e-10,4.762729886079522e-10,2.3491629508032765e-10,0.7708994848524643
0.3562,4.148570080322468e-10,3.750814670370963e-10,5.58463039745844e-10,4.756936063796646e-10,2.347029684958836e-10,0.36567802851401876
0.35631,3.8332029209854644e-10,3.7552268449615843e-10,5.589775340033663e-10,4.761681904076237e-10,2.3515689004939524e-10,0.06929454624842238
0.35643,3.84176186962693e-10,3.7496715772699527e-10,5.58595630078583e-10,4.757250789908622e-10,2.342797963518418e-10,0.07690467900229016
0.35654,4.722127095593896e-10,3.7705330158715515e-10,5.602476979762829e-10,4.775191235042376e-10,2.373052338105985e-10,0.9520014666771144
0.35665,5.093834808181372e-10,3.7523852961160846e-10,5.588384897552716e-10,4.759758016031032e-10,2.3463475525129156e-10,1.3809229216152232
0.35676,5.224359388450701e-10,3.80625624093338e-10,5.637661311401965e-10,4.812172906211969e-10,2.3725598935462054e-10,1.4964860769168276
0.35687,4.599827423022771e-10,3.7653029184578596e-10,5.592771322826721e-10,4.767413088032693e-10,2.3721989935187473e-10,0.8294033320722396
0.35698,3.2588635480565003e-10,3.7421681790684446e-10,5.564931191424988e-10,4.741994610908878e-10,2.3495671284466535e-10,-0.392969580003924
0.3571,2.33012556367615e-10,3.728108354350326e-10,5.554023183596182e-10,4.729814138158784e-10,2.33012556367615e-10,-1.9373731429634684
0.35721,2.3637403928686137e-10,3.746619389345295e-10,5.562281036021648e-10,4.74226515242665e-10,2.3637403928686137e-10,-2.2551799110466306
0.35732,2.2812764713198927e-10,3.6890037546063414e-10,5.515696475963822e-10,4.69206968480151e-10,2.2812764713198927e-10,-1.665439963959726
0.35743,2.617809783075607e-10,3.7193862819303125e-10,5.541174550640545e-10,4.719025664434557e-10,2.3235422712548942e-10,-0.8324106311549748
0.35754,4.225519660101741e-10,3.736485505607672e-10,5.561591760222173e-10,4.73660301323185e-10,2.3414058918379553e-10,0.45479488055633727
0.35765,4.886790429090058e-10,3.769128726734149e-10,5.580289574857553e-10,4.762227637197713e-10,2.39674662839963e-10,1.1689244360574174
0.35777,5.144695753906184e-10,3.6961533994426755e-10,5.518832109346846e-10,4.696740893762542e-10,2.2945157845452203e-10,1.5066738479087074
0.35788,4.984559258134684e-10,3.7259718702338103e-10,5.539698847789992e-10,4.720736280485615e-10,2.3411180335386277e-10,1.3122560641480665
0.35799,4.5980592938329674e-10,3.7152799605259423e-10,5.535178355411389e-10,4.713903502599832e-10,2.3206300226706698e-10,0.8665471939662275
0.3581,4.110762270000081e-10,3.70895449157569e-10,5.53161013426567e-10,4.709299496944096e-10,2.3098776303568778e-10,0.3615375463316052
0.35821,3.762338045810474e-10,3.7443079906345486e-10,5.572503444354404e-10,4.747242464647878e-10,2.3459264266846407e-10,0.017185285599900787
0.35833,3.3145452183538986e-10,3.7276766805145474e-10,5.545236767123782e-10,4.724681360634709e-10,2.338492392135377e-10,-0.3411583708374297
0.35844,3.0831832253532857e-10,3.697048097928234e-10,5.514282905486147e-10,4.694435416497247e-10,2.301946871976772e-10,-0.5090014596776744
0.35855,3.4254572108682406e-10,3.7150998144527505e-10,5.52083462198685e-10,4.705389102254312e-10,2.337453103901903e-10,-0.2375140223929522
0.35866,3.7342901636421054e-10,3.7004388914130443e-10,5.511446942418286e-10,4.694105375852902e-10,2.313422588244399e-10,0.026726349520800566
0.35877,4.3129199010361124e-10,3.7249671343715814e-10,5.529172903174829e-10,4.714168762868937e-10,2.3512554646417214e-10,0.5830179188633486
0.35889,4.34411073519106e-10,3.6804693033117345e-10,5.492644683059357e-10,4.67519766164711e-10,2.287952705615294e-10,0.6252085725081108
0.359,3.4701487197038543e-10,3.684187144908681e-10,5.491721342616824e-10,4.676114905769918e-10,2.2979736731301616e-10,-0.1926082481990159
0.35911,2.3293891264457425e-10,3.700884655949781e-10,5.498916302402823e-10,4.686930325653634e-10,2.3293891264457425e-10,-1.1585383293904392
0.35922,2.329343373963381e-10,3.6980089842083764e-10,5.493240487104068e-10,4.682452410857417e-10,2.329343373963381e-10,-1.2108653845884556
0.35934,2.7919927460355586e-10,3.665223442402432e-10,5.471443196796842e-10,4.656723667266159e-10,2.2767776618229261e-10,-0.7000054432347075
0.35945,4.2583135347080573e-10,4.161466933591546e-10,5.66408700488189e-10,4.912551443485988e-10,2.3200430248617108e-10,0.10422091515831808
0.35956,4.902874406503189e-10,3.73406082519495e-10,5.524264606929895e-10,4.714961400832127e-10,2.3714457674423665e-10,1.2387671160000027
0.35967,5.4914182653875e-10,3.7119941078104164e-10,5.511209000021384e-10,4.698539921521474e-10,2.3413287931915514e-10,1.9892040432262295
0.35979,4.678183868929146e-10,3.6632031024589295e-10,5.482148151580264e-10,4.661914319597138e-10,2.2707889865572797e-10,1.0009789694752291
0.3599,3.195714813692067e-10,3.687305822146023e-10,5.490864997920285e-10,4.67712741749572e-10,2.30404079556727e-10,-0.4127671031623254
0.36001,2.3470132602653025e-10,3.7066705124945995e-10,5.496127050189581e-10,4.687335748704087e-10,2.3470132602653025e-10,-1.4738844900418573
0.36012,2.2840846945137825e-10,3.6636409307309466e-10,5.46200601618748e-10,4.6505714247205544e-10,2.2840846945137825e-10,-1.71098975815027
0.36024,2.2993403688610736e-10,3.67756816361192e-10,5.477242971849486e-10,4.665002102228585e-10,2.2993403688610736e-10,-1.443612219435201
0.36035,3.217586811318364e-10,3.6735388807315776e-10,5.475755437646108e-10,4.662501408113901e-10,2.2916788682956271e-10,-0.38887349885991185
0.36046,4.3904036403194664e-10,3.6928315336756525e-10,5.491634828357993e-10,4.679490460383659e-10,2.3186733606953028e-10,0.6884254065468457
0.36057,4.532923362018409e-10,3.6832713655237566e-10,5.472153431838691e-10,4.664239556399103e-10,2.3192319518122855e-10,0.8645300213410675
0.36069,3.7047768495366224e-10,3.660889086210605e-10,5.451818896960252e-10,4.6435146270183947e-10,2.2895330128414989e-10,0.03705235260595901
0.3608,2.2561114063393049e-10,3.639643551824916e-10,5.437257429956511e-10,4.6265826809340264e-10,2.2561114063393049e-10,-1.0588194602297132
0.36091,2.281610725956743e-10,3.6572009026796427e-10,5.451057175317862e-10,4.6416116483296426e-10,2.281610725956743e-10,-1.5752323627162181
0.36103,2.2915020641800007e-10,3.6652805331391345e-10,5.458999859706722e-10,4.649464212317456e-10,2.2915020641800007e-10,-1.0377711817575015
0.36114,3.8300389644583473e-10,3.6675729425956885e-10,5.463530514295582e-10,4.653015507649202e-10,2.2916699870868302e-10,0.1441298326312135
0.36125,4.778727839699971e-10,3.6842203844962814e-10,5.467800378763415e-10,4.662073763440772e-10,2.3269130951157556e-10,1.1523019261385978
0.36136,4.4827899236796914e-10,3.6692626821890734e-10,5.455858053454265e-10,4.6491743725445257e-10,2.3048790209940828e-10,0.8204632936540389
0.36148,4.034857122828247e-10,3.6565979505133697e-10,5.440117829072966e-10,4.63494450696517e-10,2.293228036372418e-10,0.3620950920225128
0.36159,3.7547240232143704e-10,3.660444667655808e-10,5.442747644398683e-10,4.6380006914748914e-10,2.2993504196536817e-10,0.09280168848827462
0.3617,4.129983251958361e-10,3.663683136463141e-10,5.452677552969271e-10,4.6451135821853373e-10,2.2952496815228534e-10,0.44687932455326895
0.36182,4.54719173744371e-10,3.6521376647180556e-10,5.455236452590988e-10,4.6420524132261644e-10,2.264725496285173e-10,0.8730940636508099
0.36193,4.685245703032194e-10,3.6722171840243213e-10,5.471809184563373e-10,4.65970535075536e-10,2.2929741333140914e-10,1.0231890916271844
0.36204,3.87930672586176e-10,3.676644923223918e-10,5.472797353696469e-10,4.662024179190037e-10,2.3024362513978493e-10,0.1867253781508867
0.36216,2.5424370715765193e-10,3.666727766929477e-10,5.463293846104139e-10,4.652547569633342e-10,2.2898968642137223e-10,-0.8566856263025263
0.36227,2.337096289033666e-10,3.6958551189379844e-10,5.482450405938392e-10,4.675265944343584e-10,2.337096289033666e-10,-1.0594353520347977
0.36238,3.0155026176033384e-10,3.678695922856233e-10,5.469834025058347e-10,4.661111493788856e-10,2.3107831433275495e-10,-0.5349795867424546
0.3625,4.188528025577138e-10,3.658089827184433e-10,5.445064555560275e-10,4.638446653401393e-10,2.2908562393511796e-10,0.5120899061098492
0.36261,4.429435521782587e-10,3.650756512262896e-10,5.450270882006728e-10,4.638675593078951e-10,2.267006571252922e-10,0.7504901535752576
0.36272,4.0116275010571175e-10,3.6616257211065636e-10,5.459712832981731e-10,4.648435562523164e-10,2.2819479700083226e-10,0.31741445550641345
0.36284,2.439013114363477e-10,3.6952015403088615e-10,5.483066552360625e-10,4.675382168577982e-10,2.334704493978488e-10,-0.9197533001546884
0.36295,2.305657968062257e-10,3.6829515403061855e-10,5.482699400285108e-10,4.670343368893656e-10,2.305657968062257e-10,-1.4954779547932877
0.36306,2.264223732184422e-10,3.6567470376797317e-10,5.464924135804712e-10,4.6495674648675876e-10,2.264223732184422e-10,-1.5762834386396742
0.36318,2.348040333890392e-10,3.711244237832444e-10,5.504205913875727e-10,4.694115681821093e-10,2.348040333890392e-10,-1.0024158197439343
0.36329,3.441442419313701e-10,3.680332753552253e-10,5.485589967650795e-10,4.671000323754636e-10,2.2960055593886168e-10,-0.2132203308737246
0.3634,4.459071870495575e-10,3.6866578382656383e-10,5.49199267261991e-10,4.677254472383168e-10,2.3035290802217147e-10,0.7549627808632088
0.36352,4.843230577239903e-10,3.7124780248720617e-10,5.503432308776516e-10,4.694133275870563e-10,2.3520400999516115e-10,1.1970063044204473
0.36363,4.743657612212502e-10,3.6935359314650167e-10,5.490004190746456e-10,4.678778919288255e-10,2.3224945987852307e-10,1.0831865724649812
0.36375,4.346902101843859e-10,3.683763577651572e-10,5.48319139504202e-10,4.670942136313234e-10,2.307081215516792e-10,0.646229521210795
0.36386,4.054452218596579e-10,3.6782087166096836e-10,5.480561935286171e-10,4.667210724083372e-10,2.2968937306082055e-10,0.3467752851594411
0.36397,3.822488098454666e-10,3.679196001178466e-10,5.475237934134046e-10,4.664480405479476e-10,2.305545867293585e-10,0.13246643901394978
0.36409,3.644821510580279e-10,3.670662033041574e-10,5.467313516048399e-10,4.656466781676404e-10,2.294512108054889e-10,-0.026323588966404462
0.3642,3.614292803096677e-10,3.669729020206322e-10,5.461789170836593e-10,4.652854525194658e-10,2.2988473518205435e-10,-0.04832264004254063
0.36431,3.479599650446042e-10,3.6712183924998836e-10,5.462774795737937e-10,4.654027631725035e-10,2.301199193753296e-10,-0.16512281255164313
0.36443,3.487599518571556e-10,3.6788015929084515e-10,5.467875413643109e-10,4.660008764766422e-10,2.3133603941049869e-10,-0.15813554548133923
0.36454,3.749059492773059e-10,3.669295723162747e-10,5.461805258460873e-10,4.65268699287785e-10,2.297826828987729e-10,0.07266213546409324
0.36466,4.3058186043856164e-10,3.676802581450781e-10,5.468893052966232e-10,4.659798084655634e-10,2.307448047260639e-10,0.6175824008492251
0.36477,4.753138780728532e-10,3.6509681379710614e-10,5.449626309515176e-10,4.638318771796043e-10,2.2684317005101142e-10,1.1151664664129979
0.36488,4.6558255723092986e-10,3.6871597031596814e-10,5.476833994493971e-10,4.668547293002089e-10,2.3228291764337536e-10,0.9984507981986556
0.365,4.149594579083396e-10,3.6857763949683856e-10,5.476808813320691e-10,4.667982993869211e-10,2.319558688205045e-10,0.4536119098235871
0.36511,3.426016082863267e-10,3.69024096324238e-10,5.486414817059931e-10,4.675385876030154e-10,2.3187966814029528e-10,-0.22049488245617171
0.36523,2.4747347375753687e-10,3.6692173696689465e-10,5.473043411773587e-10,4.659251592199584e-10,2.2843260998151652e-10,-0.9020785056048325
0.36534,2.3200149436693272e-10,3.6919805141320765e-10,5.488839307391137e-10,4.677515307749247e-10,2.3200149436693272e-10,-1.2161938195643889
0.36546,2.267183655597029e-10,3.663449057819879e-10,5.476005685408557e-10,4.65870448161145e-10,2.267183655597029e-10,-1.6290381726610004
0.36557,2.2818072165558727e-10,3.673606916345246e-10,5.484391219458514e-10,4.667617770898213e-10,2.2818072165558727e-10,-1.0856740751647376
0.36568,3.046611003594162e-10,3.7042389587184457e-10,5.50336973972193e-10,4.690866058279486e-10,2.3321449267408623e-10,-0.5241797466743716
0.3658,3.6980296895531395e-10,3.690611650457778e-10,5.494383428407109e-10,4.680227071365511e-10,2.3100097366345698e-10,0.005739832768904063
0.36591,4.2065255658451916e-10,3.6786833920323083e-10,5.485732936078574e-10,4.670439662254538e-10,2.2918651457847662e-10,0.4919111938603468
0.36603,4.802602672624734e-10,3.715135474948743e-10,5.511293669057644e-10,4.699807950016179e-10,2.348935896699705e-10,1.1382946250699908
0.36614,5.138667581919718e-10,3.687758135971496e-10,5.494893236278131e-10,4.67938100385904e-10,2.302890103085896e-10,1.537543015895164
0.36626,4.3572541658672965e-10,3.6959734954387403e-10,5.50023672402426e-10,4.685747176751493e-10,2.3161477402060157e-10,0.6438065060647034
0.36637,3.0743991537648263e-10,3.6897257342470273e-10,5.482910047291998e-10,4.673123289172414e-10,2.3217557310278866e-10,-0.4954572169411625
0.36649,2.344296796613479e-10,3.69883740036786e-10,5.482425686236589e-10,4.676432711383944e-10,2.344296796613479e-10,-1.5379701376119757
0.3666,2.2866685545662089e-10,3.6646936062627635e-10,5.461943423413422e-10,4.650939722214271e-10,2.2866685545662089e-10,-1.9386980874768796
0.36671,2.298339307531409e-10,3.675252098515892e-10,5.473380120984878e-10,4.661845487482007e-10,2.298339307531409e-10,-1.5019530467872368
0.36683,2.618447840532234e-10,3.672626575426196e-10,5.473042044832506e-10,4.660597158565676e-10,2.2927468898424866e-10,-0.8119449086683813
0.36694,4.057201293224797e-10,3.6812387729955395e-10,5.48050313832775e-10,4.668364654759825e-10,2.3042495270200968e-10,0.35236823078730695
0.36706,4.767324833559323e-10,3.66941774659588e-10,5.472313284670064e-10,4.658896727740564e-10,2.285724429937602e-10,1.1130943543332976
0.36717,4.752314582564912e-10,3.6498951247974876e-10,5.454772093782242e-10,4.640917684266185e-10,2.2598240079375287e-10,1.1031070498466073
0.36729,4.866922397402661e-10,3.6867286022830904e-10,5.477839976172771e-10,4.668963110653335e-10,2.3206349167083847e-10,1.2412342974294863
0.3674,4.890727275864562e-10,3.659880122268697e-10,5.456135486492149e-10,4.6456427090092283e-10,2.282005475732438e-10,1.2765336915749976
0.36752,4.848381348120273e-10,3.662217404264814e-10,5.449901510219881e-10,4.6429023241134905e-10,2.29502543951761e-10,1.2412496517781162
0.36763,4.5758529008479865e-10,3.637677874514865e-10,5.434394244854347e-10,4.624122928738067e-10,2.2548361926736443e-10,0.9238537828503074
0.36775,4.110156086534341e-10,3.6755613918621014e-10,5.460405613740833e-10,4.6543302519845324e-10,2.3145692964279518e-10,0.42696292327347624
0.36786,3.411381111164251e-10,3.652238264000038e-10,5.443325876084845e-10,4.635111738732112e-10,2.2789600424649055e-10,-0.21601975196140008
0.36798,2.5035225734880353e-10,3.6398532916253896e-10,5.436187035001125e-10,4.6260239364830954e-10,2.2579666335835057e-10,-0.8758716926022484
0.36809,2.3122798216695573e-10,3.672884332700303e-10,5.456988366047684e-10,4.651258922209835e-10,2.3122798216695573e-10,-1.0763164575589415
0.36821,2.2504391128011856e-10,3.634528698504832e-10,5.431849051777858e-10,4.6213753136949995e-10,2.2504391128011856e-10,-1.2625003600843538
0.36832,2.431211500150036e-10,3.6400046562781823e-10,5.433850889490474e-10,4.624723362700942e-10,2.2609981717104608e-10,-0.9185214156479484
0.36844,3.418410639148402e-10,3.658805071230326e-10,5.44792588532661e-10,4.6404010778183687e-10,2.289210151305482e-10,-0.2104011750232982
0.36855,4.0163952279155564e-10,3.66684849513956e-10,5.449522914345861e-10,4.6445135240656e-10,2.306559495622493e-10,0.34010929738467344
0.36867,4.2955452057361667e-10,3.6647662931778873e-10,5.4507164141328e-10,4.644394611952831e-10,2.3001529394544703e-10,0.6219408089430957
0.36878,4.3079834846018105e-10,3.6377572646645504e-10,5.430766508956933e-10,4.622027022560094e-10,2.2592810749694606e-10,0.6375586775100647
0.3689,4.4496233656642835e-10,3.6752240974484954e-10,5.458054531071338e-10,4.652814346419974e-10,2.3165920976501228e-10,0.7868831564029511
0.36902,4.3145894010646327e-10,3.645577857184923e-10,5.439651296740599e-10,4.6303328253831857e-10,2.2673897847333288e-10,0.639063054348427
0.36913,3.2249082498194755e-10,3.679953293131647e-10,5.465721379651301e-10,4.659178499917883e-10,2.3187105540812607e-10,-0.37113398193673747
0.36925,2.559824383020302e-10,3.678805122013166e-10,5.466379866910616e-10,4.659108775133929e-10,2.3153665853307696e-10,-0.8430910136346585
0.36936,2.345553858006282e-10,3.6855375557004967e-10,5.466771555743087e-10,4.662026662220451e-10,2.330989388492076e-10,-0.9698359411046927
0.36948,2.9313361322282693e-10,3.649469747882822e-10,5.439909443331308e-10,4.632026097336988e-10,2.2763236705643098e-10,-0.5888416134224823
0.36959,3.35371146784945e-10,3.675929262691641e-10,5.461415000520655e-10,4.6550706186515607e-10,2.3140978489854578e-10,-0.26592597485555197
0.36971,4.884102016974873e-10,3.651022136911014e-10,5.45259625719356e-10,4.640070214407883e-10,2.2651369865188714e-10,1.2637621383977726
0.36982,5.561641861493609e-10,3.668027679446589e-10,5.460544476734162e-10,4.6514412418934277e-10,2.2963148121894334e-10,2.1359551169852176
0.36994,5.392134292034962e-10,3.638027703281142e-10,5.433273010307795e-10,4.623608713507544e-10,2.2569411526855386e-10,1.925627457453221
0.37005,4.999308107894316e-10,3.642087209608489e-10,5.433111661298373e-10,4.625111143615857e-10,2.2668289547721857e-10,1.4304271319052841
0.37017,4.181964188810128e-10,3.6505723714501904e-10,5.440278685346217e-10,4.632665323369875e-10,2.278595176787748e-10,0.5049509665912266
0.37029,3.294335343487007e-10,3.650141770221048e-10,5.437506089215879e-10,4.630870381960826e-10,2.2808401165221782e-10,-0.3085210481917358
0.3704,3.1143953810103245e-10,3.651526547392282e-10,5.438636435653735e-10,4.632076591377742e-10,2.282838587857945e-10,-0.45067492465212133
0.37052,3.4860768662622656e-10,3.65661579845328e-10,5.445904894094615e-10,4.638342365892377e-10,2.2864307079757636e-10,-0.152420926105566
0.37063,3.020120517708277e-10,3.644622583859321e-10,5.436296430714957e-10,4.6279797273343617e-10,2.2691153759417277e-10,-0.5235304279700156
0.37075,2.256204032012561e-10,3.6373943015849274e-10,5.43270838435816e-10,4.6230103049803033e-10,2.256204032012561e-10,-1.1574925090545254
0.37087,2.3071677951155161e-10,3.6666510614694025e-10,5.44866803445424e-10,4.643930642578718e-10,2.3071677951155161e-10,-1.6863962918097593
0.37098,2.3041077134122593e-10,3.6641346163264457e-10,5.446075622797456e-10,4.641431676975389e-10,2.3041077134122593e-10,-2.119517604892596
0.3711,2.2957440698209165e-10,3.6594476576027303e-10,5.44375534956219e-10,4.6382028087307385e-10,2.2957440698209165e-10,-1.754600067671764
0.37121,2.653416041522985e-10,3.651368595364066e-10,5.438142513866152e-10,4.6317354572948054e-10,2.2829724990193436e-10,-0.7778391706022814
0.37133,3.940996855232513e-10,3.669229712772822e-10,5.453089097312708e-10,4.6475578519143125e-10,2.3080251357324665e-10,0.26370834005601573
0.37145,4.700940353528268e-10,3.638510731405367e-10,5.430563278904043e-10,4.622211480351135e-10,2.2613680038236878e-10,1.074502584144333
0.37156,4.834644177050191e-10,3.644011380056993e-10,5.434502280749338e-10,4.6266449966894497e-10,2.2702874178501005e-10,1.2305838976641268
0.37168,4.475487727657421e-10,3.6603378985379697e-10,5.444940341809121e-10,4.639282915061322e-10,2.2963573528804636e-10,0.8205482811496528
0.37179,4.2864642547999705e-10,3.6541181120439573e-10,5.439590967526946e-10,4.633655832877128e-10,2.2881661868435252e-10,0.6191214770057053
0.37191,4.326756861405116e-10,3.659970102437178e-10,5.445999147004154e-10,4.639735759469409e-10,2.2942541406088003e-10,0.6573115095281956
0.37203,3.828197118746569e-10,3.665649464961204e-10,5.45310435227797e-10,4.646120722509539e-10,2.2995631436182465e-10,0.15349950029888124
0.37214,3.045886145823178e-10,3.666001670841471e-10,5.472076413646267e-10,4.6426509183330307e-10,2.302078578781592e-10,-0.5051548654755382
0.37226,2.3349449768476223e-10,3.678795064701289e-10,5.459647094908638e-10,4.65516282949772e-10,2.3232535815784194e-10,-0.9747870934654616
0.37238,2.7285934410918454e-10,3.661421254539871e-10,5.447229094550483e-10,4.641029032788859e-10,2.2962739621391323e-10,-0.7294351838054209
0.37249,3.3556024106900036e-10,3.6507912931974336e-10,5.438153041897532e-10,4.631512242967986e-10,2.2815906645988112e-10,-0.2585791361724421
0.37261,3.865112857199958e-10,3.6616655523196476e-10,5.446436128203238e-10,4.640660248490544e-10,2.297806019706825e-10,0.19306653072956304
0.37273,4.260161407697209e-10,3.6637518064175346e-10,5.459290112703538e-10,4.6490271554996087e-10,2.2875305778403468e-10,0.5709805465481542
0.37284,4.3478825436140787e-10,3.684920464010286e-10,5.474786548565172e-10,4.666471793136554e-10,2.3198338851064044e-10,0.6610596371097168
0.37296,4.502430375094234e-10,3.693231912415655e-10,5.482032240320549e-10,4.673857741525177e-10,2.333319688061294e-10,0.8013951500303215
0.37308,4.4234739601909117e-10,3.6886769966091083e-10,5.476823338209976e-10,4.669140760824676e-10,2.326488263040115e-10,0.7426973709038048
0.37319,4.1840678361712607e-10,3.652982044903585e-10,5.451940999373066e-10,4.64046309874537e-10,2.2705463830790427e-10,0.49240787455612756
0.37331,3.887163326911399e-10,3.661791293706829e-10,5.458334511576855e-10,4.647686409188476e-10,2.284017306045071e-10,0.1994042089077807
0.37343,3.323600821224206e-10,3.676576125447019e-10,5.471037892467879e-10,4.660953274747524e-10,2.3044387288539546e-10,-0.29884009657571103
0.37354,2.329586051177794e-10,3.692832355790861e-10,5.485230106714505e-10,4.675284761248373e-10,2.329586051177794e-10,-1.162345198741091
0.37366,2.3271475810114106e-10,3.6920777971485233e-10,5.48278267280133e-10,4.673937286362001e-10,2.3271475810114106e-10,-1.6631499705874628
0.37378,2.287334794667272e-10,3.6639206125574267e-10,5.459753003079443e-10,4.6493662079468414e-10,2.287334794667272e-10,-2.1007973549315615
0.37389,2.337243042826163e-10,3.693338757668472e-10,5.477198004213942e-10,4.671204413370536e-10,2.337243042826163e-10,-2.1139251155931555
0.37401,2.3384814576261103e-10,3.695277103993816e-10,5.479784235324217e-10,4.673531204650726e-10,2.3384814576261103e-10,-1.059225093906916
0.37413,3.933528771904694e-10,3.661207324304979e-10,5.457973772325114e-10,4.647247954833288e-10,2.2830294163406895e-10,0.24360517423316602
0.37424,4.855130812239881e-10,3.671148297639397e-10,5.464536412700209e-10,4.655014542887532e-10,2.299055428793477e-10,1.2327854333548411
0.37436,5.191623376381197e-10,3.6964025556243326e-10,5.481963873988028e-10,4.675192058141065e-10,2.3390259098063337e-10,1.6441641132752896
0.37448,5.246957953676107e-10,3.639743840587676e-10,5.444289341373221e-10,4.630631958142083e-10,2.249031151617959e-10,1.715008281327563
0.37459,5.001782490025983e-10,3.6888265300914714e-10,5.476373370663715e-10,4.668849668619107e-10,2.328013730758127e-10,1.410689131287889
0.37471,4.771467893959047e-10,3.6747987616597944e-10,5.465794816131549e-10,4.657194408119449e-10,2.3063101432867237e-10,1.1366580628925882
0.37483,4.536240187359313e-10,3.687352543976317e-10,5.476877733715509e-10,4.66865881190848e-10,2.323160706449214e-10,0.8643488415405474
0.37495,3.8384018090972436e-10,3.6763053828635916e-10,5.476333961257416e-10,4.663957739680363e-10,2.2974628577633602e-10,0.14379565475434775
0.37506,2.973400252625162e-10,3.683341822708869e-10,5.482364000708726e-10,4.670299469379587e-10,2.3070032653593475e-10,-0.5725185514949702
0.37518,2.2976539675788017e-10,3.684071230978647e-10,5.491649990438053e-10,4.676047923044788e-10,2.2976539675788017e-10,-1.3841583535330069
0.3753,2.357891612743001e-10,3.7200085468873715e-10,5.514068684692699e-10,4.703527635604612e-10,2.357891612743001e-10,-1.4067614834387336
0.37541,2.7175868269112005e-10,3.6982636590163136e-10,5.498643706211568e-10,4.685724889145555e-10,2.3234333329602245e-10,-0.7527869539884975
0.37553,3.533444032614541e-10,3.70180144141045e-10,5.504875164215644e-10,4.690793242881305e-10,2.3245104117030006e-10,-0.14050482414550472
0.37565,4.021951064695439e-10,3.702053589487865e-10,5.505214173960022e-10,4.691086913996013e-10,2.3247101004309877e-10,0.3035732366225504
0.37577,3.5923445236085193e-10,3.7041012805810436e-10,5.508094281658191e-10,4.69359034726591e-10,2.326135491220411e-10,-0.0916464122037243
0.37588,3.7065154078695833e-10,3.6942730618330733e-10,5.49922699002242e-10,4.684516363001064e-10,2.3130853773140248e-10,0.010881622678700124
0.376,3.729186551807023e-10,3.6952885274341405e-10,5.497065957196441e-10,4.683644818424283e-10,2.3181126595005987e-10,0.03414580234060065
0.37612,3.816345979207729e-10,3.69104203061648e-10,5.489688089369509e-10,4.677630451367383e-10,2.3167708647470337e-10,0.11903297570541002
0.37624,3.7850063829436195e-10,3.6757102984895226e-10,5.477855408537343e-10,4.664638130565709e-10,2.294122074031613e-10,0.0918145907879621
0.37635,3.6775898223392986e-10,3.6813897911515594e-10,5.480823067078668e-10,4.668628203163782e-10,2.3041371124054778e-10,-0.004145317659564986
0.37647,3.7858014578777985e-10,3.676529009537074e-10,5.478728729390579e-10,4.665475033703869e-10,2.2950349722861797e-10,0.09218983897892631
0.37659,3.608190569826291e-10,3.689275696463296e-10,5.48691182790592e-10,4.675299990777453e-10,2.3158669176549585e-10,-0.06611899285878925
0.37671,3.153605573269067e-10,3.6850258681325265e-10,5.4856064321554e-10,4.672844983088096e-10,2.3073346430114839e-10,-0.44018483359541305
0.37683,2.6392254714740235e-10,3.687469045051918e-10,5.485716852602011e-10,4.673869182203962e-10,2.3130489171327723e-10,-0.8002695889987802
0.37694,2.3029193522219687e-10,3.6796467811225587e-10,5.478380396498115e-10,4.66649799952296e-10,2.3029193522219687e-10,-1.0288721355812307
0.37706,2.516667021433337e-10,3.648906693806949e-10,5.449610808513361e-10,4.637484619371343e-10,2.2635882473692626e-10,-0.8716211043834576
0.37718,2.7146877573885263e-10,3.65107012484587e-10,5.449339494636119e-10,4.63817766089795e-10,2.2690879602199713e-10,-0.7441187991239682
0.3773,2.863983056567159e-10,3.6780215789587236e-10,5.464078706880932e-10,4.657506999042212e-10,2.316019171606957e-10,-0.6401346311548739
0.37742,4.4765549749497874e-10,3.6616427426510185e-10,5.459370757592427e-10,4.6482373648986286e-10,2.282428601388281e-10,0.7993682034998311
0.37753,4.104066518386667e-10,3.668750595469993e-10,5.461087001198763e-10,4.65204747628215e-10,2.2973918372910064e-10,0.4138136321186018
0.37765,4.2826596478277314e-10,3.6496543710633443e-10,5.435114073577702e-10,4.629270111121415e-10,2.282532980608072e-10,0.6166958147846177
0.37777,4.788975073892564e-10,3.6414137129286303e-10,5.427973631798857e-10,4.6218440784117787e-10,2.2712088290967341e-10,1.185817655517181
0.37789,5.002242521841832e-10,3.627074937851516e-10,5.409023771331887e-10,4.605061727808767e-10,2.2591614401101585e-10,1.463711051922557
0.37801,4.261219142172632e-10,3.624471264434068e-10,5.396773433690504e-10,4.59682915749228e-10,2.2678425283888273e-10,0.6266321947490476
0.37812,3.2464946994839585e-10,3.636671571581087e-10,5.403377098048086e-10,4.6055294801490347e-10,2.2891471561716398e-10,-0.32486716524529524
0.37824,2.5041072224443514e-10,3.64025538051151e-10,5.406788573651531e-10,4.609544686520121e-10,2.2715706050366992e-10,-0.8674101890534658
0.37836,2.823852836075312e-10,3.604905195802069e-10,5.379556658306578e-10,4.579022256817936e-10,2.2414653703739172e-10,-0.6444809056684705
0.37848,3.8518574892683033e-10,3.6242906707678053e-10,5.393639808026871e-10,4.594930955737726e-10,2.2710398312694154e-10,0.2148871592333262
0.3786,4.4913460986369603e-10,3.631980661277867e-10,5.400369993048509e-10,4.6018814860107444e-10,2.2816475824253916e-10,0.8812813657912827
0.37871,4.308184305324016e-10,3.637995082687431e-10,5.407253574106308e-10,4.608451875204233e-10,2.2878310305653143e-10,0.6758048655133299
0.37883,3.755759019870766e-10,3.6283633299468566e-10,5.399139828505077e-10,4.5997606410868305e-10,2.274282467579822e-10,0.11996070942086175
0.37895,3.2646032075480014e-10,3.6233304693468813e-10,5.395290022999145e-10,4.595511096122058e-10,2.2668299227944524e-10,-0.31097708499277693
0.37907,3.2140596457709036e-10,3.638618259245156e-10,5.40638305956368e-10,4.6080578035989466e-10,2.2902602319768727e-10,-0.3525888069917883
0.37919,3.3300416743419736e-10,3.627311274306622e-10,5.402671729926717e-10,4.6014248258492055e-10,2.2675071889242563e-10,-0.2614338430869213
0.37931,3.2200492458442905e-10,3.6439100668926577e-10,5.417172183882465e-10,4.616482555012481e-10,2.2900390897621611e-10,-0.3541939389496401
0.37943,2.475354750215102e-10,3.6205368929562795e-10,5.395904717724832e-10,4.594779369935316e-10,2.259369478716436e-10,-0.8792744632229675
0.37954,2.3093574552577463e-10,3.6500142025215324e-10,5.413330367334682e-10,4.616633737099566e-10,2.3093574552577463e-10,-1.1367522207974838
0.37966,2.511630422605391e-10,3.6454345041583163e-10,5.408769026510847e-10,4.612140600798836e-10,2.3038012698867387e-10,-0.8545382014387113
0.37978,3.697641117489625e-10,3.6167435432193086e-10,5.380712830714683e-10,4.5843761759984246e-10,2.2682753030164396e-10,0.07794882242840133
0.3799,4.5285968543884063e-10,3.628959270239678e-10,5.38807927494509e-10,4.593509310196924e-10,2.288883484277052e-10,0.94066722137691
0.38002,5.034213627170981e-10,3.607108263080982e-10,5.374121134474873e-10,4.5766978296275197e-10,2.2530898556180385e-10,1.5490324335561025
0.38014,4.990282213593493e-10,3.6105621347340947e-10,5.377321652154456e-10,4.5799431600678714e-10,2.257528313827579e-10,1.4916086038568446
0.38026,4.665156785147548e-10,3.5921593609726895e-10,5.366334410065814e-10,4.566245741855091e-10,2.2264992994865028e-10,1.0931144596631244
0.38038,3.288632832246169e-10,3.6166533204131216e-10,5.37972538512623e-10,4.583743388871478e-10,2.2693347592832565e-10,-0.28106027896652097
0.38049,2.459796818903188e-10,3.6099178168112474e-10,5.374928840383346e-10,4.578263070484481e-10,2.2589684046666103e-10,-0.8817196242987846
0.38061,2.2719324815914953e-10,3.635897217851105e-10,5.426971955537899e-10,4.627624343796463e-10,2.2719324815914953e-10,-1.3245128869576204
0.38073,2.2232010102166406e-10,3.656645965826708e-10,5.434801390680895e-10,4.6358610366727324e-10,2.2232010102166406e-10,-1.4616071693087478
0.38085,2.224296958106567e-10,3.589526262723978e-10,5.363009466715918e-10,4.563251205283525e-10,2.224296958106567e-10,-1.6958543494201652
0.38097,2.245546331756454e-10,3.6023804935754033e-10,5.371023409212434e-10,4.5730088004007344e-10,2.245546331756454e-10,-1.335746510485769
0.38109,2.428934409743777e-10,3.5889593937764697e-10,5.36071187407381e-10,4.5616537274466633e-10,2.2256786734114697e-10,-0.9006442739874766
0.38121,3.79223966879137e-10,3.6070557172726996e-10,5.372337029798482e-10,4.5748336826809496e-10,2.2567250617565255e-10,0.17137983058780742
0.38133,4.471476047721124e-10,3.607380183942176e-10,5.371644115197133e-10,4.575313849259161e-10,2.2567782595416136e-10,0.8796153923426161
0.38145,5.06543607098484e-10,3.585010327835887e-10,5.357640962140667e-10,4.5583110567624975e-10,2.2198863286844362e-10,1.591838868483639
0.38157,5.109475597241622e-10,3.5801091140989917e-10,5.354751593172652e-10,4.5546700397239934e-10,2.21172158312912e-10,1.6474551415207397
0.38169,4.828174563494727e-10,3.6354234038668827e-10,5.39280420869395e-10,4.5988033253018873e-10,2.2988536451496688e-10,1.2935557911198454
0.38181,4.878223884501735e-10,3.5824718500980535e-10,5.356810214933842e-10,4.5568110603382355e-10,2.2149056749899053e-10,1.3551962606231878
0.38192,5.179914305844965e-10,3.612448917184108e-10,5.37734152475546e-10,4.580701950616819e-10,2.2620159079864325e-10,1.7373729814313634
0.38204,5.311833074133994e-10,3.592166790978419e-10,5.363684681876904e-10,4.5646831409716624e-10,2.2297623610508537e-10,1.911579315979679
0.38216,4.885137099408211e-10,3.5918797112280817e-10,5.359441653022905e-10,4.562091541697849e-10,2.2340171933112566e-10,1.3712945881417067
0.38228,4.039796612734279e-10,3.5967103882128633e-10,5.372318860819431e-10,4.5662194440424043e-10,2.2412177575249354e-10,0.41724775357314264
0.3824,2.501488532320712e-10,3.59017572637759e-10,5.359840384587355e-10,4.5616499555256986e-10,2.2294797644314533e-10,-0.8546717263318877
0.38252,2.298077918493493e-10,3.630437626871777e-10,5.383335450712099e-10,4.591314260951346e-10,2.298077918493493e-10,-1.658712205121675
0.38264,2.2002379077401403e-10,3.554143774872647e-10,5.311977506418736e-10,4.5193360449841886e-10,2.2002379077401403e-10,-1.7292486692890867
0.38276,2.231651658154765e-10,3.5732232119809875e-10,5.323861445566378e-10,4.5338540096114035e-10,2.231651658154765e-10,-1.588887704179493
0.38288,2.2736093672604615e-10,3.6057383673066755e-10,5.352553908471334e-10,4.5638160235526643e-10,2.2736093672604615e-10,-1.2199348420798384
0.383,2.3678824099498106e-10,3.598014896004155e-10,5.342926251990576e-10,4.554805812550577e-10,2.2685828313154586e-10,-0.9259843059961276
0.38312,3.221656482892182e-10,3.5846840978147595e-10,5.337663183295403e-10,4.5449216546497707e-10,2.2458047228320273e-10,-0.3152809629218604
0.38324,3.4475464467470356e-10,3.5813798826312297e-10,5.328973169729718e-10,4.540018109295894e-10,2.245306593712063e-10,-0.11805133102492453
0.38336,3.5176531757704385e-10,3.574588435083942e-10,5.323110212963161e-10,4.5339260946256144e-10,2.2358627348086065e-10,-0.05404519204678515
0.38348,3.4503915720766925e-10,3.584118770617882e-10,5.330717874917531e-10,4.542151969927851e-10,2.249644880973848e-10,-0.11550792276880924
0.3836,3.737474085873532e-10,3.57079898097989e-10,5.322182389917176e-10,4.5319004936830365e-10,2.2278082924244468e-10,0.1486120552346366
0.38372,3.977871885957641e-10,3.593619527878951e-10,5.338835340486141e-10,4.550665830225992e-10,2.2627498970111484e-10,0.3849862806586253
0.38384,3.767877575607201e-10,3.581434163392982e-10,5.327627263767247e-10,4.5392880705998315e-10,2.2468072516263862e-10,0.18021214324088036
0.38396,3.759540161645985e-10,3.572661678494608e-10,5.318416329602616e-10,4.5304184030352244e-10,2.2367819500122673e-10,0.17639175041527733
0.38408,3.783775914192419e-10,3.5981563905391147e-10,5.354038818525678e-10,4.5613766988982957e-10,2.2555539028533092e-10,0.17657979450533065
0.3842,3.5474743454128626e-10,3.603938518702898e-10,5.364275094339828e-10,4.569665612603608e-10,2.2572153385693169e-10,-0.05051842171032758
0.38432,3.4862864648392684e-10,3.601335923712683e-10,5.364165402588687e-10,4.56857858265288e-10,2.2510871179879935e-10,-0.10673203915853778
0.38444,3.615719102616308e-10,3.6031682746765195e-10,5.364552878064118e-10,4.569527761299527e-10,2.2550231075680765e-10,0.010451187488322217
0.38456,3.7735332030303245e-10,3.6085240271284226e-10,5.367340752765773e-10,4.573275419284382e-10,2.26454984600748e-10,0.1590511017870031
0.38468,3.7700139910295134e-10,3.6048437292827423e-10,5.364211825701236e-10,4.569986710025573e-10,2.2594534456522126e-10,0.15658126036291672
0.3848,3.7963902414722864e-10,3.6114191265347193e-10,5.370192271579458e-10,4.5760926077005976e-10,2.2680876417224385e-10,0.17979525797740342
0.38492,3.499498832158641e-10,3.597997971346421e-10,5.360678888617103e-10,4.565216397857741e-10,2.2472411684089097e-10,-0.09365985490147019
0.38504,2.775743069279827e-10,3.609735914667061e-10,5.37699281016378e-10,4.5756241161267076e-10,2.2645777830574796e-10,-0.6698178912712861
0.38516,2.2160288662120286e-10,3.5798203845631283e-10,5.350439902695683e-10,4.5520364848018897e-10,2.2160288662120286e-10,-1.0460609122164117
0.38528,2.2989375590971666e-10,3.6334432704548716e-10,5.388853292395859e-10,4.595700036141837e-10,2.2989375590971666e-10,-1.4762303788364344
0.3854,2.2531168049403404e-10,3.604349792742797e-10,5.368492154556202e-10,4.5723154388334307e-10,2.2531168049403404e-10,-1.3885771894153665
0.38552,2.5642178741020296e-10,3.587072642860436e-10,5.356342365338666e-10,4.558354946119826e-10,2.2263586181081932e-10,-0.8136734623379824
0.38564,4.4614051777346715e-10,3.594889414999117e-10,5.365302762135734e-10,4.5667725867784124e-10,2.2338798626918893e-10,0.8631422027870151
0.38576,5.63887428510922e-10,3.5867983001148924e-10,5.348354973728778e-10,4.553571359123082e-10,2.235052364521847e-10,2.395267048001326
0.38588,6.150194880530958e-10,3.6044197188793856e-10,5.357762925368196e-10,4.566040228420995e-10,2.2660851191037467e-10,3.1692366497016216
0.386,5.893352298127656e-10,3.622152028523495e-10,5.371318456175863e-10,4.580979360611049e-10,2.2926202426373276e-10,2.7704078615675924
0.38613,5.060883826096938e-10,3.578575226706979e-10,5.340813911649472e-10,4.5458980171344805e-10,2.2243807310959908e-10,1.6139038989329113
0.38625,4.349165338105178e-10,3.5992298762024963e-10,5.352511479964437e-10,4.560908053552695e-10,2.2599048334087807e-10,0.7654975145212377
0.38637,3.5987640662125483e-10,3.591140984971332e-10,5.346519731208315e-10,4.5542068702226657e-10,2.2476086285117175e-10,0.00604712142493668
0.38649,2.7385597134937716e-10,3.5812222901341016e-10,5.34117229584524e-10,4.5471590565411656e-10,2.230225986317915e-10,-0.6896316950289312
0.38661,2.2116325601554648e-10,3.573024662526239e-10,5.340444492403429e-10,4.543490056470329e-10,2.2116325601554648e-10,-1.3602013794682914
0.38673,2.2832737386206903e-10,3.6168071575029564e-10,5.36831791861121e-10,4.5771208267162843e-10,2.2832737386206903e-10,-2.0636629548665475
0.38685,2.2333103510195402e-10,3.58479200066755e-10,5.345795037446658e-10,4.551274657808985e-10,2.2333103510195402e-10,-2.68047068201585
0.38697,2.298731330677764e-10,3.627275870299507e-10,5.376547275812501e-10,4.58606536317183e-10,2.298731330677764e-10,-2.7979947904750846
0.38709,2.2858352565813308e-10,3.6227482871309395e-10,5.378204390255648e-10,4.5852502094832366e-10,2.2858352565813308e-10,-2.4133474706915097
0.38721,2.2508333098996018e-10,3.6037329505244187e-10,5.36925147232599e-10,4.572503750737569e-10,2.2508333098996018e-10,-1.2797496291265413
0.38733,3.5115525267479355e-10,3.625800362487132e-10,5.390879766883457e-10,4.593904128314391e-10,2.2779545761145988e-10,-0.0949973595392527
0.38745,4.897468025078477e-10,3.6086324884343e-10,5.377122287926954e-10,4.5790685899811817e-10,2.2531260375176966e-10,1.3736728427101363
0.38758,5.224160424676302e-10,3.6068010955941467e-10,5.372998759214769e-10,4.575919104876636e-10,2.2536804648445985e-10,1.7967273145045632
0.3877,5.044196559419246e-10,3.621027769522081e-10,5.383200949656302e-10,4.58752374378327e-10,2.275596850860098e-10,1.5621338627075292
0.38782,4.5559603882388007e-10,3.612622966522125e-10,5.379009988174791e-10,4.581731676843062e-10,2.2605718042258248e-10,0.9690378822428476
0.38794,4.3255282452038723e-10,3.6154605807884747e-10,5.381264321451059e-10,4.5841885535001064e-10,2.2645754201994633e-10,0.7106184818299023
0.38806,4.1028777074930024e-10,3.597209059583961e-10,5.366845833460864e-10,4.568542323237117e-10,2.2380400639530392e-10,0.47717227376183435
0.38818,3.5485610216106586e-10,3.696919984505269e-10,5.454096431751111e-10,4.664116918500776e-10,2.2502712653849551e-10,-0.14134827522424462
0.3883,3.3756819481954044e-10,3.6189158413522264e-10,5.378662218030388e-10,4.584022705993335e-10,2.275974322590646e-10,-0.20529848850488844
0.38842,2.9064590149128583e-10,3.5898539888740196e-10,5.352855287283964e-10,4.557413912416404e-10,2.2370447923617593e-10,-0.5731937268363095
0.38855,2.2659710255960443e-10,3.5833442423653215e-10,5.353093043536338e-10,4.554968540583289e-10,2.221362705149567e-10,-0.9954374925798167
0.38867,2.293747964741321e-10,3.600973491531545e-10,5.369270077923759e-10,4.5714178289114343e-10,2.2442761171073668e-10,-0.981423331294438
0.38879,3.35326994939509e-10,3.5980192613344804e-10,5.358700797232818e-10,4.5640787453150307e-10,2.2495468263010435e-10,-0.2188407696124597
0.38891,3.883719163675949e-10,3.607639812182777e-10,5.363123902108808e-10,4.5704515282653834e-10,2.2674314455201822e-10,0.27056877490588294
0.38903,4.732486157772625e-10,3.624039790017474e-10,5.372000763847663e-10,4.582144728506399e-10,2.2962662896308063e-10,1.2028323054277665
0.38915,5.482761192237311e-10,3.6136638587263986e-10,5.361925324440885e-10,4.5721239616262255e-10,2.2833815984172399e-10,2.1861790727709245
0.38927,5.809377543602646e-10,3.5713717293113955e-10,5.340977999780632e-10,4.5432127939692836e-10,2.2075693214605475e-10,2.635578408702618
0.3894,5.677307170327205e-10,3.6105791752413265e-10,5.367913511222188e-10,4.5743142954703854e-10,2.2687182707325435e-10,2.439049696506798
0.38952,4.411423881726718e-10,3.581723578855576e-10,5.345153865766893e-10,4.5496806469334434e-10,2.2267939820250914e-10,0.8274121079254669
0.38964,2.914374371638533e-10,3.596265512184825e-10,5.357105165919019e-10,4.5624939717137645e-10,2.2471412844372173e-10,-0.5674613021295558
0.38976,2.2663806409311538e-10,3.6113052279249626e-10,5.371516144057078e-10,4.5767772401102096e-10,2.2663806409311538e-10,-1.932051754066298
0.38988,2.229293029470315e-10,3.588464136303373e-10,5.356532593042143e-10,4.559038380489134e-10,2.229293029470315e-10,-1.5170914568686513
0.39001,3.3493755839089343e-10,3.59439008087646e-10,5.357321313103115e-10,4.5618309543606894e-10,2.2425482828134863e-10,-0.22305694195955444
0.39013,4.258989709851633e-10,3.621849902703303e-10,5.378119060391559e-10,4.584853308447419e-10,2.2837270018660726e-10,0.6500592589759399
0.39025,4.526793794444832e-10,3.626708972733566e-10,5.383673960279262e-10,4.5899964751113266e-10,2.2889004942130244e-10,0.944484850616745
0.39037,3.942595942866201e-10,3.615684330986354e-10,5.375733295653881e-10,4.5809675152071324e-10,2.2720432622430481e-10,0.3198647195821818
0.39049,2.880223896968858e-10,3.608543697570447e-10,5.386817283121735e-10,4.589720496278676e-10,2.2720357531253345e-10,-0.5894804384739029
0.39062,2.2310176233385062e-10,3.5845073903164574e-10,5.347185075694391e-10,4.551973143626014e-10,2.2310176233385062e-10,-1.295021455493607
0.39074,2.2835432291339154e-10,3.619669007755044e-10,5.373785741987692e-10,4.58143959833682e-10,2.2835432291339154e-10,-1.2636211253237624
0.39086,2.384223397227511e-10,3.6087900039216973e-10,5.368038765519624e-10,4.5737805001269135e-10,2.264406950906866e-10,-0.924918284358446
0.39098,2.523878021140237e-10,3.605811577791272e-10,5.364967190382761e-10,4.570812297929735e-10,2.2608686652333554e-10,-0.8375447262301654
0.3911,2.8583747910478493e-10,3.591128564490939e-10,5.354771781313467e-10,4.559035830107444e-10,2.2378529537680963e-10,-0.6090898543106361
0.39123,3.279308538283973e-10,3.608176800544836e-10,5.365450877071023e-10,4.5720268657800005e-10,2.2659795818972165e-10,-0.2808538542320177
0.39135,3.490089753268558e-10,3.6050178371780893e-10,5.363638316931655e-10,4.5697164117512177e-10,2.260564366742541e-10,-0.10020749591394466
0.39147,3.647412189360946e-10,3.6028257071043874e-10,5.363947167059012e-10,4.5690354699684767e-10,2.2549847188850628e-10,0.040136431970507605
0.39159,3.9541652861239006e-10,3.5985790006916196e-10,5.359655185460496e-10,4.564846347418018e-10,2.2498347423221264e-10,0.3372930663059643
0.39172,4.004676007724776e-10,3.591017530863602e-10,5.352603569364288e-10,4.5577206142971054e-10,2.240143459286022e-10,0.3909347033535784
0.39184,4.0532323420550723e-10,3.611794756502675e-10,5.36276613261122e-10,4.5718821703412606e-10,2.2778598632310672e-10,0.4456913020294009
0.39196,4.1929931144672216e-10,3.5854279155164473e-10,5.341548036091403e-10,4.5490301146997374e-10,2.2398734798330792e-10,0.5981005767802399
0.39208,4.448607577584869e-10,3.5789947087835263e-10,5.3350311241097e-10,4.5426678496845017e-10,2.2322224973389015e-10,0.8836590395399778
0.39221,4.5115184835002e-10,3.607624556747261e-10,5.355399049939876e-10,4.565905884537769e-10,2.2766864019814141e-10,0.9535141710645857
0.39233,3.7019756210753674e-10,3.5901526957128644e-10,5.343354891291749e-10,4.5519659140237725e-10,2.2489630853513398e-10,0.10509317105516588
0.39245,2.380552321311548e-10,3.606365682930652e-10,5.354738771747673e-10,4.565026122360638e-10,2.2744208819284106e-10,-0.9213841455451199
0.39257,2.21434221522513e-10,3.5683889019632485e-10,5.328732007838146e-10,4.5347947751942346e-10,2.21434221522513e-10,-1.418766635887007
0.3927,2.307117841353302e-10,3.6095045497753087e-10,5.357702445710815e-10,4.5680041041793257e-10,2.2784300708967082e-10,-0.9657222182865467
0.39282,3.5520924936242456e-10,3.587343880986835e-10,5.341922306459775e-10,4.550008548178958e-10,2.24399398364883e-10,-0.034118242706699026
0.39294,4.4590333635637473e-10,3.5919453467495314e-10,5.328889549755081e-10,4.5441656283492104e-10,2.270656877718259e-10,0.9211138943004363
0.39306,4.767480164612384e-10,3.5544200285380003e-10,5.304221902905846e-10,4.5148949554938145e-10,2.2100074655242364e-10,1.2875246607995077
0.39319,4.56723519436589e-10,3.574642952448511e-10,5.317237683467431e-10,4.530530760409221e-10,2.2428002098806234e-10,1.047549055900008
0.39331,4.13865152365232e-10,3.562146653096021e-10,5.307438076672528e-10,4.5198399612118546e-10,2.2245699933877066e-10,0.5679774678477314
0.39343,3.319004702381916e-10,3.566106485489607e-10,5.312004817707214e-10,4.520887363104492e-10,2.2351913294134706e-10,-0.21812168339395616
0.39356,3.1283528186752923e-10,3.563138334116837e-10,5.305538599568253e-10,4.5191063301880367e-10,2.229270088648263e-10,-0.37819343611408374
0.39368,3.137418673153867e-10,3.5711005811365543e-10,5.310258141830796e-10,4.5250148339786943e-10,2.242749784376845e-10,-0.37025065240819893
0.3938,3.0751799793390753e-10,3.549472485483527e-10,5.296562135974052e-10,4.508445178972365e-10,2.207275999574306e-10,-0.420883075215845
0.39392,3.2457627109112486e-10,3.550096492125188e-10,5.294664160726854e-10,4.507579280398126e-10,2.2109925215612445e-10,-0.27917245064767426
0.39405,3.4023003501433475e-10,3.556765345131093e-10,5.288546394406278e-10,4.506622049060998e-10,2.2341945737002242e-10,-0.1333402933790236
0.39417,3.5591827448015484e-10,3.546431840245061e-10,5.278618382933339e-10,4.496712712806022e-10,2.221273174805056e-10,0.012542221685063231
0.39429,3.6638462778660724e-10,3.550822781741024e-10,5.281341671640427e-10,4.500047672169654e-10,2.2285329628223116e-10,0.11159041827780608
0.39442,3.613021339076043e-10,3.544099338862071e-10,5.274281373941942e-10,4.4932581895430627e-10,2.2207777249456558e-10,0.06625812551906152
0.39454,3.585468718039106e-10,3.5401021630329257e-10,5.271014917847143e-10,4.489764531281768e-10,2.215086358121391e-10,0.040934272582453086
0.39466,3.8861012300171254e-10,3.553996789893854e-10,5.281196572264429e-10,4.5012045472329537e-10,2.2363741047734634e-10,0.33424625087182175
0.39479,4.384938466054237e-10,3.549051772254563e-10,5.277493878805818e-10,4.4970851884579313e-10,2.2288717757973412e-10,0.8757416151894567
0.39491,4.65653769522108e-10,3.524284933447237e-10,5.262934869181329e-10,4.4787447556613017e-10,2.1871235267008705e-10,1.193793796539567
0.39503,4.612556607622074e-10,3.5235776567479785e-10,5.27042520664551e-10,4.4782511003536174e-10,2.1842472832682495e-10,1.1368846123468501
0.39516,4.1398701861140534e-10,3.563562473397866e-10,5.294613552801913e-10,4.5135290531223133e-10,2.2181454560594866e-10,0.5652878335302179
0.39528,3.16345727678172e-10,3.5324710231490946e-10,5.27800524507156e-10,4.4857066278232185e-10,2.1987495563454597e-10,-0.3355588513091044
0.3954,2.182620420788595e-10,3.519973964188774e-10,5.257903928855048e-10,4.4741266368105466e-10,2.182620420788595e-10,-1.1303865399644264
0.39553,2.2530278396858683e-10,3.565724213177182e-10,5.290795767066991e-10,4.511486603989339e-10,2.2530278396858683e-10,-1.7201470078730934
0.39565,2.249598690456533e-10,3.5655564466030333e-10,5.293582032328115e-10,4.5129902357525913e-10,2.249598690456533e-10,-1.6466407310616273
0.39578,2.2776310477568875e-10,3.5392721390455705e-10,5.278049024325494e-10,4.4935602175988677e-10,2.204801004711345e-10,-0.968101710326094
0.3959,3.223851603980255e-10,3.557849701605432e-10,5.298393427924814e-10,4.5128271620166023e-10,2.2250926606132874e-10,-0.29635019363856685
0.39602,3.969440409793944e-10,3.584284271227081e-10,5.356716942054866e-10,4.565455384144256e-10,2.2582979162726696e-10,0.39050663099880584
0.39615,3.870114433480012e-10,3.565488801483258e-10,5.304885460511718e-10,4.519645439295668e-10,2.235702989456818e-10,0.29668198805101864
0.39627,3.5504227124984636e-10,3.554358638410912e-10,5.290458539085103e-10,4.5067888151503807e-10,2.2261897819759134e-10,-0.002890702517476263
0.39639,3.6912754350821696e-10,3.542680099853937e-10,5.280652529738266e-10,4.496461796448126e-10,2.2096175270484066e-10,0.1316301647838421
0.39652,4.069239927809303e-10,3.558794897965792e-10,5.291955483737483e-10,4.5093030678463915e-10,2.2355429616409717e-10,0.5148034143483653
0.39664,4.267675089696421e-10,3.546041635738955e-10,5.282143551069836e-10,4.498645696017848e-10,2.2160443021349346e-10,0.7316418582025521
0.39677,4.19046355186218e-10,3.541015129673301e-10,5.279984365487954e-10,4.495392784523461e-10,2.2065254276045528e-10,0.6444692162025685
0.39689,3.7646379434740233e-10,3.5554459725323124e-10,5.294132820818088e-10,4.5092968172146313e-10,2.2247557636243337e-10,0.19780041357933556
0.39701,3.70640720866398e-10,3.5584438099675476e-10,5.29682778261953e-10,4.5120577461728383e-10,2.228786485147511e-10,0.14039352714885736
0.39714,3.841313911294559e-10,3.534206732829491e-10,5.267475265950968e-10,4.485447617734808e-10,2.2041838329595029e-10,0.28838776469446864
0.39726,4.340091714476055e-10,3.541824411269461e-10,5.271593035675681e-10,4.490371618154023e-10,2.220273229229739e-10,0.829118584980134
0.39739,4.962316478776483e-10,3.5060674441080056e-10,5.24513706992838e-10,4.461112585458191e-10,2.1647588840633367e-10,1.5907542433676098
0.39751,5.172977237745491e-10,3.5322592632277205e-10,5.263596101152327e-10,4.482314896107452e-10,2.2051348053533582e-10,1.8694772774455453
0.39763,4.828773562376603e-10,3.576669180913274e-10,5.302384438459887e-10,4.522674479530106e-10,2.2676433499338424e-10,1.404026003990548
0.39776,3.8820675714016224e-10,3.5495857563331666e-10,5.276282301848767e-10,4.4966033288612725e-10,2.2315021267304873e-10,0.3326644121693466
0.39788,2.634092260075226e-10,3.546418111758591e-10,5.274698222598583e-10,4.4944193715346555e-10,2.225986389410696e-10,-0.7345467399200364
0.39801,2.2565052729455795e-10,3.565850076940479e-10,5.28842334516949e-10,4.510087918864199e-10,2.2565052729455795e-10,-1.4737136703902565
0.39813,2.237879720571556e-10,3.5543569498002557e-10,5.280661746849412e-10,4.50103464414651e-10,2.237879720571556e-10,-1.7308922261675417
0.39826,2.1930669412077295e-10,3.5268984401170516e-10,5.262921350345807e-10,4.479809982816787e-10,2.1930669412077295e-10,-1.6929985443866196
0.39838,2.1716802770857014e-10,3.512834763754702e-10,5.252805461709382e-10,4.46832702827057e-10,2.1716802770857014e-10,-1.643813652123054
0.3985,2.2517769862822028e-10,3.56612786129364e-10,5.29979600879584e-10,4.5120984491392686e-10,2.2517769862822028e-10,-1.192816671790858
0.39863,3.07171713272639e-10,3.546472777755607e-10,5.279267158662655e-10,4.497065983374805e-10,2.2208256245780315e-10,-0.41070983390813326
0.39875,4.460917485543249e-10,3.544141747772996e-10,5.283050440232908e-10,4.49852575575346e-10,2.2096880085620433e-10,0.9454855264601161
0.39888,4.964079104014609e-10,3.5742583564815524e-10,5.299941128960302e-10,4.520194419148282e-10,2.2627602454821537e-10,1.5729965014205436
0.399,5.069540783464856e-10,3.522880092376194e-10,5.267028035608507e-10,4.480614120334427e-10,2.1788619807214437e-10,1.707421098367446
0.39913,4.966585835015871e-10,3.57773899335097e-10,5.308270101286491e-10,4.526452463578744e-10,2.261178126254894e-10,1.5631741738370806
0.39925,4.92540934420564e-10,3.584587757338362e-10,5.348972901420149e-10,4.5570432733305064e-10,2.269834051794536e-10,1.50283101561095
0.39938,4.876694916752434e-10,3.580389333786503e-10,5.309373957028175e-10,4.528131849132903e-10,2.2666387110901815e-10,1.448969273357319
0.3995,4.722067991637087e-10,3.5529618191002114e-10,5.2925411408231e-10,4.5074563284437644e-10,2.2203913323122417e-10,1.253488511911326
0.39963,4.2637439995923975e-10,3.541309574894437e-10,5.286221914432807e-10,4.4991678841533397e-10,2.2000626345401963e-10,0.7154627766693465
0.39975,3.228987903498647e-10,3.562504486406773e-10,5.30133328533006e-10,4.5164334165990297e-10,2.2323899070216368e-10,-0.29224854833830033
0.39988,2.1875835017576153e-10,3.535890652772457e-10,5.285434721393009e-10,4.496608251571203e-10,2.1875835017576153e-10,-1.810516657926374
0.4,2.2354619132960138e-10,3.5627945605503887e-10,5.300847855456433e-10,4.516309100617447e-10,2.2354619132960138e-10,-2.1938288403565562
0.40013,2.2108976517453423e-10,3.5483923165669384e-10,5.290759718681496e-10,4.5047322868785064e-10,2.2108976517453423e-10,-1.9568043168015123
0.40025,2.2476033257834968e-10,3.572425458122597e-10,5.308925363975545e-10,4.524792762884426e-10,2.2476033257834968e-10,-1.2444860946710918
0.40038,2.823401073117606e-10,3.5633539734759115e-10,5.311732110515988e-10,4.522833607899851e-10,2.2223949559223586e-10,-0.6173801796119068
0.4005,3.4912166516973297e-10,3.5749558997867477e-10,5.31872666512583e-10,4.531504533255584e-10,2.241915873252752e-10,-0.07290028576018334
0.40063,4.1561770481661237e-10,3.582493544953904e-10,5.32520867586521e-10,4.538267188877082e-10,2.2523709455348956e-10,0.5807235643842124
0.40075,4.228888383891552e-10,3.586404931474238e-10,5.329191524355589e-10,4.5421505143451573e-10,2.2569942292010127e-10,0.6570580489966829
0.40088,3.8384617652596076e-10,3.585177339631279e-10,5.327642303906295e-10,4.5407709866725415e-10,2.2558090062267713e-10,0.25230392602736906
0.401,3.47733502314226e-10,3.5764446296154294e-10,5.320942105198694e-10,4.533395430689838e-10,2.2428260871859437e-10,-0.08671108609243833
0.40113,3.445136563832364e-10,3.597762914811735e-10,5.341878314902388e-10,4.555293597559178e-10,2.2451092954060334e-10,-0.13447797227460326
0.40125,3.785576022028655e-10,3.5776085639306914e-10,5.32136778251884e-10,4.5341100793091915e-10,2.2450782981806306e-10,0.20203834727129963
0.40138,4.200730628879344e-10,3.5531594525138975e-10,5.305824703310413e-10,4.5153253290309897e-10,2.205200014358369e-10,0.6278147012077681
0.4015,4.0614851498156017e-10,3.5862897380329585e-10,5.324668895893062e-10,4.5394677475653833e-10,2.262023744670095e-10,0.48448565142385075
0.40163,3.600412482274853e-10,3.574064090876991e-10,5.318380913848225e-10,4.530962702278478e-10,2.2401130777056216e-10,0.026427552941302185
0.40175,3.4972986293869513e-10,3.567125001455391e-10,5.314384787563802e-10,4.525878909294869e-10,2.2282566284189097e-10,-0.06838132312502203
0.40188,3.547891608917888e-10,3.566914648663912e-10,5.312570343431487e-10,4.5247298903987143e-10,2.2299145621978185e-10,-0.020487652286262467
0.40201,4.255510057437309e-10,3.5754610978121193e-10,5.317222758343982e-10,4.53082029604345e-10,2.2449278753217138e-10,0.6935244418707763
0.40213,4.2966318671282213e-10,3.58083873035363e-10,5.317585650048927e-10,4.533159576483494e-10,2.2574374535685422e-10,0.7440767247910456
0.40226,4.3149608202649983e-10,3.5578228516882485e-10,5.303844880037969e-10,4.5160153778497075e-10,2.2185701937634726e-10,0.7617622291512101
0.40238,3.5162557542424754e-10,3.5732132800144106e-10,5.316117535804995e-10,4.529294721437133e-10,2.2407905974194655e-10,-0.04872067280993277
0.40251,2.499462706458241e-10,3.5887643807333466e-10,5.324393783574979e-10,4.5402779133663077e-10,2.2683446910545624e-10,-0.837098895136987
0.40263,2.2324173302812627e-10,3.5658272272334006e-10,5.30825006951719e-10,4.5217695309927406e-10,2.2324173302812627e-10,-1.0953056199089768
0.40276,2.868912992020736e-10,3.559523761945108e-10,5.304561854045709e-10,4.51711881512695e-10,2.2217136599513883e-10,-0.5806611372570443
0.40289,3.3401487871718224e-10,3.5620073978437315e-10,5.308206191077543e-10,4.520238899488037e-10,2.2232960656483973e-10,-0.20426532595347374
0.40301,3.516306837005365e-10,3.5732635485223715e-10,5.315452010812816e-10,4.528909990853629e-10,2.2417854690088713e-10,-0.04774817885280509
0.40314,3.29738804523955e-10,3.571142686542081e-10,5.315296325803228e-10,4.527997578190347e-10,2.2367819460983219e-10,-0.24189542448791346
0.40326,2.671938841143197e-10,3.574618379579953e-10,5.313048416465085e-10,4.528042986572607e-10,2.2478757136192174e-10,-0.7206762766033518
0.40339,3.206940982178838e-10,3.571464692607637e-10,5.313153076500295e-10,4.526878850677748e-10,2.2400338873714913e-10,-0.3157293627981169
0.40352,3.4140682662012017e-10,3.5680238471767584e-10,5.315566559636209e-10,4.5270373499668527e-10,2.2281323216058324e-10,-0.14410468283857417
0.40364,3.3853158848410914e-10,3.560684038238523e-10,5.307505049079858e-10,4.5192828780212046e-10,2.221114890417332e-10,-0.16503253972109322
0.40377,3.165459870034849e-10,3.5645179862878596e-10,5.315206143500164e-10,4.52531122918649e-10,2.2211887136245424e-10,-0.35555493099353586
0.40389,2.602208781499644e-10,3.568231211530546e-10,5.32230805722734e-10,4.530934266687963e-10,2.2217077348237515e-10,-0.776313572120755
0.40402,2.486757974397741e-10,3.579927665773372e-10,5.328290711273896e-10,4.539075707091505e-10,2.2424729877972793e-10,-0.8507353855111941
0.40415,3.2643054123790867e-10,3.567057520302277e-10,5.31396214401609e-10,4.5255989112622565e-10,2.2286271736564816e-10,-0.271170580549596
0.40427,3.4913287380758327e-10,3.5612721645797396e-10,5.3055833615486e-10,4.51844700142394e-10,2.2245882587008741e-10,-0.0685996188041167
0.4044,3.454287325824555e-10,3.5703680552366253e-10,5.310703837975604e-10,4.5249863759488823e-10,2.2404670757931143e-10,-0.10072188657440471
0.40453,3.6340770289033804e-10,3.565562056549702e-10,5.30889899112891e-10,4.5220325353841593e-10,2.2310904501636748e-10,0.06240233156906613
0.40465,3.4643242320600315e-10,3.5486981220117457e-10,5.288541194215509e-10,4.503420428833099e-10,2.2149705232573764e-10,-0.08337663953287654
0.40478,3.217295213655518e-10,3.5519098843493345e-10,5.288394576912467e-10,4.504618900044103e-10,2.2227295473148208e-10,-0.2962846496856519
0.4049,3.0278497685947963e-10,3.5428103642109603e-10,5.280399242157003e-10,4.496341748548157e-10,2.2104259355725996e-10,-0.4488530492349032
0.40503,3.058461156823445e-10,3.5690076636761144e-10,5.300048953874649e-10,4.518206032926337e-10,2.2498583898802255e-10,-0.42616058453987216
0.40516,3.474686049217055e-10,3.558814285257801e-10,5.295679823606898e-10,4.511623494070657e-10,2.2305731527351682e-10,-0.07475567950671168
0.40528,3.9711370370042817e-10,3.553576557046494e-10,5.301795496471035e-10,4.513143332085108e-10,2.2108313338084868e-10,0.3920902159384233
0.40541,3.792747054590463e-10,3.5614051958021945e-10,5.304545436537157e-10,4.5178432573436893e-10,2.226279195191882e-10,0.2166771420525234
0.40554,3.226600599886457e-10,3.5603408215949555e-10,5.29126174422281e-10,4.509622161794887e-10,2.2395674018411528e-10,-0.28570799304389544
0.40566,2.894378715629338e-10,3.541126090212409e-10,5.278588366135417e-10,4.4946043141444226e-10,2.2086099941628318e-10,-0.5514187351670237
0.40579,3.0533927314875234e-10,3.564665233690518e-10,5.299671634965559e-10,4.5162611362974464e-10,2.2399328980547115e-10,-0.4323822885633212
0.40592,3.512257990977681e-10,3.5579795950107925e-10,5.29486321949945e-10,4.510810578033902e-10,2.2295766405079173e-10,-0.04029183207571458
0.40604,4.212289299655572e-10,3.566817140404406e-10,5.301721298941014e-10,4.5183176368583896e-10,2.2426295283721928e-10,0.661469156663052
0.40617,4.544492024674101e-10,3.545538418796487e-10,5.280880260917421e-10,4.4976909459474694e-10,2.2164317928446395e-10,1.0518876998230002
0.4063,4.709691686550923e-10,3.536496479951204e-10,5.271491695133265e-10,4.488615905082729e-10,2.2059388300024677e-10,1.2580813274179776
0.40643,4.807179370157109e-10,3.547461447197986e-10,5.276258955659369e-10,4.495744492163549e-10,2.2264951320500653e-10,1.3848859460867988
0.40655,4.929593283690789e-10,3.5262065027558134e-10,5.259189895881063e-10,4.4773462250809937e-10,2.1958768235715625e-10,1.5471281308182527
0.40668,4.725857096091909e-10,3.557996186482305e-10,5.28204005882739e-10,4.503297279986183e-10,2.2448665584914058e-10,1.285440110447087
0.40681,3.8871466657867884e-10,3.555139886695396e-10,5.279912273143128e-10,4.5009135549649116e-10,2.240599747250078e-10,0.3378730684954854
0.40693,3.16890315530958e-10,3.537348837066513e-10,5.266191529091511e-10,4.485844534431079e-10,2.2142428551725533e-10,-0.3252751113321378
0.40706,2.3603789569994444e-10,3.5429218273186356e-10,5.269506712674855e-10,4.489990226734302e-10,2.223645807581241e-10,-0.9125195545267084
0.40719,2.23867467978172e-10,3.553102726973786e-10,5.277194424165956e-10,4.4985032694742486e-10,2.23867467978172e-10,-1.0480540319560383
0.40731,2.597179041257952e-10,3.5190878463978e-10,5.256798594757505e-10,4.4731231531293246e-10,2.1818210719733187e-10,-0.7600884983525537
0.40744,2.9769384559934e-10,3.535017695546166e-10,5.269547167767263e-10,4.4869035438639247e-10,2.2046091326651078e-10,-0.4842705545263099
0.40757,3.064938551453923e-10,3.5406032457852725e-10,5.274480010356758e-10,4.49199199746469e-10,2.2121687280427398e-10,-0.41564268003444604
0.4077,2.8735932746348326e-10,3.5632970636887724e-10,5.2895705107143e-10,4.5097787364624316e-10,2.2487968950159462e-10,-0.5640018786827219
0.40782,2.640441463769513e-10,3.5511365099661326e-10,5.281226133392573e-10,4.5001081407144183e-10,2.2294299043082727e-10,-0.7323246143848211
0.40795,2.1858129042925348e-10,3.5242981825198995e-10,5.263908412399329e-10,4.479355711661671e-10,2.1858129042925348e-10,-1.0771651734308296
0.40808,2.6987772580776627e-10,3.5508931940709563e-10,5.281528746811306e-10,4.5001963402161867e-10,2.228409678367689e-10,-0.6919076730584851
0.40821,3.5476045721242093e-10,3.5436611445135757e-10,5.275827883888233e-10,4.493996193008527e-10,2.2178700207523966e-10,0.002605467278599369
0.40833,3.8477093421835995e-10,3.5411568515386534e-10,5.273010973583539e-10,4.4913524179086356e-10,2.2152381743140695e-10,0.29483751828540106
0.40846,4.033943547026408e-10,3.5550686355601974e-10,5.282902399424599e-10,4.502637168027237e-10,2.2368736664289185e-10,0.4862514290425733
0.40859,4.292236684709045e-10,3.5302283667115935e-10,5.266238190175091e-10,4.4830590273618516e-10,2.1972029833609958e-10,0.7678834999456402
0.40872,4.6505353898529575e-10,3.573149553042578e-10,5.296567196408312e-10,4.517775621079806e-10,2.2641456351344248e-10,1.184289812717152
0.40884,4.020427893772777e-10,3.5397249768836627e-10,5.272474592605411e-10,4.490467247939706e-10,2.2124849274876856e-10,0.47231067071926774
0.40897,3.086609480698496e-10,3.559379314742189e-10,5.289159503908961e-10,4.5080708718400167e-10,2.2392267032110179e-10,-0.4003148958142011
0.4091,2.386980596880685e-10,3.5606997379349337e-10,5.29469144234215e-10,4.50777846968352e-10,2.2444923180224938e-10,-0.8991535554621676
0.40923,2.763646647792582e-10,3.557940334626951e-10,5.28373877793772e-10,4.5042569915676437e-10,2.2428042175320107e-10,-0.6436770928806415
0.40936,3.9075082944823056e-10,3.5472480580979115e-10,5.276825256431226e-10,4.4959847919720367e-10,2.225351736056273e-10,0.3560328886862488
0.40948,4.94836992521534e-10,3.5524086581140564e-10,5.277449152096712e-10,4.498329483928662e-10,2.2368827071853985e-10,1.5696329079710067
0.40961,5.532261491827294e-10,3.544676570903662e-10,5.2741476776827e-10,4.4932203586080977e-10,2.2226422518844184e-10,2.3691426709020136
0.40974,5.375947744879215e-10,3.538932020632738e-10,5.267494554361993e-10,4.4873477902442805e-10,2.2164776538270661e-10,2.1526836357875165
0.40987,4.5066891977589584e-10,3.550284096271642e-10,5.271973648663487e-10,4.494335547991612e-10,2.2384318065302857e-10,1.0292341008065753
0.41,3.1584339381187974e-10,3.5279731474070793e-10,5.255470518307649e-10,4.475855515041872e-10,2.2045264388614084e-10,-0.32994228005725434
0.41012,2.2580074402718656e-10,3.5625435268737914e-10,5.280376778999713e-10,4.504087288733744e-10,2.2580074402718656e-10,-1.3029226657302941
0.41025,2.2309227770920883e-10,3.544281167090752e-10,5.268958261919614e-10,4.4890618022787533e-10,2.2309227770920883e-10,-1.6770799688014046
0.41038,2.1685643638798178e-10,3.5018351357107917e-10,5.233145726840957e-10,4.4524437039653615e-10,2.1685643638798178e-10,-1.6546661840994612
0.41051,2.1893889244165587e-10,3.5150702961986084e-10,5.242240222417627e-10,4.462998820609955e-10,2.1893889244165587e-10,-1.2902983351974264
0.41064,2.691400874542063e-10,3.5452900508948567e-10,5.259970548979427e-10,4.4853109354240707e-10,2.2408360339599724e-10,-0.6851543679070747
0.41076,3.497579583613199e-10,3.524499802884386e-10,5.246010621070642e-10,4.468856032957427e-10,2.2078996904594603e-10,-0.02396201913417678
0.41089,4.309267982954334e-10,3.5039856632997027e-10,5.234582015541071e-10,4.454117733257429e-10,2.1719620517503236e-10,0.8104330898449021
0.41102,4.2292856267250326e-10,3.4997453512508307e-10,5.227665953329113e-10,4.450543367958154e-10,2.1936445015814535e-10,0.7557290805537847
0.41115,3.931554761635391e-10,3.509287651911879e-10,5.216156472804636e-10,4.445387259442487e-10,2.2066610504380432e-10,0.4309712172660273
0.41128,3.4725124285083637e-10,3.473961653160946e-10,5.171646079194002e-10,4.405341097391739e-10,2.1748753187159408e-10,-0.0015994098274261814
0.41141,3.3696520418440397e-10,3.5064597879258897e-10,5.213055166525897e-10,4.442480409031498e-10,2.2034883894007904e-10,-0.1184680152392249
0.41153,3.6838491648031777e-10,3.492923404682081e-10,5.204014294698368e-10,4.4318209007512213e-10,2.181806464706701e-10,0.17903075973864258
0.41166,4.092598721112458e-10,3.5085348275291273e-10,5.214838301924862e-10,4.4443352356677866e-10,2.2063158523922187e-10,0.6056345583867565
0.41179,4.1540435695178047e-10,3.4978395255560327e-10,5.211760381495533e-10,4.4383206854676136e-10,2.184282565818188e-10,0.6669947425803694
0.41192,3.726964580338532e-10,3.491266493936005e-10,5.200791327175175e-10,4.4292865783093357e-10,2.1815925433340455e-10,0.2246675940782489
0.41205,2.7464131295118546e-10,3.4615506256620867e-10,5.160810217542428e-10,4.394104548185014e-10,2.1579325060144498e-10,-0.6152127797908428
0.41218,2.167716986699455e-10,3.467919895071406e-10,5.165382767017071e-10,4.399303548377031e-10,2.167716986699455e-10,-1.4997140180177595
0.41231,2.2267978192743704e-10,3.5223352112447046e-10,5.225481703787666e-10,4.456024547229617e-10,2.2267978192743704e-10,-1.8966926191463496
0.41244,2.166552842212842e-10,3.497680473913972e-10,5.236814137556691e-10,4.448475499837305e-10,2.166552842212842e-10,-1.6578823805311675
0.41256,2.2746660028353768e-10,3.537364769001515e-10,5.259860098863285e-10,4.482061725478402e-10,2.2219544745981503e-10,-0.9618896082946414
0.41269,4.05147306792813e-10,3.5384659890773093e-10,5.254996203707286e-10,4.479716142045666e-10,2.2302498437467498e-10,0.5298713360051238
0.41282,4.672099637452764e-10,3.5448207554693993e-10,5.257167009017133e-10,4.4834876163472816e-10,2.2430291588208982e-10,1.2512294084216795
0.41295,4.979258061837586e-10,3.5300048192555905e-10,5.247017384635914e-10,4.471697305335828e-10,2.219471574475021e-10,1.645445770083533
0.41308,5.00634266646331e-10,3.5010174743218023e-10,5.227524037384884e-10,4.448822254371865e-10,2.1732569401976116e-10,1.681124862126137
0.41321,4.962419913764075e-10,3.5062137097038644e-10,5.231902917070042e-10,4.453433424452893e-10,2.1805276926977565e-10,1.6212386706514454
0.41334,4.404508284113482e-10,3.5240299333262267e-10,5.244553949774254e-10,4.467894049514138e-10,2.208047296278514e-10,0.9269051646977918
0.41347,3.8057649877844083e-10,3.5235830647776743e-10,5.246531521186897e-10,4.4688800975577567e-10,2.204616977216e-10,0.27217574532709354
0.4136,3.35271394182894e-10,3.5297022474627123e-10,5.258156864611159e-10,4.476411773775176e-10,2.2143672750141579e-10,-0.1569771213236287
0.41373,3.310617221533196e-10,3.511469371297063e-10,5.235968034375532e-10,4.457899616251753e-10,2.1882016783573637e-10,-0.19150556206750824
0.41385,3.348833595411498e-10,3.5260166803017075e-10,5.246083246644842e-10,4.469571004760644e-10,2.21101677953829e-10,-0.15829917574355076
0.41398,3.234626335088636e-10,3.513274782080563e-10,5.239578802141597e-10,4.4607364271237256e-10,2.1882058745218204e-10,-0.2598251577712048
0.41411,2.680494689833706e-10,3.5370178921245146e-10,5.254667986626853e-10,4.478953776613729e-10,2.227162159348742e-10,-0.6932260875350041
0.41424,2.1947769024194593e-10,3.515903220554481e-10,5.239507093073346e-10,4.4617160848390507e-10,2.1947769024194593e-10,-1.077573785297557
0.41437,2.2461025276177963e-10,3.545726115284671e-10,5.256434396566513e-10,4.4834131553198693e-10,2.2461025276177963e-10,-1.4311006123933023
0.4145,2.2250049253248602e-10,3.5343416215410173e-10,5.251098698944239e-10,4.4758011621227565e-10,2.2250049253248602e-10,-1.442151921781699
0.41463,2.2210111072823476e-10,3.535210105497595e-10,5.256205203476523e-10,4.479138310371042e-10,2.2210111072823476e-10,-1.111949930158655
0.41476,2.996699748823672e-10,3.516225311350354e-10,5.244277932365922e-10,4.4646458977511746e-10,2.189763936956858e-10,-0.4583411467444519
0.41489,4.052368934789673e-10,3.5394917035300814e-10,5.261788100181804e-10,4.484136837679831e-10,2.2242228779597683e-10,0.5206812466987923
0.41502,4.925669597152429e-10,3.5207191506537147e-10,5.249452574046458e-10,4.4702611042998394e-10,2.1937072633011176e-10,1.5558303296630906
0.41515,5.205160085296583e-10,3.5522791996295793e-10,5.276227099818308e-10,4.498002278072744e-10,2.235586619880099e-10,1.9167316810464539
0.41528,4.785746900744956e-10,3.5183636282342785e-10,5.249632660076283e-10,4.468639603187756e-10,2.1884333063250827e-10,1.372345913494549
0.41541,3.802353836323841e-10,3.519898460005487e-10,5.250261866099328e-10,4.4696304718678005e-10,2.1913033246988986e-10,0.2600282734584402
0.41554,2.7713124920168643e-10,3.5222252694871234e-10,5.248595190137738e-10,4.46954424544446e-10,2.1989731652943342e-10,-0.6303779649489967
0.41567,2.2078546778538583e-10,3.525887058399209e-10,5.248454909193941e-10,4.470915998933926e-10,2.2078546778538583e-10,-1.0692053970372724
0.4158,2.171898403039114e-10,3.503203603970798e-10,5.233144866474034e-10,4.452973978799324e-10,2.171898403039114e-10,-1.301019711866256
0.41593,2.3959907507494116e-10,3.5174832688465703e-10,5.243093772386318e-10,4.464442727533313e-10,2.1941984981499703e-10,-0.885318272015148
0.41606,3.2801446564884996e-10,3.5299677362417673e-10,5.264695351066187e-10,4.4823982348550736e-10,2.2106171307244986e-10,-0.22401647908734576
0.41619,4.025273341999263e-10,3.545227487871231e-10,5.272443809363877e-10,4.494778142353008e-10,2.2119426406617654e-10,0.4808704879690995
0.41632,3.7608402482487077e-10,3.5274064298616954e-10,5.253692965197153e-10,4.4745931586498015e-10,2.205250863768398e-10,0.2211804933331756
0.41645,3.152511600172464e-10,3.5226721358347757e-10,5.247657107407208e-10,4.4691726709003473e-10,2.2011539412539875e-10,-0.3309659722460122
0.41658,2.7732982338527185e-10,3.523787878759947e-10,5.254944491575681e-10,4.4745190798295246e-10,2.1977359110639134e-10,-0.6311256171520173
0.41671,3.2731374728319196e-10,3.523457416724983e-10,5.250524240245047e-10,4.4711682138315564e-10,2.1996160738500818e-10,-0.23075973095076502
0.41684,3.908780432461733e-10,3.516987494896231e-10,5.24471287479861e-10,4.465214398219858e-10,2.1909910205834114e-10,0.37346276874362316
0.41697,4.1349589023847313e-10,3.5173835735964057e-10,5.245750623494327e-10,4.465976411734621e-10,2.1906918261487913e-10,0.6126147936412061
0.4171,4.0368734578734353e-10,3.521740315610014e-10,5.250302871780437e-10,4.470366449538458e-10,2.1957420005198726e-10,0.504470331759906
0.41723,3.7237029256874966e-10,3.534930369997182e-10,5.258104706180523e-10,4.480140197091429e-10,2.2180950543614214e-10,0.1853703839050039
0.41736,3.761821460997055e-10,3.528452557850289e-10,5.252735331407874e-10,4.474438336022649e-10,2.208925245936001e-10,0.22438465319483933
0.41749,4.2390824093984686e-10,3.511578162926799e-10,5.244571637526909e-10,4.4630242041198715e-10,2.1790066084371576e-10,0.7182400892286276
0.41762,4.694620120742411e-10,3.516400097887024e-10,5.24701916066613e-10,4.466314922527394e-10,2.1870041447918847e-10,1.261602449352099
0.41775,4.77073765292343e-10,3.4979205086762046e-10,5.229134877114106e-10,4.448549660650869e-10,2.1639915228692838e-10,1.3673696017697543
0.41788,4.303174416964103e-10,3.5435188325862593e-10,5.258876842422395e-10,4.4839828219588893e-10,2.2378064237549525e-10,0.807469527249805
0.41801,3.694524666835673e-10,3.52581981017863e-10,5.246462748943905e-10,4.469726807264465e-10,2.2100276621744326e-10,0.16366733646385584
0.41814,3.223756436525757e-10,3.5299879730530065e-10,5.249239018011985e-10,4.472997002899149e-10,2.2167398231505816e-10,-0.26775000807729993
0.41827,2.9953690222013904e-10,3.5150912697602534e-10,5.241209048348729e-10,4.4624075587715365e-10,2.1906255437435442e-10,-0.45756153388622034
0.4184,3.00984555981137e-10,3.5274355202465794e-10,5.251118194529096e-10,4.4730712949131677e-10,2.2083839898925988e-10,-0.4474609972455012
0.41853,2.8462366307018343e-10,3.54127245690238e-10,5.259495107374464e-10,4.483458787390976e-10,2.2316643561163141e-10,-0.573313086742161
0.41866,2.2523590837080153e-10,3.555381947971663e-10,5.277442358300042e-10,4.5011644084365097e-10,2.2523590837080153e-10,-1.1458946333536317
0.4188,2.1838271312336224e-10,3.509404320971877e-10,5.235557178212858e-10,4.4568351595899975e-10,2.1838271312336224e-10,-1.5853405118407808
0.41893,2.1625239315266498e-10,3.495543639838438e-10,5.225662480961765e-10,4.4455573637980275e-10,2.1625239315266498e-10,-1.66003089870462
0.41906,2.2288686505472052e-10,3.5412864423891526e-10,5.25790957534331e-10,4.482424017650644e-10,2.2288686505472052e-10,-1.3212463542916457
0.41919,2.6399809869767897e-10,3.5064147370319984e-10,5.236052169910553e-10,4.4559425754920556e-10,2.1761729201736095e-10,-0.7228840950368058
0.41932,3.770055342601979e-10,3.537229711916368e-10,5.259971670954341e-10,4.481690114761175e-10,2.2223834063832248e-10,0.23179081084907732
0.41945,4.5618727354509825e-10,3.5134505266636243e-10,5.242799928274341e-10,4.4626916603896656e-10,2.1848493696673755e-10,1.103510265460359
0.41958,4.659593077869511e-10,3.5283208083936795e-10,5.25060136830765e-10,4.4731291374689736e-10,2.2111637617118196e-10,1.227151938533471
0.41971,4.6491299600968204e-10,3.514491351744122e-10,5.241781912536216e-10,4.46249811912167e-10,2.188586448053162e-10,1.213298391152772
0.41984,4.404641227829216e-10,3.524196091599873e-10,5.249297334544041e-10,4.470738835723766e-10,2.202839821395328e-10,0.9188564961422274
0.41997,3.672067788449678e-10,3.5226623163780187e-10,5.247350840093476e-10,4.4689983937325646e-10,2.2014331471376944e-10,0.13797335461323904
0.42011,2.2974468998635897e-10,3.55205650753432e-10,5.272050051169519e-10,4.4950967073591277e-10,2.2424805241670998e-10,-0.9493068034928265
0.42024,2.182190266088347e-10,3.512642843063789e-10,5.243349766966903e-10,4.4627639089438964e-10,2.182190266088347e-10,-1.4054311574205727
0.42037,2.207210438121051e-10,3.5253649906512624e-10,5.247925830644886e-10,4.470402918742655e-10,2.207210438121051e-10,-1.0198903083171684
0.4205,3.6340883280128493e-10,3.5201094947880844e-10,5.239141860637423e-10,4.463173041747744e-10,2.2050775181453387e-10,0.10927707107031132
0.42063,4.5080075264778727e-10,3.4986522669608807e-10,5.224887692155591e-10,4.446335972579723e-10,2.1707702722275424e-10,1.0538118398965837
0.42076,4.868253686901015e-10,3.505639321379408e-10,5.228713536472345e-10,4.451338478400017e-10,2.1829305585711575e-10,1.504667773386447
0.42089,4.770077265245419e-10,3.4970196366196097e-10,5.219411472391021e-10,4.4424833622771063e-10,2.1733105831023447e-10,1.3860125049603425
0.42102,4.423804058149192e-10,3.4973130057773183e-10,5.220639771431502e-10,4.44332264066808e-10,2.172539501886074e-10,0.9599524895588891
0.42116,4.366179038430834e-10,3.525847774180555e-10,5.243657945535082e-10,4.468082630024869e-10,2.2134897086587137e-10,0.8860651519772201
0.42129,4.4584606321549826e-10,3.541048744999672e-10,5.253574005325041e-10,4.479877621162703e-10,2.2383223595846167e-10,0.9945890785083121
0.42142,4.088892622951829e-10,3.5042110704070614e-10,5.228111797427823e-10,4.4504256062314956e-10,2.1801763858545223e-10,0.5761433821301165
0.42155,3.0585366545974587e-10,3.5020008420123884e-10,5.225157227300661e-10,4.4478273081651164e-10,2.178346762095185e-10,-0.40062305335198184
0.42168,2.172167788917825e-10,3.497629302291976e-10,5.221597545429392e-10,4.4440094619006305e-10,2.172167788917825e-10,-1.5353460748990688
0.42181,2.1793024501598834e-10,3.5037104971995245e-10,5.227835866806803e-10,4.450065058751086e-10,2.1793024501598834e-10,-1.7795112935658772
0.42195,2.2130092114994808e-10,3.498035843754835e-10,5.224604629426809e-10,4.4459273203532885e-10,2.1696389216770155e-10,-0.994417572370443
0.42208,3.7376724078394673e-10,3.5268813768648924e-10,5.244834815290663e-10,4.469177913088257e-10,2.2145844805896183e-10,0.20918257195594192
0.42221,4.524131718634499e-10,3.5194037455782377e-10,5.240030926958804e-10,4.46347575000584e-10,2.201957517581263e-10,1.0704772737819221
0.42234,4.687895313869198e-10,3.507417004597139e-10,5.214860801171292e-10,4.4438851257838895e-10,2.2031184442875658e-10,1.3054250481441243
0.42247,4.335036874610246e-10,3.48720917572946e-10,5.199077766841168e-10,4.426692025793694e-10,2.1738989521795988e-10,0.8825615962725006
0.4226,3.590688987571045e-10,3.49198368838268e-10,5.199618260230876e-10,4.4288960412976283e-10,2.1846779205432862e-10,0.09247213269293868
0.42274,2.7957215702394395e-10,3.5008008732815077e-10,5.207616067664571e-10,4.4370565340101566e-10,2.196293132478835e-10,-0.5931631018345214
0.42287,2.1668427725767123e-10,3.481752931597569e-10,5.194077373790762e-10,4.4215953259207796e-10,2.1668427725767123e-10,-1.1526057721956817
0.423,2.1324987594294425e-10,3.4377776772775525e-10,5.134395778910099e-10,4.3692196243110416e-10,2.1324987594294425e-10,-1.4669230895100227
0.42313,2.1699934965960044e-10,3.4619830564647675e-10,5.150749489591036e-10,4.388386831239023e-10,2.1699934965960044e-10,-1.2706038326220077
0.42327,2.1459313141464373e-10,3.4443958069638133e-10,5.136311595159901e-10,4.3729635883220843e-10,2.1459313141464373e-10,-1.02148228795775
0.4234,2.983000720918373e-10,3.4699158953606165e-10,5.153823675596072e-10,4.3932999125573883e-10,2.186314394990445e-10,-0.4191973925686873
0.42353,3.51169261979186e-10,3.453720666277543e-10,5.143345417281657e-10,4.3807671687371267e-10,2.159908671490379e-10,0.05299622171870874
0.42366,3.897972447352353e-10,3.4716229893871484e-10,5.154432123413028e-10,4.3943293010838933e-10,2.189708861657768e-10,0.4481788402595914
0.42379,4.201145330553788e-10,3.4656864687407527e-10,5.148301752088276e-10,4.388389972644368e-10,2.1827477943881382e-10,0.790397491377813
0.42393,4.502206761733387e-10,3.435624757487304e-10,5.124684648532097e-10,4.3625317805903886e-10,2.1401475643840438e-10,1.1439311187850478
0.42406,4.845449304008611e-10,3.473901429198787e-10,5.151894462216897e-10,4.3937353759455067e-10,2.1982420093678035e-10,1.598770691472277
0.42419,4.967486661945793e-10,3.445225578762685e-10,5.137796762732699e-10,4.37429220171809e-10,2.1463351044890465e-10,1.752998857860026
0.42432,4.889400934545462e-10,3.46979593869756e-10,5.151508699515768e-10,4.3919035948904496e-10,2.1887332437270687e-10,1.6523787793663336
0.42446,4.124246298073197e-10,3.4623995864516125e-10,5.145738786644476e-10,4.3855892268347444e-10,2.1779233848502283e-10,0.7027345268393949
0.42459,3.179866233393432e-10,3.4369859635578243e-10,5.126080249440275e-10,4.364023440578537e-10,2.1404398427251115e-10,-0.24642497892493087
0.42472,2.173877792505489e-10,3.456036625314308e-10,5.136323425693314e-10,4.377550066173372e-10,2.173877792505489e-10,-1.1097599397379616
0.42485,2.1275208013074264e-10,3.4270552869044895e-10,5.116952866498416e-10,4.3547551238537613e-10,2.1275208013074264e-10,-1.7262174420980614
0.42499,2.1328547864808232e-10,3.416232046414765e-10,5.09057552240233e-10,4.335006892575574e-10,2.1328547864808232e-10,-1.872177558235308
0.42512,2.1597842186962927e-10,3.4338800513901437e-10,5.103518375742734e-10,4.3495598727906945e-10,2.1597842186962927e-10,-1.347795617866055
0.42525,3.213755346401963e-10,3.4203003061971636e-10,5.093155273617926e-10,4.3381267883467113e-10,2.1395240883712786e-10,-0.1944361519826588
0.42539,4.348634849319592e-10,3.4017777727446976e-10,5.080280350870745e-10,4.323256997119362e-10,2.110595920473149e-10,1.0113029839095145
0.42552,4.745718531076539e-10,3.3998467573542487e-10,5.079240557579008e-10,4.32189907466244e-10,2.1071691356781978e-10,1.5178282935812915
0.42565,4.4613157607406226e-10,3.438280563576519e-10,5.104908449052612e-10,4.352112073602253e-10,2.1687068353136574e-10,1.1506558424665607
0.42578,3.566471441271646e-10,3.432056698274182e-10,5.10372123869181e-10,4.3489727623098835e-10,2.1550836899344725e-10,0.13776884661439928
0.42592,2.366385671066392e-10,3.4000832930449207e-10,5.080916071779993e-10,4.3229831623154505e-10,2.1071902942636523e-10,-0.8585021408876071
0.42605,2.107847706521422e-10,3.399602352237135e-10,5.0782153354926e-10,4.3211900559036063e-10,2.107847706521422e-10,-1.8315690189509564
0.42618,2.141209903894457e-10,3.419165868821905e-10,5.089258783416947e-10,4.335417778584565e-10,2.141209903894457e-10,-1.9391407539974785
0.42632,2.1734984408357724e-10,3.4384049954664017e-10,5.128585276167134e-10,4.3703103811029107e-10,2.1734984408357724e-10,-1.0649455736466016
0.42645,3.6128243280772845e-10,3.4179334205776843e-10,5.092323419815571e-10,4.336706629320256e-10,2.1348363091040267e-10,0.18703179700299488
0.42658,4.814343191517425e-10,3.43038094929504e-10,5.10218938711217e-10,4.347387531356137e-10,2.1529790780145194e-10,1.604811381089939
0.42672,5.41321467235338e-10,3.4388166497576064e-10,5.107787719053456e-10,4.354019417621068e-10,2.1665105511618064e-10,2.4634515883983275
0.42685,5.402454498500333e-10,3.4218535138188933e-10,5.094082224375667e-10,4.339289256280788e-10,2.1421062906091327e-10,2.4539989464412204
0.42698,5.096837071680792e-10,3.4197821766429333e-10,5.090757118471627e-10,4.3365198826916657e-10,2.1411020029513337e-10,2.008461609912151
0.42712,4.543179409075081e-10,3.4322586263516533e-10,5.100414881212052e-10,4.347100407385192e-10,2.1595355796795597e-10,1.2550618527426771
0.42725,3.589078420862106e-10,3.415168624107579e-10,5.090472049166893e-10,4.334527445965506e-10,2.130438434060043e-10,0.16290859452560258
0.42738,2.8189635232931486e-10,3.4030490567591713e-10,5.078229200653532e-10,4.3225574601782965e-10,2.1160298908991964e-10,-0.5260922180903808
0.42752,2.376426525619584e-10,3.407078876118845e-10,5.082800480797619e-10,4.326824726242408e-10,2.1202815076803094e-10,-0.8508704336713554
0.42765,2.2618838742839485e-10,3.4275407407767727e-10,5.097214279513496e-10,4.3433540764614196e-10,2.1521133845027782e-10,-0.9259442969350293
0.42778,2.1168054234614477e-10,3.4058337211253625e-10,5.083249914304792e-10,4.326585526945152e-10,2.1168054234614477e-10,-1.2047304317749474
0.42792,2.1237315122109246e-10,3.411893714184887e-10,5.097669906944575e-10,4.3384955798943563e-10,2.1237315122109246e-10,-1.4887559883163568
0.42805,2.168861231495928e-10,3.4363584045734086e-10,5.100946207668128e-10,4.3490213262653046e-10,2.168861231495928e-10,-1.2865480643948881
0.42818,2.1170997294481554e-10,3.4059502760660876e-10,5.083115914025721e-10,4.3265694303411007e-10,2.1170997294481554e-10,-1.316459971964292
0.42832,2.1300955011937613e-10,3.427730887701596e-10,5.116107872977583e-10,4.354530168317233e-10,2.1300955011937613e-10,-1.1896668656067597
0.42845,2.519022475064632e-10,3.4618078540990544e-10,5.142485425658852e-10,4.383442273006396e-10,2.1803764511845026e-10,-0.7672139892401355
0.42858,3.1644193839668187e-10,3.448745018753812e-10,5.134275560888401e-10,4.3734724258718563e-10,2.1588239000724326e-10,-0.2604860753639659
0.42872,3.9423082293251246e-10,3.450740013091748e-10,5.136435419301139e-10,4.375500947082172e-10,2.1611189124105954e-10,0.5027020007598967
0.42885,4.421387347533164e-10,3.4413566679390296e-10,5.132423753652474e-10,4.3681677360916306e-10,2.1465214578153414e-10,1.0566905324062745
0.42899,4.6041325027855583e-10,3.454746905175656e-10,5.136660657336217e-10,4.377119295608704e-10,2.1705843006854772e-10,1.2892371929169864
0.42912,4.5475266391394596e-10,3.438010859320338e-10,5.125589144118404e-10,4.3641469831968226e-10,2.143420921353336e-10,1.2169844569028623
0.42925,4.488741114379042e-10,3.4623342279167577e-10,5.14348364969771e-10,4.384238239542473e-10,2.1804925361046114e-10,1.1403833913414665
0.42939,4.087028782970739e-10,3.4609112025919365e-10,5.144544626900059e-10,4.3843060353855587e-10,2.1757750324776753e-10,0.660865745390415
0.42952,3.5137427505355536e-10,3.455805188622927e-10,5.140072006253078e-10,4.3796692352023033e-10,2.1687815139611472e-10,0.06045417428747098
0.42966,2.4514665692207757e-10,3.4598369580709966e-10,5.143451237209375e-10,4.3832400071331354e-10,2.174459773945301e-10,-0.8150425595910713
0.42979,2.7655024440690767e-10,3.4365898221124557e-10,5.125006874799288e-10,4.3632332484741617e-10,2.1406967921207142e-10,-0.5866770050574679
0.42992,3.338842863803902e-10,3.4419426193223377e-10,5.127468789006615e-10,4.3668063941833755e-10,2.150555111873122e-10,-0.10119942169079878
0.43006,3.665899870403774e-10,3.450727325938451e-10,5.133585620170495e-10,4.373857467681844e-10,2.164344689070765e-10,0.2156185470563081
0.43019,3.6445442551751147e-10,3.4514449249386435e-10,5.134082906350776e-10,4.3744305556719423e-10,2.1654852422047227e-10,0.1939813535077569
0.43033,3.2091633044628586e-10,3.4394813412139703e-10,5.125479479851174e-10,4.364658482090094e-10,2.1470872761695555e-10,-0.21839042618468443
0.43046,3.160050126704102e-10,3.4447364151756084e-10,5.129314442679147e-10,4.368975387540466e-10,2.1551453025224087e-10,-0.2620525725828476
0.4306,3.242763265879188e-10,3.447570790655453e-10,5.1340228278576e-10,4.3728539221391157e-10,2.1563568973647282e-10,-0.19158738856659294
0.43073,3.6786739682101415e-10,3.439668430673105e-10,5.130026773304685e-10,4.3673908789344505e-10,2.1422136102509125e-10,0.22330098718301833
0.43087,3.5911371033285887e-10,3.4576813522454144e-10,5.14335266514257e-10,4.3823102845436534e-10,2.1695114004650758e-10,0.13412804111987164
0.431,3.060458298090688e-10,3.440536961248483e-10,5.131255738948873e-10,4.3684356943020366e-10,2.142887919542792e-10,-0.352038586469925
0.43113,2.1755027304860961e-10,3.459838085359464e-10,5.142544130666721e-10,4.3827108063899504e-10,2.1755027304860961e-10,-1.0556136732989072
0.43127,2.1445286349754642e-10,3.440807113262992e-10,5.130241637372678e-10,4.367991276407925e-10,2.1445286349754642e-10,-1.1790122300050385
0.4314,2.138425497124767e-10,3.437280816603543e-10,5.128298180803656e-10,4.3654577050790754e-10,2.138425497124767e-10,-1.466677240502234
0.43154,2.1645193369843006e-10,3.453844464565542e-10,5.13970340565002e-10,4.3786787114748033e-10,2.1645193369843006e-10,-1.0618346938597842
0.43167,2.8741285763186443e-10,3.44888425585197e-10,5.136880554442701e-10,4.3750546657735757e-10,2.156086457435295e-10,-0.5048403395672103
0.43181,3.4442220263466126e-10,3.448279173702805e-10,5.134222847398059e-10,4.373262253457153e-10,2.1577439392457512e-10,-0.005010188045362079
0.43194,4.044978733605778e-10,3.452869140187116e-10,5.13820388908517e-10,4.377401455609198e-10,2.1640523562683569e-10,0.6153429631258237
0.43208,4.736622227592914e-10,3.451246057501433e-10,5.141149913255515e-10,4.37848920185934e-10,2.1566744796377605e-10,1.4455443031162152
0.43221,5.045693285219106e-10,3.488464130771076e-10,5.166854550982709e-10,4.4082429509359816e-10,2.215547260358637e-10,1.8595867135906339
0.43235,4.930452369700394e-10,3.4608212533266336e-10,5.147454688676239e-10,4.385941303892418e-10,2.172058552387272e-10,1.703790472674421
0.43248,4.419849967818062e-10,3.4393812491585456e-10,5.131963240522933e-10,4.368421732709434e-10,2.1391984111765988e-10,1.0480713502039236
0.43262,3.786423507120223e-10,3.4447225414984896e-10,5.134828084024416e-10,4.372215188662686e-10,2.148520492536398e-10,0.3324863563655232
0.43275,3.0078927005175e-10,3.457857997050446e-10,5.145075886938827e-10,4.3834112999974334e-10,2.1677816107579496e-10,-0.3982219602733097
0.43289,2.1656007178610915e-10,3.456365317653813e-10,5.143918596786671e-10,4.382139916207559e-10,2.1656007178610915e-10,-1.3897091377171442
0.43302,2.1374210217416212e-10,3.438314941823576e-10,5.131320811220646e-10,4.367623516946087e-10,2.1374210217416212e-10,-1.7805491703337952
0.43316,2.1643839893570076e-10,3.456027329505755e-10,5.14426512373858e-10,4.3822106470985694e-10,2.1643839893570076e-10,-1.5713319958021004
0.43329,2.128147862424894e-10,3.434178621144963e-10,5.130869465806128e-10,4.365721472910515e-10,2.128147862424894e-10,-1.1339411081379442
0.43343,3.051299496500106e-10,3.463535896033188e-10,5.152187504644358e-10,4.3898185204255495e-10,2.1729652887092288e-10,-0.36493712874742884
0.43356,3.9989701852584286e-10,3.4782278776413914e-10,5.162260191113512e-10,4.40150722988005e-10,2.196237062644079e-10,0.5527680917654293
0.4337,4.477834278563805e-10,3.459687087456959e-10,5.153060033245886e-10,4.387866815443211e-10,2.1653167033388072e-10,1.1084373070915319
0.43383,4.4215289386027663e-10,3.441538711599472e-10,5.137916498608093e-10,4.372762760766244e-10,2.1373061086767139e-10,1.0414163535204999
0.43397,4.0365327342175517e-10,3.4429709348676383e-10,5.138576217331506e-10,4.3737048436559905e-10,2.139955173958765e-10,0.5944092955211606
0.43411,3.794743036013594e-10,3.4538652437535664e-10,5.145784398560362e-10,4.382252944964563e-10,2.1574104707733773e-10,0.33456880371472425
0.43424,3.2840927668171783e-10,3.4645883566550996e-10,5.153396808172899e-10,4.390949196763133e-10,2.174016944107329e-10,-0.16271212497221876
0.43438,2.9209452249389784e-10,3.4518910849959993e-10,5.146047036998209e-10,4.3816094552529374e-10,2.1524610757872382e-10,-0.4732645250173656
0.43451,3.004453359926317e-10,3.454866628672053e-10,5.149160372132936e-10,4.3846044140531146e-10,2.1558210452909917e-10,-0.4063521396374005
0.43465,3.446796117726429e-10,3.4599142316772965e-10,5.151211970545505e-10,4.3878212849502463e-10,2.1654277618887859e-10,-0.013329161337573543
0.43478,3.080471774223752e-10,3.458351621676724e-10,5.144979091088054e-10,4.3835509387472753e-10,2.1690694589770375e-10,-0.33694001700877924
0.43492,2.951751663069373e-10,3.443088860356285e-10,5.134459266986448e-10,4.3713551253566396e-10,2.1450532776337721e-10,-0.4436518006571951
0.43506,2.881101143753544e-10,3.454696996494792e-10,5.143019416665541e-10,4.3809559272017173e-10,2.1626635180902934e-10,-0.501156460093521
0.43519,2.5790160233925447e-10,3.460746658728105e-10,5.14713614725837e-10,4.3857603153443844e-10,2.172254165295089e-10,-0.7284520885205469
0.43533,2.12564747642887e-10,3.4317570547084273e-10,5.128061056107197e-10,4.363126468878024e-10,2.12564747642887e-10,-1.1888091041689117
0.43546,3.58197057017514e-10,3.4830182084031016e-10,5.183476836126866e-10,4.4158277920286447e-10,2.1826940674741788e-10,0.09675226591977483
0.4356,3.858429292221067e-10,3.460941082007942e-10,5.161635459659362e-10,4.3943476619733156e-10,2.155398773048396e-10,0.3855327906078893
0.43574,4.3588432110461374e-10,3.466786391550245e-10,5.16398136918567e-10,4.3980129669964145e-10,2.1662054068074648e-10,0.9493620027410008
0.43587,4.5658897688560505e-10,3.462263640519869e-10,5.17125109838877e-10,4.394064312843418e-10,2.1580193776122267e-10,1.202256539440152
0.43601,4.906572596342768e-10,3.4939513578676983e-10,5.182767844588336e-10,4.419741270450103e-10,2.2096481333838422e-10,1.6408172101805554
0.43614,4.835563996745342e-10,3.4601000358654303e-10,5.162471356272095e-10,4.394483445816021e-10,2.1526528418464728e-10,1.541254842660146
0.43628,4.49341237294137e-10,3.479826228367151e-10,5.20080858436969e-10,4.4247584146756935e-10,2.1544697880884356e-10,1.0579102218095782
0.43642,4.1698921459728427e-10,3.516646680878793e-10,5.228612513045776e-10,4.455602335563544e-10,2.209353047039438e-10,0.6780144692038665
0.43655,3.800932660384459e-10,3.518363193435216e-10,5.230777539005197e-10,4.45756335385166e-10,2.2109213284639917e-10,0.2836539760169061
0.43669,3.236332572421528e-10,3.514845755658537e-10,5.23488478977587e-10,4.4559917884873737e-10,2.202817990491294e-10,-0.24865164272976917
0.43682,3.2575926503930023e-10,3.5884516452952663e-10,5.293672325127914e-10,4.5257187699306625e-10,2.209944185874082e-10,-0.29529704790443057
0.43696,3.0257823475978913e-10,3.506762300885496e-10,5.234690485196396e-10,4.458887099255738e-10,2.1834820025323082e-10,-0.42728193302024076
0.4371,2.903291325649111e-10,3.5103835952612766e-10,5.222020546742262e-10,4.449287361811577e-10,2.202136179789602e-10,-0.5169704079712365
0.43723,3.2490394915426376e-10,3.5010828137908155e-10,5.217343210553976e-10,4.4428647312432266e-10,2.1854851636825156e-10,-0.23376956515264913
0.43737,3.258038063486595e-10,3.5094351788493334e-10,5.222637367502235e-10,4.449263813173759e-10,2.1992039548033226e-10,-0.22568094040230485
0.43751,3.108850884583439e-10,3.5143429127425574e-10,5.226312753650141e-10,4.4533554497212845e-10,2.2065990944076656e-10,-0.3529903465356273
0.43764,2.903538993055014e-10,3.5105884333656993e-10,5.219874100800949e-10,4.448094635116256e-10,2.20527105701486e-10,-0.5148996941813858
0.43778,2.8005150383551634e-10,3.5046300997565924e-10,5.255657907514383e-10,4.472902594748649e-10,2.1714076375186328e-10,-0.6079958370102237
0.43792,3.026922659893013e-10,3.5077462577630274e-10,5.22364949765548e-10,4.4492038137825323e-10,2.1938774200410928e-10,-0.42178205816055375
0.43805,2.9773052536010406e-10,3.499711077889344e-10,5.217912961554084e-10,4.442663459698706e-10,2.1815025051312174e-10,-0.4611893187842295
0.43819,2.1657304790222248e-10,3.471047195892527e-10,5.173409925379605e-10,4.405237973121127e-10,2.1657304790222248e-10,-1.0546762880235547
0.43833,2.1762005264560366e-10,3.4777464314836286e-10,5.177860784564694e-10,4.410530066055523e-10,2.1762005264560366e-10,-1.4314662196778567
0.43846,2.299444085637059e-10,3.5026202259626015e-10,5.194236148149786e-10,4.4298848242691823e-10,2.2169207522760844e-10,-0.9258860143547328
0.4386,3.906319920907642e-10,3.4809930055378103e-10,5.182909755805867e-10,4.4147473269774085e-10,2.1781924235432824e-10,0.42480485170719284
0.43874,5.181794659951339e-10,3.870947978902358e-10,5.351172923205383e-10,4.657037598286228e-10,2.2017409507716964e-10,1.619388232194315
0.43887,5.276796560023922e-10,3.464782140680995e-10,5.172460888163205e-10,4.4022324036960623e-10,2.151633692845562e-10,2.1306438243775427
0.43901,4.853846297937514e-10,3.485604248272867e-10,5.180245717143604e-10,4.415329172464578e-10,2.1923720943283313e-10,1.5633035657233538
0.43915,4.4047461978529745e-10,3.4731750579235357e-10,5.16322474744058e-10,4.400108107375381e-10,2.1829097393041478e-10,1.0136402692627395
0.43929,3.882436332564226e-10,3.4541697781866524e-10,5.147057970089117e-10,4.382947458539248e-10,2.1573938519221136e-10,0.4265825299944164
0.43942,3.481131100246258e-10,3.4616366786360577e-10,5.151818511103107e-10,4.388829369542521e-10,2.1689826393438093e-10,0.020069631951814108
0.43956,2.615517019769572e-10,3.4441438444275887e-10,5.150185262646701e-10,4.3774462078146093e-10,2.1389478538275592e-10,-0.7060853149954736
0.4397,2.1768131658105584e-10,3.4685768726741425e-10,5.158599106343141e-10,4.3955887050917915e-10,2.1768131658105584e-10,-1.857722729242575
0.43983,2.1449819114168265e-10,3.4587276525203317e-10,5.156277976278223e-10,4.391346664210508e-10,2.1449819114168265e-10,-2.4748644280559544
0.43997,2.1438939983267058e-10,3.44082581609989e-10,5.137110499442169e-10,4.3717442935154663e-10,2.1438939983267058e-10,-2.420250199847051
0.44011,2.1556592307430035e-10,3.455941176934899e-10,5.151565556616252e-10,4.38642552852268e-10,2.1556592307430035e-10,-1.333888339099045
0.44025,3.451979522945794e-10,3.522704316250989e-10,5.210050919299985e-10,4.4495926170179625e-10,2.1997240310016753e-10,-0.06405892241197755
0.44038,4.414611568303168e-10,3.485677883136091e-10,5.171996179510729e-10,4.4101682253389714e-10,2.2026139926906509e-10,1.0246475628800233
0.44052,4.6547519442844216e-10,3.462993969552933e-10,5.155027926827508e-10,4.3912719538363404e-10,2.1682803674623431e-10,1.326913059048973
0.44066,4.677872954295286e-10,3.433300162335711e-10,5.134518100816991e-10,4.3675652593220063e-10,2.1214156593165623e-10,1.3555052969679005
0.4408,4.809553964942409e-10,3.4883869928817226e-10,5.171918188717996e-10,4.4112067154156316e-10,2.209321136228997e-10,1.5277584235694535
0.44093,5.035590793673875e-10,3.4738471644382696e-10,5.162870696342977e-10,4.400055786933008e-10,2.1859479289670457e-10,1.8338333096768469
0.44107,5.321875549003904e-10,3.4562385696119705e-10,5.149656184528897e-10,4.385452282091254e-10,2.1584907533416287e-10,2.242221362329981
0.44121,5.000953316949332e-10,3.4234446919512575e-10,5.097283088284902e-10,4.341778727657788e-10,2.1421829754228333e-10,1.862636525493868
0.44135,4.222556378733069e-10,3.445170246251767e-10,5.1104895096762e-10,4.3580880960323805e-10,2.1786705853864286e-10,0.8575798685516391
0.44149,3.4629195065920164e-10,3.4159257758049875e-10,5.088457270262178e-10,4.33366163931544e-10,2.1345074564952735e-10,0.040896940587547594
0.44162,3.0087901094460917e-10,3.4261450944858186e-10,5.101958901853612e-10,4.345783626202592e-10,2.144635102784713e-10,-0.37657273702502064
0.44176,2.1086275543521568e-10,3.4002297598557184e-10,5.078693752970468e-10,4.3217435749681767e-10,2.1086275543521568e-10,-1.051417008532238
0.4419,2.120230608859667e-10,3.4079110984392994e-10,5.084452657881186e-10,4.3281517624979e-10,2.120230608859667e-10,-1.7010869528277879
0.44204,2.150909604790798e-10,3.426050875751446e-10,5.095176839058755e-10,4.3415793503597003e-10,2.150909604790798e-10,-2.002727692211908
0.44217,2.1094182856649743e-10,3.3976983513647234e-10,5.073011226602242e-10,4.317387957342572e-10,2.1094182856649743e-10,-1.767073758153539
0.44231,2.1185484791329162e-10,3.404966036731845e-10,5.080044712912871e-10,4.324397448861561e-10,2.1185484791329162e-10,-1.2047389758873874
0.44245,3.269259492368754e-10,3.429721515835238e-10,5.097916496512291e-10,4.3446284351571277e-10,2.156495773552819e-10,-0.1419395838105467
0.44259,3.963381219239891e-10,3.4372515509827576e-10,5.104651357287815e-10,4.3515494351348163e-10,2.166562799674142e-10,0.560726391398783
0.44273,3.9471107368270925e-10,3.4184778344294703e-10,5.091017112034612e-10,4.336157948931692e-10,2.1376677405170017e-10,0.5443798284711414
0.44287,3.7892721985213053e-10,3.4775722076987397e-10,5.132733072769576e-10,4.384328444122551e-10,2.2209150110396772e-10,0.3234047432287089
0.443,3.964835081999117e-10,3.4389278508222345e-10,5.105912762517035e-10,4.353027171019649e-10,2.168555324667172e-10,0.5610280880085513
0.44314,4.3546853991941297e-10,3.409463424270227e-10,5.087323884383994e-10,4.330442443702479e-10,2.120449414381111e-10,1.0150730097227236
0.44328,4.3932512884251044e-10,3.405132379554562e-10,5.088325534862228e-10,4.328705359452786e-10,2.1212930272296254e-10,1.0725015847791517
0.44342,4.173233714823724e-10,3.4317982662485114e-10,5.094723994632657e-10,4.343580603199465e-10,2.1652674267572435e-10,0.8113735617359208
0.44356,3.930552765820146e-10,3.399345904818497e-10,5.070678380907173e-10,4.3166709453253734e-10,2.116079367429836e-10,0.537574696513219
0.4437,3.4695389035675394e-10,3.410850566668178e-10,5.08087028820444e-10,4.3271943721504404e-10,2.1314533298055913e-10,0.052594279961544414
0.44383,3.1112254464721106e-10,3.4275258287332006e-10,5.092970292670548e-10,4.340863643419782e-10,2.1570647131684715e-10,-0.2804601983242229
0.44397,2.984823259962337e-10,3.405117058043791e-10,5.077354950654999e-10,4.322847789725319e-10,2.1220609576816343e-10,-0.388524501662347
0.44411,2.8868090505181736e-10,3.423053833893746e-10,5.089487383572117e-10,4.33704121587694e-10,2.1506016368991444e-10,-0.4697937496667222
0.44425,2.8964182891139633e-10,3.395771316635526e-10,5.068665513051091e-10,4.3140582841289915e-10,2.1100660384729195e-10,-0.4596831262631607
0.44439,3.1582161100999775e-10,3.416965356791433e-10,5.083532680056211e-10,4.33115898771687e-10,2.14300183387747e-10,-0.23666972462985336
0.44453,3.1615661430381526e-10,3.420061948009554e-10,5.08685048353161e-10,4.334331967721139e-10,2.14645040558005e-10,-0.23493942360144232
0.44467,3.240253778101602e-10,3.4230617473996693e-10,5.088676438559821e-10,4.3365890061748267e-10,2.1514634880899048e-10,-0.16357020428180774
0.44481,3.2036613273764495e-10,3.4108175938582006e-10,5.078151996144801e-10,4.325579295036522e-10,2.1346507541208835e-10,-0.1945866550681856
0.44494,3.195763650853132e-10,3.4034006625960677e-10,5.072583485416186e-10,4.3193835161422425e-10,2.123531908954921e-10,-0.2009934582043171
0.44508,3.4600983436848536e-10,3.413065769164737e-10,5.076379038012756e-10,4.325420606194998e-10,2.1421774478124919e-10,0.05063484559682894
0.44522,3.7055033499721077e-10,3.3861009645205073e-10,5.048791138512028e-10,4.2985860739190197e-10,2.1104458519806409e-10,0.3131705323810864
0.44536,4.07195239533948e-10,3.399941128755137e-10,5.059527766316711e-10,4.3103563350141776e-10,2.1307496763974216e-10,0.7172506028572319
0.4455,4.106876558934862e-10,3.39720345039069e-10,5.057302197791496e-10,4.307970419488182e-10,2.1268349784722664e-10,0.7586170128354106
0.44564,3.828393260526043e-10,3.3933128263342437e-10,5.052975116581697e-10,4.30391014678051e-10,2.1225834601751905e-10,0.4461666168192901
0.44578,3.688858940385583e-10,3.396979651720778e-10,5.055266208164697e-10,4.3066988371182556e-10,2.1286488958749048e-10,0.2967611615532016
0.44592,3.656926918941913e-10,3.3901065357489433e-10,5.049853534786822e-10,4.3008055360863937e-10,2.1186595910604568e-10,0.2644155573641141
0.44606,3.7155562880044137e-10,3.397099232374782e-10,5.054089348199694e-10,4.306054737579156e-10,2.1303391198949268e-10,0.32674207870317457
0.4462,3.57175667337545e-10,3.3969601931422294e-10,5.05310507465679e-10,4.3054080768679865e-10,2.1312697738581366e-10,0.17835282235695327
0.44633,3.1459945806793165e-10,3.4056724964507965e-10,5.061907164032665e-10,4.314017579144302e-10,2.1416405059464645e-10,-0.2332763083548935
0.44647,2.641631307797013e-10,3.421127575367261e-10,5.084866847619141e-10,4.3335867942853437e-10,2.15138404212525e-10,-0.658626232716457
0.44661,2.1812890989387674e-10,3.443258079296178e-10,5.104431814859517e-10,4.353793006347563e-10,2.1812890989387674e-10,-1.0601944717751455
0.44675,2.1494006630335004e-10,3.4241022798783813e-10,5.091600525119788e-10,4.3387156107787475e-10,2.1494006630335004e-10,-1.298054039819372
0.44689,2.1127211210939879e-10,3.397549480643624e-10,5.071525761681856e-10,4.316472077524533e-10,2.1127211210939879e-10,-1.2105417397649416
0.44703,2.119902917835808e-10,3.405550576033659e-10,5.080035244756495e-10,4.32459585225183e-10,2.119902917835808e-10,-1.0969897034048948
0.44717,2.2647532481611854e-10,3.4294349598724664e-10,5.097919011516182e-10,4.3445142998664465e-10,2.1558192361449828e-10,-0.9238207999540451
0.44731,3.032804498610844e-10,3.4795497635086985e-10,5.167990711865611e-10,4.4053969494039253e-10,2.192653966434716e-10,-0.38470749281918304
0.44745,3.9175381647416226e-10,3.458825554523693e-10,5.152813831328658e-10,4.3883258963950557e-10,2.1609539321952268e-10,0.45925450432867215
0.44759,4.4702551027800673e-10,3.4925602242516937e-10,5.176009662221895e-10,4.4155769025857487e-10,2.206088788716896e-10,1.08299212756328
0.44773,4.4526734437323823e-10,3.481460962808813e-10,5.169667880772128e-10,4.407142821781015e-10,2.1952005070288452e-10,1.0700246212840563
0.44787,4.0306369731459965e-10,3.476188799820378e-10,5.164495189837708e-10,4.402030865108738e-10,2.188679189872492e-10,0.5822905560919206
0.44801,3.6684845953374537e-10,3.4534730988354503e-10,5.149917904436342e-10,4.384525663605763e-10,2.151533815004997e-10,0.19891100320691335
0.44815,3.1499231447681787e-10,3.4354487311995416e-10,5.106528673366264e-10,4.351947399055937e-10,2.1599433096292716e-10,-0.2545464836999479
0.44829,3.265917204960116e-10,3.4265357487401843e-10,5.101281078456649e-10,4.3458112860252326e-10,2.1448304673418411e-10,-0.15110857868116676
0.44843,3.160111239864197e-10,3.418717054646933e-10,5.094708972972467e-10,4.3384276574251494e-10,2.1338102530288682e-10,-0.24509194141729523
0.44857,3.0335224216913407e-10,3.416598874651353e-10,5.095022458464521e-10,4.3377798670385826e-10,2.1283584847522583e-10,-0.3565580483000485
0.44871,2.896534768200997e-10,3.4312599317128743e-10,5.106432511251271e-10,4.350264108444318e-10,2.149808414381222e-10,-0.4717512637321416
0.44885,3.117789054410662e-10,3.4334848355075866e-10,5.108606203504656e-10,4.352400794578785e-10,2.1526947995293066e-10,-0.286226224422661
0.44899,3.443265828710249e-10,3.423555801347546e-10,5.09626437530641e-10,4.341231240796073e-10,2.1436460734179597e-10,0.019037855673492574
0.44913,4.00956242517565e-10,3.411311065457672e-10,5.087265917964243e-10,4.3311063870465126e-10,2.125126325672605e-10,0.612607849037389
0.44927,4.335489520558419e-10,3.4373773620344386e-10,5.105741606078264e-10,4.3522242517037545e-10,2.165654510460192e-10,0.9927942045479455
0.44941,4.824809686032115e-10,3.445054394200014e-10,5.107475519824045e-10,4.3562704416604813e-10,2.1820755917390256e-10,1.6294453432636713
0.44955,4.746722543919175e-10,3.4650943240287895e-10,5.129388399471043e-10,4.378193104994727e-10,2.195841658071298e-10,1.5039193814580325
0.44969,4.5740503728050317e-10,3.414553688049468e-10,5.090362543922876e-10,4.3342215297239836e-10,2.129120156245463e-10,1.2909605892920017
0.44983,3.963571557720603e-10,3.437471022260641e-10,5.107633927136387e-10,4.353417453723402e-10,2.1633323982514012e-10,0.5562276065076626
0.44997,2.6073729309401505e-10,3.437963093447863e-10,5.108958340429302e-10,4.354394089433487e-10,2.16290233730327e-10,-0.6928914617720845
0.45011,2.129939564648529e-10,3.418844675947382e-10,5.098029144633828e-10,4.3404184641561176e-10,2.129939564648529e-10,-1.151565743935544
0.45025,2.1954583955847204e-10,3.435250183114539e-10,5.106956683745072e-10,4.352117966694103e-10,2.159090627361906e-10,-0.9697259424904335
0.45039,3.171959159011077e-10,3.4296717274182416e-10,5.112122289760994e-10,4.34804854548723e-10,2.1502470982624553e-10,-0.23550275133258433
0.45053,3.5563045675845917e-10,3.42149043783341e-10,5.096299772418287e-10,4.3404424941619623e-10,2.1385968146257994e-10,0.12810718172160443
0.45067,3.507701459800791e-10,3.4065924624990484e-10,5.074232857741126e-10,4.321610970421938e-10,2.12919676220468e-10,0.09501672506011184
0.45081,3.342002358428653e-10,3.4150055397669497e-10,5.082320580702952e-10,4.3298003103252346e-10,2.138850629951554e-10,-0.06919071035889456
0.45096,3.1731463034865917e-10,3.4059007979062896e-10,5.07366398710405e-10,4.3211384371496e-10,2.1272554471650378e-10,-0.22181807741337328
0.4511,2.7144207792820276e-10,3.3956187821642935e-10,5.066243625302792e-10,4.3128092623466236e-10,2.1105635602103914e-10,-0.6035595717214253
0.45124,2.481546504215459e-10,3.388733810668259e-10,5.055719983824836e-10,4.30368442610355e-10,2.1085738894216304e-10,-0.7698222616208439
0.45138,2.5995659771636536e-10,3.388752158277695e-10,5.041187731454059e-10,4.295168360118571e-10,2.1258149835992216e-10,-0.6745488655454924
0.45152,2.942316362568701e-10,3.4009688336382586e-10,5.049821636168e-10,4.304996369027719e-10,2.145121270037756e-10,-0.40180516907450065
0.45166,3.195700201983934e-10,3.403341084729147e-10,5.056947416549387e-10,4.313042764040613e-10,2.1282231625748482e-10,-0.18858386300430754
0.4518,3.44446453974681e-10,3.372099181915758e-10,5.020943667104779e-10,4.276733752192119e-10,2.1098905856649844e-10,0.0697663935378694
0.45194,3.4333191205380945e-10,3.3740008251665347e-10,5.018040730965414e-10,4.2757745907183784e-10,2.1179298804377987e-10,0.06367899953512365
0.45208,3.3924370383924006e-10,3.3644603048085447e-10,5.009888008722364e-10,4.26723983517962e-10,2.1046917462866414e-10,0.025426299477271506
0.45222,3.588099071612289e-10,3.367959644333181e-10,5.01159559501122e-10,4.269621341827644e-10,2.1110484857841763e-10,0.2245970353409628
0.45237,3.8173571420643146e-10,3.380856774575448e-10,5.024147812728619e-10,4.2820592080552217e-10,2.1271455084479285e-10,0.4651674106401597
0.45251,3.9637107491315025e-10,3.357298802119664e-10,5.008358822902491e-10,4.2634937271862206e-10,2.0895419981744324e-10,0.6300624108784948
0.45265,3.9490904221840493e-10,3.340025075732113e-10,4.969374655340768e-10,4.233833447792069e-10,2.0943323797415677e-10,0.6590804554843673
0.45279,3.6695055252220524e-10,3.346669309165065e-10,4.969644884452191e-10,4.236579520100884e-10,2.1101507338240056e-10,0.35020294730109774
0.45293,3.498447475798147e-10,3.319793300931439e-10,4.949550987334564e-10,4.2141723496437945e-10,2.069677609661458e-10,0.17144849324626824
0.45307,2.909743094285276e-10,3.3394995374321386e-10,4.961420982226554e-10,4.228913808113153e-10,2.1027545923401089e-10,-0.3868752677058848
0.45321,2.6955379167121084e-10,3.340601175721038e-10,4.957560675974638e-10,4.2271059057216354e-10,2.1099222364667818e-10,-0.5616246515967738
0.45335,2.757668188689052e-10,3.314870268123414e-10,4.937892329085866e-10,4.20542167870451e-10,2.071515671649885e-10,-0.5093400712123893
0.4535,3.0937548328318485e-10,3.284726190366496e-10,4.892594087811804e-10,4.1669510994434843e-10,2.0531236758658607e-10,-0.1889262662918378
0.45364,3.527625279915137e-10,3.2776236611421053e-10,4.870331444911087e-10,4.1510827999607086e-10,2.0625967665091557e-10,0.2726554628449376
0.45378,3.8062483854503415e-10,3.2548170927800565e-10,4.854510469545096e-10,4.132806738008884e-10,2.0267571333047323e-10,0.5884393621251746
0.45392,3.941966451546953e-10,3.2881543783313293e-10,4.87711054804583e-10,4.159210230971527e-10,2.0798720132776e-10,0.749896823343228
0.45406,3.664379821981179e-10,3.2775031951127373e-10,4.869645899303981e-10,4.150620704921338e-10,2.0632002238244173e-10,0.4253424687345306
0.4542,2.907614169315782e-10,3.27403352034363e-10,4.865441753865663e-10,4.1467963364231996e-10,2.0598157168895013e-10,-0.33942103913206684
0.45435,2.5338030523947496e-10,3.253045303345749e-10,4.849477008416201e-10,4.1291474415751015e-10,2.0285204794713687e-10,-0.652159943898162
0.45449,2.54533946583282e-10,3.2620390607135574e-10,4.858958244077843e-10,4.1382267929061153e-10,2.03894963076012e-10,-0.6455986492082242
0.45463,2.7395289288868745e-10,3.262980504398517e-10,4.85944618635572e-10,4.138915555753718e-10,2.040459936697592e-10,-0.48730819443542883
0.45477,2.802579792727238e-10,3.280825508168384e-10,4.870457846704036e-10,4.152407527075249e-10,2.0702309934649713e-10,-0.432287002743983
0.45491,3.1442772998189507e-10,3.27137690562533e-10,4.864208978139914e-10,4.145025614149073e-10,2.0548992786170465e-10,-0.11885452400794556
0.45506,3.280892465166749e-10,3.2602009333421007e-10,4.854461484390704e-10,4.13489272668243e-10,2.0397315695604272e-10,0.019200960474336295
0.4552,3.7061404347279065e-10,3.254758654961751e-10,4.850192316366531e-10,4.130243420016065e-10,2.031762119895297e-10,0.4795005512965927
0.45534,3.8735440739136213e-10,3.250353217188072e-10,4.846845420427771e-10,4.126534783766739e-10,2.0252446588405034e-10,0.6764390919961095
0.45548,3.821160159182655e-10,3.2722427321081635e-10,4.860830418027463e-10,4.1433740920693436e-10,2.0610772594523523e-10,0.615235771313308
0.45562,3.638136750228269e-10,3.2481358850258865e-10,4.843763934985918e-10,4.1238522514298777e-10,2.0235955911926884e-10,0.40523908024049987
0.45577,3.6623606395080433e-10,3.2752455126370525e-10,4.863851398663106e-10,4.1463266551819016e-10,2.0647171416987356e-10,0.4296155114494905
0.45591,3.9314095642261367e-10,3.2756805767784845e-10,4.865088741891258e-10,4.1472327322014824e-10,2.06424213961992e-10,0.7439709015399623
0.45605,4.2940557095298515e-10,3.2761538540776723e-10,4.865517081291213e-10,4.1476658234691666e-10,2.0648893864949562e-10,1.2049379606142396
0.45619,3.9633926861610027e-10,3.269141317502863e-10,4.860279713598264e-10,4.1417709577965644e-10,2.0543065949774958e-10,0.7841822323633894
0.45634,3.3227179442496613e-10,3.261388649304262e-10,4.855009640588379e-10,4.1356894142579544e-10,2.0418845238905763e-10,0.06223907977286985
0.45648,2.1156432838053894e-10,3.281435893723404e-10,4.867845922914478e-10,4.151250732433748e-10,2.071831112636615e-10,-0.9534613290823979
0.45662,2.0350581811594315e-10,3.257791005046088e-10,4.853487990778933e-10,4.133382618855794e-10,2.0350581811594315e-10,-1.9837357637395097
0.45676,2.0210556029731496e-10,3.2477019475189007e-10,4.844998090465655e-10,4.124413311728771e-10,2.0210556029731496e-10,-2.3328159730451787
0.45691,2.085759511946546e-10,3.2890778291863885e-10,4.874057818674002e-10,4.157785262966371e-10,2.085759511946546e-10,-2.0261393138378745
0.45705,2.0198519008516511e-10,3.248336444801154e-10,4.847309597620635e-10,4.126015696558248e-10,2.0198519008516511e-10,-1.148442725656415
0.45719,2.9194180660378844e-10,3.2544141365483916e-10,4.850911425203893e-10,4.130534491780637e-10,2.030058742278419e-10,-0.3275232638815126
0.45733,3.9067610015337333e-10,3.2491156347530043e-10,4.851395019903923e-10,4.128705928681595e-10,2.016989934280459e-10,0.7067623225952728
0.45748,4.256664003049972e-10,3.283343332770631e-10,4.875275262590829e-10,4.15620437699508e-10,2.0706501839201828e-10,1.145505907548405
0.45762,3.958001783693368e-10,3.2626034832338594e-10,4.860094764775118e-10,4.1391193456780005e-10,2.0389571584705655e-10,0.7700882421609131
0.45776,3.5967056439796895e-10,3.266682744728596e-10,4.860440645994466e-10,4.1409317517815345e-10,2.0483101910490339e-10,0.3528708573608107
0.4579,3.561889375461718e-10,3.2586571459988604e-10,4.857639209034741e-10,4.1361602839340914e-10,2.0321908522045514e-10,0.3100425925247485
0.45805,3.5727012846981953e-10,3.270471669626035e-10,4.866442612809178e-10,4.145968220340606e-10,2.050133097136933e-10,0.32099752067990056
0.45819,4.094815601414465e-10,3.2873591929794397e-10,4.880163486023463e-10,4.160682692307787e-10,2.074341054104041e-10,0.9326462906353667
0.45833,4.313224178872872e-10,3.243815445357969e-10,4.841560451266944e-10,4.120791865583132e-10,2.0163189818143354e-10,1.2364524011170892
0.45848,4.1387226772871447e-10,3.2399241550616654e-10,4.834398002316812e-10,4.1151188341956616e-10,2.0150645467186992e-10,1.0159072733903936
0.45862,3.732431120879244e-10,3.247677788286094e-10,4.840311640059082e-10,4.1216562097225937e-10,2.0265186462689274e-10,0.5179893007792559
0.45876,3.611804081607185e-10,3.25180551948445e-10,4.845567934411626e-10,4.1263818711100356e-10,2.0300726119144394e-10,0.3765268627181528
0.45891,3.550228755891083e-10,3.2459073756498837e-10,4.841668416807476e-10,4.12175783974747e-10,2.0206660288142373e-10,0.307956869983431
0.45905,3.478674321802793e-10,3.2511339952887274e-10,4.845055032062007e-10,4.125800725312933e-10,2.0292528545302534e-10,0.23061714162108374
0.45919,2.903482390294014e-10,3.240126466452363e-10,4.834401704020243e-10,4.1151810351697257e-10,2.0156545404441544e-10,-0.3347958022138012
0.45934,2.0303701039882921e-10,3.227128275332597e-10,4.825012195343919e-10,4.104556784372226e-10,1.9957295620761154e-10,-1.0039499681147144
0.45948,2.077510540522294e-10,3.2795565472882326e-10,4.861839214782786e-10,4.146847722524446e-10,2.077510540522294e-10,-1.413067162428867
0.45962,2.043386163930739e-10,3.261084058221933e-10,4.853126729703289e-10,4.134462553558015e-10,2.043386163930739e-10,-1.6956798325568683
0.45977,2.0807693609394234e-10,3.2885708637421803e-10,4.876790678775592e-10,4.159785740555076e-10,2.0807693609394234e-10,-1.4057783143067797
0.45991,2.0004537680567417e-10,3.234600172084392e-10,4.836036909721379e-10,4.1139852140365097e-10,2.0004537680567417e-10,-1.16146992040059
0.46005,2.3331518355819967e-10,3.281621606061234e-10,4.870262107640613e-10,4.1525979235737036e-10,2.0725602747526996e-10,-0.8039677191203536
0.4602,3.155913783099378e-10,3.2647954196074676e-10,4.857416506724478e-10,4.1383865446289994e-10,2.0473995760633417e-10,-0.10473431466297328
0.46034,3.5491210960917666e-10,3.2735253760997996e-10,4.862675257278307e-10,4.1449604274307304e-10,2.061883787056581e-10,0.30335112246534224
0.46048,4.1014708153226936e-10,3.245025089061461e-10,4.845008859227309e-10,4.1233386498715416e-10,2.0148107138949248e-10,0.9542859395796461
0.46063,4.6047681444668046e-10,3.2679349575516624e-10,4.869503972472964e-10,4.1467935010909645e-10,2.0401154476874264e-10,1.6095956555998903
0.46077,4.915356692471484e-10,3.2850717782576216e-10,4.877510616441207e-10,4.1582394294892984e-10,2.0719241210347464e-10,2.0721171895675545
0.46091,4.989738498966726e-10,3.2580143869420964e-10,4.866822969620123e-10,4.1412625606822793e-10,2.0200451584637203e-10,2.164763416405041
0.46106,4.679472372247949e-10,3.2769476571082583e-10,4.878185855920926e-10,4.15540016262979e-10,2.0517553689833923e-10,1.7093129513167902
0.4612,4.4634401218731727e-10,3.26489476050325e-10,4.879968328163179e-10,4.1483766315635935e-10,2.0341449030614778e-10,1.4107787005380659
0.46135,4.044334098167808e-10,3.273835504233782e-10,4.875828448503653e-10,4.1513696914415827e-10,2.050065644283561e-10,0.8658342472022891
0.46149,3.8168680906136063e-10,3.267229645564304e-10,4.867374156051695e-10,4.145254681857541e-10,2.0411483855897417e-10,0.5934162100072748
0.46163,3.3264846772101623e-10,3.277535309403609e-10,4.881764153104118e-10,4.157796319934158e-10,2.0485985262964577e-10,0.045505442177644045
0.46178,2.4622051779142336e-10,3.2845627195644443e-10,4.899698406326838e-10,4.170934336912185e-10,2.0475788927068996e-10,-0.7257802639569866
0.46192,2.094984827646805e-10,3.2681550388360954e-10,4.876134866221042e-10,4.150712571599284e-10,2.033141238849453e-10,-0.9744961714603113
0.46207,2.0888084263121172e-10,3.298738963513831e-10,4.890787098733459e-10,4.1714337668402595e-10,2.0888084263121172e-10,-1.0464909311070474
0.46221,2.4815215048756737e-10,3.299067442516349e-10,4.894683950254707e-10,4.173849630456133e-10,2.084953973269316e-10,-0.7028237375680456
0.46236,3.1110617934113856e-10,3.32399401931912e-10,4.956314989974191e-10,4.222356572791946e-10,2.0787420762497076e-10,-0.20453911276337344
0.4625,3.0951728533013676e-10,3.3091276418202644e-10,4.930269503077959e-10,4.198737281759279e-10,2.0664451435859213e-10,-0.2107588271809645
0.46264,3.2662254212485887e-10,3.3153417781183746e-10,4.939810354744404e-10,4.2072110147973415e-10,2.076618942023129e-10,-0.047641056274567016
0.46279,2.922624541401342e-10,3.3185273537167353e-10,4.932079631350589e-10,4.203550600285219e-10,2.086582838814678e-10,-0.362079753978422
0.46293,2.464737031953564e-10,3.2864610993115643e-10,4.898881275893497e-10,4.171299269070851e-10,2.0500650708004446e-10,-0.724142758847327
0.46308,2.3988097853717557e-10,3.282603528725246e-10,4.900257013435103e-10,4.170600639734713e-10,2.0390570420263673e-10,-0.7753473727087445
0.46322,2.4387681595815837e-10,3.311915875607216e-10,4.919967190604676e-10,4.1937150995553586e-10,2.0858906215241208e-10,-0.7461448543194413
0.46337,2.387427731280406e-10,3.274295008547164e-10,4.876880365314962e-10,4.1536010018413695e-10,2.0468868048799304e-10,-0.7721587372747858
0.46351,2.62722826185466e-10,3.2857298738907265e-10,4.883112874221624e-10,4.161779092955139e-10,2.06681976996975e-10,-0.5869044075403669
0.46366,3.418613575109607e-10,3.278141762445017e-10,4.87480052005556e-10,4.153902634477869e-10,2.0585494750013903e-10,0.15058762842414086
0.4638,3.641010235459427e-10,3.2842145237273314e-10,4.876401723735988e-10,4.157216823684094e-10,2.0713508680899188e-10,0.3954993151014263
0.46394,4.2103173864727576e-10,3.27808880919809e-10,4.883397091620091e-10,4.152016671818259e-10,2.0627977516611458e-10,1.0861930179585477
0.46409,5.212638216135107e-10,3.2855474359375285e-10,4.877201637800506e-10,4.1582079182493364e-10,2.0736418209369027e-10,2.5383578178569404
0.46423,5.530247215628602e-10,3.285954452327227e-10,4.872050190947093e-10,4.155351799673138e-10,2.0807686651352547e-10,3.082402597203144
0.46438,5.260289146808002e-10,3.2784130914426327e-10,4.865832254658042e-10,4.148738352266234e-10,2.0699701781011361e-10,2.6356485692112157
0.46452,4.559831856172558e-10,3.270642318546256e-10,4.862775560651732e-10,4.1438968020198585e-10,2.054828804412491e-10,1.5661754586687227
0.46467,3.284910789946943e-10,3.271090931863671e-10,4.86827287390154e-10,4.147310030531445e-10,2.0492928992785256e-10,0.015046551659576394
0.46481,2.0217144544792496e-10,3.253579187126913e-10,4.856336817659522e-10,4.133379778243786e-10,2.0217144544792496e-10,-1.8419590738785552
0.46496,2.0029801266098324e-10,3.2401143682128786e-10,4.845220690514759e-10,4.1215114277310846e-10,2.0029801266098324e-10,-2.4681034202605066
0.4651,2.0271216964130462e-10,3.253888233761451e-10,4.852430085371565e-10,4.1312259858797004e-10,2.0271216964130462e-10,-2.819738437759259
0.46525,2.0451626586064918e-10,3.2659231490528423e-10,4.861437299926207e-10,4.141240209593422e-10,2.0451626586064918e-10,-2.3613769257519195
0.46539,1.996870970295188e-10,3.23638648253437e-10,4.842893115135711e-10,4.1187039351539686e-10,1.996870970295188e-10,-1.6526045811633259
0.46554,2.0073315387366676e-10,3.243696250026275e-10,4.84880878512016e-10,4.125005820695351e-10,2.0073315387366676e-10,-1.1546859423426539
0.46569,2.6875221172139346e-10,3.256747932461013e-10,4.86168346258876e-10,4.137625933574514e-10,2.0236056973995687e-10,-0.535568808261631
0.46583,3.564380458367861e-10,3.2613798497165355e-10,4.859493745752961e-10,4.1383089271609385e-10,2.0365904067010275e-10,0.31298342643792215
0.46598,3.9215948573260704e-10,3.263894652773181e-10,4.862455050523878e-10,4.141031771524907e-10,2.039066083095311e-10,0.7228478807022429
0.46612,4.0279712022961204e-10,3.253600087164936e-10,4.856779675184553e-10,4.133638505884925e-10,2.0212985588063618e-10,0.8505866054998439
0.46627,4.193212964349563e-10,3.2560910169318386e-10,4.848388973421026e-10,4.129696705072783e-10,2.0371601927635515e-10,1.0803316918094314
0.46641,4.2218934968716744e-10,3.2381384489254397e-10,4.825868503250739e-10,4.109449073081291e-10,2.0205804133844743e-10,1.1383403211488154
0.46656,3.8625357744617685e-10,3.2372264290485603e-10,4.824979463153828e-10,4.1085261824858327e-10,2.0197590033832105e-10,0.686062635978698
0.4667,3.9062868846876795e-10,3.245485989012749e-10,4.827060597413829e-10,4.1130270698683465e-10,2.0369106827307692e-10,0.7452772949965946
0.46685,3.8048598998683327e-10,3.2531812394721615e-10,4.826238600520473e-10,4.115572236247244e-10,2.056467839213946e-10,0.6325328026434263
0.46699,3.9841618542187304e-10,3.2477840113122366e-10,4.822212804011719e-10,4.1110547936771784e-10,2.0484003041934947e-10,0.8535305285184807
0.46714,3.9423022915776453e-10,3.243539845179674e-10,4.834771349525984e-10,4.116786647471791e-10,2.023283896886165e-10,0.7612580168948238
0.46729,3.7719413302088124e-10,3.21463045065017e-10,4.79520788802016e-10,4.0821706663090814e-10,2.0008227403559074e-10,0.6020020036513013
0.46743,3.498500969472299e-10,3.2185737317396235e-10,4.79581676708288e-10,4.0840533494691893e-10,2.0097379723616324e-10,0.2916227595315992
0.46758,2.969972273701256e-10,3.217458327376174e-10,4.789929773909566e-10,4.080156087535231e-10,2.0140834228906472e-10,-0.24373061132344628
0.46772,2.250906439027988e-10,3.223666171339692e-10,4.79256023828491e-10,4.0841642940197876e-10,2.0258051390538616e-10,-0.839127305986331
0.46787,2.0499791228769618e-10,3.241567160678121e-10,4.808194257218714e-10,4.1004050974797214e-10,2.0499791228769618e-10,-1.2004900240873668
0.46802,1.9850485987559927e-10,3.199338043985596e-10,4.777830527246177e-10,4.065925650769798e-10,1.9850485987559927e-10,-1.3640069983279226
0.46816,2.0282019887130075e-10,3.235234149699324e-10,4.813791159908441e-10,4.101172176727965e-10,2.0282019887130075e-10,-1.1525056789175272
0.46831,2.2133220243260426e-10,3.2461413666363774e-10,4.8292594545844e-10,4.114560151794064e-10,2.0359886620249087e-10,-0.8784800841023767
0.46845,2.863177053475179e-10,3.204058733451127e-10,4.779614877682314e-10,4.068820842472706e-10,1.9942562481705379e-10,-0.34122212101700883
0.4686,3.306755434923407e-10,3.2160402081705233e-10,4.785878219120502e-10,4.077347092821321e-10,2.0126576717546632e-10,0.2401008860692527
0.46875,3.5851816533926494e-10,3.153437008626931e-10,4.70713930918954e-10,4.0063204294611266e-10,1.9591611672790192e-10,0.45960672143105546
0.46889,4.050090361777907e-10,3.2314777582615995e-10,4.793032962698442e-10,4.0877204748696896e-10,2.038396862023991e-10,0.933806481288236
0.46904,4.3263276775717816e-10,3.201681264989617e-10,4.770799098454702e-10,4.0626971919131383e-10,1.999084129120759e-10,1.3477975071074395
0.46919,4.2750455965736775e-10,3.1928752713034864e-10,4.768251492099004e-10,4.057724541143228e-10,1.9811262684436258e-10,1.2695138068491538
0.46933,4.053519672313869e-10,3.235774478918561e-10,4.797386589285477e-10,4.0917360174478494e-10,2.0493382127185788e-10,0.9744213690992355
0.46948,4.06502683430817e-10,3.145241851364411e-10,4.702709877424349e-10,4.000468796688374e-10,1.9450859168838237e-10,1.0586519312472271
0.46962,3.9268683152984336e-10,3.1772395217724006e-10,4.724780925919722e-10,4.0260517784374275e-10,1.9952131098928342e-10,0.8772530745074998
0.46977,3.6140948961985214e-10,3.1495492880473283e-10,4.702330873658409e-10,4.001952118767145e-10,1.9556188536162888e-10,0.49744811117805204
0.46992,3.1167299492021396e-10,3.168164796783803e-10,4.713691092717991e-10,4.0159772973501694e-10,1.9865693910277097e-10,-0.04991382017740119
0.47006,2.5373489702000964e-10,3.173693011875542e-10,4.713567417301087e-10,4.0180893647700377e-10,1.9999711288680578e-10,-0.5846224225808067
0.47021,2.1708420313351565e-10,3.1682801189278705e-10,4.711598194862503e-10,4.0148064736946245e-10,1.9892664200161496e-10,-0.8698664971909515
0.47036,2.008434806646625e-10,3.184000243570355e-10,4.727209317092601e-10,4.0301649436889523e-10,2.008434806646625e-10,-1.2334072214354477
0.4705,1.953928523535244e-10,3.148374239201661e-10,4.705665472805259e-10,4.0019945488932967e-10,1.953928523535244e-10,-1.6058200023186373
0.47065,1.9532773923758448e-10,3.1503893594965446e-10,4.706042360121015e-10,4.0044619231309073e-10,1.9532773923758448e-10,-1.5364833465791055
0.4708,2.0212028704892751e-10,3.192735906903112e-10,4.73422479968052e-10,4.0377082443441996e-10,2.0212028704892751e-10,-1.1775600505670887
0.47095,2.56381777096198e-10,3.155439442493767e-10,4.709959277688116e-10,4.008739101273219e-10,1.9607601723365955e-10,-0.5694202044322646
0.47109,2.785279947717145e-10,3.16589003629043e-10,4.715737231463178e-10,4.0162418882563215e-10,1.9789272853832806e-10,-0.37446125813741243
0.47124,2.914019501279815e-10,3.1658825682086097e-10,4.714365411615205e-10,4.015446174481116e-10,1.9804631051458397e-10,-0.2529138248774538
0.47139,3.042833133488141e-10,3.155618925628779e-10,4.703891611240101e-10,4.005261307299776e-10,1.9682787581603785e-10,-0.12275823124857944
0.47153,3.198460920986043e-10,3.16877205653084e-10,4.714666721186907e-10,4.016792137336326e-10,1.9868475319762894e-10,0.03384778386669296
0.47168,3.4203143502416147e-10,3.161839180453515e-10,4.711203570137953e-10,4.01202854792601e-10,1.9743454897785854e-10,0.2730757519828462
0.47183,3.9938146207302324e-10,3.160660024161359e-10,4.712555046759735e-10,4.0123564816131487e-10,1.9699307770062813e-10,0.965835121066597
0.47198,4.4000226264353727e-10,3.177646800504676e-10,4.726135828117998e-10,4.027045368503264e-10,1.9943323576568572e-10,1.5182251820927117
0.47212,4.135933750394742e-10,3.181987073168161e-10,4.729747062124912e-10,4.030839805532793e-10,2.0006693379476482e-10,1.149040528728534
0.47227,3.3659698942375433e-10,3.179881467744407e-10,4.728684082593935e-10,4.0293339924541686e-10,1.997129222666952e-10,0.20537375218325962
0.47242,1.9957903999897043e-10,3.179356448714638e-10,4.728447480914018e-10,4.029060360126583e-10,1.9957903999897043e-10,-1.0026559521180969
0.47256,1.9802854713234743e-10,3.1709459344509213e-10,4.724618391564546e-10,4.023487544285175e-10,1.9802854713234743e-10,-1.6513863396158845
0.47271,1.9901443108660483e-10,3.1785776725602996e-10,4.731724374251089e-10,4.030669295695934e-10,1.9901443108660483e-10,-1.5472332645296556
0.47286,2.7891038607450486e-10,3.1692547516333763e-10,4.721420322565209e-10,4.020916167476278e-10,1.980150814140342e-10,-0.37440098862555343
0.47301,3.9304658102513126e-10,3.181684726457394e-10,4.729223957856735e-10,4.0305884304869983e-10,2.0019002627476183e-10,0.8818636970103026
0.47315,4.570089080462868e-10,3.150052031420256e-10,4.707683833277216e-10,4.0052850461359444e-10,1.9505069220268208e-10,1.767689016655317
0.4733,4.5259753916387236e-10,3.1559416859690456e-10,4.715812080528031e-10,4.012280733647572e-10,1.9554344892169202e-10,1.6930538136578335
0.47345,3.5366088110493286e-10,3.1680770658282533e-10,4.71970883875761e-10,4.019448639191877e-10,1.9793684302003205e-10,0.39928185750574285
0.4736,2.556539297773961e-10,3.1890532622154755e-10,4.731150052060211e-10,4.034444581134782e-10,2.016049444717198e-10,-0.5743526920019326
0.47375,1.9641165480648658e-10,3.1561674360180877e-10,4.708458790677883e-10,4.008176944245269e-10,1.9641165480648658e-10,-1.275317689452981
0.47389,1.9758907941469938e-10,3.164468443006736e-10,4.715193957613083e-10,4.015409107382669e-10,1.9758907941469938e-10,-1.5219180087449147
0.47404,2.0115763964214723e-10,3.189337643019668e-10,4.735524864750436e-10,4.037103591339007e-10,2.0115763964214723e-10,-1.483478346235767
0.47419,2.0086356438943827e-10,3.187663469151623e-10,4.734357125969036e-10,4.0358115853469686e-10,2.0086356438943827e-10,-1.0688039433775158
0.47434,2.607734646601196e-10,3.191223781510369e-10,4.735282491469216e-10,4.037738500348551e-10,2.0162484659177038e-10,-0.5334100708739922
0.47448,3.1225233811121725e-10,3.1738643431814754e-10,4.72276782147006e-10,4.023552732192075e-10,1.9894317914303904e-10,-0.05049645723450653
0.47463,3.7497928822182263e-10,3.188613208785971e-10,4.7371427361658e-10,4.0377919872367477e-10,2.0080291542480409e-10,0.6470530829593765
0.47478,4.2106389540073646e-10,3.1660306442051865e-10,4.723838178281638e-10,4.021086306466995e-10,1.9694708234170894e-10,1.2399719791858894
0.47493,4.4529973819470694e-10,3.186659262294579e-10,4.747127178826364e-10,4.042954451116678e-10,1.9908266784903133e-10,1.5597450667484585
0.47508,4.357425304781817e-10,3.182306619713828e-10,4.74408918151555e-10,4.0393810155360723e-10,1.9844210385836968e-10,1.422897781699028
0.47523,4.044672989990189e-10,3.172936128418644e-10,4.739822031737103e-10,4.033225057821649e-10,1.9671407544260947e-10,0.9937496460422524
0.47537,3.7272551377830117e-10,3.202849251069693e-10,4.76080016025837e-10,4.0572983119291384e-10,2.013716414833297e-10,0.5945497104570613
0.47552,3.4539349344475935e-10,3.1981781188638844e-10,4.763461738063882e-10,4.057034273026137e-10,1.999251452355028e-10,0.2695156791103629
0.47567,2.929695539655991e-10,3.2069361088892893e-10,4.775711147722673e-10,4.0676712924855834e-10,2.0057094875165113e-10,-0.2740910175881083
0.47582,2.024060319017231e-10,3.219815724458307e-10,4.786235966465195e-10,4.0789346260517787e-10,2.024060319017231e-10,-0.9949831431461347
0.47597,1.9960506526794258e-10,3.2031428413330374e-10,4.776344275121311e-10,4.0664996100879015e-10,1.9960506526794258e-10,-1.7568433733991458
0.47612,1.9642238698638737e-10,3.1826489510552155e-10,4.761964215936124e-10,4.0500067299068353e-10,1.9642238698638737e-10,-1.9960108219334027
0.47626,1.9906605544613689e-10,3.200449647158388e-10,4.775886708869168e-10,4.065112852147241e-10,1.9906605544613689e-10,-1.903367812844806
0.47641,2.0292171332031916e-10,3.22449299435436e-10,4.791315721615665e-10,4.083757634815221e-10,2.0292171332031916e-10,-1.6650989752769128
0.47656,2.562018829997276e-10,3.193450944011313e-10,4.771470838626939e-10,4.058886896956552e-10,1.980470304506118e-10,-0.5989287625394583
0.47671,3.839034534966998e-10,3.209149187028049e-10,4.780443219991184e-10,4.0713218062580045e-10,2.0055072427748658e-10,0.7032238796772416
0.47686,4.569708273865207e-10,3.218344750135394e-10,4.786977586041181e-10,4.078769589327237e-10,2.0197329288304156e-10,1.6811977165763252
0.47701,4.747953448768498e-10,3.195463352750284e-10,4.771835723668957e-10,4.060856107607341e-10,1.9829614849030433e-10,1.944767261711725
0.47716,4.396520415564405e-10,3.235630764261007e-10,4.799060125300872e-10,4.09267552822629e-10,2.046792893306288e-10,1.4323799490585287
0.47731,3.870707259311992e-10,3.2025734599983244e-10,4.77630763694516e-10,4.0662965333241426e-10,1.994616504882727e-10,0.7413716974318603
0.47745,3.5534035114037486e-10,3.218944109506825e-10,4.787846756636869e-10,4.0795264439669067e-10,2.0200728015524662e-10,0.36540430796781803
0.4776,3.456787689545864e-10,3.2012587960329086e-10,4.775987708941317e-10,4.0655927649201314e-10,1.9918330880636968e-10,0.2571387192100233
0.47775,3.1388361651905405e-10,3.1786738601341344e-10,4.731199665594215e-10,4.030411121869013e-10,1.9908505748482223e-10,-0.04038940492255804
0.4779,2.9328011653616827e-10,3.183178514848786e-10,4.742514857619131e-10,4.0387984795932073e-10,1.9884012583059376e-10,-0.25278402878212314
0.47805,3.2298152204082684e-10,3.190616134979094e-10,4.746413150775514e-10,4.0440339617234953e-10,2.0014769291084206e-10,0.04454018634016796
0.4782,3.1189929786961175e-10,3.197092471926947e-10,4.75565343886803e-10,4.052040789268984e-10,2.005776856701947e-10,-0.07536038854629941
0.47835,3.063405867299835e-10,3.1937255092304127e-10,4.758078162641418e-10,4.0521496975538026e-10,1.9948699579634113e-10,-0.13611679492808929
0.4785,2.654830086645774e-10,3.348173924134541e-10,4.874948785870761e-10,4.182758497036011e-10,2.2015759313120997e-10,-0.5408082158716089
0.47865,1.9853979007294093e-10,3.1918910735588675e-10,4.762488404711032e-10,4.053971581083638e-10,1.9853979007294093e-10,-1.021091031732509
0.4788,2.0044004820767079e-10,3.204372778621856e-10,4.771735428951472e-10,4.064305105972625e-10,2.0044004820767079e-10,-1.0087152733076015
0.47895,2.6037679034018186e-10,3.2270411884321623e-10,4.791869953898493e-10,4.085660550729563e-10,2.029145500733335e-10,-0.5680169693502796
0.4791,3.493816635737149e-10,3.2134813703208803e-10,4.781352943188148e-10,4.073546714743367e-10,2.0147821371290414e-10,0.3028940092724232
0.47925,3.991386427523365e-10,3.2081967247967475e-10,4.777891910948759e-10,4.069437827513303e-10,2.0062029187583586e-10,0.8969503189898963
0.47939,4.001572179051571e-10,3.2208602135669266e-10,4.786038476764434e-10,4.079208542581736e-10,2.0268241032630494e-10,0.9104111166294544
0.47954,3.7101395213936675e-10,3.22203417310031e-10,4.786773475995177e-10,4.0801093025688976e-10,2.0288197742434965e-10,0.5518549090005672
0.47969,3.2233399343424287e-10,3.2092549476377763e-10,4.778204304911868e-10,4.0700450116076914e-10,2.008326214003501e-10,0.01325078620396557
0.47984,2.8353582513962855e-10,3.210036097692486e-10,4.779594860196323e-10,4.071174684131233e-10,2.008501956540552e-10,-0.3627334452400717
0.47999,2.863528990186685e-10,3.204373231303932e-10,4.783736212005896e-10,4.0662923815244004e-10,1.9992727500034122e-10,-0.3372260914886037
0.48014,3.1944878914593814e-10,3.215602296756215e-10,4.784423801901641e-10,4.0761843239798984e-10,2.0162279951918055e-10,-0.018325344643405364
0.48029,3.562469971116755e-10,3.2289496823095325e-10,4.793834448741277e-10,4.0869821398213865e-10,2.0370035702843937e-10,0.37643198121325416
0.48044,4.0026869778365884e-10,3.2222451262623463e-10,4.791411905401589e-10,4.082918152260366e-10,2.023729477943302e-10,0.9032251404818834
0.48059,4.015772827003799e-10,3.2384857866436553e-10,4.802879628079721e-10,4.096045101697419e-10,2.0491886846994146e-10,0.9185137657466848
0.48074,3.578612423805864e-10,3.2148992662994727e-10,4.790433423660331e-10,4.0794373891008915e-10,2.0073532487473622e-10,0.38586093933364124
0.48089,2.703305280120132e-10,3.23262779444249e-10,4.802947235738332e-10,4.093785953419324e-10,2.0349264252949803e-10,-0.4865005902543741
0.48104,2.1182025094413428e-10,3.2322693742060683e-10,4.800091048127153e-10,4.091970011253722e-10,2.037466503151459e-10,-0.9322662475250532
0.48119,2.3940250236998143e-10,3.233767589857353e-10,4.801422501532339e-10,4.0933506796046824e-10,2.0390849309650683e-10,-0.7350202720511163
0.48134,3.002182610701862e-10,3.222317673049301e-10,4.794480870638535e-10,4.0847568154540407e-10,2.0202535850270766e-10,-0.21462584984270772
0.48149,3.2809293228080503e-10,3.218803909223685e-10,4.794508735683444e-10,4.083383290218993e-10,2.0118053098993815e-10,0.060044919270770124
0.48164,3.211759709651955e-10,3.220280991290266e-10,4.795748161689934e-10,4.084696647839039e-10,2.013849212536502e-10,-0.01098793897192652
0.48179,3.0227622987608366e-10,3.2921748383443525e-10,4.849727208888327e-10,4.146319321996688e-10,2.0838587288892873e-10,-0.26877170498587827
0.48194,3.1018160099874206e-10,3.230586584556478e-10,4.803371931142831e-10,4.0932283973757455e-10,2.029521512859507e-10,-0.1218033376854892
0.48209,3.648617325073628e-10,3.323752856350731e-10,4.867994873976103e-10,4.168193861072921e-10,2.1677192358951293e-10,0.3691793435857372
0.48224,3.8179949091363476e-10,3.227218506531001e-10,4.802569194083879e-10,4.0914166365424587e-10,2.022470042648815e-10,0.6600533806587565
0.48239,3.906206419055369e-10,3.2453412179188715e-10,4.814871485438396e-10,4.1057834209251827e-10,2.0513547138781087e-10,0.7670398754349088
0.48255,3.696732525668303e-10,3.2440418365001463e-10,4.815344848999816e-10,4.105573676861678e-10,2.047500694024765e-10,0.5128052192497479
0.4827,3.5915339937374424e-10,3.2292765197187483e-10,4.804393335244994e-10,4.0932981879980906e-10,2.0252407903397303e-10,0.39400671030651285
0.48285,3.598604565022282e-10,3.237138432015908e-10,4.811136031992693e-10,4.100364450222395e-10,2.0360288095675733e-10,0.3995699117734932
0.483,3.6236788459671895e-10,3.2319338008290775e-10,4.809946258690799e-10,4.097617633909968e-10,2.0249312069410535e-10,0.42463934430001543
0.48315,3.2622656764364584e-10,3.2331627591000163e-10,4.809732787890664e-10,4.097965741701066e-10,2.0281611334195486e-10,0.03353425774695495
0.4833,3.0263412447064276e-10,3.22131161321292e-10,4.808047265418162e-10,4.0894629808304484e-10,2.007196622212811e-10,-0.20192332397995025
0.48345,2.8706062288568823e-10,3.2412120350078503e-10,4.820371185328375e-10,4.107413599166663e-10,2.034656070744064e-10,-0.35035549708767805
0.4836,2.3710267940268945e-10,3.2167796684824797e-10,4.804199061945931e-10,4.088261980652656e-10,1.995539171302521e-10,-0.761714819670328
0.48375,2.0125916452007517e-10,3.2248211229299656e-10,4.807148861311755e-10,4.0927166530708273e-10,2.0125916452007517e-10,-1.3403492667759884
0.4839,2.0173981551610236e-10,3.226731533927346e-10,4.805776712265503e-10,4.093124759646352e-10,2.0173981551610236e-10,-1.5285782265269994
0.48405,2.0476810691938213e-10,3.2477780020703944e-10,4.822504281323821e-10,4.1113542456469835e-10,2.0476810691938213e-10,-1.4948819213939022
0.4842,2.2430849159196468e-10,3.2182097083640307e-10,4.801777776558934e-10,4.087445599576567e-10,2.0016631544245722e-10,-0.8525497618505609
0.48436,3.359311488148339e-10,3.235667868292944e-10,4.816407083265286e-10,4.1028783961006275e-10,2.0262098545446674e-10,0.1284128714264465
0.48451,4.039869200572038e-10,3.218658344759758e-10,4.804629869203805e-10,4.089279104948173e-10,1.9994418877767114e-10,0.919841456156987
0.48466,4.42121044944022e-10,3.206921223360767e-10,4.794674393203488e-10,4.078796537569397e-10,1.983289524489177e-10,1.4314318283867982
0.48481,4.366484332188493e-10,3.255691343657802e-10,4.827433195922755e-10,4.1174524997725174e-10,2.0617699852320654e-10,1.3565978903506517
0.48496,4.2033620199167436e-10,3.213942780266638e-10,4.817703876923533e-10,4.0910285994920815e-10,1.993824927834993e-10,1.131934966982365
0.48511,3.9201199320522587e-10,3.216542329933995e-10,4.805484237422264e-10,4.088922826266633e-10,1.9937377602102198e-10,0.7651466646651924
0.48526,3.194084207572866e-10,3.223539955063467e-10,4.798411864753265e-10,4.08753967238395e-10,2.018520595612225e-10,-0.029770363466308913
0.48541,2.845721784319426e-10,3.2191936581196755e-10,4.792117528193199e-10,4.08211358471004e-10,2.0156996372107474e-10,-0.35946117828480784
0.48557,2.4328851479547504e-10,3.218458916811786e-10,4.785337079727713e-10,4.0778461327884833e-10,2.021998446337179e-10,-0.7008484232337913
0.48572,2.594951600984023e-10,3.21993188569288e-10,4.78890323397246e-10,4.080515804762367e-10,2.0213059133858112e-10,-0.5729833143893013
0.48587,2.8634886440686457e-10,3.2043371767914376e-10,4.78114438433187e-10,4.0697842346837127e-10,1.9933693350597985e-10,-0.342039028259601
0.48602,3.1597951781602094e-10,3.2230582035006013e-10,4.792919449243941e-10,4.0841151641907763e-10,2.024004266072091e-10,-0.057607126329124736
0.48617,3.346277053843288e-10,3.2221332996286963e-10,4.79219309017865e-10,4.0833345100405363e-10,2.0225470900659376e-10,0.1348700249056973
0.48632,3.449628061637447e-10,3.2200358665375844e-10,4.790470981552114e-10,4.081490671628139e-10,2.0196085902941393e-10,0.24705229070938672
0.48647,3.5802643033052666e-10,3.2167379274906985e-10,4.789520894471369e-10,4.0795994689066524e-10,2.0130287487919935e-10,0.39151018040632346
0.48663,3.518898059492923e-10,3.211609257871422e-10,4.78500482938009e-10,4.0749617658079996e-10,2.0059096757570726e-10,0.32346231019938365
0.48678,3.2475249457833304e-10,3.218288731089991e-10,4.788571215963422e-10,4.0796931864568516e-10,2.0176404110082707e-10,0.03265244682540411
0.48693,3.0862222760936456e-10,3.2156173680894696e-10,4.788852789900423e-10,4.078818692967913e-10,2.0108212760631172e-10,-0.13221126292584623
0.48708,2.866670804172591e-10,3.2071811653464724e-10,4.783539796320702e-10,4.0723500342266326e-10,1.9971012204341554e-10,-0.3398646099709294
0.48723,2.8645566371134896e-10,3.205291744066764e-10,4.783244364169187e-10,4.0714590192181454e-10,1.992837398147452e-10,-0.34275734224516674
0.48739,3.272782184431015e-10,3.223017316646384e-10,4.798613662009675e-10,4.087454897190248e-10,2.0170136707490537e-10,0.05005748552314418
0.48754,3.6701930614344536e-10,3.21376676453143e-10,4.796189147271311e-10,4.0823826068487627e-10,1.9977962191789098e-10,0.4802040543481485
0.48769,4.075007221643283e-10,3.234044957813339e-10,4.812387666854893e-10,4.099872150598518e-10,2.0271949251354548e-10,0.9704725380853689
0.48784,4.128682704185491e-10,3.2270891617134766e-10,4.810553412386321e-10,4.096058000100022e-10,2.0126547561361447e-10,1.0338255692339178
0.48799,3.663954339507808e-10,3.2427145291116586e-10,4.820053152637632e-10,4.107791684668293e-10,2.038816609837873e-10,0.46628995870139583
0.48815,2.5298972224908223e-10,3.2500036884092455e-10,4.825700683807762e-10,4.1125220787326025e-10,2.0533530520376455e-10,-0.6363267026127625
0.4883,2.040826625890181e-10,3.2358001512028953e-10,4.804396116681058e-10,4.0958873097690936e-10,2.040826625890181e-10,-1.2534154012495362
0.48845,1.9732343654599635e-10,3.193744514704144e-10,4.7766559815034e-10,4.0630187524611825e-10,1.9732343654599635e-10,-1.3089993787952365
0.4886,2.0553996041997609e-10,3.247341435067288e-10,4.815494662254103e-10,4.1069438312512307e-10,2.0553996041997609e-10,-1.1956567507240679
0.48876,2.2156991641257646e-10,3.247762641377717e-10,4.824114265652899e-10,4.1123160703066316e-10,2.0451736721038033e-10,-0.8735639027183509
0.48891,2.3982072975932653e-10,3.2368651752636394e-10,4.814274591091773e-10,4.1020807991828117e-10,2.03165250717374e-10,-0.7390778176146158
0.48906,3.119233815576125e-10,3.229352399749346e-10,4.80754362852428e-10,4.09519867879672e-10,2.0215413820726656e-10,-0.11072787597948253
0.48921,3.41775965467845e-10,3.2346520488514035e-10,4.813520664188125e-10,4.100781011988466e-10,2.0272921061296645e-10,0.1937701344798497
0.48937,3.9496659200373134e-10,3.2524857869400503e-10,4.827161624900788e-10,4.11516667231159e-10,2.055095443857753e-10,0.8093982525092909
0.48952,4.337961423584864e-10,3.217384195487429e-10,4.793521684269446e-10,4.082241995441638e-10,2.0094680049465409e-10,1.3359721207731297
0.48967,4.755736765915214e-10,3.207016653998379e-10,4.781248012303772e-10,4.0709729582626856e-10,1.9992004989599518e-10,1.951027314786861
0.48982,4.751250093161389e-10,3.200362578592344e-10,4.778457560902361e-10,4.066726265744359e-10,1.986491365720867e-10,1.9385249839405982
0.48998,4.494508098263262e-10,3.1789366334358707e-10,4.738877624120404e-10,4.0350770643646965e-10,1.9823173534729783e-10,1.6246169064251776
0.49013,3.9955913853396367e-10,3.166358655265855e-10,4.728953593372614e-10,4.0242256691403596e-10,1.9641792787040846e-10,0.9426877944278395
0.49028,3.3822879692817593e-10,3.197149397884203e-10,4.753571138729617e-10,4.050823922812284e-10,2.0085521322085023e-10,0.20381265956153122
0.49044,2.594849523101142e-10,3.1807036262227025e-10,4.748281322646644e-10,4.041220395094587e-10,1.975528149127303e-10,-0.5612990152484362
0.49059,2.003085464756579e-10,3.195616174354138e-10,4.755094119612775e-10,4.0511085864577476e-10,2.003085464756579e-10,-1.1814171119659764
0.49074,2.0225357839564037e-10,3.2127858868598547e-10,4.773406260150566e-10,4.0686196643896344e-10,2.0225357839564037e-10,-1.4748751165931504
0.4909,2.0236770722193607e-10,3.2179359359560223e-10,4.782886930420014e-10,4.076198862630341e-10,2.0236770722193607e-10,-1.0500912455201528
0.49105,2.6398482245821697e-10,3.2175191847774063e-10,4.786924719008623e-10,4.0783758025731276e-10,2.0178900175744814e-10,-0.535266744927445
0.4912,3.0934507549345873e-10,3.222555615300902e-10,4.7898034856716e-10,4.08208763657755e-10,2.0264825246825427e-10,-0.12035726839728468
0.49135,3.474548181991709e-10,3.220428825104527e-10,4.789154116000855e-10,4.0808886217492483e-10,2.0219182789176065e-10,0.2764482570357759
0.49151,3.4736531351994685e-10,3.2194631310613466e-10,4.791447098387906e-10,4.08186137015362e-10,2.0164819443886396e-10,0.269866572795193
0.49166,3.165339390746337e-10,3.2159969001752746e-10,4.79005650608522e-10,4.0797020734647397e-10,2.0094646106365724e-10,-0.05608056710548566
0.49181,2.5846710570300226e-10,3.211652535705077e-10,4.78581363553962e-10,4.0754240812992765e-10,2.0036924295108686e-10,-0.5843104600818182
0.49197,2.415461063774227e-10,3.249669224892625e-10,4.839114604517706e-10,4.1275792398663715e-10,2.035402667005163e-10,-0.7372488176709132
0.49212,2.3528344306853723e-10,3.203393450360327e-10,4.781962595111326e-10,4.06995030800668e-10,1.9898313743130887e-10,-0.7664794105629406
0.49228,2.7961863121741006e-10,3.207732451398432e-10,4.785591129359199e-10,4.073773790530917e-10,1.9959785710802512e-10,-0.40484022569725164
0.49243,3.258405376942918e-10,3.2195544044632236e-10,4.79699043070115e-10,4.083998540537402e-10,2.012859865616179e-10,0.0365481440044818
0.49258,4.0891686024625895e-10,3.229461863773345e-10,4.804935195082426e-10,4.093721133384741e-10,2.024909520374121e-10,0.9968875892163909
0.49274,4.713038383349446e-10,3.2165157570180444e-10,4.809252429579442e-10,4.09211724863329e-10,1.995554469295855e-10,1.8552988744076588
0.49289,4.853436562615816e-10,3.2311233709536734e-10,4.808027545413357e-10,4.0961652732093077e-10,2.025381656073124e-10,2.071768163045188
0.49304,4.6214061691936525e-10,3.2240394477392176e-10,4.799587974221094e-10,4.0884153883917825e-10,2.0183910232417897e-10,1.734284378138348
0.4932,4.0622044698019706e-10,3.1952510425128837e-10,4.747567253580249e-10,4.046532165601021e-10,2.0113058790330335e-10,1.031912161631859
0.49335,3.5375591011671545e-10,3.169137936668703e-10,4.728734431877107e-10,4.025178171397056e-10,1.971130252394356e-10,0.3869011776044495
0.4935,2.976460646542037e-10,3.151864604151174e-10,4.699786556050469e-10,4.0013776726806616e-10,1.9641382112348395e-10,-0.1866905610888275
0.49366,2.663358753561882e-10,3.1627271902764495e-10,4.706843109500633e-10,4.009805443890288e-10,1.9817335093180832e-10,-0.4773111591625776
0.49381,2.3769780410631377e-10,3.13243849097444e-10,4.67550331230405e-10,3.9794602538708416e-10,1.9465034741213276e-10,-0.7068354928512831
0.49397,2.4104225361838467e-10,3.1150969916253133e-10,4.6322938317405625e-10,3.9472540905130874e-10,1.9563323776753862e-10,-0.6561628389691256
0.49412,2.2128847170295346e-10,3.102056848522896e-10,4.6273261225642475e-10,3.938438342038693e-10,1.9377134979949644e-10,-0.810300325667125
0.49428,1.9360144211269938e-10,3.0917494614579283e-10,4.6022020905545243e-10,3.920408427028307e-10,1.9360144211269938e-10,-1.0555334677808559
0.49443,1.9325551888139028e-10,3.0813052782500957e-10,4.5841998412402503e-10,3.905639687975774e-10,1.9325551888139028e-10,-1.0888303219335231
0.49458,1.9246069916872396e-10,3.076734760007337e-10,4.581510578633003e-10,3.9023504114103353e-10,1.9246069916872396e-10,-1.0365082123218652
0.49474,1.8872685811989077e-10,3.0537207104341795e-10,4.5667689059535494e-10,3.884606537213539e-10,1.8872685811989077e-10,-1.1186265531351087
0.49489,2.550208506737086e-10,3.0680493571279883e-10,4.5770953541814943e-10,3.896316642555493e-10,1.909192377767277e-10,-0.517288501406226
0.49505,3.2514101616947095e-10,3.081677463952329e-10,4.586574068060716e-10,3.9072585560536386e-10,1.930505491443345e-10,0.18736147696065059
0.4952,3.5532083745925994e-10,3.079491310817137e-10,4.5888529005890877e-10,3.907734316293849e-10,1.9225648087745918e-10,0.53672243465634
0.49536,3.8614117921699813e-10,3.095974360637881e-10,4.604081850549785e-10,3.9232472784324916e-10,1.9434608710216997e-10,0.9218434716229836
0.49551,3.786187646267681e-10,3.099890154851472e-10,4.6071258628590757e-10,3.9264938194316163e-10,1.9498070615952136e-10,0.8233584079270515
0.49566,3.5355355048224664e-10,3.0968771166969134e-10,4.6042177080865314e-10,3.923588008341569e-10,1.945967575324715e-10,0.5089471430784877
0.49582,3.1474240288546373e-10,3.0956445878176927e-10,4.607358123912744e-10,3.9249525799727457e-10,1.9393331756180093e-10,0.05667843473195373
0.49597,2.663132281875024e-10,3.092436440434899e-10,4.607986256599001e-10,3.924057008083583e-10,1.9308933872673563e-10,-0.42933115102407665
0.49613,1.9761693665613778e-10,3.08931784608783e-10,4.6045506347600117e-10,3.92081858809252e-10,1.9274656577679682e-10,-0.9748633760442422
0.49628,2.1721409291155006e-10,3.0972103075043286e-10,4.61315873634627e-10,3.9280509389542295e-10,1.9389184875049784e-10,-0.8359481359447802
0.49644,2.726950494399509e-10,3.0829350521266124e-10,4.601119021802712e-10,3.916285925033862e-10,1.9163168704984517e-10,-0.3697131229972645
0.49659,3.0610220299128397e-10,3.1133773415598546e-10,4.631986324243154e-10,3.9444345759199156e-10,1.9438381429955973e-10,-0.061709222583231395
0.49675,2.959723510170247e-10,3.114589638763357e-10,4.63287631200315e-10,3.9451782091154374e-10,1.9588700223424728e-10,-0.15065322598289183
0.4969,3.132314673801936e-10,3.1019927947838194e-10,4.6210168718397643e-10,3.935477632043654e-10,1.9382819852527897e-10,0.02755193827557173
0.49706,3.3962473305999455e-10,3.107121459462596e-10,4.626581475514222e-10,3.940754587445882e-10,1.9440491240938082e-10,0.31841291078756356
0.49721,3.6526612360594634e-10,3.115725688882012e-10,4.633454304736955e-10,3.948201646711618e-10,1.9565177437128066e-10,0.6240622347495699
0.49737,3.6762176529792603e-10,3.1017558293247575e-10,4.629770613762901e-10,3.940534147258965e-10,1.9273668119710648e-10,0.6427411039233528
0.49752,3.437278194381975e-10,3.12196602443335e-10,4.6437408444868047e-10,3.9566960637939464e-10,1.959041954885657e-10,0.35465420525924535
0.49768,2.958049040188237e-10,3.112998471794698e-10,4.6439574968967633e-10,3.951635630604062e-10,1.9435857496447662e-10,-0.1650269072961888
0.49783,2.477680852266847e-10,3.1261941626747896e-10,4.646902635662289e-10,3.960218784169521e-10,1.9654360185357213e-10,-0.6061447618435003
0.49799,1.9213606810624432e-10,3.09904132817944e-10,4.6295275699026806e-10,3.9388077415965055e-10,1.9213606810624432e-10,-1.5190815987028414
0.49814,1.977182731364948e-10,3.1332125351900954e-10,4.6516881599595084e-10,3.9658597599031586e-10,1.977182731364948e-10,-2.315682972987617
0.4983,1.9623273022895045e-10,3.1246727921102183e-10,4.6463719292123766e-10,3.959327728154472e-10,1.9623273022895045e-10,-2.241189904448274
0.49845,1.9159439952292478e-10,3.094622731511231e-10,4.62502261364469e-10,3.93492805046154e-10,1.9159439952292478e-10,-1.5235393597548639
0.49861,2.50512874292477e-10,3.1079416137065496e-10,4.6354119447554147e-10,3.946275293468777e-10,1.9354282833220557e-10,-0.5835869609490086
0.49877,3.534984457099402e-10,3.13216576371985e-10,4.659270786985136e-10,3.9668642330696214e-10,1.9708394849136137e-10,0.4634126526507171
0.49892,4.169128290633141e-10,3.110611000679236e-10,4.6456354968603444e-10,3.9533500440248374e-10,1.92993017392709e-10,1.2730919226847626
0.49908,4.512040828905216e-10,3.1359243715688667e-10,4.664885805299285e-10,3.9746372167187457e-10,1.967232785159829e-10,1.7685467485873156
0.49923,4.709101538928644e-10,3.137444824499876e-10,4.665561262998123e-10,3.975785395499675e-10,1.9724093924703872e-10,2.0468314755042214
0.49939,4.6378250808990905e-10,3.1434195962154617e-10,4.674839575766284e-10,3.983410009014486e-10,1.9735105119948672e-10,1.9481761235189916
0.49954,4.346557672296707e-10,3.139642971719905e-10,4.673557603838917e-10,3.98116361083296e-10,1.9660077503596712e-10,1.5080788583785685
0.4997,3.4330010751691166e-10,3.1472534399628555e-10,4.687881504239426e-10,3.9925587089380306e-10,1.9673017475685158e-10,0.3080392222075644
0.49986,2.0060368648084452e-10,3.173572860249299e-10,4.70865828188405e-10,4.015160228910548e-10,2.0060368648084452e-10,-1.1336232723726551
0.50001,2.0046313479880895e-10,3.17111304564637e-10,4.704578422886766e-10,4.011779363412543e-10,2.0046313479880895e-10,-1.7224483428239683
0.50017,1.9763840962801362e-10,3.15957743457144e-10,4.704987450547021e-10,4.007487859969551e-10,1.9763840962801362e-10,-1.5486625890463923
0.50032,1.999503015937359e-10,3.175275739317985e-10,4.720982635548936e-10,4.022944500423719e-10,1.999503015937359e-10,-1.2545826757713128
0.50048,3.2934225358083935e-10,3.1855195296587527e-10,4.73852884803124e-10,4.038053527195855e-10,2.0000931707129506e-10,0.11989242021330254
0.50064,3.560944670099133e-10,3.161435681337323e-10,4.719566513657323e-10,4.0166957774370075e-10,1.963740908411874e-10,0.419980478517516
0.50079,3.4693884757654277e-10,3.157285594443463e-10,4.715129010660401e-10,4.0107900309305766e-10,1.9626261246547651e-10,0.3223817383130615
0.50095,3.267488802438891e-10,3.175652231862327e-10,4.723236175316691e-10,4.0245372396440533e-10,1.9931313451029263e-10,0.10172848349799804
0.5011,3.042503530988341e-10,3.1736815934460933e-10,4.7237787558855e-10,4.02407654741504e-10,1.9877693676645154e-10,-0.13255832521085179
0.50126,3.2304872185681045e-10,3.180060544393032e-10,4.731646806134858e-10,4.031198934762323e-10,1.993749296203718e-10,0.05535917598141695
0.50142,3.423273588371655e-10,3.1650400960217205e-10,4.722264354247944e-10,4.0197733772924703e-10,1.9689628239701273e-10,0.26295436074563117
0.50157,3.456687744658952e-10,3.173073903539139e-10,4.726823921124018e-10,4.025607558339567e-10,1.982804282109139e-10,0.30214853977597056
0.50173,3.5085552830071305e-10,3.1693666306045195e-10,4.726272588041398e-10,4.023812440776044e-10,1.9746571142445923e-10,0.3579530591160257
0.50189,3.49503958331393e-10,3.1854500719794026e-10,4.738585386259084e-10,4.037391266938581e-10,1.998424542577584e-10,0.34026650622933724
0.50204,3.319147532088014e-10,3.174277079671588e-10,4.727005408422677e-10,4.026180066075149e-10,1.9855012673199328e-10,0.15121818437139484
0.5022,3.06242795594785e-10,3.1745176501169745e-10,4.73160331173215e-10,4.028992385536171e-10,1.9805196432757593e-10,-0.12098667017928126
0.50236,2.85541738810353e-10,3.1971265205089423e-10,4.749354007614916e-10,4.0482962281088225e-10,2.0137946060040854e-10,-0.32247390264510745
0.50251,2.6545257386628723e-10,3.191947668289755e-10,4.745494996229465e-10,4.043996514948088e-10,2.0059045083046738e-10,-0.501831201405918
0.50267,2.3878864101686326e-10,3.1407241608675065e-10,4.685455441077411e-10,3.988656296814408e-10,1.9539442910154743e-10,-0.7017889959633402
0.50283,1.9535947243533602e-10,3.121045968752873e-10,4.646609773896068e-10,3.9579923979897127e-10,1.9535947243533602e-10,-1.0067974481820339
0.50298,,,,,,
0.50314,,,,,,
0.5033,,,,,,
0.50345,,,,,,
0.50361,,,,,,
0.50377,,,,,,
