mass,limit_95,med_limit,2sigma_up,1sigma_up,1sigma_down,test_statistic
0.10003,3.952274892820787e-09,3.5497218353019648e-09,5.29015899029675e-09,4.504777682148373e-09,2.2154853611080727e-09,0.38575985223550513
0.10007,5.057752351625607e-09,3.5211207682796474e-09,5.2686043489986966e-09,4.480835414322867e-09,2.17290877306496e-09,1.6854428288319638
0.1001,5.399485957928303e-09,3.5438086200427595e-09,5.281570530876378e-09,4.49740702750667e-09,2.2115206678392422e-09,2.157363219456095
0.10014,5.313332607129035e-09,3.518887817104933e-09,5.263048993032314e-09,4.476698853204269e-09,2.174095292721075e-09,2.0409746622256137
0.10017,4.9051024139110135e-09,3.546617187685592e-09,5.281860079346365e-09,4.49868909073774e-09,2.2178625202545856e-09,1.4963411401557987
0.10021,4.077744953878031e-09,3.5562525505569428e-09,5.2880941584135114e-09,4.506151763765455e-09,2.2335183011349475e-09,0.5262840671702838
0.10024,3.180488586577651e-09,3.553504478801212e-09,5.286482938631368e-09,4.504126819189271e-09,2.228816831828153e-09,-0.32424476380399847
0.10028,2.2271089189914273e-09,3.551998264900464e-09,5.284861608847134e-09,4.502585409315429e-09,2.2271089189914273e-09,-1.3030996208156802
0.10031,2.25209859497717e-09,3.5673909910329245e-09,5.294933055436185e-09,4.514565019002184e-09,2.25209859497717e-09,-1.785620581934227
0.10035,2.1657608679695153e-09,3.512717987616566e-09,5.257602046648521e-09,4.471085739226183e-09,2.1657608679695153e-09,-1.9213110045456687
0.10038,2.195433570921995e-09,3.531189195651859e-09,5.26963018024993e-09,4.485438032913659e-09,2.195433570921995e-09,-1.6605346866510438
0.10042,2.40286891481257e-09,3.56259578551397e-09,5.291098755702416e-09,4.510417344452636e-09,2.24517412227333e-09,-0.8902558979585313
0.10045,3.3759541614149984e-09,3.5495536246960197e-09,5.282222855563602e-09,4.500064993386e-09,2.224434171908295e-09,-0.15527141026014493
0.10049,4.484336993809987e-09,3.5388561038506456e-09,5.275698077779581e-09,4.492011009263714e-09,2.206618332951846e-09,0.9821859614463141
0.10053,4.83748665585168e-09,3.5265415330194604e-09,5.266047720845756e-09,4.481485151097077e-09,2.188693130161057e-09,1.414999684133371
0.10056,4.763846377317826e-09,3.5628966174566686e-09,5.2898700505617645e-09,4.509805880936558e-09,2.247422150271378e-09,1.323822554505614
0.1006,4.432963823767244e-09,3.522330004709839e-09,5.260395293255353e-09,4.476507878865974e-09,2.1853234907331754e-09,0.9295101399912004
0.10063,3.961814051787641e-09,3.540295597937216e-09,5.273924958217953e-09,4.4915421531126205e-09,2.2121320673974154e-09,0.40950308397161567
0.10067,3.4824585807117743e-09,3.5442373024501335e-09,5.276104921733104e-09,4.494375953664887e-09,2.2189783468634908e-09,-0.05701371042751378
0.1007,3.158928489257239e-09,3.534220654083527e-09,5.2676114063611246e-09,4.48543999229601e-09,2.2050987038615713e-09,-0.33668083282844813
0.10074,2.454619442233644e-09,3.554165314988509e-09,5.280677134291736e-09,4.500976381402929e-09,2.237346712984351e-09,-0.8548225688353913
0.10077,2.241631768926271e-09,3.554371364563113e-09,5.277482471924697e-09,4.499187715263524e-09,2.241631768926271e-09,-1.2395926793891072
0.10081,2.1946350647388897e-09,3.523185172711649e-09,5.254109912266974e-09,4.473178936852422e-09,2.1946350647388897e-09,-1.5222588416403784
0.10084,2.2220361544807256e-09,3.539738083707066e-09,5.264400859305479e-09,4.4857458119980675e-09,2.2220361544807256e-09,-1.4387276638606958
0.10088,2.4366261241332827e-09,3.5417624636450067e-09,5.2679849437046135e-09,4.4886436159485354e-09,2.2226450947841023e-09,-0.8640538824462785
0.10091,,,,,,
0.10095,,,,,,
0.10098,,,,,,
0.10102,,,,,,
0.10106,,,,,,
0.10109,,,,,,
0.10113,,,,,,
0.10116,,,,,,
0.1012,,,,,,
0.10123,,,,,,
0.10127,,,,,,
0.1013,,,,,,
0.10134,,,,,,
0.10137,,,,,,
0.10141,,,,,,
0.10144,,,,,,
0.10148,,,,,,
0.10152,,,,,,
0.10155,,,,,,
0.10159,,,,,,
0.10162,,,,,,
0.10166,,,,,,
0.10169,,,,,,
0.10173,,,,,,
0.10176,,,,,,
0.1018,,,,,,
0.10183,,,,,,
0.10187,,,,,,
0.10191,,,,,,
0.10194,,,,,,
0.10198,,,,,,
0.10201,2.144924863472793e-09,3.4822438616382635e-09,5.213997603276657e-09,4.433407948271802e-09,2.144924863472793e-09,-1.785197086718605
0.10205,2.22766500205999e-09,3.5318993214408535e-09,5.244057851339738e-09,4.470669767817931e-09,2.22766500205999e-09,-1.9991075811126147
0.10208,2.1590687629100838e-09,3.485571079644982e-09,5.208476109573907e-09,4.4315149728337654e-09,2.1590687629100838e-09,-1.486690937157725
0.10212,2.6652747880345083e-09,3.514507689311563e-09,5.2349324554708785e-09,4.458472901707741e-09,2.196680978797335e-09,-0.7010106659101717
0.10215,3.5616951222358816e-09,3.5165610252526516e-09,5.235024585364468e-09,4.459324327363106e-09,2.2015642146735878e-09,0.042194224317191546
0.10219,4.369333841310424e-09,3.53329078010069e-09,5.250953337317421e-09,4.475210055673543e-09,2.223093594866459e-09,0.8863453431513273
0.10223,4.942269230853219e-09,3.521843381535356e-09,5.261234575025409e-09,4.4767307836962085e-09,2.1836069199549807e-09,1.5536548683778868
0.10226,4.899627389294736e-09,3.539041160958482e-09,5.2710414271772346e-09,4.489263042100562e-09,2.213027483234294e-09,1.5029231521667241
0.1023,4.627290862233529e-09,3.5059538402766804e-09,5.2422228803051735e-09,4.4593619884246835e-09,2.1677751236351564e-09,1.1734699869184777
0.10233,4.0316300324956295e-09,3.528759945889649e-09,5.256439035147287e-09,4.47670472827539e-09,2.205297184265732e-09,0.49682482362252484
0.10237,3.106077103299379e-09,3.5400206884659968e-09,5.264035211086128e-09,4.485602668233555e-09,2.2232458033146124e-09,-0.37356221671788753
0.1024,2.1598013153932095e-09,3.497701640245878e-09,5.2322929385356755e-09,4.450285913016899e-09,2.1598013153932095e-09,-1.2903208723213953
0.10244,2.2860544182010904e-09,3.5730934220034708e-09,5.2785388828667e-09,4.507100899867669e-09,2.2860544182010904e-09,-2.2558665033711565
0.10247,2.236243033328402e-09,3.543554468690874e-09,5.260118501595494e-09,4.484725823776744e-09,2.236243033328402e-09,-3.0148803331256127
0.10251,2.1995869342461137e-09,3.5113174066395685e-09,5.226146431016851e-09,4.452036784013178e-09,2.1995869342461137e-09,-2.3187977850596244
0.10255,2.35340994768803e-09,3.485035561074368e-09,5.1963037928217654e-09,4.424131236218314e-09,2.1722767975527354e-09,-0.8991034581411068
0.10258,3.743952235060269e-09,3.4801893081339022e-09,5.185374170214081e-09,4.415788353310282e-09,2.1737555940309352e-09,0.2527783754489977
0.10262,5.025274882281085e-09,3.474308601278976e-09,5.1568475536198644e-09,4.396742537936001e-09,2.193573763028966e-09,1.8333690129716185
0.10265,5.364539504573607e-09,3.4903316492498655e-09,5.164014633726109e-09,4.407221857084703e-09,2.2239688696786485e-09,2.3292311470803697
0.10269,5.382748265890067e-09,3.405285686465796e-09,5.0917001592047275e-09,4.331216392235893e-09,2.1062087800364438e-09,2.401432528483963
0.10272,5.3440933150146554e-09,3.4588241188601613e-09,5.121800863935001e-09,4.369982443164825e-09,2.198838467017815e-09,2.3602620134853893
0.10276,4.992618263213478e-09,3.4269038119866534e-09,5.096191474510375e-09,4.342360636207966e-09,2.1525997080349505e-09,1.862000708442828
0.1028,4.563284565297076e-09,3.4210316616949635e-09,5.082974300652112e-09,4.332317506737777e-09,2.1540864480985596e-09,1.30352529649586
0.10283,4.200522887837865e-09,3.4086356024817563e-09,5.071631715571852e-09,4.320776721678794e-09,2.1378070149683518e-09,0.8587331620674103
0.10287,3.11523854373533e-09,3.394762442790984e-09,5.053669908363759e-09,4.3048136984283325e-09,2.1256207472132374e-09,-0.25965888724978253
0.1029,2.096971727021042e-09,3.377489619113944e-09,5.043210192526979e-09,4.291796152708467e-09,2.096971727021042e-09,-1.099739334409588
0.10294,2.106219821311374e-09,3.383410789778907e-09,5.046610580764336e-09,4.296299886102606e-09,2.106219821311374e-09,-1.8923325300230367
0.10297,2.112106311701756e-09,3.3812650795244595e-09,5.03728301140799e-09,4.2899849541234615e-09,2.112106311701756e-09,-2.1759884761430675
0.10301,2.1541562974325e-09,3.410060288234648e-09,5.060010436756982e-09,4.314677018477235e-09,2.1541562974325e-09,-2.146721622992509
0.10305,2.0668309964883374e-09,3.3548885666068475e-09,5.022594562451259e-09,4.270935595659937e-09,2.0668309964883374e-09,-1.7547057091311773
0.10308,2.1435951161420095e-09,3.407384290383855e-09,5.063642696447224e-09,4.3157148626809225e-09,2.1435951161420095e-09,-1.1221394745179847
0.10312,3.3302963346561537e-09,3.4056352155828605e-09,5.0693119256205546e-09,4.318318599376339e-09,2.1328421815127947e-09,-0.07153705869173407
0.10315,4.090017766907432e-09,3.4229187833405788e-09,5.084848229912492e-09,4.3342641144308e-09,2.1557914641794565e-09,0.7212607080836686
0.10319,4.421309464074371e-09,3.4065664575743736e-09,5.0736958070342276e-09,4.321227060018023e-09,2.130066523169361e-09,1.1211621110288534
0.10322,4.279321716946944e-09,3.4213535153587636e-09,5.082006625423151e-09,4.331916987620671e-09,2.155764046524832e-09,0.9494352274999595
0.10326,4.0950466195559695e-09,3.394308797655137e-09,5.063640876400169e-09,4.310435934546322e-09,2.113011498823197e-09,0.7315596040686433
0.1033,3.5440354882198234e-09,3.400027579558954e-09,5.058913909667872e-09,4.30994897763315e-09,2.1321047649588645e-09,0.14582924064460723
0.10333,3.5306699259953362e-09,3.3900157831867663e-09,5.047429963717257e-09,4.299256469837226e-09,2.1217997850542767e-09,0.13854517146210957
0.10337,3.485119707422157e-09,3.3922159662606574e-09,5.049574355915581e-09,4.3013736413450925e-09,2.12457382807676e-09,0.09205168292989574
0.1034,3.312319370036041e-09,3.3880580210660297e-09,5.0436156593436604e-09,4.296253354504255e-09,2.1215969657532412e-09,-0.072454073268099
0.10344,3.154759402881286e-09,3.3861583156290992e-09,5.037928774929056e-09,4.292177766968374e-09,2.1237475479856004e-09,-0.21397667807062604
0.10347,2.694089232082217e-09,3.3803565825404737e-09,5.032694518410665e-09,4.2868096992573336e-09,2.116107676620426e-09,-0.600352085450931
0.10351,3.0515111391750818e-09,3.3765391102967618e-09,5.022587922687061e-09,4.279413292081894e-09,2.118749736887992e-09,-0.29763296670957046
0.10355,3.7118482768189003e-09,3.356476008943587e-09,5.001393669849298e-09,4.259069547568178e-09,2.095836014088735e-09,0.3595696410565193
0.10358,4.0961393280418674e-09,3.359010070862405e-09,4.9919879970422375e-09,4.254539492742513e-09,2.1131640160301914e-09,0.8160612571781262
0.10362,4.335619514335153e-09,3.3484057135884784e-09,4.976862876060857e-09,4.241474899027482e-09,2.105774372044497e-09,1.1285942984471762
0.10365,4.2999253068396726e-09,3.3533562357212154e-09,4.974290601162441e-09,4.241917610300095e-09,2.120769093545615e-09,1.0945345401489681
0.10369,4.2325912136759526e-09,3.3160999190159378e-09,4.9401336691649355e-09,4.207178202303484e-09,2.0720233461871774e-09,1.0277748127762987
0.10373,4.004187712291827e-09,3.3198865792367285e-09,4.937797448385389e-09,4.207283294144169e-09,2.0839750103146735e-09,0.7559324488871313
0.10376,3.738463631305045e-09,3.310008852282496e-09,4.922566282746305e-09,4.1944560146480815e-09,2.0783731963267084e-09,0.46108587797616873
0.1038,3.118820256461966e-09,3.2899115471788393e-09,4.900149611232898e-09,4.1733960135736724e-09,2.0567330218239014e-09,-0.16954704056266154
0.10383,2.487226256227954e-09,3.2798134620460467e-09,4.8849020167596484e-09,4.160487270597087e-09,2.050529725756721e-09,-0.7007418312714448
0.10387,2.032685296228978e-09,3.2630827384446834e-09,4.866053668393875e-09,4.142859316812867e-09,2.032685296228978e-09,-1.1749352296745053
0.1039,2.017070308341051e-09,3.2497268229105024e-09,4.852298509923881e-09,4.129522558245244e-09,2.017070308341051e-09,-1.2417000357158234
0.10394,2.0731799941908893e-09,3.2796406189260775e-09,4.865422172213214e-09,4.149014308952864e-09,2.0731799941908893e-09,-1.153973288889284
0.10398,2.186654878810044e-09,3.245898786529758e-09,4.8440311218368595e-09,4.12313356999946e-09,2.0178550896512372e-09,-0.9051784647579021
0.10401,2.1463933779951605e-09,3.2607668413802713e-09,4.8561882748983385e-09,4.136128441956524e-09,2.0389871903682504e-09,-0.933357248956617
0.10405,2.534515909981343e-09,3.2546066940034273e-09,4.847777614242725e-09,4.1287406516956526e-09,2.034363507020375e-09,-0.6495112160749904
0.10408,2.7743941987089093e-09,3.2528902030281105e-09,4.845581187527458e-09,4.12677005745649e-09,2.032889620130856e-09,-0.45122532580423763
0.10412,3.1704604247939476e-09,3.2539652448148607e-09,4.843907414388341e-09,4.12620721803274e-09,2.037476157189791e-09,-0.08327242475800067
0.10416,3.5812803334721836e-09,3.2457204399249893e-09,4.837373033611332e-09,4.119134002096844e-09,2.025426823424899e-09,0.34890701572622307
0.10419,3.6125726581292483e-09,3.246350994386382e-09,4.8373303472957075e-09,4.119362699216233e-09,2.0269505798722705e-09,0.38458755064289746
0.10423,3.832186666861796e-09,3.242986403759653e-09,4.8304039364849605e-09,4.113951500197708e-09,2.0272346867606745e-09,0.647162960787384
0.10426,3.767221194554831e-09,3.2497961445300115e-09,4.831621524460937e-09,4.117314862369636e-09,2.0423375953411276e-09,0.5761080941712539
0.1043,3.5723641462031177e-09,3.2358797784079925e-09,4.819162100415261e-09,4.104509687635504e-09,2.023828235703008e-09,0.357099437678987
0.10434,3.4672633463626806e-09,3.2416591222079357e-09,4.82243893769118e-09,4.108692441779504e-09,2.033900881319991e-09,0.24202960753967412
0.10437,3.3974907600625734e-09,3.2320992046296135e-09,4.812311054329325e-09,4.0989992676965024e-09,2.0229088091424088e-09,0.17179698595414866
0.10441,3.7949975525154085e-09,3.2281472578032983e-09,4.803848606224592e-09,4.092498866953752e-09,2.0233468987459358e-09,0.6314991737408843
0.10444,3.950298300622344e-09,3.2181954666244358e-09,4.796398987681749e-09,4.0842101649574996e-09,2.0083252999545836e-09,0.8229047176818906
0.10448,3.95426440572615e-09,3.223062578960431e-09,4.79527949575744e-09,4.085471859694513e-09,2.021310960999876e-09,0.8361810420650008
0.10452,3.817950678937393e-09,3.2261515079263e-09,4.79323991162814e-09,4.085482589179374e-09,2.031231057000284e-09,0.6753055604427811
0.10455,3.333444270544503e-09,3.2153004367040105e-09,4.786325949249217e-09,4.077159133316015e-09,2.0133420894954802e-09,0.12328504706220521
0.10459,3.019786373823444e-09,3.2126895552087123e-09,4.77974365798667e-09,4.072276771703788e-09,2.014856492498889e-09,-0.18849802837034493
0.10462,2.6372993435909473e-09,3.2041627677961596e-09,4.773333236423134e-09,4.065169471915562e-09,2.0019442122387637e-09,-0.5335750840537444
0.10466,2.432557421696343e-09,3.2066328028403287e-09,4.773496902855182e-09,4.066251751147061e-09,2.0075906419032723e-09,-0.6983929704708646
0.1047,2.5429938989792816e-09,3.2044830992613218e-09,4.769454421970775e-09,4.063032632312135e-09,2.007237988873314e-09,-0.6084568296297105
0.10473,2.6583777978435767e-09,3.1983198989838464e-09,4.764993093887354e-09,4.057983348762146e-09,1.9977846752168193e-09,-0.5119819471069619
0.10477,3.0654020052014155e-09,3.206230221964072e-09,4.772444288946722e-09,4.065461947463621e-09,2.007955295752778e-09,-0.14091259417794122
0.1048,3.1780442497196114e-09,3.20630271580715e-09,4.772628730145021e-09,4.065587737430956e-09,2.0079768362968405e-09,-0.028435666272292194
0.10484,3.293480248557444e-09,3.204782608889336e-09,4.770925546916346e-09,4.0639748752518664e-09,2.006444505007846e-09,0.0921437257091033
0.10488,3.356041162328149e-09,3.2138424602999828e-09,4.784525977991679e-09,4.0754940239428086e-09,2.0121913040924644e-09,0.14875318559735154
0.10491,3.306747670488199e-09,3.2136159448485932e-09,4.784145732990869e-09,4.075174189071593e-09,2.0121434473519983e-09,0.09680622758091496
0.10495,3.5369902728114024e-09,3.212870767088668e-09,4.78379000806512e-09,4.074739727974703e-09,2.010372469357528e-09,0.3469076164684719
0.10498,3.2572225297008807e-09,3.211278489716753e-09,4.780451495098609e-09,4.072129599522698e-09,2.0106737607599025e-09,0.04741605904891021
0.10502,2.944378031034981e-09,3.213868214018582e-09,4.780270243823149e-09,4.073055614573897e-09,2.0170261008185763e-09,-0.2600653963098286
0.10506,2.4969265359206003e-09,3.1962030334944984e-09,4.768971966994734e-09,4.059465985573229e-09,1.9881281916167678e-09,-0.6493916489996914
0.10509,2.0292684901871704e-09,3.221132883847927e-09,4.784555951377201e-09,4.078451571826557e-09,2.0292684901871704e-09,-0.9950967264052625
0.10513,1.986647345858001e-09,3.1946984787893215e-09,4.7671067944016754e-09,4.057794097034282e-09,1.986647345858001e-09,-1.1716975142230612
0.10517,1.979665020390425e-09,3.190201901969717e-09,4.763911297351146e-09,4.054152743534436e-09,1.979665020390425e-09,-1.2307720134037863
0.1052,2.0401538289096582e-09,3.1918370112457705e-09,4.762881538221458e-09,4.054194098719937e-09,1.9847665083473365e-09,-0.9787556893481677
0.10524,2.711943943850639e-09,3.1997924085344617e-09,4.7672367497811445e-09,4.059874831471955e-09,1.998680492466465e-09,-0.4669682783205357
0.10527,3.162511361308777e-09,3.2025802098181462e-09,4.767730042872341e-09,4.0612473100775805e-09,2.0048682394292445e-09,-0.04127984242982478
0.10531,4.139365310377996e-09,3.196253347838898e-09,4.757899485988851e-09,4.052981248381295e-09,2.0014042615666942e-09,1.1141357030502943
0.10535,4.646086651256016e-09,3.1787709820008345e-09,4.7429858371752465e-09,4.0373094396943174e-09,1.9774468616554044e-09,1.8398571244028488
0.10538,4.952787538989934e-09,3.174225369899669e-09,4.736954777767282e-09,4.031963926944828e-09,1.973813289377723e-09,2.3246474203006158
0.10542,4.871394023762012e-09,3.1506566123135948e-09,4.721070642548241e-09,4.013334508162654e-09,1.936629009829992e-09,2.1943649787208948
0.10546,4.365441609557974e-09,3.152296314260606e-09,4.716942880861555e-09,4.011577972965855e-09,1.9452032257427743e-09,1.450469426322448
0.10549,3.864097514879442e-09,3.1851136057087666e-09,4.734683232667889e-09,4.0349549750803345e-09,2.0023772153032535e-09,0.78865843885735
0.10553,2.8255456781274213e-09,3.17379969595414e-09,4.722669339290988e-09,4.0234387113175165e-09,1.989566140529938e-09,-0.33916539848734856
0.10556,2.58417126070831e-09,3.1605778458213433e-09,4.704186879840354e-09,4.0073985267684675e-09,1.979723772476906e-09,-0.5446889735669731
0.1056,2.3710768325577696e-09,3.160247406184182e-09,4.696265961516619e-09,4.002607918374398e-09,1.988437272224253e-09,-0.7130266425482976
0.10564,2.139967692624581e-09,3.1348901620271616e-09,4.672682318259425e-09,3.978773906511751e-09,1.955671544232396e-09,-0.8819831592167571
0.10567,1.992931846185637e-09,3.1186818877391907e-09,4.65677196715265e-09,3.963043931366226e-09,1.935818586892206e-09,-0.98057760386044
0.10571,1.9492787818203107e-09,3.1223685479253853e-09,4.6527486525096e-09,3.9621499931376766e-09,1.9492787818203107e-09,-1.2812244973557867
0.10574,1.9625517719347753e-09,3.1289345601224863e-09,4.654848572795407e-09,3.965965613966854e-09,1.9625517719347753e-09,-1.1088213036153127
0.10578,1.9581280821837865e-09,3.1231043346610736e-09,4.646742069898284e-09,3.958923968715043e-09,1.9581280821837865e-09,-1.0150366925701095
0.10582,2.4172088748460044e-09,3.1056066569737845e-09,4.633251953700739e-09,3.9441232441903044e-09,1.9321736853092007e-09,-0.6564588308406302
0.10585,2.638889717008779e-09,3.117365496997881e-09,4.6400451212123785e-09,3.952745488386467e-09,1.9522334409266565e-09,-0.4659189449900135
0.10589,2.6437737939934328e-09,3.121501013478068e-09,4.643210143199247e-09,3.956213959933383e-09,1.958503257989479e-09,-0.4617980367284148
0.10593,3.0276869968499616e-09,3.1166010894107495e-09,4.639471482225554e-09,3.952085401789751e-09,1.9512164255285456e-09,-0.09273100876546705
0.10596,2.8814342950157663e-09,3.1117596085006133e-09,4.63436353531707e-09,3.947168058511364e-09,1.945754740771737e-09,-0.23692312893085343
0.106,3.1044013627728327e-09,3.113987099451455e-09,4.635512560306489e-09,3.9487046720684836e-09,1.9498215847138837e-09,-0.010044310919974968
0.10604,3.3733128953294387e-09,3.117635800147016e-09,4.636630221582594e-09,3.950773710631146e-09,1.9573977993595794e-09,0.2876612714092389
0.10607,3.529140328262333e-09,3.1145790651754844e-09,4.632349229716171e-09,3.9470515289042735e-09,1.955189382776033e-09,0.4741431602381647
0.10611,4.073937225669968e-09,3.1110536494104624e-09,4.631607836848886e-09,3.94521946863026e-09,1.947663831246355e-09,1.1755533475877966
0.10614,4.081974974575539e-09,3.121571716919477e-09,4.6362940870263375e-09,3.952119580203179e-09,1.967319370816399e-09,1.191761494092193
0.10618,4.153206885518264e-09,3.1085932000865766e-09,4.614923245201985e-09,3.934451283386042e-09,1.9616908891010392e-09,1.3211465971123904
0.10622,4.0486113118915275e-09,3.077814784158831e-09,4.583034541990967e-09,3.903643512383788e-09,1.9255261778557853e-09,1.1982650819484075
0.10625,3.7729671783645455e-09,3.0739193883037566e-09,4.571043248653749e-09,3.895071544083708e-09,1.930443119491321e-09,0.8427330936351658
0.10629,3.3623192485127563e-09,3.051217529765864e-09,4.5447403873843826e-09,3.8706917653291305e-09,1.907256006512377e-09,0.34814884985834443
0.10633,2.6686217275293967e-09,3.0511151319790496e-09,4.537563699636262e-09,3.86644544623344e-09,1.915507293650544e-09,-0.38219096816459375
0.10636,2.476596776159768e-09,3.0254724113908187e-09,4.5102844914226905e-09,3.840321258956216e-09,1.8865210128391225e-09,-0.548501979988006
0.1064,2.3186662031792847e-09,3.0295390614698203e-09,4.504983323828029e-09,3.838808643335549e-09,1.9025812144444527e-09,-0.6776122983727816
0.10644,2.1990914764644763e-09,3.000782757308845e-09,4.475498036526664e-09,3.810161647558247e-09,1.868771576530526e-09,-0.7675646501805472
0.10647,2.2893580058380756e-09,3.0071671124333096e-09,4.469681562325353e-09,3.809261889946601e-09,1.8909883981648975e-09,-0.6862035395902383
0.10651,2.4021449936078366e-09,2.9887419143317763e-09,4.446352369519655e-09,3.78830455967249e-09,1.8745590243368153e-09,-0.5799481159559027
0.10654,2.751690188521605e-09,2.9816196323747397e-09,4.435099250302131e-09,3.778884953388373e-09,1.870911560331128e-09,-0.23997435035848128
0.10658,2.9089129071360724e-09,2.969877226388562e-09,4.421527787612313e-09,3.766277320119009e-09,1.8589788896521866e-09,-0.06742770565790623
0.10662,2.929364343097165e-09,2.9639555048506694e-09,4.412371909328904e-09,3.7585654780112675e-09,1.8556918445276491e-09,-0.038300596967056164
0.10665,2.8661229102368975e-09,2.958231067016781e-09,4.40348690717867e-09,3.7511013893374095e-09,1.8524910089677043e-09,-0.1005604030005903
0.10669,2.7199664269934992e-09,2.952367541910762e-09,4.391514508720639e-09,3.74176863489976e-09,1.8526367400232726e-09,-0.24476789001690208
0.10673,3.092566217921593e-09,2.946310070153334e-09,4.3865759138527105e-09,3.736490303135741e-09,1.8439319936653407e-09,0.16625421252499592
0.10676,3.031787864934961e-09,2.936914847979924e-09,4.3714535775716956e-09,3.7238975093360554e-09,1.8394740051507297e-09,0.10869288496583385
0.1068,3.08414844486663e-09,2.926562396395731e-09,4.357081662640513e-09,3.7113735571243657e-09,1.831793409137515e-09,0.18112102093975382
0.10684,3.082282221004033e-09,2.9178411324316693e-09,4.34356735593706e-09,3.70000188906424e-09,1.8269664209584634e-09,0.19065042518274805
0.10687,3.039522820387874e-09,2.917423198333392e-09,4.34232861342041e-09,3.6991165646368704e-09,1.8273990787824953e-09,0.14144834506481815
0.10691,2.926276884024229e-09,2.872480182174594e-09,4.275645457933911e-09,3.642258029733714e-09,1.7989771630743171e-09,0.06269700524209644
0.10695,2.4457546699266155e-09,2.824354478537836e-09,4.2104940058916e-09,3.585045280648566e-09,1.7611133136254712e-09,-0.4179294486267778
0.10698,2.3737260333137287e-09,2.81521632099544e-09,4.1971387255245684e-09,3.5736193760271872e-09,1.7550068343049925e-09,-0.48197116304998794
0.10702,2.201658636299844e-09,2.804862290950432e-09,4.1756495027066404e-09,3.556921262680966e-09,1.7557425372717556e-09,-0.6317536450506761
0.10706,2.3698005227830914e-09,2.7935132256233484e-09,4.165385798343552e-09,3.5464312538933176e-09,1.7407223649114065e-09,-0.4683795851646623
0.10709,2.7171271161823395e-09,2.799051171785766e-09,4.166611274605125e-09,3.5493254413775466e-09,1.7525637619490034e-09,-0.09491794687470079
0.10713,2.876352504823955e-09,2.7966937685819525e-09,4.163545498170565e-09,3.5465713297116705e-09,1.7507151204000455e-09,0.09454934113742909
0.10717,3.2716572194589613e-09,2.746172482104787e-09,4.092755278258173e-09,3.4850739838636533e-09,1.7139925831294223e-09,0.6802162710745514
0.1072,3.4073713349653406e-09,2.7620839431140573e-09,4.099602505959269e-09,3.4953447285820265e-09,1.7441598947824192e-09,0.8858485246786862
0.10724,3.5199316447817753e-09,2.757465840352289e-09,4.090624822174985e-09,3.4882391077658206e-09,1.7438817477128972e-09,1.070239826575614
0.10728,3.79458139003398e-09,2.7350572601689434e-09,4.076184390769379e-09,3.4709356876776148e-09,1.7072380042000645e-09,1.509200227070108
0.10731,3.777253867864068e-09,2.767799180254611e-09,4.097274224093638e-09,3.4962230147498606e-09,1.760821867024186e-09,1.4819056682135057
0.10735,3.6722457503107162e-09,2.7312621606011254e-09,4.06063208520748e-09,3.460343770652923e-09,1.7164349248681676e-09,1.3429127845393072
0.10738,3.154281691414227e-09,2.7271975647689007e-09,4.0634984891035116e-09,3.4604251958391607e-09,1.703265454476484e-09,0.5483667093301011
0.10742,2.0606328066670065e-09,2.7218532701232672e-09,4.054972465227829e-09,3.453340098347714e-09,1.7004344195145915e-09,-0.704805393981379
0.10746,1.7266840534701142e-09,2.7397409378802706e-09,4.068819409722978e-09,3.4685492482376724e-09,1.7266840534701142e-09,-1.7414559147074051
0.10749,1.698920789252127e-09,2.7228001427895656e-09,4.0579304232440134e-09,3.455494340418936e-09,1.698920789252127e-09,-2.2161839658083187
0.10753,1.6696104954888106e-09,2.710318373376033e-09,4.057733082538482e-09,3.450434466497242e-09,1.6696104954888106e-09,-2.1282485845228223
0.10757,1.750890941252008e-09,2.7622842192112017e-09,4.0939025582232635e-09,3.49217258344893e-09,1.750890941252008e-09,-1.7134317533359273
0.1076,1.7030197245745679e-09,2.7333419249041614e-09,4.077513636897526e-09,3.471161858598156e-09,1.7008013311075447e-09,-1.0113820115765733
0.10764,2.3537631621848904e-09,2.728673989618743e-09,4.065122351773641e-09,3.462036132097985e-09,1.7043808761281676e-09,-0.4247654654180739
0.10768,2.3612619158437934e-09,2.7351450698596508e-09,4.070348645235263e-09,3.467656441530473e-09,1.71366388860336e-09,-0.41796714956186287
0.10771,2.7164993844712954e-09,2.7199580562024244e-09,4.0486797881928645e-09,3.4489493024151163e-09,1.7030422473731749e-09,-0.004305525144146577
0.10775,2.4275359748589608e-09,2.696908447433344e-09,4.017116751477073e-09,3.421329623962445e-09,1.6853763200613402e-09,-0.3154975292985672
0.10779,2.4001781647068884e-09,2.697112617369163e-09,4.015865193820084e-09,3.4206587906735676e-09,1.687454909857185e-09,-0.34355207302529234
0.10782,2.479343332184883e-09,2.6913976954349988e-09,4.009424829357928e-09,3.4145984608609754e-09,1.6815869402740784e-09,-0.25279398385819724
0.10786,2.6885845055785437e-09,2.691131537330993e-09,4.0062119766470256e-09,3.412571607492174e-09,1.6849878137327282e-09,-0.003101887679585567
0.1079,3.291473537655235e-09,2.683843792284429e-09,3.999022544058823e-09,3.4054432506893942e-09,1.6762927238699431e-09,0.8215036921852424
0.10794,3.561097486533839e-09,2.6806727830940877e-09,3.9956093817864485e-09,3.402158890087468e-09,1.6729520146013563e-09,1.246305698980018
0.10797,3.82897585990357e-09,2.6599399213953055e-09,3.97823553034506e-09,3.383787236399244e-09,1.6440625771211568e-09,1.7075612656281296
0.10801,3.764421305163037e-09,2.693057380297721e-09,4.000730972671249e-09,3.4100460521899505e-09,1.696570212563741e-09,1.5953957612810523
0.10805,3.687877519156979e-09,2.700160578836283e-09,3.999642896523647e-09,3.412177683807545e-09,1.7152082432414422e-09,1.4815677392115691
0.10808,3.820287949901544e-09,2.647418416093519e-09,3.955135370021023e-09,3.3653353567291176e-09,1.6412054274178071e-09,1.736752476498912
0.10812,3.6444055500721827e-09,2.6404769206707685e-09,3.947604868815215e-09,3.358201776323596e-09,1.6334284044034876e-09,1.439770454881612
0.10816,3.277255431086646e-09,2.6663875586429513e-09,3.9577013966790375e-09,3.374380080642732e-09,1.6832120911087951e-09,0.8659830290864019
0.10819,2.7361563003621027e-09,2.6488635786545623e-09,3.943354144195498e-09,3.359054279821184e-09,1.6581975720918284e-09,0.10969431560090546
0.10823,1.8663565986665165e-09,2.636409577040593e-09,3.932726267106714e-09,3.3479030593531356e-09,1.6410440322053846e-09,-0.8267364815429423
0.10827,1.6733406984900783e-09,2.6539553711881768e-09,3.941001510814838e-09,3.35966412322045e-09,1.6733406984900783e-09,-1.4719131526336993
0.1083,1.6913518246376483e-09,2.6639520934871665e-09,3.9461281397106e-09,3.3666083181200875e-09,1.6913518246376483e-09,-1.6797169093414421
0.10834,1.6246429505758833e-09,2.6248039949495523e-09,3.9233566859415685e-09,3.3377974996626367e-09,1.6246429505758833e-09,-1.4416014363547323
0.10838,1.6715164470451224e-09,2.654229481253472e-09,3.943091448606868e-09,3.3609955743019957e-09,1.6715164470451224e-09,-1.2803581028733488
0.10841,1.6970617880102878e-09,2.654941156980327e-09,3.948750608271338e-09,3.364621767103806e-09,1.6663335323656702e-09,-0.9706971189053075
0.10845,2.23238653074592e-09,2.6594822341030683e-09,3.9546275722288205e-09,3.36989255769241e-09,1.6700203927392136e-09,-0.48153608965753575
0.10849,2.5739647760142094e-09,2.6536664237659e-09,3.949589777029886e-09,3.36464142472983e-09,1.662074910127717e-09,-0.09676010123369236
0.10852,2.8839573957777774e-09,2.6455535379396377e-09,3.942354562089047e-09,3.357187855080121e-09,1.6512920372984066e-09,0.3016967067922774
0.10856,2.406784501552992e-09,2.655473036713017e-09,3.94905005601372e-09,3.365042022083069e-09,1.6670241709289686e-09,-0.28910524626731876
0.1086,2.1796877366980027e-09,2.6536590365530064e-09,3.945878908363496e-09,3.3624672259991794e-09,1.6664395125264499e-09,-0.5308711194349699
0.10863,1.7837329071417993e-09,2.64264962627022e-09,3.936559634579821e-09,3.3526520339001154e-09,1.651165517757559e-09,-0.8974792656729121
0.10867,1.8346356668048942e-09,2.645121656486454e-09,3.9351171732212654e-09,3.3527649590235307e-09,1.6588952122663538e-09,-0.8518896582770635
0.10871,2.3812626154216812e-09,2.64360896922395e-09,3.9328058221208665e-09,3.3507858947251984e-09,1.6581767874427165e-09,-0.30721240731438376
0.10875,2.669321392769917e-09,2.639484423570085e-09,3.929126329413097e-09,3.346976063057576e-09,1.6528135869582535e-09,0.03760894367686441
0.10878,3.062935255356265e-09,2.6424873622185715e-09,3.929785853051997e-09,3.3485389073897555e-09,1.6592834548037415e-09,0.5732686302788944
0.10882,3.211632081300747e-09,2.646369099504879e-09,3.93372487622242e-09,3.3523418521991322e-09,1.6641509905692725e-09,0.7914982316808251
0.10886,3.4550718394218873e-09,2.631662797414105e-09,3.920301558033044e-09,3.338689398892441e-09,1.6447152853984763e-09,1.1838337092340319
0.10889,3.5666950344968538e-09,2.639491256991188e-09,3.921445266786769e-09,3.342442535175728e-09,1.6621659807305433e-09,1.381139196231051
0.10893,3.2604801853252125e-09,2.6132043692931356e-09,3.8960696989547924e-09,3.3171988450840653e-09,1.6292586567083622e-09,0.9018589458515458
0.10897,3.354375805226145e-09,2.624248220021285e-09,3.89788907119531e-09,3.322623082890807e-09,1.65355965894797e-09,1.064690167350707
0.109,3.2189542577883886e-09,2.5943951059992764e-09,3.869444514320946e-09,3.2941579841859643e-09,1.6158332898389491e-09,0.8700423868185848
0.10904,3.1166164871816122e-09,2.587150287047553e-09,3.8566844089211046e-09,3.2838059421337725e-09,1.6136687395136493e-09,0.7304140686495678
0.10908,2.942754356827674e-09,2.598911788934939e-09,3.862650964000619e-09,3.2919507660555432e-09,1.6347285713955261e-09,0.4764955906806458
0.10912,2.585391252274998e-09,2.5914606224171826e-09,3.857922403139962e-09,3.2862540067494765e-09,1.6223793922361946e-09,-0.007954262162360623
0.10915,2.4061620210349678e-09,2.588080863445754e-09,3.853423530542485e-09,3.282280515708081e-09,1.61963319596055e-09,-0.22405525029486964
0.10919,2.04741681204199e-09,2.5891701438379355e-09,3.849720870601203e-09,3.2805452041112786e-09,1.6266005419765473e-09,-0.6118445776898171
0.10923,1.8367900897627896e-09,2.5855577828926394e-09,3.849258948445628e-09,3.278861054861324e-09,1.6184162178295982e-09,-0.8150612304965168
0.10926,1.8454940040156701e-09,2.5917483160375925e-09,3.850640649977407e-09,3.28210083251391e-09,1.6316996759129863e-09,-0.8048933213710446
0.1093,1.9813514112816633e-09,2.58456613734801e-09,3.849804246630978e-09,3.278793869142915e-09,1.6153758601396167e-09,-0.6804236727145008
0.10934,2.053155161048463e-09,2.5937101894486034e-09,3.855581933418799e-09,3.285812772138701e-09,1.6302804314874762e-09,-0.6089949509516908
0.10937,1.7881431396724788e-09,2.5816321179600823e-09,3.838110328548536e-09,3.27077994754174e-09,1.6222075795227084e-09,-0.8520837928311638
0.10941,2.0154166297586785e-09,2.5639404484147835e-09,3.815390009384726e-09,3.250465690091028e-09,1.6068347689946785e-09,-0.6273104790167461
0.10945,1.8887540024978403e-09,2.5665820466826363e-09,3.81066458456528e-09,3.248725641200018e-09,1.61887162366626e-09,-0.7455081958882833
0.10949,2.3161112275638415e-09,2.5519648978667718e-09,3.800283012482025e-09,3.2368666821371968e-09,1.5961638917782265e-09,-0.29184987720045613
0.10952,2.5346220624794716e-09,2.5528291362430714e-09,3.800106516056589e-09,3.2371080682701913e-09,1.598418261860362e-09,-0.023386653757272825
0.10956,2.535949700948521e-09,2.5518339555254253e-09,3.798386596137445e-09,3.2357162006404492e-09,1.5980187870193295e-09,-0.020142049251723665
0.1096,2.592859059395161e-09,2.5458219490310754e-09,3.789220741530691e-09,3.2279641098608752e-09,1.5945218560085405e-09,0.061991563958182276
0.10963,2.456881185736905e-09,2.541966949762019e-09,3.783462648801669e-09,3.223054335819179e-09,1.592191629228252e-09,-0.10755565936393946
0.10967,2.618659844300327e-09,2.5344188861443327e-09,3.772535783647697e-09,3.2136518692171912e-09,1.587174981119121e-09,0.11158756958793589
0.10971,2.8169633113061383e-09,2.534111490998104e-09,3.772618787222654e-09,3.2135577304141973e-09,1.5864722874891363e-09,0.38741111268823725
0.10975,3.0411891027184985e-09,2.522855456693295e-09,3.764370716473181e-09,3.2042599529800863e-09,1.5694531913415177e-09,0.7254844937075342
0.10978,3.272120243003417e-09,2.518255857189868e-09,3.75965916855011e-09,3.199703979079933e-09,1.5639382493192818e-09,1.1031110505327468
0.10982,3.309290301612162e-09,2.5259692009594185e-09,3.762714453319486e-09,3.2045419601595696e-09,1.5786904520271817e-09,1.171784507601257
0.10986,3.380810999424713e-09,2.5333792999782745e-09,3.764200225103795e-09,3.2083312403885875e-09,1.5947275769192799e-09,1.3048341270496795
0.10989,3.2559158805336414e-09,2.536196835107203e-09,3.765346555964356e-09,3.2101210300352184e-09,1.6001013013245383e-09,1.0926014028648434
0.10993,3.0110875412223384e-09,2.512452880665867e-09,3.746795526626893e-09,3.1898752079568305e-09,1.5652131666880065e-09,0.7022946193389358
0.10997,2.80093492061863e-09,2.4713226419857685e-09,3.6851380910127192e-09,3.1374750055206992e-09,1.5399171450539028e-09,0.45474836168123856
0.11001,2.326516941282574e-09,2.4643816761373326e-09,3.668528619800961e-09,3.1250071329560515e-09,1.5429020327787448e-09,-0.1790657925188397
0.11004,2.0831808394306233e-09,2.465247094820364e-09,3.6673821984110577e-09,3.124663354346811e-09,1.5464188491900413e-09,-0.46752993439029716
0.11008,1.6353987117077857e-09,2.446597670456136e-09,3.6533567041713466e-09,3.1090750517903425e-09,1.518488641754977e-09,-0.9181209027829822
0.11012,1.5361838405826579e-09,2.460774933312638e-09,3.6669107400978014e-09,3.1226378325910477e-09,1.5361838405826579e-09,-1.0350600306807793
0.11015,1.5516913103512435e-09,2.470026193275259e-09,3.672545665140994e-09,3.1295861750684734e-09,1.5516913103512435e-09,-1.2305495360097862
0.11019,1.5154537245795961e-09,2.4415462439124955e-09,3.645675432062523e-09,3.1025849034477163e-09,1.5154537245795961e-09,-1.3858294027062341
0.11023,1.5371672608824513e-09,2.4554412498182746e-09,3.6552993909951652e-09,3.1137246152392614e-09,1.5371672608824513e-09,-1.1373870747849935
0.11027,1.5512089144015126e-09,2.4634250379539893e-09,3.6596483263286847e-09,3.1194152633330105e-09,1.5512089144015126e-09,-1.0748834988372964
0.1103,1.9996815695010116e-09,2.4673918436794896e-09,3.665639049516843e-09,3.124489735478772e-09,1.5536273048475976e-09,-0.5565365804047187
0.11034,2.2633869070893777e-09,2.453316201075142e-09,3.6525245042844576e-09,3.1112369148074e-09,1.5355023152660808e-09,-0.24552835836439751
0.11038,2.4232300938845575e-09,2.4535633437901295e-09,3.652773059117658e-09,3.1114749013675617e-09,1.5358305211392563e-09,-0.040984938501803965
0.11042,2.638836994511117e-09,2.455449400819865e-09,3.654819011960183e-09,3.113420183922545e-09,1.5379134559515972e-09,0.25563354231548013
0.11045,2.7600315102968014e-09,2.456192326624715e-09,3.659045043153302e-09,3.1161911318297322e-09,1.5346886434207495e-09,0.4265091788487666
0.11049,3.0771323781360874e-09,2.449770431703376e-09,3.6553255796499266e-09,3.1114693535446633e-09,1.5237958641074888e-09,0.928241649413405
0.11053,3.2139772211392607e-09,2.4422307949086996e-09,3.646107109485527e-09,3.1030724326294066e-09,1.5167901378965501e-09,1.1740750608190562
0.11057,3.3215870078595e-09,2.453786444356622e-09,3.65235425854018e-09,3.11129639923021e-09,1.536991945219878e-09,1.370895911102845
0.1106,3.35095283988254e-09,2.4455695313401232e-09,3.646644094604825e-09,3.1047043526317342e-09,1.5241145622584862e-09,1.4249649906343873
0.11064,3.2325373648352647e-09,2.4245444765785106e-09,3.6074825474162484e-09,3.073439347118447e-09,1.5202077071167714e-09,1.2843501452262547
0.11068,3.120537628495479e-09,2.3993089391158456e-09,3.57950062681324e-09,3.047067167284391e-09,1.4930306409081474e-09,1.115354529571228
0.11071,2.881436545912014e-09,2.3555143524884716e-09,3.5161268218858736e-09,2.9925934135206664e-09,1.4635063702530968e-09,0.7919120076052701
0.11075,2.4284685761630746e-09,2.3633674323775286e-09,3.5182603775719232e-09,2.996951888276e-09,1.479676125563538e-09,0.09172263285330175
0.11079,1.907250481335984e-09,2.354371490763426e-09,3.5080640154308955e-09,2.9874317824194536e-09,1.4701831844322327e-09,-0.5691549928852552
0.11083,1.4611453110919368e-09,2.3483396766015384e-09,3.5035123767180797e-09,2.98238591944684e-09,1.4611453110919368e-09,-1.19109960313056
0.11086,1.4516663245519912e-09,2.3408064623636432e-09,3.4963033319542847e-09,2.975191379831535e-09,1.4516663245519912e-09,-1.3754572764731172
0.1109,1.444325334186955e-09,2.3340169159501706e-09,3.4887331243025064e-09,2.968088655042864e-09,1.444325334186955e-09,-1.2086236167747835
0.11094,1.915178460045182e-09,2.342564704000943e-09,3.4847447466433474e-09,2.9691099813997e-09,1.469483496370737e-09,-0.5427964807535121
0.11098,2.4670587922574038e-09,2.3149596599011707e-09,3.445708280125933e-09,2.9353037339371943e-09,1.44981339214278e-09,0.22376209806429312
0.11101,2.7707582475755373e-09,2.3208260627931796e-09,3.4530933168283604e-09,2.9419549345800416e-09,1.455051930370144e-09,0.7034017385965804
0.11105,2.7384080619853248e-09,2.3258509374188584e-09,3.4596089700990185e-09,2.947743422162524e-09,1.4594565162135088e-09,0.6416147765460574
0.11109,2.4310530729082293e-09,2.3222761811059722e-09,3.4569759823181055e-09,2.9447821826744516e-09,1.4540601850795919e-09,0.15771656576529036
0.11113,1.9126333354782096e-09,2.3229221047490746e-09,3.455128145468812e-09,2.9439500122651524e-09,1.4578229773595515e-09,-0.5263898077365966
0.11116,1.5546224757714927e-09,2.3316952550828556e-09,3.4627823870966407e-09,2.9519048499235375e-09,1.4697531672028878e-09,-0.9072720235986181
0.1112,1.467401191894596e-09,2.3275891975400608e-09,3.456459809517025e-09,2.946580207029465e-09,1.467401191894596e-09,-1.0974890094743572
0.11124,1.5151758490731371e-09,2.305582263554376e-09,3.4406659185431003e-09,2.9286361197478166e-09,1.4334366427410878e-09,-0.9408641644272103
0.11128,1.940284658122995e-09,2.312919745042741e-09,3.4452625985329904e-09,2.93423058631101e-09,1.4454967085952799e-09,-0.4900843856826147
0.11131,2.24105558678443e-09,2.319639321441222e-09,3.452463153832587e-09,2.9411032298890687e-09,1.4530524921462787e-09,-0.10867793941464536
0.11135,2.4881801160313674e-09,2.314604047481807e-09,3.446645635485177e-09,2.9356913267764074e-09,1.4479763176251898e-09,0.2538068161311766
0.11139,2.7889805381998246e-09,2.3193920590184616e-09,3.4478389587113062e-09,2.938273048866548e-09,1.458082699563249e-09,0.7458001970884831
0.11143,2.996454421014994e-09,2.3125653611345345e-09,3.4434321372899636e-09,2.932983111772793e-09,1.4470224988316922e-09,1.1145719367767601
0.11146,3.216254527600165e-09,2.309203509878643e-09,3.4425308795431195e-09,2.931135902670498e-09,1.4400108568026458e-09,1.529478604119884
0.1115,3.409146167371272e-09,2.3049303993180127e-09,3.4358482915937445e-09,2.925540600644079e-09,1.437642844519603e-09,1.9356818872212644
0.11154,3.2839249528818326e-09,2.2997291922275806e-09,3.4302678499964557e-09,2.9202027326317002e-09,1.4318988571268356e-09,1.685126570325895
0.11158,2.921510200172169e-09,2.317961213985611e-09,3.441422105906002e-09,2.933935230632713e-09,1.4623583861532505e-09,0.9936163668162448
0.11161,2.43882542021756e-09,2.3087111195336153e-09,3.4373416135594198e-09,2.927898885358608e-09,1.4449719569320418e-09,0.18970541244638203
0.11165,1.8051348143387737e-09,2.3125327735606087e-09,3.438884211389205e-09,2.930310867200577e-09,1.4523307257460513e-09,-0.6386872303875339
0.11169,1.4609913774406917e-09,2.316318353168158e-09,3.4391405653056074e-09,2.931970688098654e-09,1.4609913774406917e-09,-1.2744929463224162
0.11173,1.4787911831934826e-09,2.3256600777774e-09,3.4431545471079514e-09,2.938000785720279e-09,1.4787911831934826e-09,-1.4517305852100137
0.11176,1.4748630526770625e-09,2.324755527560763e-09,3.4445656351402447e-09,2.938478891154832e-09,1.4748630526770625e-09,-1.2622361176044155
0.1118,1.8718192269266513e-09,2.307251195015895e-09,3.4361666288777978e-09,2.926668057990812e-09,1.4426623575588287e-09,-0.5641760858160306
0.11184,2.395665612868318e-09,2.3343677731405925e-09,3.474990809049006e-09,2.960153229175389e-09,1.4614458101865554e-09,0.08719458272277374
0.11188,2.4653523011573653e-09,2.3344550554628086e-09,3.475217708183951e-09,2.9603159496902224e-09,1.4614158983298204e-09,0.18915729951187818
0.11192,2.468826488895476e-09,2.3335457750048952e-09,3.4735728353631165e-09,2.958991615135254e-09,1.4611932176365982e-09,0.19632738871377295
0.11195,2.2644157795498514e-09,2.332280606544401e-09,3.4723437893033784e-09,2.957762035287435e-09,1.4596797121586507e-09,-0.09521235148832868
0.11199,2.1034812657397687e-09,2.3290842482225023e-09,3.470029762065048e-09,2.9551357218634433e-09,1.4548235061772306e-09,-0.3073287429099796
0.11203,2.0580635936446482e-09,2.3319284273113814e-09,3.4714295546922202e-09,2.9570822650308223e-09,1.4599478805273278e-09,-0.36383296066503173
0.11207,2.0450054731687763e-09,2.332589290270454e-09,3.4713248682088826e-09,2.9572848583502814e-09,1.4616353706751376e-09,-0.3793308634161287
0.1121,2.2310205306918544e-09,2.3320373571997024e-09,3.470990030817744e-09,2.9568701052220363e-09,1.460714792390553e-09,-0.13868987846568778
0.11214,2.2492049751889024e-09,2.3309903787384136e-09,3.4697283129284823e-09,2.9557141162027505e-09,1.4597226697791822e-09,-0.11311476206321387
0.11218,2.1580473468928672e-09,2.310754857436568e-09,3.4392517366970608e-09,2.929843984863429e-09,1.4474892692438037e-09,-0.20938709805211692
0.11222,2.042378100993917e-09,2.2843898212587135e-09,3.3974134039975104e-09,2.8948819911256396e-09,1.43411706785424e-09,-0.3255223101574849
0.11225,2.123344116361072e-09,2.271179998307917e-09,3.3811859068218333e-09,2.8801482860005117e-09,1.4217563677190201e-09,-0.20755314982842593
0.11229,2.486636940264133e-09,2.255412396113621e-09,3.3615985192291012e-09,2.8624312237103592e-09,1.4072933920459442e-09,0.34555614238349447
0.11233,2.812153283070993e-09,2.2702372968808328e-09,3.3712997769057977e-09,2.8739631042037104e-09,1.4313502237393444e-09,0.9015714218725301
0.11237,3.0589156489697373e-09,2.2342351320105687e-09,3.343327238986827e-09,2.8433361115902246e-09,1.3785567112345361e-09,1.3801622601023635
0.11241,3.0385627261338652e-09,2.2503709929579842e-09,3.3496945003168553e-09,2.8534464001035353e-09,1.4094189220618877e-09,1.3552876608494504
0.11244,2.9217774982667707e-09,2.2515361966561227e-09,3.349129329752541e-09,2.853573632156502e-09,1.412886761664503e-09,1.1331359258974398
0.11248,2.6581294076116374e-09,2.2307747122369286e-09,3.3239678631059813e-09,2.830633304500192e-09,1.3930022014560508e-09,0.6825054349636793
0.11252,2.328246960584725e-09,2.2208416388941623e-09,3.3061401397318637e-09,2.8162528419463067e-09,1.3903591644089336e-09,0.16265502464819936
0.11256,2.0903411821328636e-09,2.2020027698776904e-09,3.2786385604168754e-09,2.792684934038953e-09,1.3779050902079506e-09,-0.1637458948908023
0.11259,1.8874125057055703e-09,2.2092040886369437e-09,3.2851124576940035e-09,2.7993276622249037e-09,1.3874455782542229e-09,-0.4395524602883242
0.11263,1.7454833702304996e-09,2.205994799259784e-09,3.2868455482154814e-09,2.799199481223145e-09,1.3751125908186695e-09,-0.6209689302582903
0.11267,1.5849917348206243e-09,2.216084772401358e-09,3.2928238310671247e-09,2.8065631044918555e-09,1.3947986714373715e-09,-0.7977417207472925
0.11271,1.6788748203956498e-09,2.2153818617594048e-09,3.298034691325171e-09,2.8093521107005915e-09,1.3868558917945603e-09,-0.7004486144362663
0.11275,1.8649541115982996e-09,2.2188946818434917e-09,3.3020809158152914e-09,2.81313045054584e-09,1.390339087267402e-09,-0.4818084425135726
0.11278,1.7960677597594653e-09,2.210304572923139e-09,3.29285248390314e-09,2.8043262790920824e-09,1.380740690650024e-09,-0.561989789276615
0.11282,1.7852159430979534e-09,2.2191883183363425e-09,3.3035653916068065e-09,2.8140990187727822e-09,1.3893918591814838e-09,-0.5805311608678995
0.11286,1.5607553182138837e-09,2.1988156089932614e-09,3.2774056005026107e-09,2.7907004394006913e-09,1.3717542596539183e-09,-0.8199724858965577
0.1129,1.6360262295181114e-09,2.2055256624262614e-09,3.2775547540722742e-09,2.7934413967877684e-09,1.3876093966585195e-09,-0.7341102280455972
0.11294,1.5708616068491214e-09,2.2060007041912045e-09,3.276714220827542e-09,2.793141329365353e-09,1.3897202451927161e-09,-0.8041453095137886
0.11297,1.6359876583204027e-09,2.2054970510354864e-09,3.2764318009363397e-09,2.7927788541378986e-09,1.3888350832463941e-09,-0.7330591221842773
0.11301,1.7727568212346962e-09,2.191404493623142e-09,3.267987926348892e-09,2.7822589020398004e-09,1.36514999294123e-09,-0.5754110370411076
0.11305,2.0202964861361786e-09,2.198166566709572e-09,3.2724803425747214e-09,2.7875501629105064e-09,1.3760613728256544e-09,-0.25579101326358644
0.11309,2.3734572464610795e-09,2.1990661911228473e-09,3.2727982197680665e-09,2.7880813981291612e-09,1.377901517698502e-09,0.2730455589955766
0.11313,2.5445885387352776e-09,2.1943891915577277e-09,3.2700311594045217e-09,2.7845810033257498e-09,1.3701808014037027e-09,0.5591765051484497
0.11316,2.7661507219781668e-09,2.212998218110932e-09,3.2839367931797237e-09,2.800041055575575e-09,1.3985168679555242e-09,0.9561625668577916
0.1132,2.9700322948674082e-09,2.2000045743180583e-09,3.2792419481335502e-09,2.7921597690100013e-09,1.373046273842243e-09,1.3417652314387338
0.11324,3.0855427204129403e-09,2.175838449027618e-09,3.2531994252837065e-09,2.7673458840638294e-09,1.3461206320797107e-09,1.6129451745602275
0.11328,3.366419461192061e-09,2.1739009886875445e-09,3.2403342490104523e-09,2.759110925756616e-09,1.3561584257382119e-09,2.2807836684856846
0.11332,3.313617861705358e-09,2.1611316222319378e-09,3.2029450446626387e-09,2.732104065572275e-09,1.3702711017990965e-09,2.2853403108398807
0.11335,3.2797929070775153e-09,2.108902100267824e-09,3.1508847782390255e-09,2.6809669660483978e-09,1.3068992176548385e-09,2.2806048483066075
0.11339,3.0442103115379535e-09,2.1168173037953996e-09,3.1532213752127153e-09,2.6854736582537808e-09,1.3229493095798033e-09,1.7489115260780916
0.11343,2.4430429339638692e-09,2.1267390546197394e-09,3.16117872866108e-09,2.694084230606045e-09,1.3370923980884275e-09,0.5369313236483241
0.11347,1.6441177824698806e-09,2.1266932409832094e-09,3.1594157765700952e-09,2.6930170524516853e-09,1.3391799044831153e-09,-0.6544894789725983
0.11351,1.34620806803193e-09,2.1350173685346198e-09,3.1731012342222785e-09,2.7028559518801777e-09,1.34620806803193e-09,-1.3071287808341268
0.11354,1.3090154887571506e-09,2.113827991262834e-09,3.159095142432974e-09,2.6877162135412774e-09,1.3090154887571506e-09,-1.4680294206252789
0.11358,1.3359687952938522e-09,2.1368478780891336e-09,3.1826069315435077e-09,2.7107135026052375e-09,1.3359687952938522e-09,-1.1401680681577842
0.11362,1.3336115709207557e-09,2.130636799972203e-09,3.171499568507789e-09,2.7017633112223265e-09,1.3336115709207557e-09,-1.0451878164871509
0.11366,1.33327339545722e-09,2.128024985542258e-09,3.16689939339311e-09,2.6979629481400755e-09,1.33327339545722e-09,-1.2023653833269914
0.1137,1.3638897380136602e-09,2.147845130766737e-09,3.1813954612677534e-09,2.714248094292759e-09,1.3638897380136602e-09,-1.3502079790911365
0.11373,1.3211767398208126e-09,2.1211363835816192e-09,3.1633926971519065e-09,2.6931530365343596e-09,1.3211767398208126e-09,-1.3916298529506979
0.11377,1.3145256961567928e-09,2.1165210476071993e-09,3.1597248289693327e-09,2.6891770331918437e-09,1.3145256961567928e-09,-1.2769976094729532
0.11381,1.3430596244365585e-09,2.1339246269037957e-09,3.1707223644858077e-09,2.7025041081603905e-09,1.3430596244365585e-09,-1.0871240689175203
0.11385,1.4831836439351436e-09,2.119127503102279e-09,3.1603879818926564e-09,2.6906101046822783e-09,1.3198587167672817e-09,-0.8445347648933941
0.11389,1.8583063682377644e-09,2.133021508184156e-09,3.170878310884177e-09,2.70223949133855e-09,1.3407045778669924e-09,-0.3901329273387621
0.11392,2.1983337562304424e-09,2.1296671651478195e-09,3.170364404121317e-09,2.7006092900907043e-09,1.3333042192796385e-09,0.10751074889650367
0.11396,2.66028739368448e-09,2.13664283058423e-09,3.174518884219788e-09,2.7057810191269354e-09,1.3452034481521053e-09,0.9231477224454856
0.114,2.9688793590900573e-09,2.1092857384501807e-09,3.1567957990570708e-09,2.6845477899203666e-09,1.3011317253004502e-09,1.5516466171791015
0.11404,3.275345733381145e-09,2.1019791217745547e-09,3.1502963048450535e-09,2.6778174265763413e-09,1.2916519977326413e-09,2.254056629161095
0.11408,3.477027405999957e-09,2.122249710044266e-09,3.161613674667522e-09,2.6924595694937505e-09,1.3264715663520237e-09,2.7624930823398617
0.11412,3.4584574137316846e-09,2.091686384787125e-09,3.144229711314739e-09,2.670029015589524e-09,1.275404734477204e-09,2.7039303201718266
0.11415,3.317927202164506e-09,2.1677332571285715e-09,3.201355542485907e-09,2.733693734406874e-09,1.3886411098160684e-09,2.3047044534997694
0.11419,2.8745141140734556e-09,2.112093139234609e-09,3.1595383220461297e-09,2.687361121628403e-09,1.3038304063908284e-09,1.3380847391210267
0.11423,2.1934369261063674e-09,2.124612077376351e-09,3.16264768138738e-09,2.6940224497879933e-09,1.330721567545712e-09,0.1091446556415014
0.11427,1.4028875120818668e-09,2.1165962777688196e-09,3.150251227331904e-09,2.683585496562144e-09,1.326296199657631e-09,-0.9215979951145892
0.11431,1.3440909283869538e-09,2.1238948332914526e-09,3.149681443565236e-09,2.6861992774694504e-09,1.3440909283869538e-09,-1.0433218123075143
0.11435,1.4121721207650503e-09,2.0959635058095704e-09,3.130160617147217e-09,2.6637865203857066e-09,1.300003486431409e-09,-0.9070783492944264
0.11438,1.5627495746263796e-09,2.1065252307921245e-09,3.1315045850491935e-09,2.668729967922456e-09,1.3237368615249994e-09,-0.7353382446656586
0.11442,1.652667398872457e-09,2.0954465964880637e-09,3.1225536081475653e-09,2.6590913608891576e-09,1.3079278070301888e-09,-0.6257930239043163
0.11446,1.4181153170568179e-09,2.0741067246501396e-09,3.0968344464791695e-09,2.6355808785978766e-09,1.287442555504307e-09,-0.8843823683313131
0.1145,1.3123063384808857e-09,2.0835416096366294e-09,3.094940671139837e-09,2.63818334975234e-09,1.3123063384808857e-09,-0.9916009813625549
0.11454,1.3060382567824646e-09,2.077413809970654e-09,3.0878878064510988e-09,2.631620983460095e-09,1.3060382567824646e-09,-1.0963206969474446
0.11457,1.2888103311006062e-09,2.066138275437598e-09,3.0796905757405896e-09,2.6223568587891376e-09,1.2888103311006062e-09,-1.0640413496061019
0.11461,1.3941015178996366e-09,2.0577625458195708e-09,3.0732424483124916e-09,2.6152587956503145e-09,1.2765250091366776e-09,-0.8987806428580747
0.11465,1.6776682528485037e-09,2.0639792967376583e-09,3.076990486046508e-09,2.6199083779396008e-09,1.2869269768435634e-09,-0.5639128858948784
0.11469,1.9506999774427598e-09,2.061113692402792e-09,3.0681189345444864e-09,2.6135714420124815e-09,1.2905941972375066e-09,-0.17141915847664305
0.11473,2.335875114133946e-09,2.0625343910376057e-09,3.0651496283035734e-09,2.612385707443697e-09,1.2975603716407276e-09,0.47767340085434057
0.11477,2.692769993708806e-09,2.0569536987050793e-09,3.053414287903566e-09,2.603289138941502e-09,1.2982142743515447e-09,1.2029660334337053
0.1148,2.801398446188987e-09,2.0535463731333337e-09,3.0501092966994287e-09,2.600004166182459e-09,1.2939753008261206e-09,1.4413222830207122
0.11484,2.8484353188636912e-09,2.032858101347734e-09,3.0359901723440972e-09,2.5835500373684527e-09,1.26128266733163e-09,1.5468007290907873
0.11488,2.766132477332567e-09,2.0455122531113557e-09,3.0433977180457426e-09,2.5928855647754892e-09,1.2827501573807576e-09,1.3693594367586766
0.11492,2.6810392472589164e-09,2.041572855653366e-09,3.0422146109894458e-09,2.59063205320189e-09,1.2747570011948011e-09,1.181918364303895
0.11496,2.49281042959619e-09,2.053981870157247e-09,3.0506222250870747e-09,2.600457916847821e-09,1.2945254429957089e-09,0.7985073306548593
0.115,2.445702106545927e-09,2.040038709278134e-09,3.0427631193284913e-09,2.5902447801918233e-09,1.2709721947144241e-09,0.7044550046877375
0.11504,2.086280141308323e-09,2.041182493191211e-09,3.0388620969941545e-09,2.588502627704409e-09,1.2777980788479845e-09,0.07309256503938817
0.11507,1.9530627278272416e-09,2.0408053166860617e-09,3.038293342465381e-09,2.588046091435074e-09,1.2774664795358162e-09,-0.13891137531401085
0.11511,1.7633137229773208e-09,2.038726032033495e-09,3.0349052111919215e-09,2.5852405616000027e-09,1.2764974649401064e-09,-0.4144031458879529
0.11515,1.3983626763868505e-09,2.035480237845936e-09,3.0322799838429857e-09,2.5824330641642627e-09,1.2717576065019968e-09,-0.8706792975024099
0.11519,1.2678537089989292e-09,2.022087057252474e-09,3.0085541267905805e-09,2.563230349408689e-09,1.2678537089989292e-09,-1.1070022398271304
0.11523,1.2408363131905656e-09,2.0001107418626797e-09,2.9870794186400835e-09,2.541949922633059e-09,1.2408363131905656e-09,-1.1912046628405015
0.11527,1.3154757752934398e-09,2.0053289426305216e-09,2.9845918905864626e-09,2.5425770840055873e-09,1.2560707843802989e-09,-0.9366836150201395
0.1153,1.648179055778718e-09,2.008668946955679e-09,2.9859668711302336e-09,2.544702333610035e-09,1.2624391558895778e-09,-0.5319927245822255
0.11534,1.7759970853546053e-09,2.003103159161188e-09,2.9807642091287674e-09,2.5394445375600323e-09,1.2553351761450145e-09,-0.35035098274131915
0.11538,1.9270693905086177e-09,2.000884120642078e-09,2.9782604150628284e-09,2.5370864060326403e-09,1.2530781088540606e-09,-0.11873014765056655
0.11542,1.9202711467449632e-09,2.0017272482668836e-09,2.9793817280241966e-09,2.538067817109882e-09,1.2538216549696102e-09,-0.13040199065259606
0.11546,1.9440560133688566e-09,2.0004334145325717e-09,2.977518842298871e-09,2.536461836255798e-09,1.252951279111534e-09,-0.09073544755292601
0.1155,1.8519506808648485e-09,1.998997288151669e-09,2.975212126360837e-09,2.534544823200304e-09,1.2522340075381312e-09,-0.232222156195685
0.11554,1.8406037803412254e-09,1.9910306008710345e-09,2.9637583023649747e-09,2.5246829617342263e-09,1.2467487450705998e-09,-0.23901500187853622
0.11557,1.9140778402188686e-09,1.990196735976226e-09,2.9621362259115372e-09,2.523402790063791e-09,1.2466751481087148e-09,-0.12255491292702621
0.11561,1.9265650586536447e-09,1.969994725940404e-09,2.9325130368825107e-09,2.4980491818582056e-09,1.2334920336995562e-09,-0.0717080162508055
0.11565,2.005830761299348e-09,1.963194016893602e-09,2.92209018010198e-09,2.489248857679151e-09,1.229595443567048e-09,0.07288880400695541
0.11569,2.075519650870195e-09,1.9613353089520227e-09,2.920239380530383e-09,2.4874282158782602e-09,1.2273514014126172e-09,0.19572316223158306
0.11573,2.326511806498471e-09,1.9564672226530317e-09,2.9160841433403013e-09,2.48306577267673e-09,1.2206605646194054e-09,0.6703718214903778
0.11577,2.4914704662712788e-09,1.951561468486847e-09,2.912660833260334e-09,2.4791114586862784e-09,1.2130676354999504e-09,1.0108561795702198
0.11581,2.6044950391648653e-09,1.9746804566581862e-09,2.92730863895414e-09,2.496823477932461e-09,1.2511026279097221e-09,1.260188516363591
0.11584,2.6032843144477937e-09,1.973083302530156e-09,2.926775061003502e-09,2.4958767092053585e-09,1.2479116129557442e-09,1.2558298754235209
0.11588,2.5480302441422973e-09,1.965245565614757e-09,2.921389909806589e-09,2.489625821168468e-09,1.2354817164183234e-09,1.1347676885129068
0.11592,2.4594300575824504e-09,1.9649515475427032e-09,2.920788149801164e-09,2.4891543913364316e-09,1.2355080435377272e-09,0.9461584576537274
0.11596,2.143951726023943e-09,1.9611707320923094e-09,2.9187558298934027e-09,2.4864663261969474e-09,1.228877138615834e-09,0.3228953213637907
0.116,1.7756765566039614e-09,1.9584297009104646e-09,2.9153338334634917e-09,2.483387169590663e-09,1.226320628532821e-09,-0.29252546062873225
0.11604,1.2076677348071866e-09,1.9463250506014413e-09,2.906616842582507e-09,2.47350921998786e-09,1.2076677348071866e-09,-1.0970624537230544
0.11608,1.2498601107822847e-09,1.9720481284026557e-09,2.9229611568745723e-09,2.4932519105690695e-09,1.2498601107822847e-09,-1.3325893734992158
0.11612,1.2487745920100822e-09,1.9718716406635854e-09,2.923488982502806e-09,2.4934961694824792e-09,1.2487745920100822e-09,-1.3331507324827545
0.11615,1.2346649371566269e-09,1.9603269587469865e-09,2.9120129007872326e-09,2.4822140362186353e-09,1.2346649371566269e-09,-1.1753092681745338
0.11619,1.5784817541409915e-09,1.9518866224021393e-09,2.9068631170392636e-09,2.475875703356231e-09,1.2204763058243236e-09,-0.5710275735011076
0.11623,2.1062817848071026e-09,1.9541495746664313e-09,2.908676146308594e-09,2.47783324128551e-09,1.2237294938054375e-09,0.2663252710369802
0.11627,2.442309363837787e-09,1.9434797155463657e-09,2.8895667816768507e-09,2.4623890351222343e-09,1.221013939452716e-09,0.9640237871401606
0.11631,2.4324411787303078e-09,1.931064075589761e-09,2.882186287604257e-09,2.4531520572250932e-09,1.2001291804166473e-09,0.939868360019791
0.11635,2.3312724010664706e-09,1.9429987392009987e-09,2.889316282842132e-09,2.462037885045367e-09,1.2202466118688485e-09,0.7323161374924524
0.11639,2.0172417691767594e-09,1.9383782784386088e-09,2.8861977863768018e-09,2.4583853707676307e-09,1.212879895873611e-09,0.13506654426338205
0.11643,1.542465325382999e-09,1.938964554759e-09,2.887043999448438e-09,2.4591177454049288e-09,1.2132513106403964e-09,-0.6048135653737299
0.11646,1.2448783489090353e-09,1.933257284360268e-09,2.8811241186730607e-09,2.4533989364669384e-09,1.2065831629723168e-09,-0.9656444544759514
0.1165,1.229360515959379e-09,1.947114424890742e-09,2.889884252726293e-09,2.4640118188277088e-09,1.229360515959379e-09,-1.2469597821602547
0.11654,1.2243562214910094e-09,1.943824005739297e-09,2.8874371302878373e-09,2.4612796979089452e-09,1.2243562214910094e-09,-1.089209089123615
0.11658,1.2547855456116063e-09,1.93965161547773e-09,2.884744444934752e-09,2.45805272187186e-09,1.2175515211792663e-09,-0.9542333437694979
0.11662,1.6809672803311468e-09,1.935715412774691e-09,2.8815788359153587e-09,2.4546376379312535e-09,1.2119109815579778e-09,-0.4045912756297946
0.11666,2.1544192566954074e-09,1.938633423542746e-09,2.884982486557597e-09,2.457783489211509e-09,1.2148733725782685e-09,0.3887664432287415
0.1167,2.5444696873626836e-09,1.9287553724019486e-09,2.877831096783066e-09,2.449684981127746e-09,1.1997708811547291e-09,1.1936041470419396
0.11674,2.807819645232874e-09,1.9274743384679077e-09,2.873307088913168e-09,2.4465239041963463e-09,1.2020652714161665e-09,1.827848551197339
0.11678,2.7343833790048715e-09,1.9170181272414985e-09,2.8665800325970636e-09,2.4384450324321885e-09,1.1851519895131343e-09,1.646930467209472
0.11681,2.6175653556347658e-09,1.920773472029166e-09,2.869629293656198e-09,2.4417142150426293e-09,1.190494058643672e-09,1.3698883643270556
0.11685,2.2301039487251228e-09,1.927287786067564e-09,2.8749221545242773e-09,2.4473902536760066e-09,1.1997600103551943e-09,0.5409616990051176
0.11689,1.8200460915701767e-09,1.933364577179979e-09,2.8787882913004596e-09,2.452050390301026e-09,1.2097333298019592e-09,-0.18839174415401183
0.11693,1.5022131281957828e-09,1.9417017100883354e-09,2.8857813235922597e-09,2.459442058707982e-09,1.221408297833694e-09,-0.6543891892070272
0.11697,1.379641756638234e-09,1.929536792929801e-09,2.8748821496347793e-09,2.448260621564465e-09,1.2051402198195663e-09,-0.8066275387971048
0.11701,1.6572538204291197e-09,1.9321379456794335e-09,2.876859733257488e-09,2.4504537525340197e-09,1.208971433251626e-09,-0.43576801305572
0.11705,1.8812647149348953e-09,1.9331368935284438e-09,2.8777469896349515e-09,2.451375504133267e-09,1.2102666312001616e-09,-0.08732419825703257
0.11709,2.105879674004865e-09,1.928406821712133e-09,2.871630899366754e-09,2.4459264048735175e-09,1.2061661782158578e-09,0.3139556524315998
0.11713,2.076702889150274e-09,1.93031424494367e-09,2.873331157404773e-09,2.447686835093842e-09,1.2086612042540698e-09,0.2589156210145881
0.11716,1.9848731243924873e-09,1.929664522425994e-09,2.872727177456047e-09,2.447075147021037e-09,1.2078223696209975e-09,0.09465067756672257
0.1172,1.865823039592175e-09,1.927815332282212e-09,2.8695919255317895e-09,2.444499505393504e-09,1.207156803892872e-09,-0.10396963586915615
0.11724,1.6120186148695273e-09,1.9222596626962375e-09,2.8637286164178493e-09,2.4388631005702845e-09,1.2008467905781014e-09,-0.49148304112525776
0.11728,1.4772836749346153e-09,1.9224797280243374e-09,2.8629425240595155e-09,2.438484338133559e-09,1.2023315050679166e-09,-0.6750534970416867
0.11732,1.2377178705037891e-09,1.9286542331154087e-09,2.867023965736385e-09,2.443313470755803e-09,1.2122870131187615e-09,-0.964013913934052
0.11736,1.3071019967375496e-09,1.9245201856161894e-09,2.8634414283385587e-09,2.439577018647801e-09,1.2066558201602818e-09,-0.8847567682993892
0.1174,1.238047574177688e-09,1.9288658377079548e-09,2.8659811189420344e-09,2.442775004279222e-09,1.2141008818052137e-09,-0.9625746022060586
0.11744,1.4572373177841937e-09,1.925729418377354e-09,2.8648818007992962e-09,2.4408906987146664e-09,1.2078933710814253e-09,-0.7008188627678402
0.11748,1.679517387608191e-09,1.9180811438340456e-09,2.85626276320161e-09,2.4328140381909186e-09,1.1998260474248943e-09,-0.38526187563537706
0.11752,2.0327689526264137e-09,1.9088093907815907e-09,2.8424163214399224e-09,2.4210305057168487e-09,1.1940752073760882e-09,0.21839151750386285
0.11755,2.398120941009006e-09,1.9135537402570852e-09,2.8446943647975045e-09,2.424237078264146e-09,1.2027492414687805e-09,0.951377032416693
0.11759,2.642791013587138e-09,1.9165158821859598e-09,2.8424305913944264e-09,2.4240741073515585e-09,1.212634380599561e-09,1.5252373969599742
0.11763,2.7862874887675287e-09,1.895970499601483e-09,2.8271480134686923e-09,2.4070121902556306e-09,1.1814437738874966e-09,1.88556098605363
0.11767,2.6943792397294456e-09,1.9049669130418053e-09,2.8335611301248775e-09,2.414321661811573e-09,1.1953754106395215e-09,1.6550678454240069
0.11771,2.52059818935951e-09,1.897152215523116e-09,2.830548091590029e-09,2.4097154066604637e-09,1.1813156621677036e-09,1.24229130461888
0.11775,2.3041298987387443e-09,1.9103475293318387e-09,2.8376460869521548e-09,2.4188380399232507e-09,1.203446470514063e-09,0.766777535347109
0.11779,2.044069619566877e-09,1.903148453277666e-09,2.8326839437187922e-09,2.4130877227277986e-09,1.192071644794351e-09,0.25355212026074336
0.11783,1.8009199547664035e-09,1.9020793382065753e-09,2.83216174415342e-09,2.4123646506348933e-09,1.190074831458108e-09,-0.17169751994032695
0.11787,1.377608794389995e-09,1.906726729012321e-09,2.8338100257857527e-09,2.415162495010091e-09,1.1993224533848927e-09,-0.7811370947109465
0.11791,1.1832822910558412e-09,1.8879982081648177e-09,2.8095314657788837e-09,2.3935259498760206e-09,1.1832822910558412e-09,-1.2704710895527915
0.11795,1.202975224029065e-09,1.896725730123991e-09,2.810629763007944e-09,2.3976140003055254e-09,1.202975224029065e-09,-1.7398494513421014
0.11799,1.1784543839806027e-09,1.8790193957848644e-09,2.795412848020572e-09,2.3817165163781646e-09,1.1784543839806027e-09,-1.5424209093690655
0.11802,1.1679985326674968e-09,1.869588320783537e-09,2.7851549955154155e-09,2.371986123962311e-09,1.1679985326674968e-09,-1.357990032641307
0.11806,1.5323029037236965e-09,1.869787637743108e-09,2.781917192365644e-09,2.3701645083784134e-09,1.1723142217523263e-09,-0.5382656464525412
0.1181,2.0793634079412763e-09,1.8681819475336045e-09,2.7797563456175673e-09,2.36825645484455e-09,1.1710808935640947e-09,0.39583643702058113
0.11814,2.275328673591361e-09,1.875508908384459e-09,2.784020344063751e-09,2.3736434488323783e-09,1.1836308842218525e-09,0.8004739029523359
0.11818,2.363693769880402e-09,1.8702278221963724e-09,2.7792994762775564e-09,2.3687827175446094e-09,1.176613839848807e-09,0.998608795707517
0.11822,2.2094865169134022e-09,1.8352845610383999e-09,2.7394049310576097e-09,2.3315839645350936e-09,1.1403707714237466e-09,0.7154302980782958
0.11826,2.060833407223214e-09,1.8340696686833682e-09,2.7297668098047976e-09,2.325446374577757e-09,1.148890718126111e-09,0.43309831931875914
0.1183,1.6072710665397802e-09,1.8226670429352354e-09,2.7141249034891012e-09,2.311770202310399e-09,1.140160786160875e-09,-0.3673386013143213
0.11834,1.274887184973685e-09,1.8338860823833897e-09,2.7220030264370427e-09,2.320815482705483e-09,1.1577265265048548e-09,-0.8413753054152145
0.11838,1.1508467829895405e-09,1.8293876090267388e-09,2.7186953471233714e-09,2.3171017443274343e-09,1.1508467829895405e-09,-1.071780786458718
0.11842,1.2940737165202235e-09,1.8259829383721032e-09,2.7167892046757127e-09,2.314639985302618e-09,1.1449474645846567e-09,-0.8171878402154508
0.11846,1.6045249746446195e-09,1.8234140389291388e-09,2.7148349597260254e-09,2.312477809332464e-09,1.1411283426978332e-09,-0.3720236432109354
0.1185,1.8887878753594362e-09,1.8236806004302502e-09,2.715002886218642e-09,2.3126774588620437e-09,1.1415912459672587e-09,0.11901566233264631
0.11853,2.1511677924714982e-09,1.81913884374181e-09,2.7119543954614135e-09,2.3090932205044377e-09,1.1343689991118865e-09,0.6431126917556206
0.11857,2.3530736211201668e-09,1.8300802830646588e-09,2.7193210401584722e-09,2.3177294235895014e-09,1.1518427817131016e-09,1.0927844275706116
0.11861,2.5458187189004767e-09,1.8217890353538976e-09,2.7126902933465514e-09,2.31056878102707e-09,1.1398276353200754e-09,1.5642793073987193
0.11865,2.5067028718604936e-09,1.8065457556872526e-09,2.7018014507632875e-09,2.2981636121309335e-09,1.1163939224976202e-09,1.4685702127121136
0.11869,2.389552893657211e-09,1.8196510963825081e-09,2.7103337261392647e-09,2.308347386914484e-09,1.1374946640273768e-09,1.1858153949636754
0.11873,2.1452885878719818e-09,1.8284796180049672e-09,2.7162901247156827e-09,2.3153277545255277e-09,1.1515662038645233e-09,0.6363236072998999
0.11877,1.7921055335669464e-09,1.8212323166516539e-09,2.7111541746722505e-09,2.309458310706241e-09,1.140270685774166e-09,-0.05229835513067444
0.11881,1.398226753555278e-09,1.8263138610218722e-09,2.713828583229469e-09,2.3130310740850218e-09,1.1492842439804157e-09,-0.6744059284437993
0.11885,1.1365308836294156e-09,1.8180284379501164e-09,2.707830984164783e-09,2.3062471822106636e-09,1.1365308836294156e-09,-1.089875666206638
0.11889,1.1311412730314053e-09,1.812825551493215e-09,2.7018678168809866e-09,2.300699092365056e-09,1.1311412730314053e-09,-1.2026165526735775
0.11893,1.1626171249782788e-09,1.832001796306306e-09,2.7140375047694902e-09,2.3154176474465277e-09,1.1626171249782788e-09,-1.2827536999117666
0.11897,1.2856322875397815e-09,1.7993731050635058e-09,2.6862365127400693e-09,2.286229027197419e-09,1.1174679806071795e-09,-0.8138816931376025
0.11901,1.3050872138043774e-09,1.8133245236572473e-09,2.6969025984519344e-09,2.2979974022620016e-09,1.138134421794808e-09,-0.7901450932303787
0.11905,,,,,,
0.11909,,,,,,
0.11913,,,,,,
0.11917,2.09366936194377e-09,1.826560387474538e-09,2.7158838163395244e-09,2.3142768153137264e-09,1.1477455264348148e-09,0.526378024067211
0.11921,2.0175099725611026e-09,1.8188939350003534e-09,2.7082641280024807e-09,2.3067957525552385e-09,1.1383398153097933e-09,0.3777670283871211
0.11924,1.9104904267649303e-09,1.8186302486347087e-09,2.707285249476066e-09,2.3061333465828846e-09,1.1387731169343516e-09,0.17055452979555577
0.11928,1.941135726297873e-09,1.8185330024235356e-09,2.7069398960253903e-09,2.305901347620516e-09,1.1388943147010245e-09,0.22981605948444223
0.11932,2.04836272406949e-09,1.8165763837733975e-09,2.705076306040538e-09,2.3040424121977552e-09,1.1363837672337213e-09,0.4440631615139578
0.11936,2.074095815668705e-09,1.8171057901438846e-09,2.705547854322774e-09,2.3045334791462316e-09,1.137054580034907e-09,0.496421469237537
0.1194,2.0997199026106828e-09,1.819985020069185e-09,2.705492248081138e-09,2.305629452385272e-09,1.1440734281717145e-09,0.5556155720779069
0.11944,1.7988778413327406e-09,1.8153702989754485e-09,2.7023899349294134e-09,2.302000585455432e-09,1.136626301978909e-09,-0.029840443716102047
0.11948,1.3327766220195615e-09,1.813795681061701e-09,2.701542645765396e-09,2.3008975536331673e-09,1.1337731191941443e-09,-0.758658290705672
0.11952,1.1674343321130954e-09,1.8347110021403692e-09,2.715499311275258e-09,2.317336148567691e-09,1.1674343321130954e-09,-1.5431033109162295
0.11956,1.1175054189638395e-09,1.803350048480382e-09,2.6941942229959617e-09,2.2924728246432797e-09,1.1175054189638395e-09,-1.9192991279745557
0.1196,1.129877264420065e-09,1.8086190587615223e-09,2.6943438338335375e-09,2.294640169964335e-09,1.129877264420065e-09,-1.911002204794987
0.11964,1.1302702631589825e-09,1.8084974479301014e-09,2.6938660262310047e-09,2.2942921421669886e-09,1.1302702631589825e-09,-1.4508714155595748
0.11968,1.2487992018379155e-09,1.815846985640691e-09,2.698756082834091e-09,2.3000344484933436e-09,1.1422321712490552e-09,-0.8622254635866237
0.11972,1.679891760829146e-09,1.811900095233746e-09,2.6971420258056854e-09,2.2975152611559987e-09,1.1347776694355372e-09,-0.23044370155167032
0.11976,2.1936751960112995e-09,1.8162184937828945e-09,2.7020685663652633e-09,2.30209474692011e-09,1.1393596667042244e-09,0.760930953468857
0.1198,2.5798517022437374e-09,1.8287491874896357e-09,2.7091825189336873e-09,2.3112066536825796e-09,1.1610569173089234e-09,1.6879791568141265
0.11984,2.8888734883501124e-09,1.8258471172087314e-09,2.7025910367796526e-09,2.306200934985938e-09,1.161927941963301e-09,2.560184799933634
0.11988,2.9821408120492116e-09,1.771655849627106e-09,2.6627788259856294e-09,2.2614493399923588e-09,1.0798282589298527e-09,2.8555746671001296
0.11992,2.7557371143575817e-09,1.7969220130673967e-09,2.6788450497682416e-09,2.2808804627225174e-09,1.1205856729830047e-09,2.2038248679907473
0.11996,2.1986038482693974e-09,1.8024887486927325e-09,2.6832258611624545e-09,2.285652449672965e-09,1.1286708434477988e-09,0.8026607025897903
0.12,1.4117076438974194e-09,1.8032869665232358e-09,2.683454635018437e-09,2.286110534671265e-09,1.1302541703903896e-09,-0.6354584882839516
0.12004,1.1208585380837324e-09,1.7962308775047101e-09,2.6770544615751905e-09,2.2795899599496845e-09,1.1208585380837324e-09,-1.7671435049899153
0.12008,1.0991533271356576e-09,1.7815617737955863e-09,2.665886686843465e-09,2.2672447749415605e-09,1.0991533271356576e-09,-2.150719033323879
0.12012,1.1048098327410678e-09,1.7842140191123727e-09,2.666394386961458e-09,2.268595163610529e-09,1.1048098327410678e-09,-1.8727406381499025
0.12016,1.1001522464653907e-09,1.7814849595082185e-09,2.6648784343807173e-09,2.2666230993676737e-09,1.1001522464653907e-09,-1.566567451247811
0.1202,1.157466525856398e-09,1.8014409444778732e-09,2.675119849961843e-09,2.2805082767164e-09,1.1356674218280923e-09,-0.9597443473382832
0.12024,1.5777547750080929e-09,1.7903313831304486e-09,2.6657520229472815e-09,2.270620044288946e-09,1.1202199536931884e-09,-0.3685418128443212
0.12028,1.9389817978874184e-09,1.7925782027339271e-09,2.6674154197854506e-09,2.272470567919674e-09,1.1236970636166422e-09,0.2825591026365531
0.12032,2.2052686099002114e-09,1.7898666806144126e-09,2.663303895301327e-09,2.2689798565449683e-09,1.1221413920199676e-09,0.8563956711866733
0.12036,2.3046645368762973e-09,1.795043870405734e-09,2.6672041202104015e-09,2.273308703489566e-09,1.1299341179845252e-09,1.0853178377773978
0.1204,2.304283724142238e-09,1.794554917101391e-09,2.666125801202381e-09,2.2724820443525644e-09,1.1300530762734948e-09,1.0872321717154367
0.12044,2.2447200018112903e-09,1.7941758631532444e-09,2.6654886040530395e-09,2.2719594902095833e-09,1.1298978968643646e-09,0.949117638065576
0.12047,2.1869830321348236e-09,1.7882957222966553e-09,2.6619190428142166e-09,2.2675499190594156e-09,1.1200075145480882e-09,0.8161426231203103
0.12051,2.082473865861393e-09,1.7856494002179757e-09,2.6593178457813053e-09,2.2649809797967435e-09,1.1167545222078689e-09,0.5890250075610574
0.12055,1.9186302412682543e-09,1.7893719741520146e-09,2.6631108883074006e-09,2.2686896953737284e-09,1.121072851656842e-09,0.24771250124925853
0.12059,1.7300303601138352e-09,1.7879770208369873e-09,2.662269405505854e-09,2.2676482083325865e-09,1.1187188489058287e-09,-0.10628741961077162
0.12063,1.4667685723553907e-09,1.788445859650319e-09,2.6619086148249277e-09,2.2676196392628623e-09,1.1202886745100922e-09,-0.5378698939711691
0.12067,1.3599703232434244e-09,1.779824715711981e-09,2.6550819805495635e-09,2.260223667137261e-09,1.1077012279010806e-09,-0.6918774519607641
0.12071,1.3343264761755992e-09,1.76030789453993e-09,2.6244300907204664e-09,2.2345451058741983e-09,1.0973174749770006e-09,-0.7051059953611736
0.12075,1.4457277189273164e-09,1.7578761723383083e-09,2.6153258469438764e-09,2.2282303293737543e-09,1.1023744458747235e-09,-0.5300594981380458
0.12079,1.325380944432231e-09,1.7535368220885705e-09,2.6059917986199746e-09,2.2210419635551553e-09,1.1030768316307963e-09,-0.6994696756454509
0.12083,1.2840860900975256e-09,1.7404773343496423e-09,2.5863231928515283e-09,2.2043460573507282e-09,1.0951809646503489e-09,-0.7437537673650609
0.12087,1.209216139086088e-09,1.725040555889186e-09,2.5729126766435297e-09,2.190379988711742e-09,1.0742025363348665e-09,-0.842275505069233
0.12091,1.2782362103131044e-09,1.7361659119906982e-09,2.5780191467752164e-09,2.1977726077284336e-09,1.0947362649506052e-09,-0.7450597034462254
0.12095,1.443811813938072e-09,1.7263929579737324e-09,2.5710888805878645e-09,2.1898518284139795e-09,1.0795348715026415e-09,-0.49634283293117337
0.12099,1.7318179218463781e-09,1.7294620675872854e-09,2.574434503042933e-09,2.1930195992190644e-09,1.0829452670588897e-09,0.004615957712441565
0.12103,1.9774811499520835e-09,1.7176037952975424e-09,2.558410575232263e-09,2.178924466114523e-09,1.0736699942553014e-09,0.5307918494713115
0.12107,2.0922719004593363e-09,1.7123556682844235e-09,2.5463310742035257e-09,2.1697422855979004e-09,1.075597086203227e-09,0.8212271110560116
0.12111,2.1612906430617065e-09,1.7127102542568944e-09,2.544364044196901e-09,2.1687270236922367e-09,1.0788025641757445e-09,0.9948807008441657
0.12115,2.169050967966219e-09,1.6985526906826299e-09,2.5346609471168085e-09,2.1574481900613406e-09,1.0564335503321922e-09,1.0146211359481256
0.12119,2.201954107115957e-09,1.7155585597354524e-09,2.5434375701970896e-09,2.1693083636982178e-09,1.08676812803216e-09,1.1058348139672813
0.12123,2.2310663954761694e-09,1.6995179111056716e-09,2.5307725106219908e-09,2.155562166033601e-09,1.0632498539264853e-09,1.1870317642519357
0.12127,2.1879705085715164e-09,1.6975730406717255e-09,2.5255513567711556e-09,2.1517275671852695e-09,1.0648150827619077e-09,1.0941609176348885
0.12131,1.991757809606979e-09,1.678971575290514e-09,2.501434345344524e-09,2.1302444069033297e-09,1.0488769201127835e-09,0.6632599361349379
0.12135,1.759112735077761e-09,1.68099512277037e-09,2.5031593540259365e-09,2.132072588037146e-09,1.0515567140693157e-09,0.15424950626112083
0.12139,1.5422091710674034e-09,1.6770537907384901e-09,2.4975006028739467e-09,2.127203090960722e-09,1.04881409421869e-09,-0.2560032225071656
0.12143,1.3164777914939685e-09,1.6821391059124745e-09,2.50284221848733e-09,2.1323514969224258e-09,1.0546016390768417e-09,-0.6357084227640268
0.12147,1.078820220429965e-09,1.6803094879950285e-09,2.502542933045855e-09,2.1314686118677615e-09,1.0504923667213027e-09,-0.9681454046939922
0.12151,1.060109924472791e-09,1.6844873163280647e-09,2.5029149635273506e-09,2.1333275497477332e-09,1.060109924472791e-09,-1.1533712925272135
0.12155,1.031195182186419e-09,1.6644462427389782e-09,2.486909116615859e-09,2.1160262632199276e-09,1.031195182186419e-09,-1.1908135692401252
0.12159,1.0381612149821054e-09,1.6680444374745666e-09,2.488330659206011e-09,2.1182661691982577e-09,1.0381612149821054e-09,-1.0320703907206183
0.12164,1.3252249187548776e-09,1.6743206483047896e-09,2.492186723929277e-09,2.1229864619314174e-09,1.0487012278873753e-09,-0.6139494778300703
0.12168,1.4747509571530406e-09,1.667975749499321e-09,2.482917560872193e-09,2.1150311761376726e-09,1.0445967114884022e-09,-0.35864449296459905
0.12172,1.6033600084940393e-09,1.6675446141212982e-09,2.482417620546842e-09,2.114552875185992e-09,1.0442324109457855e-09,-0.12388210706770124
0.12176,1.7832272782327844e-09,1.6674352271640181e-09,2.481670837111042e-09,2.1141125499566473e-09,1.0446520654237678e-09,0.23787821616469038
0.1218,1.8412891748480886e-09,1.6651196439209877e-09,2.4782528959940275e-09,2.1111769486537085e-09,1.0432362609871024e-09,0.3681395295195158
0.12184,1.9271778619415363e-09,1.6633731816949027e-09,2.47617362734532e-09,2.1092704212742328e-09,1.0415109981034099e-09,0.5632247479841755
0.12188,1.9729785607614335e-09,1.6566504699928036e-09,2.472188832682366e-09,2.1042658203911024e-09,1.0302561218727764e-09,0.667709173180702
0.12192,2.0270361262443465e-09,1.670514507133439e-09,2.4810270875502684e-09,2.1149230307569245e-09,1.0529443598457127e-09,0.7978593783346956
0.12196,2.0678874880648442e-09,1.662106318759099e-09,2.4762108447826517e-09,2.1087855080671632e-09,1.0384779911917858e-09,0.8943115399880557
0.122,2.0562686232201228e-09,1.6681729167246574e-09,2.479665319692359e-09,2.113218714599401e-09,1.0488318588559941e-09,0.8677169916587032
0.12204,2.0707148924610057e-09,1.665622681588957e-09,2.4764070545719183e-09,2.1103024812727898e-09,1.0465825040213872e-09,0.9089270403642832
0.12208,1.9960039776658684e-09,1.6678631371430207e-09,2.4779035050017926e-09,2.112067926358119e-09,1.0501565884656388e-09,0.7277760408346962
0.12212,1.883919095922853e-09,1.6552199415232326e-09,2.4634235706884386e-09,2.0985849771312246e-09,1.037058133577386e-09,0.48769183546868355
0.12216,1.6807277794382624e-09,1.654159928763446e-09,2.4622877003386327e-09,2.097502814494491e-09,1.0358521948780817e-09,0.05351916708019848
0.1222,1.3472072320143362e-09,1.6503073078232336e-09,2.4578808667780738e-09,2.0934012482149167e-09,1.0318404170183756e-09,-0.5507222459543025
0.12224,1.0253188287508079e-09,1.6462449740660172e-09,2.455181144161115e-09,2.090217128650661e-09,1.0253188287508079e-09,-1.159788509292267
0.12228,1.0433079943724843e-09,1.657623651679871e-09,2.463017077529944e-09,2.0992956982696956e-09,1.0433079943724843e-09,-1.3695241317282263
0.12232,1.0440522834447262e-09,1.6582686468192292e-09,2.4636926106128524e-09,2.0999462811046397e-09,1.0440522834447262e-09,-1.136138825429733
0.12236,1.2003167985963054e-09,1.6430720704785454e-09,2.4421387889999963e-09,2.0812975406637236e-09,1.0332925638880488e-09,-0.7620374136161333
0.1224,1.5083824763506998e-09,1.620385761708606e-09,2.4124852328286813e-09,2.054942012981812e-09,1.0142110872886445e-09,-0.22018052838261476
0.12244,1.6231204195853851e-09,1.6093863488654213e-09,2.395679797590042e-09,2.0407382955132603e-09,1.0078494052115741e-09,0.02855737571693029
0.12248,1.689896334254214e-09,1.5901800974075657e-09,2.3663995393821457e-09,2.015976226599576e-09,9.966606420808782e-10,0.21518944418709146
0.12252,1.7906564167107069e-09,1.5816918514718605e-09,2.3557573129621073e-09,2.0063680319333693e-09,9.890620435860652e-10,0.4599289597903729
0.12256,1.87110317280012e-09,1.585673442880105e-09,2.3596919545410743e-09,2.010246522683346e-09,9.939287778883692e-10,0.6488765879504294
0.1226,1.9064234729331217e-09,1.576799555001683e-09,2.3536414422174507e-09,2.0031990857185563e-09,9.7987344403912e-10,0.7362416356689162
0.12264,1.8898535343487394e-09,1.5888416639928354e-09,2.3629105130682e-09,2.013396466105517e-09,9.976255715222378e-10,0.6907929773716602
0.12268,1.7955809351892968e-09,1.5837091157956766e-09,2.357896360415946e-09,2.0084335635773477e-09,9.9126353729321e-10,0.4686384907086313
0.12272,1.633366987003176e-09,1.584136685580448e-09,2.358326986969767e-09,2.008853179751067e-09,9.917864584321988e-10,0.10365022862473462
0.12276,1.4911082220593823e-09,1.5830937438073586e-09,2.3573562185084043e-09,2.0078683298997166e-09,9.90466996272054e-10,-0.1870026814171336
0.1228,1.3300701039800492e-09,1.5728279534635202e-09,2.3412316413983563e-09,1.994345010672591e-09,9.85104750600486e-10,-0.4680802245936579
0.12284,1.4360904499973682e-09,1.5663663462290076e-09,2.3315130125897903e-09,1.9861113239841373e-09,9.81068496764411e-10,-0.26164268125988493
0.12289,1.458390464637866e-09,1.564088695304567e-09,2.3277433861954726e-09,1.983016078173467e-09,9.79998893460332e-10,-0.21354197362009306
0.12293,1.5268046391557664e-09,1.559513404865304e-09,2.321641986778174e-09,1.977627373493802e-09,9.763140056814234e-10,-0.06858654823390556
0.12297,1.4596561218359433e-09,1.558135123629091e-09,2.32023875314818e-09,1.976261203735258e-09,9.746752008914822e-10,-0.20310845060572674
0.12301,1.4406805481281637e-09,1.5575598747852282e-09,2.31818348807904e-09,1.9748236246628676e-09,9.757692503951438e-10,-0.2366043163325212
0.12305,1.5481255362074926e-09,1.5606503774070084e-09,2.323389040355776e-09,1.9791057042093957e-09,9.76937559847912e-10,-0.02680789016863725
0.12309,1.7351430719576444e-09,1.5729751971611602e-09,2.3417059477734657e-09,1.9947136849007555e-09,9.84709049266732e-10,0.35615361740653395
0.12313,1.91967625825142e-09,1.5757196774416328e-09,2.3497315404882675e-09,2.000505828486946e-09,9.817607510556044e-10,0.7808850436337255
0.12317,1.9305958334695236e-09,1.5890046688391063e-09,2.359115941432494e-09,2.0112466621245134e-09,1.002482875064848e-09,0.8068073242195524
0.12321,1.8245915102424176e-09,1.579710665297288e-09,2.3514880781990465e-09,2.00310694836742e-09,9.89243418594086e-10,0.549889268462646
0.12325,1.6122620459801103e-09,1.580645200891385e-09,2.35270934423953e-09,2.0041959002350807e-09,9.900087091550884e-10,0.0671588516477728
0.12329,1.4420070380146835e-09,1.5798845268387503e-09,2.3509047316940618e-09,2.0028384319219305e-09,9.903228043916045e-10,-0.2725859172947392
0.12333,1.3089341991155955e-09,1.5807638952682242e-09,2.3537844359877166e-09,2.004872785729726e-09,9.890221570274887e-10,-0.5181569490367794
0.12337,1.3009123804087193e-09,1.5970690782036193e-09,2.3776952430247394e-09,2.025333162445032e-09,9.996851451943058e-10,-0.5538842962976634
0.12341,1.326929864221019e-09,1.5994217868969632e-09,2.3824907211053693e-09,2.029059301811769e-09,9.997197985611845e-10,-0.5152277940286157
0.12345,1.2860568084630216e-09,1.6007776231747908e-09,2.3844921707884494e-09,2.0307655654773415e-09,1.0006067982422734e-09,-0.585495234968766
0.12349,1.3239463519572674e-09,1.5969474414331923e-09,2.3780507978451055e-09,2.0254820493519802e-09,9.99043605625771e-10,-0.5155536771364273
0.12353,1.4987322957908252e-09,1.5994225518715173e-09,2.38046105995007e-09,2.027885822281684e-09,1.0020262662030551e-09,-0.19950116902811274
0.12358,1.6264950027071725e-09,1.5977666896601482e-09,2.378597722161216e-09,2.026149252405519e-09,1.0002126683161201e-09,0.05921848997626468
0.12362,1.7293168031306975e-09,1.596113202305866e-09,2.3768948493715842e-09,2.024499165465058e-09,9.982674464801071e-10,0.283181765284869
0.12366,1.746364215023482e-09,1.5944624255593729e-09,2.374586819854274e-09,2.0224987785707696e-09,9.97026274483468e-10,0.32489614195244815
0.1237,1.8273169222739133e-09,1.5942647040531082e-09,2.3741240572299412e-09,2.0221479990958902e-09,9.971103760841786e-10,0.5128648754899441
0.12374,1.901927195495016e-09,1.5877181301542019e-09,2.3667769981235845e-09,2.015247103841102e-09,9.902116177527664e-10,0.7033777556797554
0.12378,1.8010734095050465e-09,1.5679157092959268e-09,2.3340604135487794e-09,1.9882342518371235e-09,9.81660151477946e-10,0.5253686767989393
0.12382,1.4523229043426212e-09,1.5536307841570596e-09,2.313040455231877e-09,1.970267075436589e-09,9.724064866368086e-10,-0.20823714228787724
0.12386,1.1609932644159585e-09,1.5475897092156313e-09,2.3093198767059608e-09,1.965695119492081e-09,9.624199267298636e-10,-0.7271614462521312
0.1239,9.59572622135579e-10,1.5460105752163976e-09,2.3086033772144294e-09,1.9646405985307938e-09,9.59572622135579e-10,-1.096870916208859
0.12394,1.2024911671723295e-09,1.555444670568516e-09,2.3151090744872485e-09,1.972193509155755e-09,9.743134163160056e-10,-0.6612716602817029
0.12398,1.5743709163536123e-09,1.5563603015921156e-09,2.316741786839709e-09,1.973505348199548e-09,9.746088893227124e-10,0.03857135282329401
0.12402,1.8660517745374492e-09,1.5604552788220062e-09,2.3186729220799155e-09,1.9762447068734503e-09,9.821961007721557e-10,0.7233216847996568
0.12406,2.004485711766361e-09,1.559830047221294e-09,2.319555370082417e-09,1.9765184131749436e-09,9.796271425793087e-10,1.082233108503396
0.1241,2.0554448277065734e-09,1.550855435279419e-09,2.313358692686136e-09,1.96934666260576e-09,9.654803698536989e-10,1.2231687074670032
0.12415,1.9376838240376807e-09,1.560884961610201e-09,2.320400769420335e-09,1.9774388516294922e-09,9.81101369808223e-10,0.9026349619842406
0.12419,1.6846723743985492e-09,1.5447372955553738e-09,2.300114363919022e-09,1.9591696319273207e-09,9.664921344668024e-10,0.30962643641832827
0.12423,1.3039694428939904e-09,1.543617817899435e-09,2.298603702929962e-09,1.9578455956538893e-09,9.655801516237946e-10,-0.4725412384253289
0.12427,9.627721596518691e-10,1.540249980407938e-09,2.2947277903401973e-09,1.9542421487720387e-09,9.621260713231686e-10,-1.0041272810534094
0.12431,9.678041099051642e-10,1.5434004873482202e-09,2.2962885587391054e-09,1.95640257145927e-09,9.678041099051642e-10,-1.199116376409089
0.12435,9.708872102605014e-10,1.546601487109305e-09,2.3001706507947557e-09,1.95993868808074e-09,9.708872102605014e-10,-1.0387835718038698
0.12439,1.0564604071729368e-09,1.5226204473017612e-09,2.2713033679920068e-09,1.933533471411797e-09,9.477964131113862e-10,-0.8589081185891954
0.12443,1.3637301429627262e-09,1.5204169163775616e-09,2.264060121045511e-09,1.9284140380655473e-09,9.511048054631258e-10,-0.32312033223888387
0.12447,1.6810982277919012e-09,1.5066003707227626e-09,2.2419074267521433e-09,1.9099593411093905e-09,9.44364601642918e-10,0.40600572099830645
0.12451,1.781930037766047e-09,1.505565599776332e-09,2.239905144767811e-09,1.9083726244657126e-09,9.442883365855725e-10,0.6644052061860374
0.12455,1.7669139835080047e-09,1.5004299605269016e-09,2.2352130429440562e-09,1.9035911116563417e-09,9.375792773259049e-10,0.630306430176841
0.1246,1.4942038000484836e-09,1.4998860718712961e-09,2.232993730634616e-09,1.9020851267722073e-09,9.388431796229445e-10,-0.013058696280698725
0.12464,1.2831731222518597e-09,1.4978003137514962e-09,2.230696989992669e-09,1.8999199029174463e-09,9.365457487025758e-10,-0.4397387589361411
0.12468,1.2387555228572006e-09,1.5001638499744497e-09,2.231808270319929e-09,1.9015077928251016e-09,9.408667947392871e-10,-0.5208823585486886
0.12472,1.227867383172658e-09,1.4988172599505331e-09,2.232030315611173e-09,1.901113783585488e-09,9.373367172249466e-10,-0.5426488887195156
0.12476,1.3314404747989354e-09,1.5006744079783654e-09,2.2340746690902116e-09,1.903047518620549e-09,9.393450230412344e-10,-0.3505755208637235
0.1248,1.5705588591387318e-09,1.5001796489731158e-09,2.232527028526312e-09,1.9019327213881687e-09,9.400672294606618e-10,0.15979642324976787
0.12484,1.8082446104649332e-09,1.4908454055416273e-09,2.224957302669419e-09,1.8937904756013964e-09,9.268417366929289e-10,0.7527018496230655
0.12488,1.888960224454071e-09,1.4999713300637329e-09,2.231135658284634e-09,1.901007997355056e-09,9.413828839419928e-10,0.9718650467941355
0.12492,1.9243647033741926e-09,1.5025776987718524e-09,2.232462349383514e-09,1.9028140627162046e-09,9.460653485616286e-10,1.0726756939304523
0.12496,1.8905544478081195e-09,1.5019784890505769e-09,2.2328273922942853e-09,1.9027922046613183e-09,9.44186846596392e-10,0.9747772872487506
0.12501,1.8342913450475107e-09,1.5060367002078745e-09,2.235150422257826e-09,1.905774669510082e-09,9.51062087176338e-10,0.8218991699823821
0.12505,1.6651662342332088e-09,1.498686719844353e-09,2.229747690336331e-09,1.8997194713625626e-09,9.397572456648308e-10,0.38951093644865337
0.12509,1.3681241896578112e-09,1.4960661208768717e-09,2.2274966986989084e-09,1.897376591372245e-09,9.360833653956714e-10,-0.27056594898477976
0.12513,1.027693258226959e-09,1.5028033363093627e-09,2.2306230886540405e-09,1.9018668822779337e-09,9.485450550201716e-10,-0.8675335787505356
0.12517,9.278301455893297e-10,1.4890993227096543e-09,2.220437811674288e-09,1.8904809486360372e-09,9.278301455893297e-10,-1.3516710816591273
0.12521,9.31500372071079e-10,1.4913147239689677e-09,2.221822335931703e-09,1.8921641925003578e-09,9.31500372071079e-10,-1.69414085125778
0.12525,9.493586301627823e-10,1.5020438955983959e-09,2.228535665260007e-09,1.9003191566878488e-09,9.493586301627823e-10,-1.521725729039139
0.12529,9.50162801586743e-10,1.5028287727232762e-09,2.229475554324518e-09,1.9011739016999546e-09,9.50162801586743e-10,-1.2031262296102043
0.12533,1.1769554989358452e-09,1.4895880771777248e-09,2.2188213047730766e-09,1.889699932422208e-09,9.310614767236427e-10,-0.6202763561588229
0.12538,1.6123480481208528e-09,1.4745627878882205e-09,2.196106232698803e-09,1.870444925614017e-09,9.220529436268526e-10,0.3184293866547746
0.12542,1.8954154084136513e-09,1.4653190095354525e-09,2.1831718807961003e-09,1.8592069575338643e-09,9.152906922757598e-10,1.098890002568837
0.12546,2.03950181103579e-09,1.4711578169079566e-09,2.1810968440017454e-09,1.8602929219489285e-09,9.317957952376763e-10,1.5633385089812442
0.1255,1.883083314797605e-09,1.4493319149605474e-09,2.166258911578631e-09,1.8429811050732446e-09,8.971288617604216e-10,1.0906367807253297
0.12554,1.6253260721586125e-09,1.4608926366590525e-09,2.174254201360511e-09,1.8522385093368983e-09,9.152198633357866e-10,0.39255660178759505
0.12558,1.456517770795485e-09,1.4606933588002448e-09,2.1745276330118125e-09,1.8523204482638302e-09,9.144154262855922e-10,-0.009790961930360813
0.12562,1.3659410291585476e-09,1.461002363815234e-09,2.1749179321666146e-09,1.852670804819594e-09,9.146973560064463e-10,-0.20725801242280248
0.12566,1.4968089152199564e-09,1.458195137695125e-09,2.170293950134782e-09,1.8488439780505123e-09,9.135044291141349e-10,0.08945095741958337
0.12571,1.6114448169634317e-09,1.4519497490245339e-09,2.1623180574026236e-09,1.841699766363499e-09,9.0802501032171e-10,0.37810680768658494
0.12575,1.596852338901159e-09,1.4357371165461318e-09,2.1374830306889596e-09,1.8207279941343297e-09,8.98717591729018e-10,0.3892009728905805
0.12579,1.5367483847064874e-09,1.4209285373961265e-09,2.115670663580102e-09,1.8020849701993121e-09,8.891753852197692e-10,0.2776703797374841
0.12583,1.512294038800889e-09,1.4206689437929286e-09,2.1144077570809295e-09,1.8012431304008384e-09,8.900450644707127e-10,0.22043149067821827
0.12587,1.4774372101157728e-09,1.4209338361600643e-09,2.115061897466388e-09,1.8017327730961332e-09,8.898944929160998e-10,0.1339522039595815
0.12591,1.3786328106256084e-09,1.4194126586788294e-09,2.1129740676565098e-09,1.7999102547524528e-09,8.887160475782787e-10,-0.09320664422289335
0.12595,1.2030712525460336e-09,1.4190311033887283e-09,2.111844558667991e-09,1.7991008552403478e-09,8.89120327512873e-10,-0.4614971795021418
0.12599,9.53594250437378e-10,1.4162698156108557e-09,2.109386215339186e-09,1.7965724610661543e-09,8.854069601492894e-10,-0.9006335192540504
0.12604,9.522465124264711e-10,1.4153627155508795e-09,2.1082017353763723e-09,1.795522313194337e-09,8.846250172974737e-10,-0.90201423652627
0.12608,1.239037730405741e-09,1.4193323917241558e-09,2.111880602971542e-09,1.7992421094435254e-09,8.89791984440654e-10,-0.38933607459683156
0.12612,1.4065562059211753e-09,1.4185332815874227e-09,2.111750002338379e-09,1.7988494999042035e-09,8.88037514686751e-10,-0.028021680719296123
0.12616,1.4604421239263978e-09,1.408886866734092e-09,2.0970271169255204e-09,1.7864058098536773e-09,8.824188148125008e-10,0.12325825158767757
0.1262,1.4874106313787333e-09,1.4084235609294544e-09,2.096229046043178e-09,1.785756846560417e-09,8.822444298678817e-10,0.19066660002048394
0.12624,1.4280136930942825e-09,1.408132349524206e-09,2.0956767294981024e-09,1.7853209619589224e-09,8.821842474339277e-10,0.04798014127742816
0.12628,1.4450710047085196e-09,1.40662737156948e-09,2.0938202285887167e-09,1.7836376191048227e-09,8.807873042548198e-10,0.09123465001538307
0.12633,1.414157207500053e-09,1.4061258315588508e-09,2.093405134049155e-09,1.7831923733253415e-09,8.801027388691205e-10,0.018032309829101426
0.12637,1.400795975691092e-09,1.4046275969059408e-09,2.090802111228367e-09,1.781070362218445e-09,8.796288263084097e-10,-0.008610730953553657
0.12641,1.3308292241092516e-09,1.4031991110334131e-09,2.0883279378279117e-09,1.7790488984300588e-09,8.79184203096232e-10,-0.16398363120981013
0.12645,1.302453050530714e-09,1.3969344432536942e-09,2.0794071510651504e-09,1.7713414426496618e-09,8.74787018059156e-10,-0.21471051602109853
0.12649,1.3583754546671073e-09,1.3906058659774362e-09,2.070130056496188e-09,1.7634002094347486e-09,8.706568323654458e-10,-0.07545652669384068
0.12653,1.4341096770331308e-09,1.3904494947807353e-09,2.0699585252864676e-09,1.7632369796652224e-09,8.704913337437684e-10,0.10464748931880999
0.12657,1.5771691749553513e-09,1.3896819895235883e-09,2.069338160304737e-09,1.7625673232747473e-09,8.694082122106248e-10,0.47157965842662125
0.12662,1.6227652112777516e-09,1.3887640696815925e-09,2.0682930108077895e-09,1.7615917454133839e-09,8.684533718607156e-10,0.5974238207411022
0.12666,1.6321043235551395e-09,1.3832664818688487e-09,2.05751794588667e-09,1.7531036384170013e-09,8.680677553647272e-10,0.651729864208401
0.1267,1.6412884763355678e-09,1.3683381729675257e-09,2.0380793874366207e-09,1.735807580279829e-09,8.554117658314872e-10,0.7169105804728867
0.12674,1.6035860582000087e-09,1.366304122938482e-09,2.0338971381590445e-09,1.7325529597157594e-09,8.554958577113995e-10,0.6209879631429597
0.12678,1.5098028498575473e-09,1.3648640316813064e-09,2.0348154448836e-09,1.7329781738792203e-09,8.530643314815189e-10,0.3637247803895317
0.12682,1.377017594349034e-09,1.3664127563980835e-09,2.0338657205438995e-09,1.7325806905764132e-09,8.557733413509707e-10,0.026175741382867213
0.12687,1.0123950209477824e-09,1.363301900400116e-09,2.030915647293007e-09,1.729626817394797e-09,8.51802982933984e-10,-0.7402448436186848
0.12691,8.637169900933097e-10,1.3705424021134459e-09,2.0354952115152148e-09,1.7351703907591262e-09,8.637169900933097e-10,-1.047790132359927
0.12695,8.623235303785728e-10,1.3693057371322605e-09,2.0341617714696627e-09,1.7339022027946161e-09,8.623235303785728e-10,-1.1527808338305392
0.12699,8.809476137251033e-10,1.3684103530268749e-09,2.0337451375845356e-09,1.7333070386071335e-09,8.606498939628812e-10,-0.9591803326288977
0.12703,1.0742289202391982e-09,1.363330137117573e-09,2.0303319187668675e-09,1.7293011595496424e-09,8.525280744847972e-10,-0.6253262308329001
0.12707,1.2712325883555818e-09,1.3654167309960203e-09,2.031923305544603e-09,1.7310567928273368e-09,8.556421079470688e-10,-0.21757475185318573
0.12712,1.4560141276560704e-09,1.363134047421432e-09,2.0298438841513077e-09,1.7289368581131281e-09,8.526415979568029e-10,0.22929089072509168
0.12716,1.5280122649550947e-09,1.3621789680599226e-09,2.028408597607457e-09,1.7277134604900054e-09,8.52086412218174e-10,0.422276438934844
0.1272,1.5092763599571637e-09,1.3610967334730854e-09,2.026994064315539e-09,1.7264539186979305e-09,8.511910330795675e-10,0.3744472944682585
0.12724,1.4328010122237063e-09,1.362004926264053e-09,2.0279779957987998e-09,1.72738620715932e-09,8.522171042662896e-10,0.17384979140710827
0.12728,1.382939808292792e-09,1.3624008659248177e-09,2.0282085067361667e-09,1.7276749583462632e-09,8.529074267315276e-10,0.04963321804313505
0.12732,1.3156994255682937e-09,1.3617583290234753e-09,2.027385040108634e-09,1.7269391573928727e-09,8.523417177029847e-10,-0.11007189278886982
0.12737,1.3575916448551018e-09,1.3519401045763455e-09,2.0122706859103997e-09,1.7141970774160761e-09,8.46782459904288e-10,0.01450048945658977
0.12741,1.3548725416990367e-09,1.3423275657209004e-09,1.9979560110008362e-09,1.7020044522306568e-09,8.407718036926595e-10,0.03165262604521191
0.12745,1.40585571498375e-09,1.3380177255347867e-09,1.991132807933722e-09,1.696296697173086e-09,8.385784781987358e-10,0.17327560742138887
0.12749,1.4760469021329286e-09,1.3306592895146925e-09,1.9814430665314803e-09,1.6877059104039722e-09,8.324791717284881e-10,0.3769549062370981
0.12753,1.5358461314929774e-09,1.331255623105232e-09,1.981445195184776e-09,1.6879438390313421e-09,8.33896020803707e-10,0.5456703751923949
0.12757,1.6109822930773764e-09,1.3318353658230502e-09,1.98172102071397e-09,1.6883367775934044e-09,8.349430772068586e-10,0.7656705152253638
0.12762,1.5365678328462464e-09,1.3320881725190588e-09,1.9821326848968803e-09,1.688680346737513e-09,8.350452963514716e-10,0.5470698286242441
0.12766,1.4667375113578245e-09,1.3235405691470738e-09,1.9705246130222016e-09,1.6784966905124521e-09,8.283650359206898e-10,0.37409494895229617
0.1277,1.3209292516423542e-09,1.322152303585973e-09,1.968275262486597e-09,1.6766315851230557e-09,8.276976155045652e-10,-0.0033951424491406694
0.12774,1.1749891137269911e-09,1.3187099210575177e-09,1.962092039399904e-09,1.6716468826420489e-09,8.267907217663102e-10,-0.3367363416964586
0.12778,1.0999689199098969e-09,1.3141476350593769e-09,1.9559741925469367e-09,1.666257600100244e-09,8.231288466404234e-10,-0.49192648496914004
0.12782,1.085257799388508e-09,1.3130492339419398e-09,1.9550874980792694e-09,1.6653039361898855e-09,8.215518782195073e-10,-0.5222469060729656
0.12787,1.1539729693537208e-09,1.312555280368873e-09,1.9550460116333405e-09,1.665082173352397e-09,8.204351951932181e-10,-0.3762284654301889
0.12791,1.2589678219794954e-09,1.3125613231945094e-09,1.9538270028820593e-09,1.6643698710428203e-09,8.218920056591779e-10,-0.13145527054343425
0.12795,1.2806718900911994e-09,1.3076427465512955e-09,1.9460180481653317e-09,1.6578470319577572e-09,8.193906624029443e-10,-0.06556519848694735
0.12799,1.2567271224460112e-09,1.2996125216741551e-09,1.9349104051086675e-09,1.6481688503475413e-09,8.133087187983804e-10,-0.10780080918311148
0.12803,1.1281047930941509e-09,1.2898713789472052e-09,1.9210887142763214e-09,1.6362170681142523e-09,8.063915474400283e-10,-0.3891924859050521
0.12808,9.694926478448745e-10,1.2912230061883507e-09,1.9214160827727045e-09,1.6369396575407785e-09,8.092551669715947e-10,-0.7164143143482022
0.12812,9.215156256753408e-10,1.2925438311003767e-09,1.9221784200887156e-09,1.6379075767267956e-09,8.115181096879052e-10,-0.8058207891303742
0.12816,9.62295351880886e-10,1.2902740841844072e-09,1.9203197356365837e-09,1.63591937937811e-09,8.083020471457146e-10,-0.7293237577588944
0.1282,1.099781423444669e-09,1.288963489062393e-09,1.9192311301268507e-09,1.6347608502390818e-09,8.064720840073967e-10,-0.44853081603786693
0.12824,1.1682343157182878e-09,1.2808138881410092e-09,1.9059196055252346e-09,1.6237331154043795e-09,8.027781630684616e-10,-0.27464307932862475
0.12829,1.4137089292493634e-09,1.2711204668234096e-09,1.8919982006308467e-09,1.6117365368243268e-09,7.961227029091532e-10,0.3904931888554449
0.12833,1.6170586178176494e-09,1.2707787271820088e-09,1.8919738062442045e-09,1.6115817281692355e-09,7.953782355759795e-10,1.0174314028505387
0.12837,1.7387754248934588e-09,1.2817783402798403e-09,1.8999163208464712e-09,1.6205769797339543e-09,8.123607785912087e-10,1.4294686745354508
0.12841,1.7443104596830783e-09,1.2637955566522075e-09,1.888020749486628e-09,1.6065040038721437e-09,7.833981333367049e-10,1.4481190239472266
0.12845,1.732231843266322e-09,1.2728876204217532e-09,1.8954416046011338e-09,1.6144406935054252e-09,7.963480694836316e-10,1.3984611232217519
0.1285,1.5403740842452726e-09,1.2737401447347506e-09,1.8955558086301295e-09,1.614842329886027e-09,7.982624289319096e-10,0.7637492709385314
0.12854,1.3875791147123487e-09,1.2731256829487073e-09,1.8941086866020028e-09,1.6137592067895446e-09,7.98459648917762e-10,0.3132128807197042
0.12858,1.2241895740776028e-09,1.2717341269721522e-09,1.8928295796987302e-09,1.612468749663637e-09,7.965914719119674e-10,-0.11990736843682652
0.12862,1.1933371186282148e-09,1.2712233580105084e-09,1.8929560789801074e-09,1.6123469587223077e-09,7.951853848511123e-10,-0.19719308500658816
0.12866,1.0841171791942841e-09,1.2721121449146145e-09,1.8944288923825034e-09,1.613571588878405e-09,7.95504671596786e-10,-0.45219037738377005
0.12871,1.158692388033165e-09,1.2721166808587616e-09,1.892828370377382e-09,1.6126320653087944e-09,7.974287861058528e-10,-0.278235302522602
0.12875,1.1139431851913488e-09,1.2710084756565503e-09,1.8928328962007227e-09,1.6121943636434272e-09,7.947886303489528e-10,-0.38352719965297905
0.12879,1.0716413742035492e-09,1.2721982064888488e-09,1.89368057041998e-09,1.6131719145180621e-09,7.966051015484026e-10,-0.47766123668616156
0.12883,8.880571424709253e-10,1.2736930091228154e-09,1.8947449558958695e-09,1.6143691128999468e-09,7.989849099345093e-10,-0.8433158526876261
0.12887,8.046694072303124e-10,1.2777745102733812e-09,1.8982215930025365e-09,1.6180154841562861e-09,8.046694072303124e-10,-1.050501766487944
0.12892,9.05254492514539e-10,1.2715710298905121e-09,1.8940955832455536e-09,1.6131397726702326e-09,7.947443771668193e-10,-0.8131245004710203
0.12896,9.788848659980433e-10,1.2722859538981926e-09,1.8936840077242775e-09,1.6131821507999447e-09,7.969319969496868e-10,-0.6706725455062845
0.129,9.641615248756576e-10,1.269656294351311e-09,1.891548220660948e-09,1.610895373814701e-09,7.931503110497581e-10,-0.6991125144635029
0.12904,9.728602374655762e-10,1.2719552323426053e-09,1.8930463027385426e-09,1.6126822464692792e-09,7.96864576925543e-10,-0.681907959659432
0.12909,1.089756394095202e-09,1.2734477956230907e-09,1.894738957440475e-09,1.6142640016643647e-09,7.98434451636691e-10,-0.43818268038668917
0.12913,1.3337980538634925e-09,1.2643596783643577e-09,1.8813731818623527e-09,1.6028324969413335e-09,7.925670651125092e-10,0.18833875261636712
0.12917,1.6033407108095729e-09,1.253276280370512e-09,1.8661824741944057e-09,1.5895400031693393e-09,7.841093205697489e-10,1.0447346066851049
0.12921,1.863212815635713e-09,1.2514396822803366e-09,1.8561253249773903e-09,1.5828991414857945e-09,7.917873493561363e-10,2.0510606309558064
0.12925,2.037967480805215e-09,1.2341164697564663e-09,1.8464620765134375e-09,1.5703811737676476e-09,7.619035676593828e-10,2.760799544106078
0.1293,2.001657086041943e-09,1.2225975047383136e-09,1.8378828005892702e-09,1.5608007399236066e-09,7.447698599667217e-10,2.6098088969291684
0.12934,1.8233352334908272e-09,1.2596628695566446e-09,1.8616606332854444e-09,1.5893968618520013e-09,8.049902857049798e-10,1.8929122688792506
0.12938,1.575014065441267e-09,1.2435595613898025e-09,1.851075678157931e-09,1.576845565115029e-09,7.78760782862882e-10,0.9942824949625291
0.12942,1.270035890802643e-09,1.2450190378580032e-09,1.8528836590725584e-09,1.5784903641339426e-09,7.800591182684007e-10,0.06818019842596873
0.12947,7.590547029143311e-10,1.2279189021202683e-09,1.8360873187977288e-09,1.5618994111663135e-09,7.590547029143311e-10,-1.6510531421630263
0.12951,7.766348391532216e-10,1.2364594482462773e-09,1.8384625976657493e-09,1.5666610585041462e-09,7.766348391532216e-10,-2.2503612310503347
0.12955,7.678207017867068e-10,1.2297148044811116e-09,1.83227198398365e-09,1.5603706412165701e-09,7.678207017867068e-10,-2.377115099455364
0.12959,7.717295769410928e-10,1.2328172097977337e-09,1.8351173935830301e-09,1.5633154619924748e-09,7.717295769410928e-10,-2.3675846806145926
0.12964,7.844514685886781e-10,1.245945941040326e-09,1.8507837021994239e-09,1.5776843563148556e-09,7.844514685886781e-10,-2.323118230689876
0.12968,7.80656159628249e-10,1.2471882856781767e-09,1.8567045867214814e-09,1.581597894913968e-09,7.80656159628249e-10,-1.5285356391507054
0.12972,9.701540497394349e-10,1.2485676902222901e-09,1.8574299233627197e-09,1.5825601097716936e-09,7.831466843715146e-10,-0.6495105820237599
0.12976,1.1323784220781591e-09,1.2453970863637071e-09,1.8547996174235253e-09,1.5797674671849752e-09,7.786679327738662e-10,-0.28749968054208686
0.1298,1.260826154472932e-09,1.244211048588644e-09,1.852436595559639e-09,1.5779049368080254e-09,7.786817326326383e-10,0.04320418854271149
0.12985,1.2469008200639146e-09,1.2456038812731745e-09,1.8542176641034258e-09,1.5794939531005264e-09,7.799354084746351e-10,0.0035039083426225007
0.12989,1.3409675794663971e-09,1.2449351362996153e-09,1.854252940108451e-09,1.5792449650916807e-09,7.783296569653925e-10,0.2599170962465334
0.12993,1.4538131410679502e-09,1.247928713796888e-09,1.856630917665062e-09,1.5818107672904546e-09,7.82731278605161e-10,0.5926458573963652
0.12997,1.5690666596236844e-09,1.246364031123968e-09,1.8546125789562356e-09,1.5800096633920565e-09,7.813728554263662e-10,0.9665099969087496
0.13002,1.7657416440961426e-09,1.2381237261413891e-09,1.8499503540204335e-09,1.574029841185629e-09,7.671893809926238e-10,1.6558565087534678
0.13006,1.7909380123700117e-09,1.2441350636945699e-09,1.8534435655780543e-09,1.5784630932401424e-09,7.773221220039574e-10,1.7541817782707994
0.1301,1.7476168048828716e-09,1.2412103964569462e-09,1.8523665702451049e-09,1.5766825898115661e-09,7.715454390285057e-10,1.5856539160364227
0.13014,1.5320411212258164e-09,1.2448866652381635e-09,1.853957145596918e-09,1.5790587656369863e-09,7.78527549896033e-10,0.8425594309734659
0.13019,1.4017000120548834e-09,1.2442315312408856e-09,1.8521077175062354e-09,1.5777137005893849e-09,7.791603525848373e-10,0.4430998405309039
0.13023,1.3476838877578089e-09,1.238333472669255e-09,1.8422811649880318e-09,1.5696211855652415e-09,7.767068979982101e-10,0.30768821879232683
0.13027,1.3493051917843672e-09,1.231299194174168e-09,1.8336610999086915e-09,1.561793168147742e-09,7.700699290914666e-10,0.32744729601545386
0.13031,1.245089110607463e-09,1.2247591302146646e-09,1.8230441742598825e-09,1.5529929447700287e-09,7.669586436021789e-10,0.05529127230899344
0.13036,8.86246796793565e-10,1.2253202504601812e-09,1.8230016422935178e-09,1.5531888765328556e-09,7.68355352820124e-10,-0.782721696964313
0.1304,7.85056697193088e-10,1.2357960744271375e-09,1.8301541918442569e-09,1.5615122493170098e-09,7.85056697193088e-10,-1.5551231598069968
0.13044,7.620912790172617e-10,1.221505721674055e-09,1.8205689075206572e-09,1.5502596855355758e-09,7.620912790172617e-10,-2.1970505420296313
0.13048,7.86233903640349e-10,1.236232570924785e-09,1.8300386444619356e-09,1.5616199469999636e-09,7.86233903640349e-10,-2.4825186602309888
0.13053,7.433266438189317e-10,1.2096019832664678e-09,1.8125223053650911e-09,1.5408361230707899e-09,7.433266438189317e-10,-2.1303804847881587
0.13057,7.606878802189296e-10,1.2212281030526713e-09,1.8211961747829593e-09,1.5505206555615626e-09,7.606878802189296e-10,-1.2687990335458115
0.13061,1.138957312703594e-09,1.2276666825355878e-09,1.8266966996494742e-09,1.5563059615343826e-09,7.694755277790899e-10,-0.22726357839595132
0.13066,1.5351997417150173e-09,1.224165686460937e-09,1.823089007984011e-09,1.5527944338365128e-09,7.654355704135446e-10,0.9371702582085235
0.1307,1.5761585454200672e-09,1.2237683377556688e-09,1.8222152965657497e-09,1.5521145636383227e-09,7.655818215620544e-10,1.080486281626666
0.13074,1.4802050112759769e-09,1.2237202061420334e-09,1.8222443213059582e-09,1.552104090640064e-09,7.654794333251183e-10,0.7587755891477659
0.13078,1.3872178792951887e-09,1.22435396506966e-09,1.8234933057091376e-09,1.552993813338277e-09,7.658894537256509e-10,0.4642130529953264
0.13083,1.410500369629704e-09,1.2251183486911094e-09,1.8240049372886231e-09,1.553674629331333e-09,7.66820498225899e-10,0.5345817665028193
0.13087,1.5448531995616763e-09,1.2261111798907252e-09,1.825059956726882e-09,1.5546749394434709e-09,7.680038431440701e-10,0.9679593215697541
0.13091,1.6019873619697867e-09,1.2325724967968487e-09,1.8272964331782112e-09,1.558530193661579e-09,7.8088902454871e-10,1.1760675731836534
0.13095,1.7082683871100561e-09,1.2135654542107174e-09,1.8147093967268466e-09,1.5436476908980894e-09,7.503663227703255e-10,1.562189068800538
0.131,1.7011914608787525e-09,1.230312205078003e-09,1.823319953472648e-09,1.5553093495645693e-09,7.802121951038018e-10,1.55205039997765
0.13104,1.6555916878881597e-09,1.2173982196513162e-09,1.8145541545908129e-09,1.5450779071521065e-09,7.596008349839101e-10,1.3842807250425764
0.13108,1.496238816796277e-09,1.219996817119768e-09,1.8156558474632646e-09,1.5467589987035377e-09,7.644524764359975e-10,0.8317197157484963
0.13112,1.2202913265618944e-09,1.2182684806532692e-09,1.8134211409580365e-09,1.5447716931703965e-09,7.629329064798493e-10,0.005843509857086717
0.13117,7.589265248698085e-10,1.2161039408997698e-09,1.8123768858956987e-09,1.5433161279391572e-09,7.589265248698085e-10,-1.0704624530725162
0.13121,7.651637085824778e-10,1.2202507022590576e-09,1.8154736489845258e-09,1.5467711355709126e-09,7.651637085824778e-10,-1.5246260569879801
0.13125,7.721919923464959e-10,1.2248147366318352e-09,1.8187607562104655e-09,1.5505019707931724e-09,7.721919923464959e-10,-1.6596672404477417
0.1313,7.69080853211413e-10,1.223011504938357e-09,1.8177112001510356e-09,1.5491802300758587e-09,7.69080853211413e-10,-1.448558350364395
0.13134,7.602004279858443e-10,1.2184214507823417e-09,1.8159159182309612e-09,1.5463194788760643e-09,7.602004279858443e-10,-1.1104018339185016
0.13138,9.261144528871858e-10,1.2233634754867857e-09,1.8192453621072078e-09,1.5502210730257626e-09,7.680846083583296e-10,-0.6988696554908616
0.13142,1.046207837457887e-09,1.2223379762587318e-09,1.8186848883708128e-09,1.5494894858526293e-09,7.662819076411608e-10,-0.437983503167716
0.13147,1.1003811597874e-09,1.2221377862597858e-09,1.818335189186309e-09,1.5491974047608525e-09,7.662668813341524e-10,-0.3090719246312568
0.13151,1.0989183979506049e-09,1.2208209193584578e-09,1.8175384085675437e-09,1.5482026628027062e-09,7.641049467662967e-10,-0.3127485552462526
0.13155,1.1412207546409663e-09,1.2224320668564453e-09,1.8201707152668366e-09,1.550369491082395e-09,7.649141757505596e-10,-0.21245637628763214
0.1316,1.4044751641073581e-09,1.2331434587315765e-09,1.8351435018975414e-09,1.5633636681446187e-09,7.728807016968065e-10,0.49174289900344686
0.13164,1.6322205944228468e-09,1.2312556385094009e-09,1.8414661225919613e-09,1.5654970587804075e-09,7.642034017813263e-10,1.2133967566764707
0.13168,1.667572116453504e-09,1.2336415005093854e-09,1.842758450143248e-09,1.5680436974347134e-09,7.650090557182596e-10,1.3233228544485636
0.13172,2.0459431163908686e-09,1.2472430571511665e-09,1.8585253619976821e-09,1.5826541406280792e-09,7.788208991711337e-10,2.766180847740179
0.13177,2.1132386849568587e-09,1.2576749327515366e-09,1.8672225401433337e-09,1.5918768220531915e-09,7.934605170645787e-10,3.0449275038220844
0.13181,2.01236149850275e-09,1.2400453093119874e-09,1.8579846379885261e-09,1.5794512855299922e-09,7.625619705583173e-10,2.5872351787365386
0.13185,1.8738883956992456e-09,1.2672793699784752e-09,1.8738962822880704e-09,1.5995677570103933e-09,8.086811355128973e-10,2.0399268487110853
0.1319,1.4871853120972448e-09,1.2541092214034643e-09,1.868215587316371e-09,1.5910835407146924e-09,7.835385792556605e-10,0.6614808705209924
0.13194,1.0805891824028988e-09,1.251891476994771e-09,1.8651318827177183e-09,1.5872054320023334e-09,7.843830186466707e-10,-0.41828354424133496
0.13198,7.81086595986115e-10,1.2517421980018027e-09,1.8726253807613036e-09,1.592268373464594e-09,7.81086595986115e-10,-1.2637783346446243
0.13203,8.154163477718752e-10,1.2704391915472357e-09,1.8763461953183083e-09,1.601282081529129e-09,8.154163477718752e-10,-2.5899043652575657
0.13207,7.900519895427322e-10,1.25446929164837e-09,1.863768133789347e-09,1.5885542036867905e-09,7.900519895427322e-10,-3.167404911403284
0.13211,7.631066578655766e-10,1.237076469685872e-09,1.8513157358192445e-09,1.5744170180314034e-09,7.631066578655766e-10,-3.68701702891525
0.13215,7.959283002275431e-10,1.2569009099410952e-09,1.8635789967468177e-09,1.5894487329728576e-09,7.959283002275431e-10,-3.638981924969094
0.1322,7.755806679408298e-10,1.2375850911264193e-09,1.8416471509787491e-09,1.5689661034279649e-09,7.755806679408298e-10,-3.901966855826863
0.13224,7.72659188440222e-10,1.2359844462256053e-09,1.840935164018838e-09,1.5679059693696225e-09,7.72659188440222e-10,-3.56133825438078
0.13228,7.634604896724791e-10,1.2327068899615706e-09,1.8422050150093544e-09,1.5673398865387796e-09,7.634604896724791e-10,-2.703900896899201
0.13233,8.533612274195308e-10,1.2497494859601563e-09,1.8603802213010807e-09,1.5847150754851147e-09,7.827056389303909e-10,-0.8777076667512922
0.13237,1.4539936688753566e-09,1.2481390205848526e-09,1.8584872309274148e-09,1.5829677025261625e-09,7.8104354623533e-10,0.5857053245529896
0.13241,1.9235190151095752e-09,1.229700686158448e-09,1.8428975927406108e-09,1.5664763304993048e-09,7.560513779959751e-10,2.2742950230951666
0.13246,2.328223682465849e-09,1.1998140731212705e-09,1.8138374525064694e-09,1.537662903990771e-09,7.195297021685213e-10,4.2119250948916
0.1325,2.5536515314977244e-09,1.22852098396729e-09,1.8310166400792415e-09,1.5590917379268684e-09,7.668615427686879e-10,5.439373321905202
0.13254,2.51191356682179e-09,1.2342644951374835e-09,1.83299689034379e-09,1.562520229762153e-09,7.782924548946517e-10,5.2349187427855455
0.13259,2.2190006898876948e-09,1.2068950066997364e-09,1.8165259946221035e-09,1.5420548238700034e-09,7.327077024559856e-10,3.6974361872708736
0.13263,1.8474536009442353e-09,1.2278534479646056e-09,1.835034976856489e-09,1.56093898094251e-09,7.616084783900907e-10,2.0373629361775367
0.13267,1.7027760410440836e-09,1.2325023250894403e-09,1.832446779440287e-09,1.5615758730952285e-09,7.742725389006586e-10,1.487901824627728
0.13272,1.4179866843595382e-09,1.2337300809314227e-09,1.835684442874683e-09,1.5639266838621165e-09,7.7355179631988e-10,0.5319350479960803
0.13276,1.25864206324513e-09,1.2305977331490202e-09,1.8322195271275852e-09,1.560651634083884e-09,7.702025886795245e-10,0.07496221490810855
0.1328,1.0281037925650926e-09,1.2320483088309227e-09,1.8333345303677494e-09,1.5618774100458432e-09,7.723575580726679e-10,-0.49768829470216
0.13285,7.702011453431339e-10,1.2285312477773008e-09,1.828004034646193e-09,1.5573731738691801e-09,7.702011453431339e-10,-1.0030510304118252
0.13289,7.716937435704206e-10,1.2305384331883824e-09,1.830723859539964e-09,1.5597731666379502e-09,7.716937435704206e-10,-1.305286401002868
0.13293,7.799056161952101e-10,1.2354249956192153e-09,1.8337776164149589e-09,1.5634750897439666e-09,7.799056161952101e-10,-1.4859514586574516
0.13298,7.853673006204275e-10,1.2426486565299129e-09,1.8435873187127114e-09,1.5721095229696382e-09,7.853673006204275e-10,-1.5383883979780968
0.13302,7.758751295614182e-10,1.2363161861707927e-09,1.8387898324749265e-09,1.5667992952833634e-09,7.758751295614182e-10,-1.178566082747036
0.13306,8.842097684068819e-10,1.2331349409584113e-09,1.8370327896462744e-09,1.564513419073136e-09,7.703226076053399e-10,-0.801652261000391
0.13311,8.828819986873469e-10,1.2321832216324476e-09,1.8357350049526632e-09,1.5633779833274191e-09,7.696009611738069e-10,-0.8030651118900328
0.13315,8.739353070107957e-10,1.2304882299094174e-09,1.8322117901108217e-09,1.5606305447504552e-09,7.697880907970714e-10,-0.8160468620863589
0.13319,8.197766427924312e-10,1.2320476889971785e-09,1.8321114466424595e-09,1.5611807030666005e-09,7.736820091002294e-10,-0.9138711167479393
0.13324,9.624016949271296e-10,1.2299588724714565e-09,1.8305493155036194e-09,1.5594253382840607e-09,7.706212261316307e-10,-0.6369364031851724
0.13328,1.2103288442644305e-09,1.2296970726420883e-09,1.831023846196616e-09,1.5595891504364957e-09,7.694986260172484e-10,-0.05255322725337675
0.13332,1.3947428147948455e-09,1.222047389686641e-09,1.820777582159282e-09,1.550554761325786e-09,7.633805955875239e-10,0.4914462395764029
0.13337,1.5695969561755358e-09,1.220742187672311e-09,1.815970782921474e-09,1.5472259325317022e-09,7.659218480810691e-10,1.0818839835744114
0.13341,1.7157654034754673e-09,1.1959471858435583e-09,1.7899259464244001e-09,1.522163689058494e-09,7.375688585567555e-10,1.674748686897053
0.13345,1.6521413880564844e-09,1.2127018406578905e-09,1.7959081085156731e-09,1.532325450373235e-09,7.703740026097083e-10,1.4651943997503103
0.1335,1.532434075017554e-09,1.1891699923312376e-09,1.772236619290225e-09,1.509117485451949e-09,7.422175582700107e-10,1.0755771724557257
0.13354,1.538304081209863e-09,1.1912914321404286e-09,1.7728495259025421e-09,1.5103120422685175e-09,7.465943737295358e-10,1.1012370686364983
0.13358,1.580628782393326e-09,1.1840224455587932e-09,1.767779874450623e-09,1.504468649918054e-09,7.352334762716975e-10,1.2553064918045513
0.13363,1.555062866943621e-09,1.190890641556526e-09,1.7712012210995314e-09,1.5091856827451625e-09,7.475904886848097e-10,1.169435645925914
0.13367,1.4771363296946886e-09,1.1916209103156358e-09,1.7720599042622873e-09,1.5099785440339194e-09,7.483142575012407e-10,0.8923912688100442
0.13371,1.2451899196138264e-09,1.1885624449483336e-09,1.7695048602608428e-09,1.5072948846859247e-09,7.439166087861161e-10,0.15944519186014464
0.13376,8.002967545804276e-10,1.189188253368212e-09,1.7697017352423746e-09,1.5076516844929755e-09,7.451858945678751e-10,-0.8991298831306085
0.1338,7.544347791943912e-10,1.195053810950458e-09,1.773726904146288e-09,1.512335410794279e-09,7.544347791943912e-10,-1.589244574581729
0.13384,7.396050579562103e-10,1.184433550299936e-09,1.7648051191841317e-09,1.5029052505259953e-09,7.396050579562103e-10,-2.036181268138422
0.13389,7.699837442321668e-10,1.2028676917799213e-09,1.7765798552996281e-09,1.517078139253389e-09,7.699837442321668e-10,-2.2865169139886903
0.13393,7.137548705733148e-10,1.1674438888027313e-09,1.7525361824042951e-09,1.488998565821943e-09,7.137548705733148e-10,-2.2800198721574305
0.13397,7.474388932758174e-10,1.1892257382756259e-09,1.7678592799496663e-09,1.5065901041387096e-09,7.474388932758174e-10,-1.6812991156510142
0.13402,9.834965065427944e-10,1.187528790976021e-09,1.7666400718838808e-09,1.505201619858985e-09,7.448439924973364e-10,-0.5141215304500407
0.13406,1.3402884868336054e-09,1.1854220674146182e-09,1.7650601268383228e-09,1.5034428684605818e-09,7.416784160265928e-10,0.4557795397624398
0.13411,1.5956191058366371e-09,1.18230567511707e-09,1.7620997185188104e-09,1.5004716286486581e-09,7.377656233351051e-10,1.337871157882624
0.13415,1.6784649251847573e-09,1.1712406816404324e-09,1.7545742498914185e-09,1.49168262719684e-09,7.203808833761143e-10,1.6554054172312194
0.13419,1.6193693766677605e-09,1.1916764424422944e-09,1.7686967566260057e-09,1.5080324457993194e-09,7.524331191776366e-10,1.4254872858353362
0.13424,1.4871903423000849e-09,1.184203111406162e-09,1.7644395976523423e-09,1.502584563023008e-09,7.395798068227423e-10,0.9409434798532426
0.13428,1.3282238718305987e-09,1.185656870760711e-09,1.7652617860193987e-09,1.5036398599210917e-09,7.420858597415335e-10,0.41836118578369347
0.13432,1.2554999079142323e-09,1.1861929538505782e-09,1.7657936258900328e-09,1.504159064789524e-09,7.427641971212643e-10,0.19805590501318432
0.13437,1.0983504252635978e-09,1.1850042101775228e-09,1.7643467688922284e-09,1.5028446016327623e-09,7.416153544225911e-10,-0.23261598223657587
0.13441,1.0971885524859228e-09,1.1890182685531362e-09,1.769298843334624e-09,1.5073371426799427e-09,7.453266023282384e-10,-0.2421897260492252
0.13445,1.127478127207015e-09,1.1870232422731095e-09,1.7678819286032092e-09,1.505718917935895e-09,7.422309710948769e-10,-0.16342960120199826
0.1345,1.2146180480707649e-09,1.1884352079104862e-09,1.768834909329714e-09,1.506834320375433e-09,7.444855276795537e-10,0.07439253165280003
0.13454,1.2322447551472535e-09,1.1869277528085225e-09,1.7674144374654199e-09,1.5054073515261708e-09,7.42555855619046e-10,0.126113424337407
0.13459,1.2209143489150858e-09,1.1873568109692644e-09,1.7669340275222156e-09,1.505298386634361e-09,7.441317597717996e-10,0.0963568665861127
0.13463,1.2257432760187297e-09,1.1856233358063309e-09,1.765006729549115e-09,1.5034859531551408e-09,7.42255218144924e-10,0.11288988290267478
0.13467,1.3082706444835826e-09,1.1861893964351543e-09,1.7647882842737768e-09,1.5035820291512445e-09,7.438654504021507e-10,0.35997934302524104
0.13472,1.257222150943649e-09,1.1856783735229626e-09,1.7652563771576976e-09,1.5036595589284442e-09,7.42057568294869e-10,0.2033826684067141
0.13476,1.2140561001733905e-09,1.1864286938871773e-09,1.7659384932022702e-09,1.5043549017807798e-09,7.430496559824284e-10,0.07803664148617202
0.1348,1.0730907325242934e-09,1.1859871880173373e-09,1.766097166596482e-09,1.5042741787132236e-09,7.418026868603985e-10,-0.30008080436936124
0.13485,9.373772050022489e-10,1.1854926097831263e-09,1.7650417253657762e-09,1.5034585510448663e-09,7.418791894418372e-10,-0.6171722140258628
0.13489,7.869655136604215e-10,1.1852512284996775e-09,1.7644599135445187e-09,1.503021339124869e-09,7.419955915873561e-10,-0.9198826072640903
0.13494,7.446518545282616e-10,1.1871592784002314e-09,1.7660638815919014e-09,1.5047166615114877e-09,7.446518545282616e-10,-1.0147322632275582
0.13498,8.323285582264932e-10,1.1869065507445564e-09,1.7658843830090736e-09,1.5045095107694125e-09,7.442723580713991e-10,-0.8344113079102888
0.13502,9.536428521231903e-10,1.1863502357595423e-09,1.7652471720282329e-09,1.5039152069125877e-09,7.437025878226661e-10,-0.5803571051647551
0.13507,1.0866375717483294e-09,1.1872298310320475e-09,1.7663683854429754e-09,1.5049182356844098e-09,7.444894406069732e-10,-0.26421451940182505
0.13511,1.1933042232442888e-09,1.1853995307680499e-09,1.7648676746607025e-09,1.5033190531305794e-09,7.418671339671486e-10,0.020960419963644925
0.13516,1.3609843899183487e-09,1.1871475302532243e-09,1.76583703089805e-09,1.5045755011192418e-09,7.449147196192768e-10,0.52296951465669
0.1352,1.4919969884310177e-09,1.1851483057134253e-09,1.7645313278964702e-09,1.5030172405577095e-09,7.416968976734784e-10,0.9603980904266401
0.13524,1.5750954831193033e-09,1.1974127245406792e-09,1.7755725966765543e-09,1.5143289691671011e-09,7.58020962837221e-10,1.2416096972032764
0.13529,1.5990309535531557e-09,1.18690621740904e-09,1.7710324767552628e-09,1.5075204556201049e-09,7.382326046915334e-10,1.315094971775833
0.13533,1.55268519868011e-09,1.1989196011942442e-09,1.7833917805136052e-09,1.519509559950201e-09,7.523440731248967e-10,1.1218928418368743
0.13538,1.3798888146076693e-09,1.1975057824456579e-09,1.7815753626910565e-09,1.5178864681577925e-09,7.510877159160094e-10,0.544107332772869
0.13542,1.2541913902247286e-09,1.1958961758104623e-09,1.7800412990840958e-09,1.5163549644016785e-09,7.490321551726587e-10,0.1650553429359495
0.13546,1.0322050677835874e-09,1.1966191297429805e-09,1.7800907070404709e-09,1.5166751692354216e-09,7.506696409335531e-10,-0.41792837058547366
0.13551,7.92163264205279e-10,1.198716289337461e-09,1.7843017537577069e-09,1.5199763532173155e-09,7.506716438124038e-10,-0.9263808466228943
0.13555,7.424111062350151e-10,1.1976050488349887e-09,1.7890472119856302e-09,1.5223229853726735e-09,7.424111062350151e-10,-1.3209035656849504
0.1356,7.548823186441122e-10,1.2057726641459458e-09,1.794954750904265e-09,1.5290169304590494e-09,7.548823186441122e-10,-1.4243146753830558
0.13564,7.421194822180339e-10,1.1976138606742099e-09,1.7893091760333085e-09,1.5224817560409158e-09,7.421194822180339e-10,-1.1533789091240636
0.13568,9.867893238427128e-10,1.2054223784542747e-09,1.7942571801013567e-09,1.5284690534327525e-09,7.548726851916728e-10,-0.5423404356701065
0.13573,1.2224841624033716e-09,1.2123360225009506e-09,1.8045883890098302e-09,1.5372562366563427e-09,7.591721257864446e-10,0.027888404213912157
0.13577,1.3856571449699687e-09,1.2116674571120615e-09,1.8042926734016505e-09,1.5368160306981197e-09,7.579407992054427e-10,0.503644019449004
0.13582,1.4519854481325995e-09,1.2121598608600475e-09,1.8049255164547568e-09,1.5373819879716775e-09,7.583659269681103e-10,0.7128060766575174
0.13586,1.5056286555214458e-09,1.2122336657956065e-09,1.8049103430806084e-09,1.5374033906563024e-09,7.585534258471624e-10,0.8905155166711561
0.1359,1.4214703902326645e-09,1.214192847403688e-09,1.8064800376939132e-09,1.5390979377550456e-09,7.613776563593536e-10,0.613818388333401
0.13595,1.3544578675176381e-09,1.2116542721303382e-09,1.804340444531474e-09,1.5368388762472212e-09,7.5785250489491e-10,0.4077454880189708
0.13599,1.2619768676444532e-09,1.212132355085713e-09,1.8048214662791389e-09,1.5373089109865473e-09,7.584306588029763e-10,0.13645887324603526
0.13604,1.1514557593328666e-09,1.213993146514291e-09,1.8077565360051483e-09,1.539763764999149e-09,7.594097724531095e-10,-0.16687177851915683
0.13608,1.0519034322724093e-09,1.2170020362279659e-09,1.8107661994692722e-09,1.5427153314220907e-09,7.630496505869809e-10,-0.413827702933555
0.13612,1.096002483152315e-09,1.2152918343793617e-09,1.8094807238906237e-09,1.5412864728887814e-09,7.604793968203304e-10,-0.3080851035367764
0.13617,1.1878625804942516e-09,1.2154573949044246e-09,1.8093460049097881e-09,1.5412741749702859e-09,7.61027152551939e-10,-0.07386312097649367
0.13621,1.2886921856840345e-09,1.216682249902034e-09,1.8103021013588624e-09,1.5423190772229518e-09,7.628212562495724e-10,0.20362358525796187
0.13626,1.339454818252335e-09,1.2174502885747072e-09,1.8119326188002267e-09,1.5435785257493168e-09,7.62725236310731e-10,0.3476805736006192
0.1363,1.4433953611294823e-09,1.2149639719909789e-09,1.8101352622729278e-09,1.5415484813144677e-09,7.588756896140754e-10,0.6692898751871962
0.13635,1.5052695817737061e-09,1.2166884395127639e-09,1.8126723850421702e-09,1.5437171517903326e-09,7.599924892854713e-10,0.8650028435096225
0.13639,1.5448550287176587e-09,1.2157426436097398e-09,1.8116735066197553e-09,1.5427561609962822e-09,7.589282388429774e-10,1.0007382879944446
0.13643,1.4073883945500409e-09,1.2176821837544775e-09,1.8140044825460787e-09,1.5448904508045981e-09,7.608025726781232e-10,0.5463350053357813
0.13648,9.721557572595573e-10,1.2171923946736287e-09,1.812937460507108e-09,1.5440684347400525e-09,7.609030844730368e-10,-0.5977627854379639
0.13652,7.736459685703269e-10,1.2248347342915755e-09,1.817642611132678e-09,1.549843493642793e-09,7.736459685703269e-10,-1.2544320139690956
0.13657,7.609792003152071e-10,1.216850209226444e-09,1.8121707165595135e-09,1.5434861031231608e-09,7.609792003152071e-10,-1.7603874474103614
0.13661,7.657741459512801e-10,1.2199137735485703e-09,1.8143128660710121e-09,1.545951381584489e-09,7.657741459512801e-10,-1.9216521078829438
0.13666,7.787483489345922e-10,1.2282043284943067e-09,1.8201695172235994e-09,1.5526546396632657e-09,7.787483489345922e-10,-1.4340023763589882
0.1367,8.895486301650266e-10,1.2185288252292963e-09,1.813688608673077e-09,1.5450391679992194e-09,7.631933617569939e-10,-0.7679222568174388
0.13674,1.2701044388576625e-09,1.218647545898916e-09,1.813428349541972e-09,1.5449320435759505e-09,7.637946685434884e-10,0.14410644934075026
0.13679,1.566055984896632e-09,1.2161859363428083e-09,1.8115350581256967e-09,1.5428468198183528e-09,7.601666118991604e-10,1.0763677659502995
0.13683,1.6773588962329318e-09,1.222814838074575e-09,1.8155233714428018e-09,1.5478004082306494e-09,7.713356787556455e-10,1.4797153916237749
0.13688,1.7051958261622797e-09,1.2092365503967088e-09,1.806420150964678e-09,1.5371031883191567e-09,7.496473027955836e-10,1.5839668410977081
0.13692,1.6720195373812349e-09,1.2154803967272156e-09,1.8105533061624626e-09,1.5419931352533056e-09,7.596421291041755e-10,1.460254330730253
0.13697,1.5676691422319888e-09,1.2182624608161625e-09,1.8129506453124796e-09,1.5444955312549092e-09,7.63465205723578e-10,1.081932781114836
0.13701,1.454038720023148e-09,1.218994272538022e-09,1.8136234482740135e-09,1.545179357702517e-09,7.644177698752668e-10,0.7000909664369086
0.13706,1.2909361807606273e-09,1.2167075923530882e-09,1.8118915598692405e-09,1.543262622986705e-09,7.609891555285034e-10,0.2042019392167278
0.1371,1.1731829187759374e-09,1.217211184915218e-09,1.8124631144376558e-09,1.5437962638817076e-09,7.615184639531074e-10,-0.11842420741155066
0.13714,1.0419649941371985e-09,1.218708471314332e-09,1.81344081375735e-09,1.544960206902239e-09,7.639454217269789e-10,-0.4407183539769306
0.13719,8.347165321185228e-10,1.2174799562872305e-09,1.8126313105227645e-09,1.54400044337626e-09,7.61978427210186e-10,-0.8721065892794609
0.13723,7.61582737157013e-10,1.2171402666818675e-09,1.8122566055372242e-09,1.5436488972146277e-09,7.61582737157013e-10,-1.0093201296914927
0.13728,8.617779272783836e-10,1.2171507975639584e-09,1.8124368063675814e-09,1.5437581832903845e-09,7.6139789579457e-10,-0.821257484628936
0.13732,9.589702895208582e-10,1.2189720463840294e-09,1.8146212966771556e-09,1.5457582279413216e-09,7.631654189782404e-10,-0.626975197648591
0.13737,1.0776793620697041e-09,1.2200285594057456e-09,1.8164618237590429e-09,1.5472568210910667e-09,7.634983025765308e-10,-0.36231301279147393
0.13741,1.0670356364009486e-09,1.2202447996757402e-09,1.817030073431176e-09,1.5476771174610245e-09,7.633339062978495e-10,-0.38860183393262515
0.13746,1.0019710306236165e-09,1.2216964723837315e-09,1.8177517067739193e-09,1.5486694051025927e-09,7.659753303597071e-10,-0.5365289789608297
0.1375,9.507599102758847e-10,1.2208710876093565e-09,1.8165545077447656e-09,1.547643944662137e-09,7.654039242894444e-10,-0.6456700869831822
0.13755,9.997673643510364e-10,1.219889793074489e-09,1.815560052019919e-09,1.5466740806564993e-09,7.642300448571965e-10,-0.5392766287707149
0.13759,1.1101848442243167e-09,1.219652523572643e-09,1.8149870019435752e-09,1.5462449933277523e-09,7.64337972858522e-10,-0.2804636590547492
0.13763,1.1963562385933752e-09,1.212520174786461e-09,1.804507512768427e-09,1.5372828639929539e-09,7.597008810867355e-10,-0.04219178246016796
0.13768,1.2964688844092523e-09,1.2102542779991805e-09,1.802567614788873e-09,1.5352491724698658e-09,7.565890867138097e-10,0.23882279288838199
0.13772,1.3507690907507966e-09,1.2108594873102118e-09,1.8016844863590478e-09,1.5349678991416362e-09,7.590977456650446e-10,0.4053178769925435
0.13777,1.302188037136442e-09,1.2002715501708412e-09,1.7870069990822699e-09,1.5221792658301102e-09,7.511602548484787e-10,0.2898900512009018
0.13781,1.277062761107353e-09,1.2019777195522176e-09,1.7883154267184184e-09,1.5236131183956916e-09,7.537457350939259e-10,0.21556411547320645
0.13786,1.2896094672495518e-09,1.200296844600052e-09,1.7876784939057095e-09,1.5225809184658212e-09,7.504443622004952e-10,0.2502576267308546
0.1379,1.3353630307254451e-09,1.200265276643852e-09,1.7864635027927846e-09,1.5218424955702368e-09,7.518941700836826e-10,0.3924872085452098
0.13795,1.463026552908744e-09,1.1935117775518996e-09,1.7759033684507914e-09,1.5129844750540826e-09,7.482493693806181e-10,0.8309106465629211
0.13799,1.422880556891404e-09,1.190519367287059e-09,1.7728721915201947e-09,1.5100265579876215e-09,7.446777164825429e-10,0.7017836377060365
0.13804,1.3576937629848054e-09,1.1871108054187315e-09,1.7671596061920303e-09,1.5053301146316908e-09,7.432967837291689e-10,0.5067658643933113
0.13808,1.2673369242947493e-09,1.1841816159505993e-09,1.7623903550665857e-09,1.501379392901103e-09,7.419268538904902e-10,0.24067881310614772
0.13813,1.2305054852915402e-09,1.1813027439683908e-09,1.7588872859487223e-09,1.498189217190443e-09,7.391871350129226e-10,0.1384259009933144
0.13817,1.2028706050475365e-09,1.1830632752652657e-09,1.7606756063843098e-09,1.499931311250941e-09,7.412828416162277e-10,0.057055006791581715
0.13822,1.1457169319600194e-09,1.1837516998208131e-09,1.7619073563406063e-09,1.5009371874862495e-09,7.41399884205252e-10,-0.10347145083274903
0.13826,9.088055194340315e-10,1.1841908839170412e-09,1.7619681921579646e-09,1.501142892111112e-09,7.424044003894924e-10,-0.6744796771220383
0.13831,7.318258533814747e-10,1.1774452556741993e-09,1.757303646281274e-09,1.4957444353532614e-09,7.318258533814747e-10,-1.3041396738479727
0.13835,7.601240909131991e-10,1.1944620333552743e-09,1.7678760557446747e-09,1.5086536571404843e-09,7.601240909131991e-10,-1.590268262356018
0.1384,7.531960688224559e-10,1.189935094298724e-09,1.764517197021592e-09,1.504901519909938e-09,7.531960688224559e-10,-1.6029556992842344
0.13844,7.351620422238711e-10,1.1781473351283233e-09,1.7558918458425803e-09,1.4951929679887112e-09,7.351620422238711e-10,-1.3008687968414983
0.13848,7.82648889148036e-10,1.1773840028816546e-09,1.7540119781003615e-09,1.493786347539768e-09,7.355728239004521e-10,-0.9200983605532513
0.13853,1.1371243993691183e-09,1.1788960021720213e-09,1.7549603144542537e-09,1.4949388194132243e-09,7.380681452852839e-10,-0.11471052018095133
0.13857,1.3850652093973597e-09,1.1713632377110965e-09,1.7452094787335542e-09,1.4862461698349446e-09,7.316100549658154e-10,0.6475064033251817
0.13862,1.635164320612936e-09,1.1642618334589324e-09,1.7397039624257435e-09,1.480212863362563e-09,7.211952994716468e-10,1.5546092363408652
0.13866,1.7244061047813133e-09,1.1784240415682085e-09,1.74827762765902e-09,1.4908271777565476e-09,7.449326420330602e-10,1.9206995836900131
0.13871,1.7133144446805941e-09,1.162133036226947e-09,1.7376496801678026e-09,1.4781622454812925e-09,7.185866771128633e-10,1.8725405430184896
0.13875,1.6138472638823006e-09,1.1841615415655837e-09,1.7528668710917139e-09,1.4957786484132103e-09,7.533082202072121e-10,1.4728236277557953
0.1388,1.4418838695745873e-09,1.1723172794276467e-09,1.7455971610375523e-09,1.4868446117041466e-09,7.334648399951485e-10,0.8409973188519931
0.13884,9.973635967755011e-10,1.166697983148035e-09,1.7374873640264158e-09,1.47987240425572e-09,7.296225724694911e-10,-0.4446925113125636
0.13889,9.69644425273881e-10,1.1648438229759973e-09,1.7342767805147845e-09,1.4772551720666302e-09,7.290061798713297e-10,-0.5057713343087535
0.13893,9.758958252855155e-10,1.1627260859100397e-09,1.7308691151299816e-09,1.474419952522262e-09,7.279838690282369e-10,-0.4862079927735264
0.13898,9.622898794052572e-10,1.1624683328419002e-09,1.7294663917037434e-09,1.4734945161802718e-09,7.290370574624748e-10,-0.5153567971970671
0.13902,1.0360512969363438e-09,1.161514136597826e-09,1.7281492859364384e-09,1.4723455232305966e-09,7.283150255122072e-10,-0.3336954189439691
0.13907,1.0815921532484667e-09,1.1595757488633386e-09,1.7269818678530827e-09,1.4708966140659132e-09,7.250552281937915e-10,-0.21630616266983105
0.13911,1.1386836357329976e-09,1.1605224636323155e-09,1.72746151235419e-09,1.4715519983496783e-09,7.26749082685179e-10,-0.061019364420569704
0.13916,1.14280700944462e-09,1.1597175455595456e-09,1.7267738775212986e-09,1.470832024612578e-09,7.256320659638482e-10,-0.04903404947771905
0.1392,1.25734471758718e-09,1.1628337282204653e-09,1.7302299950201435e-09,1.474089603000846e-09,7.28987350833461e-10,0.2812817955543628
0.13925,1.2695186589230146e-09,1.1618239611314425e-09,1.7296996457945726e-09,1.4733805452421774e-09,7.271962200736531e-10,0.3181549884948859
0.13929,1.2395355729781852e-09,1.162028217889381e-09,1.7299636650668215e-09,1.4736151148746306e-09,7.273774394502728e-10,0.2260522012604978
0.13934,1.1863831255536965e-09,1.162376241459858e-09,1.7303184290845054e-09,1.47396115913976e-09,7.277859195293155e-10,0.06859107086089103
0.13938,1.1769139428832666e-09,1.1624500498504123e-09,1.730350230056657e-09,1.474008638494384e-09,7.279266811988928e-10,0.04141733862703253
0.13943,1.1492708093479546e-09,1.16185929764266e-09,1.7298750226637852e-09,1.4734967158003513e-09,7.270767979098148e-10,-0.03658036157280133
0.13948,1.15897552677597e-09,1.1607162693000896e-09,1.7279672335187552e-09,1.4719259941528293e-09,7.266075329389357e-10,-0.005364204619990995
0.13952,1.144877925895481e-09,1.1565474430651017e-09,1.722136071418564e-09,1.4668368451061883e-09,7.236685417889221e-10,-0.03433857801353168
0.13957,1.0882940181088566e-09,1.1565046314127408e-09,1.7213856767844956e-09,1.4664024230108411e-09,7.243402689146692e-10,-0.18774964812136816
0.13961,1.0105619984807836e-09,1.1546382800523434e-09,1.7194562549470275e-09,1.4645334853101737e-09,7.221663970553364e-10,-0.38665322808711
0.13966,9.37929647849086e-10,1.1578677175397542e-09,1.7221118919946024e-09,1.4673475633785536e-09,7.268509103696223e-10,-0.5619052704141151
0.1397,9.3624888209991e-10,1.1565066347582018e-09,1.7207123273884462e-09,1.4660060197870918e-09,7.251582107636106e-10,-0.5648813326208871
0.13975,9.679042561073586e-10,1.152382922042802e-09,1.7147222225177804e-09,1.4608653532441803e-09,7.223916583048924e-10,-0.48271847280026553
0.13979,1.0273237629237788e-09,1.15070722853507e-09,1.7133815967658353e-09,1.4594185503354764e-09,7.199655554779619e-10,-0.3350680385677222
0.13984,1.1434477213783596e-09,1.151640400990216e-09,1.714125208153748e-09,1.4602234530832845e-09,7.213140989094995e-10,-0.02263550546870092
0.13988,1.2734694964817668e-09,1.1508846549485436e-09,1.7136414732820138e-09,1.4596411776787497e-09,7.200808666767341e-10,0.3671534306678672
0.13993,1.4210615229230443e-09,1.1514773638444431e-09,1.7144031473258632e-09,1.4603213496513057e-09,7.20598958178919e-10,0.8586430702143517
0.13997,1.4874067459631834e-09,1.1528903005897238e-09,1.714934981117416e-09,1.461190026979851e-09,7.233568935469231e-10,1.1003066743503347
0.14002,1.4967528611985892e-09,1.1540027050415105e-09,1.715826172625232e-09,1.4621508525268257e-09,7.249703286825355e-10,1.1340731702618532
0.14006,1.4141400534896507e-09,1.1525532609999238e-09,1.7149270225889384e-09,1.4610517366213656e-09,7.225623177881793e-10,0.8354105949171233
0.14011,1.2921512184398457e-09,1.15199699730697e-09,1.7148849360591224e-09,1.4608076624241648e-09,7.212792993414837e-10,0.4244986314322036
0.14015,1.0642641606382579e-09,1.1509185683073668e-09,1.7140277351350652e-09,1.459880839965528e-09,7.1970588289114e-10,-0.2406724287091594
0.1402,9.044035794542914e-10,1.1512703329468881e-09,1.7142718670779261e-09,1.4601637550540032e-09,7.20252524405e-10,-0.630862430222674
0.14024,8.241757103940534e-10,1.152793975449347e-09,1.7151881085492807e-09,1.4613028415384684e-09,7.228108579302907e-10,-0.8025921886199384
0.14029,7.595765026949158e-10,1.1470620434451625e-09,1.707989697269433e-09,1.4548177968694836e-09,7.176339081035039e-10,-0.9243351208577816
0.14034,8.075382976476428e-10,1.1456937067882843e-09,1.7051081138008045e-09,1.452586571294696e-09,7.177829796365271e-10,-0.8270491491637392
0.14038,8.841040584113636e-10,1.1353931174238057e-09,1.6911343402309094e-09,1.4403223247871236e-09,7.097217664247904e-10,-0.6496569370783843
0.14043,1.0034530236818532e-09,1.1325329003474325e-09,1.6860112783776738e-09,1.436186976875352e-09,7.089616637371866e-10,-0.35394046181446487
0.14047,1.1500522175598097e-09,1.1329974309200062e-09,1.6863361214298353e-09,1.4365598754776224e-09,7.09694096475368e-10,0.05076925903639911
0.14052,1.2514775162302025e-09,1.1328785909535104e-09,1.6860447114640367e-09,1.4363414514649766e-09,7.097590117026592e-10,0.36397883603693737
0.14056,1.3183081571523743e-09,1.1340320544114149e-09,1.6869003376279695e-09,1.4372977468732057e-09,7.115110922377258e-10,0.583871373031948
0.14061,1.332759289880536e-09,1.1305994570500211e-09,1.684028373149042e-09,1.4342583654920437e-09,7.067022436181607e-10,0.6358076657084609
0.14065,1.335627230443924e-09,1.1297887208276612e-09,1.6810072533975086e-09,1.4321648836949182e-09,7.083540530335699e-10,0.6579803777423364
0.1407,1.2471852897988717e-09,1.1217317315727496e-09,1.6695339310430827e-09,1.4222541412948912e-09,7.026868206282499e-10,0.38974816695587655
0.14074,1.1640742743173421e-09,1.115992504422239e-09,1.6608877602919885e-09,1.4149164312415476e-09,6.992139139137977e-10,0.14628769052608676
0.14079,1.0087237437429047e-09,1.116358835925071e-09,1.660645627033298e-09,1.4149204224151198e-09,7.003704175968245e-10,-0.29844430914713566
0.14084,9.93535490159294e-10,1.1145199236073862e-09,1.6593778870005037e-09,1.413451429448151e-09,6.974693939163667e-10,-0.33861496519918105
0.14088,9.472315481271937e-10,1.1134654441331995e-09,1.6585616909291405e-09,1.4125579057705959e-09,6.959064443956098e-10,-0.4572613452548715
0.14093,9.473148084619557e-10,1.113536275045683e-09,1.6586027266605668e-09,1.4126100600179904e-09,6.960263853945614e-10,-0.45703858037274486
0.14097,8.690445036597629e-10,1.115273362798173e-09,1.6598855425747764e-09,1.41404850961503e-09,6.986586310709029e-10,-0.645478784003895
0.14102,9.159433186187254e-10,1.1128842940612774e-09,1.6580303221909877e-09,1.412016368460252e-09,6.951497263641867e-10,-0.5340659427780132
0.14106,9.914522142523972e-10,1.115715107830182e-09,1.6599830423988699e-09,1.4142788604721157e-09,6.996081558656249e-10,-0.3435287987209036
0.14111,1.247401713545829e-09,1.1153730452042994e-09,1.6594784497022055e-09,1.4138460128325192e-09,6.993994521332787e-10,0.4163479882277434
0.14115,1.3691217065637727e-09,1.1163389648928517e-09,1.6598850965131058e-09,1.4144655473660932e-09,7.01233112559007e-10,0.8395231900771872
0.1412,1.4392317097385429e-09,1.1125374245939877e-09,1.6572326597801579e-09,1.4114091230622907e-09,6.952800537072256e-10,1.1011464017704962
0.14125,1.4020454210225826e-09,1.1128299533736391e-09,1.657442383409035e-09,1.4116473415772861e-09,6.957325508438449e-10,0.9610185128302355
0.14129,1.3258913947277775e-09,1.1139728940368179e-09,1.6580838810097589e-09,1.4124743518281154e-09,6.977083784753921e-10,0.6862837785702112
0.14134,1.1798916395771438e-09,1.1131150832310384e-09,1.657305284141966e-09,1.4116799690866244e-09,6.96573740419852e-10,0.2019554961897584
0.14138,1.0663680547043706e-09,1.1126951432899256e-09,1.6569214697090854e-09,1.4112889773620263e-09,6.960249050181784e-10,-0.1359751007711128
0.14143,9.233402302557245e-10,1.11147778937355e-09,1.6557959779588374e-09,1.410148960775758e-09,6.944440046447557e-10,-0.5128327026542349
0.14147,8.475212232436464e-10,1.111460573215629e-09,1.6555425911356652e-09,1.4099934935079851e-09,6.947032140857235e-10,-0.6906071678557438
0.14152,7.598520197604848e-10,1.1125965394251028e-09,1.6561180238324896e-09,1.4107790943142834e-09,6.967399379951227e-10,-0.8775009967552667
0.14157,7.356515183201054e-10,1.1111700539939376e-09,1.6537976085811145e-09,1.4088552378856026e-09,6.960772619461981e-10,-0.9234446046415363
0.14161,7.577230747922969e-10,1.1062606412150167e-09,1.6476445999806247e-09,1.4033085158857027e-09,6.916269030620512e-10,-0.8746710316303015
0.14166,8.203904308721022e-10,1.1087321739219163e-09,1.6492826465222834e-09,1.4052445528684177e-09,6.956010667412315e-10,-0.7419607645529743
0.1417,9.188843223075882e-10,1.1077789008844206e-09,1.6489530141745991e-09,1.4046757236424639e-09,6.937044176041612e-10,-0.5129417315053374
0.14175,1.0633839355506086e-09,1.1079392035142077e-09,1.6489875622783397e-09,1.4047577769842821e-09,6.940562817977196e-10,-0.1286772355773342
0.1418,1.2077774619833932e-09,1.1090504669841535e-09,1.6497542804455046e-09,1.4056448953246484e-09,6.958150464047845e-10,0.3109319431415655
0.14184,1.3111465818605333e-09,1.1092831174676097e-09,1.649938262466307e-09,1.4058442871120098e-09,6.96156208558714e-10,0.6599234515689832
0.14189,1.3875436351728674e-09,1.109847560263355e-09,1.650208100955161e-09,1.4062254990550707e-09,6.971879185219427e-10,0.9369308701649122
0.14193,1.411237941752904e-09,1.1088828547869886e-09,1.6495753627537569e-09,1.405473623554924e-09,6.956270677251976e-10,1.0258125916802414
0.14198,1.3937140650036553e-09,1.1074577028618593e-09,1.6486925007844416e-09,1.4043944161641557e-09,6.932553772538019e-10,0.9594437587776571
0.14202,1.31753068568571e-09,1.1083363942096067e-09,1.6491915898746693e-09,1.4050310978240838e-09,6.947775810495211e-10,0.6830297663316168
0.14207,1.2342141602490545e-09,1.100604646714941e-09,1.6394178596767855e-09,1.3962483127668723e-09,6.87864067206378e-10,0.41869376414090037
0.14212,1.1657677643755846e-09,1.0957261541221064e-09,1.6307423774114271e-09,1.3892329477010201e-09,6.864861557902267e-10,0.21845553055812014
0.14216,1.115418327392238e-09,1.0953367375021404e-09,1.630462384169969e-09,1.3889177038416241e-09,6.858694019462701e-10,0.06098730681083948
0.14221,9.900000289892443e-10,1.0937166946813776e-09,1.6292362859231378e-09,1.3875582775688164e-09,6.834534808228053e-10,-0.30059796375397085
0.14225,8.700650461905033e-10,1.0954325335763823e-09,1.6304024087339811e-09,1.388922738237998e-09,6.8616851983758e-10,-0.6066337737422046
0.1423,6.864119263953967e-10,1.0956852614502378e-09,1.6307215431976908e-09,1.3892047756858115e-09,6.864119263953967e-10,-1.1251578402040123
0.14235,6.8664686529002e-10,1.0957992756104482e-09,1.6307550840850396e-09,1.3892691402856195e-09,6.8664686529002e-10,-1.1751936874732407
0.14239,6.926421938517185e-10,1.0934941884000428e-09,1.6295071416686356e-09,1.3876266647007482e-09,6.826175734075148e-10,-0.9874488761156408
0.14244,8.982890064228085e-10,1.0945642462118175e-09,1.6304020996402622e-09,1.3885731730466974e-09,6.841194406051446e-10,-0.5395552670429495
0.14248,9.91246283206651e-10,1.0892318275264004e-09,1.6221282660551161e-09,1.3816144527717374e-09,6.811777071122514e-10,-0.28474333605397734
0.14253,1.0869913281058758e-09,1.0861214426615167e-09,1.6167580244118387e-09,1.3772363822147938e-09,6.801064872222964e-10,0.0027892542186875578
0.14258,1.1056047082781116e-09,1.0783106864918196e-09,1.604850883965927e-09,1.3671686803168963e-09,6.755419739066664e-10,0.08555264278108923
0.14262,1.1310238621844954e-09,1.0660143511393187e-09,1.5871953221517827e-09,1.3519576852366866e-09,6.670677514907036e-10,0.2052956577441266
0.14267,1.1531138859966796e-09,1.0610442280851736e-09,1.5786937142378814e-09,1.3450085771371823e-09,6.652627848586142e-10,0.30123434338340777
0.14271,1.2223981188894262e-09,1.0619826370311709e-09,1.5794902387481723e-09,1.3458465912644216e-09,6.665627125029484e-10,0.5412422805531463
0.14276,1.300310330840894e-09,1.0604424184318572e-09,1.5786375737845852e-09,1.3447377031862513e-09,6.638909905820512e-10,0.8278379868986877
0.14281,1.3985555185739167e-09,1.059390931308575e-09,1.5775646716155292e-09,1.3436933434278533e-09,6.62648094148543e-10,1.2180192412193105
0.14285,1.4270538291413649e-09,1.056001642781597e-09,1.5737280953658684e-09,1.3401054149100894e-09,6.590913664501521e-10,1.3465972329778815
0.1429,1.4287437670240205e-09,1.0521786104061223e-09,1.5650764725606998e-09,1.3335188325594878e-09,6.60219991473769e-10,1.3964164774089274
0.14295,1.3759732719995334e-09,1.0525192113628704e-09,1.5652343998505466e-09,1.3337425690447384e-09,6.608684366396369e-10,1.1765283656931675
0.14299,1.321182543012824e-09,1.0519472889138773e-09,1.5650058752928293e-09,1.3333827638941766e-09,6.597691881640944e-10,0.9553872096543203
0.14304,1.2144319144648343e-09,1.0528033221651583e-09,1.5656846058756448e-09,1.3341194718042102e-09,6.610098583832024e-10,0.5515608727256208
0.14308,1.0657801182706738e-09,1.050936263672676e-09,1.5647502199150665e-09,1.3328331312203076e-09,6.576547592718178e-10,0.045560527459785304
0.14313,7.600383372386482e-10,1.0508924671273787e-09,1.5648990421378263e-09,1.3329059772998852e-09,6.573569388917975e-10,-0.7855722280984135
0.14318,6.604648262048631e-10,1.053075684755251e-09,1.566671676692876e-09,1.3348099968497478e-09,6.604648262048631e-10,-1.3092990243963167
0.14322,6.443177287398362e-10,1.0427560362941067e-09,1.5595275865275453e-09,1.3265440481754363e-09,6.443177287398362e-10,-1.6584449317309768
0.14327,6.578571609486787e-10,1.0514897589209526e-09,1.5656701884284638e-09,1.3335968101692032e-09,6.578571609486787e-10,-1.6312510683346308
0.14331,6.543685407393693e-10,1.0490030818284565e-09,1.5636066988015893e-09,1.3314030338573312e-09,6.543685407393693e-10,-1.4954871051372183
0.14336,6.59710464322905e-10,1.0522841863237586e-09,1.5657139237992427e-09,1.3339350733913946e-09,6.59710464322905e-10,-1.1484746547363933
0.14341,6.685929837680997e-10,1.0523842195465289e-09,1.5657399521159e-09,1.3339911841731586e-09,6.599109396606144e-10,-0.9796790362504935
0.14345,8.545021647518685e-10,1.0510790050810495e-09,1.5647772498741734e-09,1.332910209531725e-09,6.579353968972641e-10,-0.5581046970694801
0.1435,1.0180722094258222e-09,1.0517985007327333e-09,1.56547400349778e-09,1.3336051772124846e-09,6.588165063335949e-10,-0.10304731635533775
0.14355,1.2065284413083125e-09,1.051322290213499e-09,1.5651509427745496e-09,1.3332250425217062e-09,6.580764649661486e-10,0.520682729145177
0.14359,1.327329876848903e-09,1.04943252968883e-09,1.5639732061725377e-09,1.3317899218321239e-09,6.54943834564806e-10,0.9753344463004185
0.14364,1.470071713458707e-09,1.055453596640099e-09,1.5678195359735212e-09,1.3364168152137497e-09,6.648349697124685e-10,1.5709068844383984
0.14369,1.5729870624644433e-09,1.045898672949551e-09,1.5614616569880779e-09,1.3289172580651925e-09,6.495159285416338e-10,2.036298126407022
0.14373,1.608623360768187e-09,1.0363917542960913e-09,1.5548160313109393e-09,1.3212584249926815e-09,6.348459609657441e-10,2.2061919627285023
0.14378,1.555893450927593e-09,1.0500227102700992e-09,1.5640260274037356e-09,1.3320493823143464e-09,6.563193796167011e-10,1.9586984886315748
0.14382,1.4244727285489758e-09,1.0525109940851752e-09,1.5658012529496406e-09,1.3340726512256012e-09,6.601706305083992e-10,1.3749021463672335
0.14387,1.1622175933283779e-09,1.0499615129400601e-09,1.5640956781405247e-09,1.332067031828622e-09,6.560849714540734e-10,0.36523613676028266
0.14392,8.144708927824762e-10,1.051818466373819e-09,1.5650670101567805e-09,1.333369970993137e-09,6.593747815029204e-10,-0.6570407291763021
0.14396,6.549348830400577e-10,1.0489723646887553e-09,1.5630670629148989e-09,1.3310739488863817e-09,6.549348830400577e-10,-1.3214740782413255
0.14401,6.733657104625195e-10,1.061223597362183e-09,1.5723037417825977e-09,1.3413250147878443e-09,6.733657104625195e-10,-1.8420945614977018
0.14406,6.776859800107365e-10,1.0601844031252545e-09,1.5666675139088225e-09,1.3376017641212824e-09,6.776859800107365e-10,-2.0303245775949432
0.1441,6.622128862507206e-10,1.0506288647015164e-09,1.5602919355042208e-09,1.3300982551613864e-09,6.622128862507206e-10,-2.060528072632165
0.14415,6.395831241004389e-10,1.0367641253982423e-09,1.5514601507110362e-09,1.3194435855244572e-09,6.395831241004389e-10,-1.9211892590977944
0.1442,6.398130451709571e-10,1.0371914156055802e-09,1.552141205942883e-09,1.3200098253475178e-09,6.398130451709571e-10,-1.5311925317770816
0.14424,6.539942965629659e-10,1.0464040526307165e-09,1.5586891079331092e-09,1.3274898602109876e-09,6.539942965629659e-10,-1.093910707746008
0.14429,9.175889452630746e-10,1.0473831020122235e-09,1.559679323720397e-09,1.3284525837518514e-09,6.55187517681366e-10,-0.38392187282695633
0.14434,1.150272215993047e-09,1.0461322629229427e-09,1.5567544055058353e-09,1.3262465813285978e-09,6.556456376531578e-10,0.3462501431347806
0.14438,1.2662628939168141e-09,1.0422904271584656e-09,1.5521501115830956e-09,1.3220284380377745e-09,6.519196896034877e-10,0.7795724459411416
0.14443,1.3769363149023054e-09,1.0423797341324958e-09,1.5520860243810908e-09,1.3220252299460195e-09,6.522145649117561e-10,1.2227910823688988
0.14448,1.4108959715572583e-09,1.040231011984098e-09,1.550952562964214e-09,1.3205166274342824e-09,6.483997064769606e-10,1.3635039059934744
0.14452,1.4745394599083714e-09,1.0381658936237933e-09,1.5492799739348784e-09,1.3187191110683908e-09,6.454627481205364e-10,1.643246616709678
0.14457,1.5098246469855596e-09,1.0379335383480302e-09,1.5524966034707511e-09,1.3205138045082177e-09,6.411198378554183e-10,1.7745664784319584
0.14462,1.7876814640862344e-09,1.0519072612086398e-09,1.5760078472742175e-09,1.3398307328216244e-09,6.466697875136915e-10,2.9928795482952553
0.14466,1.6368376520147022e-09,1.0796648788475046e-09,1.6028789260634354e-09,1.366526860438643e-09,6.812496598556046e-10,2.173839669131237
0.14471,1.7058582024825477e-09,1.082659400840181e-09,1.6011644650160484e-09,1.36671205911283e-09,6.904881431862122e-10,2.535778583503014
0.14476,1.4039039232850185e-09,1.0721323233926136e-09,1.5948440554478315e-09,1.3588491603038014e-09,6.726868361258376e-10,1.1831058449238392
0.1448,9.267812760808648e-10,1.0718509047887411e-09,1.594263175256075e-09,1.3583977316155993e-09,6.727015281813413e-10,-0.4113514344556528
0.14485,6.900029647596256e-10,1.0829953951233326e-09,1.602288069388812e-09,1.3674942300646998e-09,6.900029647596256e-10,-1.853395634623992
0.1449,6.854729072625963e-10,1.0806333432965203e-09,1.6013600387170035e-09,1.3660055993027947e-09,6.854729072625963e-10,-2.3492882286412295
0.14494,6.874964070756518e-10,1.0829948687059003e-09,1.6044158704566837e-09,1.3687352205951885e-09,6.874964070756518e-10,-2.233004567471664
0.14499,6.966368631661287e-10,1.092067394732127e-09,1.615090756554259e-09,1.3785712739418738e-09,6.966368631661287e-10,-1.7385520393577807
0.14504,6.751318681699173e-10,1.0764283920938657e-09,1.601658797560093e-09,1.3645014569760102e-09,6.751318681699173e-10,-1.4191092639159082
0.14508,6.650628657436271e-10,1.0705051298564857e-09,1.598182131452296e-09,1.3601288165902619e-09,6.650628657436271e-10,-1.6479401554590074
0.14513,6.874114072815068e-10,1.081884004578217e-09,1.6022501731747042e-09,1.3670252495009252e-09,6.874114072815068e-10,-2.13621654167862
0.14518,6.923710604332441e-10,1.0846176151532225e-09,1.6035819433882192e-09,1.3688943070233056e-09,6.923710604332441e-10,-2.4497812091675812
0.14522,6.846142734481492e-10,1.0801203556937037e-09,1.600919144946672e-09,1.3655707381287382e-09,6.846142734481492e-10,-2.350934621579077
0.14527,6.584194209104477e-10,1.0644919814728557e-09,1.5914282570311967e-09,1.3538438961149764e-09,6.584194209104477e-10,-1.9093983015438747
0.14532,6.756754572946312e-10,1.0760561247754555e-09,1.6001128449065231e-09,1.3635134075184043e-09,6.756754572946312e-10,-1.08032775692374
0.14536,1.0438026679202576e-09,1.0719756731949268e-09,1.5952766617454194e-09,1.3590639446110094e-09,6.716562540395494e-10,-0.0840073970205128
0.14541,1.4882450933090988e-09,1.057542085032754e-09,1.580175675113069e-09,1.3445072877277906e-09,6.550816148348286e-10,1.566844798131697
0.14546,1.9572395320928397e-09,1.0375730734019763e-09,1.5522485283222624e-09,1.3202303849191136e-09,6.40538344189343e-10,4.100768851347576
0.1455,2.3005156403261274e-09,1.0600369694882196e-09,1.5544096393317566e-09,1.3303206783424363e-09,6.924428085154518e-10,6.5350485805099625
0.14555,2.5517938122159893e-09,1.0080887468311439e-09,1.517262580427014e-09,1.2880354955560795e-09,6.119775026180766e-10,8.482720487701814
0.1456,2.3084405344806174e-09,1.0771275957064086e-09,1.5647142346719844e-09,1.3430470195298434e-09,7.22212326014697e-10,6.610789941353567
0.14565,1.7288813632481687e-09,1.0409467086376683e-09,1.5410249743133314e-09,1.3149532368703008e-09,6.62088784922323e-10,2.9854458416340117
0.14569,1.0324753667418706e-09,1.0285188922541676e-09,1.5309932111166098e-09,1.3041787928345988e-09,6.440764417672544e-10,0.012965577229186974
0.14574,6.563857866552293e-10,1.030101975876011e-09,1.5238858624676257e-09,1.3006357086464429e-09,6.563857866552293e-10,-2.9839233364461486
0.14579,5.807399004663588e-10,9.735001394871213e-10,1.4742867064751372e-09,1.249167079013215e-09,5.807399004663588e-10,-4.591812987708863
0.14583,6.290731017873258e-10,9.975756246741283e-10,1.4812205756976027e-09,1.2627720719274126e-09,6.290731017873258e-10,-4.796008210140521
0.14588,6.264622463448062e-10,9.954015360084155e-10,1.4790343973686543e-09,1.2606306707932545e-09,6.264622463448062e-10,-4.38476471648268
0.14593,6.08341629425099e-10,9.837281857491125e-10,1.4708205773204613e-09,1.2512003555917158e-09,6.08341629425099e-10,-3.363747121075447
0.14597,6.125064739340244e-10,9.873899259145934e-10,1.4746992773953038e-09,1.2549164290816476e-09,6.125064739340244e-10,-2.429190214614149
0.14602,6.221945348776154e-10,9.93103491906286e-10,1.4780706415524838e-09,1.2591420529025394e-09,6.221945348776154e-10,-1.2127131978545698
0.14607,9.315607702919269e-10,9.955532316109256e-10,1.4815224019830237e-09,1.2621210181316688e-09,6.240362946107481e-10,-0.20254648493231472
0.14612,1.1648026600472171e-09,9.95145817026e-10,1.4811155330171513e-09,1.2617235389426402e-09,6.235339325898413e-10,0.6109190847361355
0.14616,1.277613458975969e-09,9.966774489512464e-10,1.4820134684411486e-09,1.262856718221781e-09,6.261270551534533e-10,1.0698320116484044
0.14621,1.361410782537967e-09,9.913346358022976e-10,1.4778285069136004e-09,1.2582994182093417e-09,6.182694813508701e-10,1.4418459962817771
0.14626,1.4293818352936502e-09,9.979999413910533e-10,1.481277550655738e-09,1.2629534771412744e-09,6.301460942668152e-10,1.766096484733495
0.1463,1.5051507714316094e-09,1.0032713655571944e-09,1.483974086621754e-09,1.2666150091349976e-09,6.396446320051283e-10,2.1440674077079214
0.14635,1.544879619010869e-09,1.003129489463988e-09,1.4838341985418782e-09,1.2664762851620958e-09,6.394738984955478e-10,2.3473347294546683
0.1464,1.4968151843071597e-09,9.907221023971886e-10,1.4770784214731727e-09,1.2576325713803279e-09,6.176026300607741e-10,2.088175708834103
0.14645,1.2421329977065512e-09,9.933014696296177e-10,1.478224670174015e-09,1.2593181502309308e-09,6.224631727986385e-10,0.9301839979730046
0.14649,9.347440744464667e-10,9.961998098464491e-10,1.4819792702792565e-09,1.2626830614175899e-09,6.248225381865668e-10,-0.19349341304966738
0.14654,6.058074135127237e-10,9.663150943676692e-10,1.4377963076480025e-09,1.2249556417085177e-09,6.058074135127237e-10,-1.1626934890278133
0.14659,6.031421686368749e-10,9.6155954113019e-10,1.4304589646296846e-09,1.2187730711739183e-09,6.031421686368749e-10,-1.2527541032081042
0.14663,5.987972975718893e-10,9.585128114976303e-10,1.4279709787199064e-09,1.2161120746767638e-09,5.987972975718893e-10,-1.2828848710966865
0.14668,6.008821818602649e-10,9.593837789152225e-10,1.427971312932136e-09,1.216455699770356e-09,6.008821818602649e-10,-1.2996763465519556
0.14673,6.416896742057487e-10,9.587717053481415e-10,1.427391443733699e-09,1.2158735249386291e-09,6.001080456820917e-10,-0.9083905268143658
0.14678,8.773260931313243e-10,9.57930095451601e-10,1.4268151029825272e-09,1.2152015695403552e-09,5.98788790780977e-10,-0.26811947928503993
0.14682,1.0707791905102484e-09,9.580368549656663e-10,1.4269875920839484e-09,1.215343382036823e-09,5.98848788900891e-10,0.40544518231569626
0.14687,1.2484678480187468e-09,9.59031675299614e-10,1.4278665196825386e-09,1.2162500425384192e-09,6.001955332729155e-10,1.1410006579747312
0.14692,1.316161030167224e-09,9.606673472978248e-10,1.4288252462805649e-09,1.2174579033470348e-09,6.029751432378576e-10,1.4523757787575595
0.14697,1.2835341928240462e-09,9.592284225687122e-10,1.4275841047264465e-09,1.2161638358184908e-09,6.009906441886098e-10,1.302691978171619
0.14701,1.2408563712332748e-09,9.602094236097726e-10,1.4281937104392238e-09,1.2169093445002263e-09,6.026122964940884e-10,1.1102091383811734
0.14706,1.188878913896193e-09,9.567867470998555e-10,1.4259150401122738e-09,1.2142226257131095e-09,5.971208802231668e-10,0.8840493490704335
0.14711,1.110609057042618e-09,9.59947119687504e-10,1.4281647055316804e-09,1.216789974757487e-09,6.02010826448876e-10,0.5613203078437542
0.14715,1.0551959656467719e-09,9.59939153624645e-10,1.4279438870791337e-09,1.2166565922585911e-09,6.022586053835079e-10,0.34776147894458925
0.1472,1.0016528364748362e-09,9.584596612829898e-10,1.4268387385343842e-09,1.2154245012011073e-09,6.000270747301308e-10,0.15121459656942896
0.14725,9.756384286021719e-10,9.540696436803586e-10,1.4201095547592645e-09,1.2097429436784185e-09,5.975139850716e-10,0.07572866328315438
0.1473,9.604772051808918e-10,9.515793341376849e-10,1.4165932087132699e-09,1.2066968374298487e-09,5.95729197062794e-10,0.030592616798289233
0.14734,9.017059753478982e-10,9.495654082931249e-10,1.4131084846458764e-09,1.2038583758315538e-09,5.950414832074931e-10,-0.1600527615806832
0.14739,7.678874114850655e-10,9.456097882951124e-10,1.407142209849089e-09,1.1987948446351845e-09,5.926680759648543e-10,-0.5587838949106076
0.14744,5.876332454696782e-10,9.42179767942487e-10,1.4044650320996828e-09,1.1958717081638967e-09,5.876332454696782e-10,-1.0337585764754937
0.14749,5.953740554408246e-10,9.471211313360549e-10,1.4079103290288982e-09,1.1998426113177003e-09,5.953740554408246e-10,-1.2697501944952057
0.14753,5.959115221900067e-10,9.474276120611352e-10,1.4080737154418176e-09,1.2000600152842867e-09,5.959115221900067e-10,-1.2892577476636955
0.14758,6.069292658785039e-10,9.40965204321726e-10,1.3989063014393054e-09,1.1921308697118868e-09,5.913255648207832e-10,-0.9572938976107561
0.14763,7.589751478578493e-10,9.344690174314716e-10,1.3913545945579616e-09,1.185136354941766e-09,5.847387954081377e-10,-0.5606649084156295
0.14768,8.717467452436462e-10,9.325084632558121e-10,1.3886744454927074e-09,1.1827901901729883e-09,5.832280704478138e-10,-0.20941236131051028
0.14772,8.827731455480776e-10,9.274179625888716e-10,1.3802803757441137e-09,1.1758565007521353e-09,5.810077780414563e-10,-0.15348696225037653
0.14777,9.136953957835947e-10,9.271182082937363e-10,1.3798659287264731e-09,1.1754954089772763e-09,5.807801245209832e-10,-0.04627946555576979
0.14782,1.0000349705501284e-09,9.258734051302299e-10,1.378940270362037e-09,1.1744610039303826e-09,5.789004013948434e-10,0.27053440231427445
0.14787,1.099969245848408e-09,9.270922392222933e-10,1.3794708892353659e-09,1.1752529781437991e-09,5.811898874024133e-10,0.6742594136057419
0.14791,1.157627003356737e-09,9.277986516870437e-10,1.3795772876979808e-09,1.175593832687985e-09,5.82759116480007e-10,0.9262239966584107
0.14796,1.2001093879368007e-09,9.239484495584144e-10,1.3768865450628138e-09,1.1724959651363125e-09,5.767359483020494e-10,1.1191838626173218
0.14801,1.1603681093021828e-09,9.262061458766193e-10,1.3784687032880683e-09,1.1743149850849227e-09,5.802603028320686e-10,0.9387398813549976
0.14806,1.065623433703605e-09,9.272758504485858e-10,1.3792100009623635e-09,1.1751716089958928e-09,5.819449354296992e-10,0.533906367557079
0.14811,9.412375393347786e-10,9.256535373203067e-10,1.3782509688658345e-09,1.1739691584881823e-09,5.791961033937152e-10,0.05437092754047274
0.14815,8.223043956946078e-10,9.255249166797683e-10,1.3781171829437195e-09,1.1738397306140823e-09,5.790482072207487e-10,-0.3477379317725395
0.1482,7.29810370456547e-10,9.313408175958396e-10,1.386702115237013e-09,1.1811718221280454e-09,5.82777033259944e-10,-0.6356515428076467
0.14825,6.968252539312814e-10,9.318750613566254e-10,1.388057531038157e-09,1.182177981733272e-09,5.824469544342276e-10,-0.7272159633331647
0.1483,7.338571936727009e-10,9.345153409117138e-10,1.3897848934765857e-09,1.184233094549822e-09,5.867191560534744e-10,-0.6269601119900446
0.14834,7.528342299012618e-10,9.334271116232478e-10,1.3889908630543322e-09,1.1833389132088492e-09,5.850482406025499e-10,-0.5734842040699878
0.14839,8.178156529539522e-10,9.341730152075692e-10,1.3893689758502594e-09,1.1838552754853772e-09,5.863854068885977e-10,-0.38012504759908006
0.14844,8.456243019835258e-10,9.317722644148217e-10,1.3877905218006891e-09,1.181982477569052e-09,5.825072730037848e-10,-0.29279389036687054
0.14849,8.777073297843618e-10,9.33445129916161e-10,1.3888381049019858e-09,1.1832572147311372e-09,5.852680726478275e-10,-0.18796350248142596
0.14854,9.454478860176477e-10,9.36407215190625e-10,1.3938350364861318e-09,1.1873575567279692e-09,5.864275378965185e-10,0.032321112131115264
0.14858,9.884917240073968e-10,9.426107838245493e-10,1.4028102069623342e-09,1.1950712239865223e-09,5.906234324051226e-10,0.16568706387662854
0.14863,1.0350471940350716e-09,9.408420889674782e-10,1.401473621065608e-09,1.1935887767120497e-09,5.879791821549972e-10,0.34100845502784155
0.14868,1.057370898831383e-09,9.430269128387634e-10,1.402914786056174e-09,1.1952959126584189e-09,5.915015657353112e-10,0.42775644213003833
0.14873,1.088400213227739e-09,9.420328840760771e-10,1.4022958083537434e-09,1.194540585078519e-09,5.898554395111724e-10,0.5509358632544563
0.14877,1.0976329685231981e-09,9.409183993079081e-10,1.4015672710801626e-09,1.1936735772394736e-09,5.880521363090698e-10,0.5882056507775445
0.14882,1.1189040563758182e-09,9.410081018065321e-10,1.4019413111221154e-09,1.1939287645933744e-09,5.878214434296037e-10,0.673681847231635
0.14887,1.0937790860342556e-09,9.443653392854051e-10,1.4045071292009493e-09,1.196759321921378e-09,5.928099810006646e-10,0.5688970805670152
0.14892,1.0727421839961624e-09,9.428324796220815e-10,1.4039808214990228e-09,1.1958461427947572e-09,5.897607832525736e-10,0.4818066891456433
0.14897,1.0003967635589396e-09,9.440148506980044e-10,1.4053004342305869e-09,1.197086710459598e-09,5.910256630707827e-10,0.202130329264102
0.14901,9.152177675082212e-10,9.455209970439282e-10,1.4068834772187907e-09,1.198609514666281e-09,5.927541258388317e-10,-0.10125360897780468
0.14906,7.483580862285954e-10,9.378222244416145e-10,1.397219890100392e-09,1.1899015523471697e-09,5.857999742097464e-10,-0.6006819429883321
0.14911,6.337384212120543e-10,9.385703635576556e-10,1.3979807363153802e-09,1.1906433116501856e-09,5.866858811730139e-10,-0.8965525594558614
0.14916,5.87463737267508e-10,9.393768334974752e-10,1.3989487153612508e-09,1.1915299826433219e-09,5.87463737267508e-10,-1.0752659840670136
0.14921,5.994194264880112e-10,9.412865409872786e-10,1.400701061638629e-09,1.1933119239686351e-09,5.899532635584526e-10,-0.9769723069347835
0.14925,6.931777915083574e-10,9.426323584329535e-10,1.4021026889556708e-09,1.194665374194147e-09,5.91511870305044e-10,-0.752850319025857
0.1493,8.489671160517593e-10,9.404854635917365e-10,1.4011482910618039e-09,1.193258384520414e-09,5.875049467310739e-10,-0.3085185510100493
0.14935,9.793437061345213e-10,9.4302970907965e-10,1.403348034573067e-09,1.19555247278209e-09,5.909855324609989e-10,0.13112904047802318
0.1494,1.0711570143862629e-09,9.446350933334769e-10,1.4049483447928657e-09,1.1971241128955995e-09,5.929349655447419e-10,0.4768571004069538
0.14945,1.0846748077135099e-09,9.453768384614857e-10,1.4059734771061598e-09,1.1980181061696277e-09,5.934947641387397e-10,0.5277796517878459
0.14949,1.0533100374612164e-09,9.451697647462574e-10,1.4064213291516013e-09,1.1981994703552643e-09,5.924637365340861e-10,0.40085887847027557
0.14954,1.0485341767813247e-09,9.463440916247052e-10,1.4077330115015283e-09,1.199432603276341e-09,5.937174883410864e-10,0.3795754870950519
0.14959,1.0850808672060925e-09,9.495723715144685e-10,1.4128317611827317e-09,1.203698155426631e-09,5.953906900463849e-10,0.5068220502314857
0.14964,1.1225452807890359e-09,9.495848929417266e-10,1.4127987076460158e-09,1.2036829285672094e-09,5.954617459328856e-10,0.6582257693285135
0.14969,1.1007932260576677e-09,9.485735193150234e-10,1.4122423708585581e-09,1.2029580884824068e-09,5.936994773328514e-10,0.5691449958930768
0.14973,1.0833334531619391e-09,9.475751005100638e-10,1.4115817727996817e-09,1.2021762676618716e-09,5.920964859875849e-10,0.49940014322331655
0.14978,9.95799793871595e-10,9.481506368878602e-10,1.4119645132142375e-09,1.2026278532485655e-09,5.93019404054682e-10,0.16690764311701642
0.14983,9.147197761951807e-10,9.48488812933793e-10,1.4122383071018792e-09,1.2029224780361096e-09,5.935003824364619e-10,-0.1162923444564431
0.14988,8.01626255296236e-10,9.474421054038142e-10,1.4115889608586732e-09,1.202125923312148e-09,5.917732085925675e-10,-0.4710463996916006
0.14993,6.982586174366026e-10,9.509026854968373e-10,1.4138078591908487e-09,1.2047965729856146e-09,5.974145590985368e-10,-0.7540203552983933
0.14998,7.259509685978046e-10,9.495251098126002e-10,1.4127887310185238e-09,1.203655049046538e-09,5.95323817848304e-10,-0.6817381611570577
0.15002,7.903123106455609e-10,9.488447438812313e-10,1.4122153798114012e-09,1.203050357652148e-09,5.943742901272558e-10,-0.5030542044126808
0.15007,9.26015852099391e-10,9.482229783718121e-10,1.4117804058848627e-09,1.2025494647669827e-09,5.934043419786953e-10,-0.0771901392197277
0.15012,1.0321656406873043e-09,9.495252322741674e-10,1.4126988996396511e-09,1.2036016753653303e-09,5.954352817674563e-10,0.30257576550123066
0.15017,1.063079748492424e-09,9.494235579010231e-10,1.412676925366673e-09,1.2035486514258057e-09,5.9521783828398e-10,0.4207429279637191
0.15022,9.952477805629037e-10,9.475708656726046e-10,1.4113789686420702e-09,1.2020566533151176e-09,5.923204023548461e-10,0.1657578555940327
0.15027,9.138846448408249e-10,9.476834404872942e-10,1.4114267331575077e-09,1.2021292371899285e-09,5.925320926443108e-10,-0.11800503446640244
0.15031,8.435379801526628e-10,9.474677733132778e-10,1.4115020138419611e-09,1.2020878680486964e-09,5.91929976940294e-10,-0.344753606831408
0.15036,9.10584182544182e-10,9.481416645407513e-10,1.4119361859229217e-09,1.2026090378894124e-09,5.930233922128106e-10,-0.12982082380853102
0.15041,9.80292759577903e-10,9.49403001952591e-10,1.4128779524719188e-09,1.2036591694993404e-09,5.949250924588996e-10,0.11055670591991794
0.15046,1.0954446763289448e-09,9.50163127796449e-10,1.413629310109417e-09,1.204402804699934e-09,5.958340807866451e-10,0.5456842467666937
0.15051,1.0726219612568976e-09,9.498354153136043e-10,1.4132541993066797e-09,1.2040502425002783e-09,5.955161517229038e-10,0.4563463393166322
0.15056,9.951704806344714e-10,9.496122823960629e-10,1.4131096717710726e-09,1.2038774802225072e-09,5.95152763186471e-10,0.16382605455911076
0.1506,9.350692453818007e-10,9.493213452338341e-10,1.4129451960244741e-09,1.2036662794319403e-09,5.946507876707997e-10,-0.048147921300409194
0.15065,8.282060228383083e-10,9.497585835841137e-10,1.4131777742483772e-09,1.2039754399627684e-09,5.954207373691939e-10,-0.3920554455549692
0.1507,6.862327502082659e-10,9.513231192209785e-10,1.4145621388134617e-09,1.2051936651496452e-09,5.978238579641506e-10,-0.784953213441452
0.15075,6.076464981140445e-10,9.4654686627913e-10,1.4110529981607829e-09,1.201461981574135e-09,5.902563515436383e-10,-0.9705200941566261
0.1508,6.969552875837463e-10,9.499460476003695e-10,1.4131475611191023e-09,1.2040311526566131e-09,5.959092197992544e-10,-0.7573052057721598
0.15085,8.063669484105725e-10,9.479231039887178e-10,1.4114982880130726e-09,1.2022653721163344e-09,5.930230486263529e-10,-0.45587986432653227
0.15089,9.18574986284673e-10,9.48770994137204e-10,1.411988190600212e-09,1.202887318728672e-09,5.944714967625675e-10,-0.10163621421685867
0.15094,1.0373389027024445e-09,9.493669826134643e-10,1.4123064561129743e-09,1.203309249937515e-09,5.955211324463921e-10,0.32358091375623743
0.15099,1.101124869307616e-09,9.489583620048645e-10,1.4118914750823225e-09,1.2029047274648832e-09,5.950340187108018e-10,0.5739208361554345
0.15104,1.0987016612483234e-09,9.461455149399943e-10,1.4099393795188e-09,1.2006497762602853e-09,5.906182915918561e-10,0.5644777507379869
0.15109,1.1155142355578454e-09,9.49639047333723e-10,1.4123144910430433e-09,1.2034214877895273e-09,5.961628845604176e-10,0.6324596337871577
0.15114,1.139925103030573e-09,9.486147539824997e-10,1.4116038150223596e-09,1.2026001888669427e-09,5.945537315342509e-10,0.7334082701491221
0.15119,1.1922831214046546e-09,9.459504945787846e-10,1.4114141786309067e-09,1.2017166357718779e-09,5.901493464385562e-10,0.9573665422170262
0.15123,1.206392725645814e-09,9.482282605301488e-10,1.4114356337452354e-09,1.2023487506596334e-09,5.938297045760396e-10,1.0182388301431338
0.15128,1.191526363514598e-09,9.500961493374838e-10,1.412702331936761e-09,1.2038281975150148e-09,5.96805188280423e-10,0.9529037835726392
0.15133,1.0351254285574975e-09,9.46947897966422e-10,1.4103050401981218e-09,1.2011804726514954e-09,5.921055189901606e-10,0.31711464844638027
0.15138,8.528837851062512e-10,9.469092067907313e-10,1.4102175319964489e-09,1.2011142520259017e-09,5.921143853440082e-10,-0.3126864014699504
0.15143,6.586216508042255e-10,9.45900685016399e-10,1.4096020500226091e-09,1.2003554455515269e-09,5.904316240371812e-10,-0.8505563723242696
0.15148,5.97592421798185e-10,9.505092015738803e-10,1.412868062548543e-09,1.2040895260089283e-09,5.97592421798185e-10,-1.3016891941232678
0.15153,5.933835456305656e-10,9.479108097371168e-10,1.4111681330849134e-09,1.2020671170477357e-09,5.933835456305656e-10,-1.416387152851718
0.15157,5.979329055184156e-10,9.507349414339163e-10,1.413044357626899e-09,1.2042806008427207e-09,5.979329055184156e-10,-1.1019306603437182
0.15162,6.824615433212204e-10,9.486063713776718e-10,1.4115356787902126e-09,1.2025567377243912e-09,5.946156200934697e-10,-0.7922723862520249
0.15167,7.942113496621673e-10,9.484222054903559e-10,1.4113007995256288e-09,1.2023466485338607e-09,5.944512153565458e-10,-0.48987358994609465
0.15172,9.174285079007466e-10,9.47661047525539e-10,1.4108151449229077e-09,1.2017614390721513e-09,5.932048843121774e-10,-0.1038015596558448
0.15177,1.0307256484146464e-09,9.479597139170373e-10,1.4110522908457385e-09,1.2020179816692317e-09,5.936410329687222e-10,0.3001513734888525
0.15182,1.1268765280886075e-09,9.4618052410758e-10,1.4099936133106934e-09,1.2006955653365144e-09,5.906368990824322e-10,0.6790595455855645
0.15187,1.1770365115673988e-09,9.470050818960001e-10,1.4102555348916746e-09,1.2011740150592573e-09,5.923008687512845e-10,0.8925366171392558
0.15192,1.2076632485829382e-09,9.498441701430769e-10,1.4120440673081636e-09,1.2033430877865807e-09,5.969813804567304e-10,1.0270674812530542
0.15196,1.2185995150399645e-09,9.478412169150443e-10,1.41068615387172e-09,1.2017564463891642e-09,5.9379185579309e-10,1.0758264399601565
0.15201,1.197091452782098e-09,9.46867169694638e-10,1.4101858394651687e-09,1.2010788473276615e-09,5.920527796122631e-10,0.9795746327581334
0.15206,1.108443146935739e-09,9.454489242125348e-10,1.4081808568282807e-09,1.1993429096236575e-09,5.910378942518607e-10,0.6113889635857646
0.15211,9.831310921318866e-10,9.411328776983568e-10,1.401544563149716e-09,1.1937459093235678e-09,5.8858597846231e-10,0.1473499634596372
0.15216,8.015527155271513e-10,9.403166814898722e-10,1.4009108032197837e-09,1.1930521049536941e-09,5.873852214591318e-10,-0.4532350811919543
0.15221,6.053300857833729e-10,9.39934516186587e-10,1.4005441125637687e-09,1.1926862063790423e-09,5.869060203590333e-10,-0.9650571276462597
0.15226,5.858259142621438e-10,9.39109062434078e-10,1.3997912159370005e-09,1.1919187218251774e-09,5.858259142621438e-10,-1.3579164960461967
0.15231,5.873779916677999e-10,9.40001785245242e-10,1.400281762903776e-09,1.1925587402392633e-09,5.873779916677999e-10,-1.2508817119415274
0.15236,7.223067606417007e-10,9.424314808926085e-10,1.401883951583118e-09,1.1944570565139503e-09,5.912950571671855e-10,-0.6760865471286596
0.1524,8.84823408185209e-10,9.424210160260487e-10,1.4019935778982462e-09,1.1945173959228008e-09,5.911386490140282e-10,-0.19152774161806146
0.15245,1.0959320525992757e-09,9.348744223583012e-10,1.391882102270295e-09,1.1856069130934136e-09,5.850738517181926e-10,0.6141492663940771
0.1525,1.1327991972737134e-09,9.262306454061682e-10,1.3781322431273246e-09,1.174127000604117e-09,5.807206911669014e-10,0.819736708588955
0.15255,1.0797499172038673e-09,9.030102778571505e-10,1.3425631325049908e-09,1.14409343496381e-09,5.673752889958842e-10,0.7174028832394087
0.1526,9.965880114670116e-10,9.015407990675488e-10,1.3416313459313323e-09,1.1429675601430118e-09,5.649583435455108e-10,0.3672785240891356
0.15265,9.183061864116309e-10,9.01036082409082e-10,1.3413762837635154e-09,1.1426174638281658e-09,5.640611179064157e-10,0.06323717590985095
0.1527,8.231345190444104e-10,9.002477668048088e-10,1.340575565670645e-09,1.1418383719491637e-09,5.630397928054376e-10,-0.27184453910385636
0.15275,7.057985500509853e-10,9.000586637785516e-10,1.3403740819089916e-09,1.1416450654694518e-09,5.629031178354339e-10,-0.6349073809379245
0.1528,5.714905105833179e-10,9.028830090951334e-10,1.3422005154563782e-09,1.1438307448821519e-09,5.675021222545435e-10,-0.9825701433032877
0.15285,5.658995500997092e-10,9.019030853009123e-10,1.341570231711742e-09,1.1430746053146144e-09,5.658995500997092e-10,-1.0439135889794362
0.15289,6.144693899243764e-10,8.911921519036489e-10,1.325789405561795e-09,1.1295885367311228e-09,5.589982709075456e-10,-0.8610935816423668
0.15294,7.570373967069615e-10,8.814547067991385e-10,1.3117678223907231e-09,1.1175190696970276e-09,5.523366370016382e-10,-0.43035453946617674
0.15299,9.86649143586431e-10,8.806901901793327e-10,1.3104229564580282e-09,1.1164281686215758e-09,5.521043939503932e-10,0.422853613493822
0.15304,1.1010520559484362e-09,8.771296249091059e-10,1.3057910066699082e-09,1.1123053817627223e-09,5.490805678978444e-10,0.9463003606502086
0.15309,1.1751618340457327e-09,8.736606545773546e-10,1.2989468470294008e-09,1.1069200839425193e-09,5.489104009830372e-10,1.3443523264542347
0.15314,1.2063952297850033e-09,8.728537781105132e-10,1.298431868321948e-09,1.1062996497979664e-09,5.475873922521757e-10,1.505159778365989
0.15319,1.1320384696701952e-09,8.743332973465151e-10,1.2995474852918512e-09,1.1075375099353235e-09,5.498118515090145e-10,1.1278203413523802
0.15324,9.767183371088116e-10,8.589892660671314e-10,1.2776559082538247e-09,1.0886379757353086e-09,5.390708493493931e-10,0.48800980545949474
0.15329,7.728627974534583e-10,8.545247268992034e-10,1.2711642122674041e-09,1.0830674924905156e-09,5.360900542247784e-10,-0.2959474793319806
0.15334,6.053787021741509e-10,8.420457603701609e-10,1.2538797204115881e-09,1.0680017220520726e-09,5.267399125944957e-10,-0.7956992407289647
0.15339,5.2725963236155e-10,8.42107917788555e-10,1.253567314289841e-09,1.0678429073839605e-09,5.2725963236155e-10,-1.0482115105847993
0.15344,5.228590311984084e-10,8.388021103967831e-10,1.2506127733291141e-09,1.064804989676972e-09,5.228590311984084e-10,-1.080848303131855
0.15348,5.350040789425285e-10,8.38379499359189e-10,1.2497049419411057e-09,1.0641055939783332e-09,5.229236871091583e-10,-0.9783288999924729
0.15353,5.712463794062376e-10,8.421093286781442e-10,1.252316835845863e-09,1.0671097453432171e-09,5.287515860488452e-10,-0.8852084104126238
0.15358,6.671618480934856e-10,8.408017841596489e-10,1.2516100109965535e-09,1.0661790689381014e-09,5.264570932893615e-10,-0.6092214943038503
0.15363,8.01313194159085e-10,8.416780880020719e-10,1.2521336480056026e-09,1.0668318917088607e-09,5.279351600218741e-10,-0.15053902031701363
0.15368,9.390372456071832e-10,8.408428017496537e-10,1.2516018131654733e-09,1.0661901694269511e-09,5.265666661159659e-10,0.4070449393738441
0.15373,9.831004632598373e-10,8.394306476220494e-10,1.2487775424613778e-09,1.0639759718374561e-09,5.26540161674514e-10,0.6164333144883354
0.15378,9.827996347683982e-10,8.349623405674698e-10,1.2440178274405355e-09,1.0594182440451387e-09,5.21497582951035e-10,0.6266954420559548
0.15383,9.83806398559066e-10,8.361471269524105e-10,1.2432666995152434e-09,1.059446282016205e-09,5.252278898399979e-10,0.6416639438069524
0.15388,9.904655630746542e-10,8.356075393675464e-10,1.2425363531054896e-09,1.058807458672873e-09,5.24786379582302e-10,0.6750936153763004
0.15393,9.948767314242058e-10,8.322203081250873e-10,1.2391498383235869e-09,1.055481431015838e-09,5.207123026326308e-10,0.7036582082676082
0.15398,8.87186712625332e-10,8.308768734068529e-10,1.2366666275204516e-09,1.053494638455394e-09,5.204427401881708e-10,0.23144252939894985
0.15403,7.66078394633304e-10,8.293526153156719e-10,1.2346403507571502e-09,1.0517043511018268e-09,5.191993030076519e-10,-0.24171029232367458
0.15408,6.401255347896057e-10,8.279332702113089e-10,1.2332330624974296e-09,1.0503185975363996e-09,5.174731955898852e-10,-0.6638492025147952
0.15413,5.222798119691591e-10,8.310174256800259e-10,1.2355383563394836e-09,1.052850647699633e-09,5.222798119691591e-10,-1.073600979587293
0.15418,5.206196057556297e-10,8.277231235457609e-10,1.2301676895001872e-09,1.0484362466815944e-09,5.206196057556297e-10,-1.2623059116392943
0.15423,5.130338886594825e-10,8.199985895300009e-10,1.220976240279605e-09,1.0399955996903286e-09,5.130338886594825e-10,-1.1504066938104336
0.15427,5.470465619323799e-10,8.208855378666241e-10,1.220924964280274e-09,1.0403146049063595e-09,5.152247550431388e-10,-0.9120884104444706
0.15432,7.454600544438023e-10,8.184219949730059e-10,1.2176830521807527e-09,1.0374405293662963e-09,5.131746162355087e-10,-0.2776703899618394
0.15437,9.50479785812846e-10,8.052142158004212e-10,1.199323669086127e-09,1.0214561656906736e-09,5.033589820373312e-10,0.6422467472952326
0.15442,1.0942969251688847e-09,8.007741167214202e-10,1.1927496344658866e-09,1.0158468757006553e-09,5.005318317501957e-10,1.4200199337084773
0.15447,1.1611010964635409e-09,8.021561359947889e-10,1.193199161211954e-09,1.0166546528029017e-09,5.033182158678236e-10,1.8108411885537683
0.15452,1.120346120836137e-09,7.984065591109464e-10,1.1890916905357795e-09,1.0127656249095892e-09,4.992164158146218e-10,1.5881806293588243
0.15457,1.021267903118805e-09,7.96823579857055e-10,1.1878464262756745e-09,1.0114107816746374e-09,4.969060028805491e-10,1.0430330982677736
0.15462,8.781874746830309e-10,7.989478302715305e-10,1.1890030961381145e-09,1.012927720552518e-09,5.006133928583158e-10,0.3443227771402392
0.15467,7.681583833354128e-10,7.98327176723005e-10,1.1882247713673167e-09,1.0122262185462808e-09,5.000511980947859e-10,-0.12121244930378534
0.15472,6.602965534279096e-10,7.961487674615248e-10,1.186474679444795e-09,1.010339986608282e-09,4.969156222099891e-10,-0.5180441681773332
0.15477,5.493282257240704e-10,7.978308349965673e-10,1.1873116269376652e-09,1.0114968542895817e-09,4.999275344964869e-10,-0.8643104902106922
0.15482,5.026415415371767e-10,7.992905072850629e-10,1.1879874614373622e-09,1.0124665475351003e-09,5.026415415371767e-10,-1.2557782518626792
0.15487,4.945662028377086e-10,7.939870200225115e-10,1.1840961215523845e-09,1.0080919417825177e-09,4.945662028377086e-10,-1.5048059424815659
0.15492,4.957572966715634e-10,7.946029517674867e-10,1.184340411012725e-09,1.0084764247272805e-09,4.957572966715634e-10,-1.4242251697818549
0.15497,5.17808292217317e-10,7.966024524176048e-10,1.1855262908539485e-09,1.0099623824903196e-09,4.991261229515619e-10,-0.9492344745072147
0.15502,7.423627038262189e-10,7.949327234828244e-10,1.1838295464715419e-09,1.0083086572871642e-09,4.971399305140655e-10,-0.21255614055899105
0.15507,9.248391298980796e-10,7.955798849441868e-10,1.1834973161628315e-09,1.008368337116543e-09,4.99088776874717e-10,0.5833483647356811
0.15512,1.0151058173337903e-09,7.942798822448661e-10,1.1819773817337877e-09,1.0069632486874881e-09,4.977825913759351e-10,1.044933710588523
0.15517,1.0588246562397639e-09,7.953070653749737e-10,1.1821016930069942e-09,1.0074400366793853e-09,5.001029906008142e-10,1.2866362114634327
0.15522,1.067248380729232e-09,7.946958922602177e-10,1.181189556437849e-09,1.0066644407182517e-09,4.997226743870073e-10,1.3381266283623499
0.15527,1.0202716744441302e-09,7.901287674881911e-10,1.177651593639785e-09,1.0027868108847886e-09,4.929873119806216e-10,1.0852993276579799
0.15532,9.224041434279318e-10,7.92747968114826e-10,1.1788591433933516e-09,1.0045286715743463e-09,4.978228432884541e-10,0.590433492018662
0.15537,7.49843998585173e-10,7.885897898010536e-10,1.173570191150516e-09,9.997858067799582e-10,4.941395454843072e-10,-0.15619244088942288
0.15542,6.717057544901212e-10,7.876642150199721e-10,1.1726928960446606e-09,9.989057005218491e-10,4.929660555548404e-10,-0.4493337420461931
0.15547,6.730519167210876e-10,7.888125110631903e-10,1.1734592640212654e-09,9.998079417544914e-10,4.948090719708812e-10,-0.4445004500753101
0.15552,7.255028326760063e-10,7.867540654262712e-10,1.1721176920884312e-09,9.982085076743962e-10,4.914749856732254e-10,-0.25026930179857
0.15557,7.487960008899686e-10,7.875933502214698e-10,1.172717486214702e-09,9.98891263908839e-10,4.927728257472291e-10,-0.159475026386745
0.15562,7.316276737915718e-10,7.873642966054836e-10,1.1717769492882127e-09,9.98233545169232e-10,4.934174791747147e-10,-0.22302976239930106
0.15567,6.972690290818248e-10,7.868161819073648e-10,1.170517617994707e-09,9.972923137786176e-10,4.935333646882026e-10,-0.35009482925420826
0.15572,6.544452401370239e-10,7.838605933743536e-10,1.1676530620800192e-09,9.944461850971487e-10,4.898424879102175e-10,-0.50117698684732
0.15577,6.050762283830765e-10,7.754312235547918e-10,1.1549882089615447e-09,9.83690163252578e-10,4.84706862312034e-10,-0.6454967215881827
0.15582,6.226617658855331e-10,7.730778731425664e-10,1.150341352308474e-09,9.800363160777736e-10,4.845878657552814e-10,-0.576270503425217
0.15587,6.622894316242502e-10,7.726745543054973e-10,1.1501581381699314e-09,9.797694722393195e-10,4.838363881797059e-10,-0.43627346230155517
0.15592,7.15726324999149e-10,7.726109336581827e-10,1.1500558866165676e-09,9.796826098735633e-10,4.838154218533141e-10,-0.2330752608782382
0.15597,7.865830069109084e-10,7.707165048754038e-10,1.1470772155110076e-09,9.771872818998725e-10,4.828177535254558e-10,0.06954022329817941
0.15602,8.676553669045779e-10,7.639368695844126e-10,1.138521484494431e-09,9.69491977303081e-10,4.767501529556068e-10,0.4678764800437244
0.15607,9.440724885260797e-10,7.61129987980415e-10,1.1340371137595341e-09,9.657531054044694e-10,4.753551706657004e-10,0.8773927398932013
0.15612,1.0090831880646756e-09,7.642961407261181e-10,1.135531955562274e-09,9.678783845985669e-10,4.811722403974213e-10,1.2425284747354421
0.15617,1.0244835433428544e-09,7.612446971189742e-10,1.133493824752029e-09,9.654789066713414e-10,4.762782958648743e-10,1.3313701412351224
0.15622,9.733492306139868e-10,7.622064582697474e-10,1.134194875498712e-09,9.662697706602723e-10,4.77747555998047e-10,1.041187152429548
0.15627,8.528691089757117e-10,7.612205481739074e-10,1.1335550140135309e-09,9.655057164228906e-10,4.761445707689201e-10,0.41722123325864263
0.15632,6.325619239393061e-10,7.582274849945196e-10,1.1283885411339196e-09,9.612933530773341e-10,4.751135560484035e-10,-0.49891386371071844
0.15637,4.751994604024259e-10,7.571400357052193e-10,1.126121169996399e-09,9.595346218962785e-10,4.751994604024259e-10,-1.244330338559579
0.15642,4.731760815547384e-10,7.543846860249195e-10,1.1222730890467167e-09,9.561888214161881e-10,4.731760815547384e-10,-1.5503413747645551
0.15647,4.739426850497738e-10,7.528844448633677e-10,1.118612312890448e-09,9.534480797535088e-10,4.739426850497738e-10,-1.3090284964913455
0.15652,5.816599874575785e-10,7.488046500069173e-10,1.1159411727886674e-09,9.502715805424234e-10,4.673395782880115e-10,-0.6564629984621818
0.15657,7.533677398267324e-10,7.537314135120395e-10,1.1220550346283652e-09,9.55802803278683e-10,4.718723748363489e-10,-0.0018519498766615113
0.15662,8.830130793065984e-10,7.548313553235435e-10,1.1227876476595027e-09,9.566662550958145e-10,4.736393628269714e-10,0.6122875326368203
0.15667,9.522877256925726e-10,7.563592868541827e-10,1.1238973714781315e-09,9.579197641603674e-10,4.759874918114846e-10,0.9795540727542938
0.15672,9.899171098511552e-10,7.562245512092263e-10,1.1239556083050478e-09,9.579000649072269e-10,4.755991052386817e-10,1.1898006933723766
0.15677,9.739919062147935e-10,7.522197404415202e-10,1.1212731458397387e-09,9.547480463150655e-10,4.692011682066656e-10,1.0993057127019197
0.15682,8.807507922037599e-10,7.521836442788471e-10,1.1212616775728227e-09,9.547294626953301e-10,4.690912247099651e-10,0.5986430160371946
0.15687,7.388631940285083e-10,7.54035524917286e-10,1.1222990586327663e-09,9.560664888362333e-10,4.723075939535533e-10,-0.06474576406098256
0.15692,5.776733406603718e-10,7.542432159582918e-10,1.1223820593660174e-09,9.561971879323537e-10,4.727061510161118e-10,-0.6787973338746344
0.15697,4.664300960759435e-10,7.481900510375956e-10,1.1154678028885006e-09,9.497517112941296e-10,4.664300960759435e-10,-1.0799275482338055
0.15702,4.724772383793378e-10,7.50176672215141e-10,1.114387620623211e-09,9.499009618171091e-10,4.724772383793378e-10,-1.2400895087204162
0.15707,4.947689132230399e-10,7.461570092686033e-10,1.111728906722675e-09,9.467555038125283e-10,4.660009471440713e-10,-0.9240051572767052
0.15712,6.03321047225755e-10,7.456216421759801e-10,1.1112653972359433e-09,9.46271902279017e-10,4.652732792535859e-10,-0.5726091443657646
0.15717,7.653372371280918e-10,7.475858236197198e-10,1.1126389911854899e-09,9.478520976027409e-10,4.683465047842319e-10,0.08026275928608585
0.15722,8.857588092089454e-10,7.455435659530374e-10,1.1114099234785268e-09,9.4632498592731e-10,4.64921476453429e-10,0.6647103688549929
0.15727,9.754855752452323e-10,7.48614959432654e-10,1.1135637746322802e-09,9.488007440663714e-10,4.697134120646531e-10,1.1555642195773608
0.15732,1.022407162998762e-09,7.461367719964453e-10,1.1117864517623681e-09,9.46780096663733e-10,4.658917159941603e-10,1.4325964035356904
0.15737,9.784517241126281e-10,7.468657760086419e-10,1.1121557120137893e-09,9.472846864976642e-10,4.671950894793452e-10,1.174778148972535
0.15742,9.275844044498533e-10,7.455776501319604e-10,1.1111751850645501e-09,9.462008519929665e-10,4.6527769630433907e-10,0.8901304790160768
0.15747,8.643933848392324e-10,7.451312478336966e-10,1.1097727216459094e-09,9.452026336565582e-10,4.658691014592889e-10,0.5644835372573005
0.15752,7.454484392647278e-10,7.458159745576899e-10,1.1103039787333292e-09,9.457851248532683e-10,4.668733692944606e-10,-0.0020527857486904804
0.15757,5.795679959807915e-10,7.471807845682478e-10,1.1114114525333403e-09,9.46973490111741e-10,4.688269989804169e-10,-0.6524798618260204
0.15762,4.639180786088312e-10,7.44060214902481e-10,1.1092546161253596e-09,9.444767944209427e-10,4.639180786088312e-10,-1.1647325093451157
0.15767,4.6518584357563595e-10,7.44871669810269e-10,1.1097827359736019e-09,9.451095602592828e-10,4.6518584357563595e-10,-1.449128054362729
0.15773,4.707903587099674e-10,7.482194570609531e-10,1.1118638127196244e-09,9.476471044021285e-10,4.707903587099674e-10,-1.299277374870105
0.15778,4.628371257064998e-10,7.432045943949772e-10,1.1084391207595182e-09,9.436600420228596e-10,4.628371257064998e-10,-1.0477053470904818
0.15783,5.723339997322957e-10,7.458549903344787e-10,1.1115038464077088e-09,9.463656422136302e-10,4.671606463765975e-10,-0.6758892946532816
0.15788,7.184902900327825e-10,7.450941024557186e-10,1.1097773454729655e-09,9.45190097554763e-10,4.657783623542915e-10,-0.11848583719767661
0.15793,8.553826629323114e-10,7.462607913202021e-10,1.1106754490493093e-09,9.46176952975009e-10,4.67507201224177e-10,0.517698218217397
0.15798,9.785964730910808e-10,7.470553982806888e-10,1.1113180831441158e-09,9.468678737084725e-10,4.686450019946572e-10,1.184523050046274
0.15803,1.0546585721653473e-09,7.456930530846753e-10,1.1103253174617428e-09,9.457501085294245e-10,4.66567820655644e-10,1.64243557808532
0.15808,1.0825218383896494e-09,7.443998480314914e-10,1.109370450876043e-09,9.446774884456473e-10,4.646003654631318e-10,1.819254666922628
0.15813,1.0512865625453048e-09,7.475892167269369e-10,1.1115531513286894e-09,9.47216143285801e-10,4.696476181122712e-10,1.621793076972931
0.15818,9.698246242413191e-10,7.468159788882374e-10,1.1110880417929724e-09,9.466382836601346e-10,4.683458318315901e-10,1.1346834444114922
0.15823,7.899909792849003e-10,7.468377190944011e-10,1.111333269059118e-09,9.467916062056213e-10,4.681011020447172e-10,0.19800152099343435
0.15828,5.9965900475618e-10,7.466272453151578e-10,1.111942868382836e-09,9.470662686568843e-10,4.668732915921248e-10,-0.5856178042621323
0.15833,4.742098919221524e-10,7.525816115935761e-10,1.1177850931920939e-09,9.52841995955011e-10,4.742098919221524e-10,-1.6445308129162395
0.15838,4.747118226852566e-10,7.541151466863235e-10,1.1204456498808259e-09,9.550093476932607e-10,4.747118226852566e-10,-2.785309019348145
0.15843,4.635687521382391e-10,7.470777800981996e-10,1.115653698361389e-09,9.49420667308875e-10,4.635687521382391e-10,-2.8932424327534183
0.15848,4.660689508788572e-10,7.490205635488564e-10,1.1174585410911756e-09,9.51245767977888e-10,4.660689508788572e-10,-2.16185595947013
0.15854,6.110968989191602e-10,7.519273682505765e-10,1.1195649400739306e-09,9.536297010398614e-10,4.70510872441806e-10,-0.5593189240459505
0.15859,8.7377048882969e-10,7.520728327016918e-10,1.1199294515727045e-09,9.539007596713198e-10,4.704277744870964e-10,0.5725355644027509
0.15864,1.0219649878567797e-09,7.517462973481847e-10,1.1202504732082162e-09,9.53959652596327e-10,4.692706959130209e-10,1.3831811003417074
0.15869,1.1801801499828726e-09,7.55874777633023e-10,1.1247596564830937e-09,9.583770449517242e-10,4.739233480324212e-10,2.3760800640349826
0.15874,1.2394797834680515e-09,7.502579673375558e-10,1.1196083143058464e-09,9.529951682468853e-10,4.664772354764656e-10,2.8039774886473845
0.15879,1.2513755419271245e-09,7.52290334201766e-10,1.1208960231250662e-09,9.545524402837251e-10,4.698103402217356e-10,2.891207020720917
0.15884,1.1320795404208276e-09,7.520822790615969e-10,1.1210180359960673e-09,9.545423642739135e-10,4.691656862275233e-10,2.0643439862851203
0.15889,9.649245608594556e-10,7.5675819759764e-10,1.1243879666995286e-09,9.583641848554638e-10,4.763646857224414e-10,1.0477499641286685
0.15894,6.193412770828187e-10,7.54799625732395e-10,1.1228339616625054e-09,9.566802380161464e-10,4.735112704664121e-10,-0.5346546024343102
0.15899,4.698115214006098e-10,7.520672496522016e-10,1.1204372351157946e-09,9.541966218773572e-10,4.698115214006098e-10,-1.8885961921216183
0.15904,4.719876595948164e-10,7.532727438599388e-10,1.1210288600499136e-09,9.550205331424678e-10,4.719876595948164e-10,-3.179942110196409
0.15909,5.011867696732387e-10,7.713442157459877e-10,1.133214158721308e-09,9.692821866068586e-10,5.011867696732387e-10,-3.7437301286425373
0.15915,4.749911757686124e-10,7.554125260084632e-10,1.1228186124729167e-09,9.569143284072234e-10,4.749911757686124e-10,-3.025809052712455
0.1592,4.689430566220895e-10,7.519789403169714e-10,1.1209892724320472e-09,9.544864016784193e-10,4.689430566220895e-10,-2.4563648469015757
0.15925,4.750844967768858e-10,7.55801737981302e-10,1.1235824673835235e-09,9.575050805808722e-10,4.750844967768858e-10,-1.0995959976277836
0.1593,9.206716335956788e-10,7.515678180436079e-10,1.1206833934389148e-09,9.541422171038109e-10,4.683383439861534e-10,0.8082283242675843
0.15935,1.2858338663392071e-09,7.462509870557298e-10,1.117118242490076e-09,9.499471287985403e-10,4.5993393170509435e-10,3.1400339815627443
0.1594,1.5363959017353396e-09,7.35398880068678e-10,1.1094533120556793e-09,9.411532263017486e-10,4.434577905098993e-10,5.191680891757761
0.15945,1.5980145191148099e-09,7.472536974367237e-10,1.1164599967892667e-09,9.499595871498215e-10,4.630615166266507e-10,5.778176685879242
0.1595,1.4889538375256224e-09,7.465899964804794e-10,1.1160938339972994e-09,9.49483448813076e-10,4.6191283249474137e-10,4.797366342695943
0.15955,1.2021960079300035e-09,7.497015797901957e-10,1.118827354652226e-09,9.52318966216858e-10,4.660687954336113e-10,2.545751737240943
0.1596,8.11523330561343e-10,7.549631232031073e-10,1.125458538780229e-09,9.582806452744581e-10,4.735341364611018e-10,0.2599172960441339
0.15966,4.703021051553606e-10,7.526883193059903e-10,1.1212667072662998e-09,9.549302318205709e-10,4.703021051553606e-10,-2.0449120522604622
0.15971,4.476177175155369e-10,7.379866118124726e-10,1.1110111141937824e-09,9.431012124761612e-10,4.476177175155369e-10,-3.102062546296159
0.15976,4.883534128101878e-10,7.634641042020145e-10,1.127914194043972e-09,9.63072470474771e-10,4.883534128101878e-10,-3.441990838880704
0.15981,4.901646737689644e-10,7.643300075037489e-10,1.128166859619379e-09,9.635628285731185e-10,4.901646737689644e-10,-3.132872330097742
0.15986,4.6553092110479293e-10,7.490948980383256e-10,1.118063945501278e-09,9.516305406553436e-10,4.6553092110479293e-10,-2.6165179168887027
0.15991,,,,,,
0.15996,,,,,,
0.16001,,,,,,
0.16007,,,,,,
0.16012,,,,,,
0.16017,,,,,,
0.16022,,,,,,
0.16027,,,,,,
0.16032,1.0423186221958554e-09,7.67095768268342e-10,1.139775679015516e-09,9.71465832521286e-10,4.828752690878188e-10,1.413121237122587
0.16037,6.499357624655332e-10,7.586406184480589e-10,1.1300726322511186e-09,9.624410157569694e-10,4.741226681963013e-10,-0.440499239704805
0.16042,5.957431780150933e-10,7.597960232946437e-10,1.1302368893530048e-09,9.629940573209006e-10,4.766893233211099e-10,-0.6309908611209457
0.16048,5.011769519049775e-10,7.50421442996882e-10,1.118631142731429e-09,9.524907422047483e-10,4.679989678860042e-10,-0.9149196961427366
0.16053,4.672756689367952e-10,7.492181414934951e-10,1.1168159433021408e-09,9.509505794932803e-10,4.672756689367952e-10,-1.1979879841791348
0.16058,4.6555610072644593e-10,7.478678271275991e-10,1.1155464099157612e-09,9.496727156677145e-10,4.6555610072644593e-10,-1.6946948816786915
0.16063,4.685296551230132e-10,7.496448191402754e-10,1.1166287153584352e-09,9.510069064289077e-10,4.685296551230132e-10,-1.9009542915973037
0.16068,4.647436154809969e-10,7.470084658746214e-10,1.1145147416717985e-09,9.487253042459415e-10,4.647436154809969e-10,-2.2410991791550523
0.16073,4.670819078436027e-10,7.487374103623928e-10,1.1160597922232279e-09,9.50305440973946e-10,4.670819078436027e-10,-2.0329419342757236
0.16078,4.658204907335913e-10,7.47676848914057e-10,1.1149603191933112e-09,9.492488824754718e-10,4.658204907335913e-10,-1.6077040399036562
0.16084,5.939757732790742e-10,7.501659433014923e-10,1.1165298084616352e-09,9.511520122933591e-10,4.699090764941607e-10,-0.6130553458543463
0.16089,8.237834758557562e-10,7.482991638827828e-10,1.1150552018099529e-09,9.49550715111877e-10,4.671899271191283e-10,0.3411537515946316
0.16094,9.149435519897058e-10,7.492722493823093e-10,1.115594471058907e-09,9.502513823061246e-10,4.688755171175555e-10,0.8060045637315778
0.16099,9.850318330617982e-10,7.498182443903444e-10,1.1160151445494161e-09,9.507136654123493e-10,4.696828816359327e-10,1.1953754312673022
0.16104,1.044202269662386e-09,7.507607319083083e-10,1.1166038864769797e-09,9.514302324368963e-10,4.712462626959999e-10,1.5473465264702362
0.16109,1.0965999378117136e-09,7.507337812434433e-10,1.1164278958723466e-09,9.513166178745282e-10,4.71389476895155e-10,1.877537745720141
0.16114,1.1119504921099123e-09,7.516786716818045e-10,1.116859113574486e-09,9.519423581586049e-10,4.731449445528224e-10,1.9791570619393044
0.1612,1.0561249963650191e-09,7.477656274019999e-10,1.1139190725565715e-09,9.486745390794422e-10,4.672548675800683e-10,1.6277473208051498
0.16125,9.118828794650667e-10,7.455317472974493e-10,1.1110096696175798e-09,9.460869869176087e-10,4.653569250553853e-10,0.8060457902296654
0.1613,7.344929768903003e-10,7.459846952956561e-10,1.1102089892023808e-09,9.457957850386286e-10,4.673905054531949e-10,-0.04893253165904359
0.16135,5.710327935908774e-10,7.44856973326745e-10,1.1091210758453012e-09,9.44713250123917e-10,4.659781042849268e-10,-0.6791995167129359
0.1614,4.74586343335536e-10,7.431749966295217e-10,1.1076915807875518e-09,9.432112191112084e-10,4.636495249722643e-10,-0.977182780231232
0.16145,4.697705256688696e-10,7.45289801675409e-10,1.109018592229508e-09,9.448237721970443e-10,4.671370178511605e-10,-0.9904683750672442
0.16151,4.714272416022617e-10,7.463351698927779e-10,1.1110084860003588e-09,9.46403294967296e-10,4.672796516479488e-10,-0.9886199684261952
0.16156,5.032401270991474e-10,7.468449775723601e-10,1.1130229828708647e-09,9.477860703531577e-10,4.661129824049399e-10,-0.9011322217397089
0.16161,5.571060798529094e-10,7.474608617149815e-10,1.1134989270130553e-09,9.483078812186685e-10,4.670234377699502e-10,-0.7335828716142914
0.16166,6.250634425284943e-10,7.44628800326508e-10,1.1096540988480646e-09,9.449340592062014e-10,4.6481272198734236e-10,-0.4903546802046351
0.16171,7.11586415826557e-10,7.440525562048254e-10,1.1081912492300823e-09,9.438475294505674e-10,4.6517354409634156e-10,-0.14330036387891265
0.16176,7.152098088566756e-10,7.437382127185287e-10,1.1078091286829202e-09,9.434991109003688e-10,4.648760334939924e-10,-0.1270958522395808
0.16182,7.511915210518052e-10,7.449037841813862e-10,1.1085671191061152e-09,9.444031143502563e-10,4.667697851684137e-10,0.029518685210211646
0.16187,7.229556838974797e-10,7.459901014326416e-10,1.1105268806034999e-09,9.459825321891399e-10,4.670378434503568e-10,-0.10022432700667039
0.16192,7.545505960381692e-10,7.464352149928784e-10,1.1108285174905402e-09,9.463354528447927e-10,4.677435174914422e-10,0.03766756884406844
0.16197,7.982509116534231e-10,7.459147854305309e-10,1.1105508707637034e-09,9.459645248991395e-10,4.668425673958456e-10,0.2379061517623027
0.16202,8.202761370382795e-10,7.444362730073829e-10,1.1082276094819053e-09,9.440223030642744e-10,4.660358433956984e-10,0.35175399450680767
0.16207,8.20401133340867e-10,7.445740011319624e-10,1.1080385200530525e-09,9.43965281594707e-10,4.66593109865208e-10,0.35422668137305086
0.16213,8.185420180126696e-10,7.455918227609629e-10,1.1087840356696468e-09,9.44804125436324e-10,4.681474147690216e-10,0.3447131196438383
0.16218,8.426582603280976e-10,7.427477822714448e-10,1.1067787490044122e-09,9.425055882575842e-10,4.637184377492431e-10,0.46434769928425756
0.16223,8.418471763478931e-10,7.453774719545266e-10,1.1085317654850023e-09,9.445715990674118e-10,4.679415927028845e-10,0.46079405218833047
0.16228,8.718015930899429e-10,7.457755946587822e-10,1.1086214771092362e-09,9.44780911190105e-10,4.687842904019618e-10,0.6141665190499261
0.16233,8.693303576175857e-10,7.428852472286804e-10,1.1068220129347425e-09,9.425848824126001e-10,4.6399765599464953e-10,0.6003884216486934
0.16239,8.103870312293563e-10,7.426184973522061e-10,1.1066272847449409e-09,9.423655412673787e-10,4.6358998873587587e-10,0.3062826710358102
0.16244,7.403528799118859e-10,7.443383280183394e-10,1.1079265652151956e-09,9.4380639419238e-10,4.66163056988412e-10,-0.017076196881290598
0.16249,6.089448910415084e-10,7.424457775096932e-10,1.106643738062034e-09,9.423068571395963e-10,4.6315909504229393e-10,-0.5435601898606137
0.16254,5.189195309828145e-10,7.430071005208027e-10,1.106696583067032e-09,9.425592509067763e-10,4.6443833040481077e-10,-0.8442833220940105
0.16259,4.63372436896125e-10,7.423292214956694e-10,1.1062307046129377e-09,9.420180628782224e-10,4.63372436896125e-10,-1.1446871057230341
0.16265,4.617044594089665e-10,7.411942844911513e-10,1.1053530565265965e-09,9.410548250114867e-10,4.617044594089665e-10,-1.2245519550132808
0.1627,4.737901029871948e-10,7.42666775898391e-10,1.1063377920758224e-09,9.422135427750723e-10,4.64055432720926e-10,-0.9771806098035897
0.16275,6.053400156262197e-10,7.433541498004425e-10,1.106729648140529e-09,9.427148614306038e-10,4.6523368130814417e-10,-0.5546998317210929
0.1628,6.833551694997287e-10,7.427232123701158e-10,1.1063643508659614e-09,9.422524261296947e-10,4.6415263976088956e-10,-0.25586035221844045
0.16285,7.261770649376823e-10,7.444391529864566e-10,1.1076037464464852e-09,9.436574178877684e-10,4.667842063936724e-10,-0.07677514494880472
0.16291,7.521300617114347e-10,7.40733688457511e-10,1.1030123339320636e-09,9.395022443780657e-10,4.6335936962270646e-10,0.04887733999304303
0.16296,8.426595667769092e-10,7.354242656268301e-10,1.0958314865840296e-09,9.33193341786262e-10,4.59180469936053e-10,0.5067707463697969
0.16301,9.817848980424798e-10,7.338738128383108e-10,1.0946287067538809e-09,9.318744632992854e-10,4.569110686387231e-10,1.277494057946307
0.16306,1.0938944242566424e-09,7.395516636388589e-10,1.0983477586257957e-09,9.362945151244843e-10,4.661048948133733e-10,1.9843335861115234
0.16311,1.1125533162204147e-09,7.377392147275541e-10,1.0975583216383278e-09,9.351161177157487e-10,4.6269422914835977e-10,2.1041021044310715
0.16317,9.763998748837479e-10,7.384418752674648e-10,1.097913711767699e-09,9.356000230253068e-10,4.639646870399718e-10,1.2436366136806076
0.16322,7.724131736268081e-10,7.371347725636169e-10,1.0971139730960324e-09,9.346187929297095e-10,4.6176298811664085e-10,0.16230749096099795
0.16327,5.101047591589017e-10,7.368778305156611e-10,1.0967617566550127e-09,9.343110585853417e-10,4.615639235788379e-10,-0.8562230470415896
0.16332,4.623405829552407e-10,7.372583272076935e-10,1.0968728802417644e-09,9.345269105962514e-10,4.623405829552407e-10,-1.8065398222848137
0.16337,4.5768097692924375e-10,7.340452918092584e-10,1.0943183304573651e-09,9.31760963002722e-10,4.5768097692924375e-10,-2.114537274019596
0.16343,4.647115565178086e-10,7.384291411601001e-10,1.0972407663961467e-09,9.352047911063105e-10,4.647115565178086e-10,-1.7702725799269736
0.16348,4.690871915325958e-10,7.34515821948602e-10,1.0946838207096987e-09,9.321609265500152e-10,4.5837277058966855e-10,-0.9768629111146213
0.16353,7.008980650259598e-10,7.358464947706391e-10,1.0955900054242554e-09,9.332173017988494e-10,4.6048209525060675e-10,-0.15359972595592974
0.16358,8.436328948354619e-10,7.365393175116829e-10,1.0963814486996635e-09,9.339546185856824e-10,4.612034421334872e-10,0.5132877502357956
0.16364,9.324507299238814e-10,7.364696092853288e-10,1.0958926416373676e-09,9.336397536062676e-10,4.6162063942468995e-10,0.9955307093096676
0.16369,9.679664862940245e-10,7.330755960625181e-10,1.0934888551939003e-09,9.308899528582818e-10,4.563585753820661e-10,1.2015656023370123
0.16374,1.0219565149267624e-09,7.39190723643219e-10,1.098947086363218e-09,9.36797784089402e-10,4.648670304852593e-10,1.5254466163360263
0.16379,1.0216387318449655e-09,7.387513153455099e-10,1.0974314068974245e-09,9.354408482770677e-10,4.652763226929385e-10,1.5247428180975053
0.16385,9.699371846506672e-10,7.356757798936151e-10,1.0955192841200949e-09,9.33106016340596e-10,4.60172341073883e-10,1.2107047570100153
0.1639,8.668114985054834e-10,7.358127823668042e-10,1.0956834956912197e-09,9.332569007870144e-10,4.603023318780027e-10,0.6351792383638929
0.16395,7.420619180584101e-10,7.356961578125516e-10,1.0953845767035501e-09,9.330365277546627e-10,4.603717215670622e-10,0.02728492901706862
0.164,5.905546434369294e-10,7.353299491660477e-10,1.0951221373874318e-09,9.327391129642555e-10,4.598004697128648e-10,-0.5857538856862088
0.16405,4.654120976942736e-10,7.393727008257219e-10,1.0985153299862683e-09,9.36333587457073e-10,4.654120976942736e-10,-1.199146068409413
0.16411,4.6265736507882585e-10,7.36728477292772e-10,1.0970576675132772e-09,9.335704727848042e-10,4.6265736507882585e-10,-1.6256982450992903
0.16416,4.643853141977241e-10,7.378085468189268e-10,1.096274379777557e-09,9.343911408209059e-10,4.643853141977241e-10,-1.5911766089574484
0.16421,4.559400698713569e-10,7.325592848665329e-10,1.092796078120735e-09,9.302807234499662e-10,4.559400698713569e-10,-1.4146124960638704
0.16426,4.801995262791939e-10,7.365769410099128e-10,1.0952519065944819e-09,9.333071110901853e-10,4.6263446634432635e-10,-0.9429358242019669
0.16432,5.848503667193946e-10,7.307566617605575e-10,1.0893544710351897e-09,9.27547680904831e-10,4.557039239972597e-10,-0.5967101748592326
0.16437,6.31106077309154e-10,7.321967844663583e-10,1.0887674661060475e-09,9.277730478425456e-10,4.5985451140746787e-10,-0.4179813941012326
0.16442,7.465278521419152e-10,7.297910236156467e-10,1.086452587175559e-09,9.254654027038489e-10,4.5684250538215826e-10,0.07580508719600887
0.16447,8.739476283961728e-10,7.314718024790956e-10,1.0876609448070478e-09,9.268369398833132e-10,4.59437727809415e-10,0.7126559082460443
0.16453,1.0341089668787686e-09,7.300074287982655e-10,1.0865968547684737e-09,9.256349618478405e-10,4.5719220814624e-10,1.6568963158174734
0.16458,1.084633526077579e-09,7.331436916341204e-10,1.0885429587848465e-09,9.280132201786184e-10,4.624085475084455e-10,1.9892104010105474
0.16463,1.0469867831349387e-09,7.279508845913283e-10,1.0850728316896984e-09,9.239305099978971e-10,4.5407436933283297e-10,1.7410881812647971
0.16468,9.586259217026614e-10,7.322144237163441e-10,1.087797824730607e-09,9.272109618232941e-10,4.6107448586519097e-10,1.1949802450263258
0.16474,8.239233192890987e-10,7.286430140923099e-10,1.0853710402408845e-09,9.243779349139154e-10,4.553788977139683e-10,0.453238065484937
0.16479,6.660277177766436e-10,7.241605979880501e-10,1.0783353630481862e-09,9.184815027212239e-10,4.529990464885849e-10,-0.2551501398085555
0.16484,5.059683239327376e-10,7.243872974854634e-10,1.076656851040098e-09,9.175856593942752e-10,4.5554157777660326e-10,-0.8378342354461831
0.1649,4.5634638038269463e-10,7.248698446368562e-10,1.076952035243496e-09,9.179496980373096e-10,4.5634638038269463e-10,-1.4130415187804786
0.16495,4.5434807979867827e-10,7.236860246285229e-10,1.0762169066856866e-09,9.17056259256118e-10,4.5434807979867827e-10,-1.2803228450634234
0.165,4.892088359710384e-10,7.225699668413049e-10,1.0750688604873882e-09,9.159380596110335e-10,4.530676607033453e-10,-0.8895075415271365
0.16505,5.807643878154959e-10,7.234819497830575e-10,1.0757924352483195e-09,9.167073473930331e-10,4.544635560245655e-10,-0.5804828861561425
0.16511,6.835334989613118e-10,7.214377880816309e-10,1.0742378194428858e-09,9.150020203948118e-10,4.513516392156367e-10,-0.16982846485420564
0.16516,7.545193444182086e-10,7.225236756641503e-10,1.0750983337643184e-09,9.159345310894752e-10,4.529349718039027e-10,0.15164595167621914
0.16521,8.135107920189083e-10,7.203967162164761e-10,1.0737772527339708e-09,9.143196069112126e-10,4.494175889775901e-10,0.4427527549249548
0.16526,8.051103205495357e-10,7.212067552199504e-10,1.0741720896735267e-09,9.148707327652479e-10,4.50880400912778e-10,0.40094124476729465
0.16532,7.601235584731481e-10,7.220813183137132e-10,1.075129946059761e-09,9.157807302435782e-10,4.518246220784488e-10,0.17633437740996
0.16537,6.83469146788e-10,7.213768172605349e-10,1.0746683696479256e-09,9.152311142708758e-10,4.506923764629198e-10,-0.17242799749853904
0.16542,6.755571215089389e-10,7.229775882493395e-10,1.0756047370500122e-09,9.164123932363544e-10,4.534105587727867e-10,-0.20568638310020615
0.16548,7.329767029715463e-10,7.224554098908511e-10,1.0752505948033912e-09,9.159985534186016e-10,4.5258047392052387e-10,0.04933853837433665
0.16553,7.729250531281136e-10,7.213569394852438e-10,1.0743103733170954e-09,9.150131491391873e-10,4.510693432650035e-10,0.24034476663648457
0.16558,7.754076845302236e-10,7.214162643002144e-10,1.0742162412337137e-09,9.149810482974255e-10,4.5132462905918426e-10,0.25336037818201357
0.16563,7.467238287785397e-10,7.219796403605578e-10,1.074623639736385e-09,9.154423113439433e-10,4.5218987640625494e-10,0.11535298623533555
0.16569,7.134331874280682e-10,7.219196525402704e-10,1.074523399478445e-09,9.15359498806674e-10,4.521672066292898e-10,-0.03775158587199655
0.16574,6.585758941931271e-10,7.227191757944864e-10,1.0750589936136992e-09,9.159890780381868e-10,4.534472471734375e-10,-0.27536785253996116
0.16579,6.295717318187922e-10,7.208892659274253e-10,1.0737282440847314e-09,9.144866466985064e-10,4.506436926346734e-10,-0.3929262841829755
0.16585,6.218392618843919e-10,7.208187517091228e-10,1.0736222108454907e-09,9.143966961912776e-10,4.5060030233150923e-10,-0.4232496739158997
0.1659,6.761821878551362e-10,7.212080909630404e-10,1.0739605687809702e-09,9.147492611809857e-10,4.51127861439163e-10,-0.20079611027512106
0.16595,7.579294254366067e-10,7.240476832595785e-10,1.0769671690193158e-09,9.178809347682646e-10,4.504604750928369e-10,0.15450123355606932
0.166,8.339561724788097e-10,7.216013901262861e-10,1.0740487425197497e-09,9.149555401944616e-10,4.519683536916181e-10,0.5530347103298215
0.16606,8.819750491672143e-10,7.230754438105085e-10,1.0748610701653478e-09,9.160139623160972e-10,4.5453516869780503e-10,0.8148064016891555
0.16611,8.774279485511969e-10,7.221836672981017e-10,1.074264340880005e-09,9.152934487277819e-10,4.530775444297758e-10,0.7894698279697444
0.16616,8.5779520771149e-10,7.208997624820977e-10,1.073653925745974e-09,9.1443838518733e-10,4.507649429525006e-10,0.6799663803541562
0.16622,8.086817277599606e-10,7.218521535731967e-10,1.0745639749525059e-09,9.153575236657366e-10,4.5195177229259605e-10,0.41930172864584164
0.16627,7.462056528548912e-10,7.214436921770629e-10,1.0742263078058267e-09,9.149979123913746e-10,4.513774594600902e-10,0.11311685688665482
0.16632,6.550744636569457e-10,7.223227479314848e-10,1.0747625622805495e-09,9.15658765451948e-10,4.5284932941422073e-10,-0.28976931494899394
0.16638,5.578329988326546e-10,7.218859867275276e-10,1.076404170605338e-09,9.158557550332666e-10,4.511229989720309e-10,-0.665096483603733
0.16643,6.028767090974082e-10,7.187345956608184e-10,1.070741267970551e-09,9.118843891122497e-10,4.49029464851138e-10,-0.4908318159861546
0.16648,6.28989465089391e-10,7.203808127771779e-10,1.071896595517084e-09,9.13212024073545e-10,4.5159668312305744e-10,-0.38892681972553705
0.16654,6.380931115684937e-10,7.188827896340178e-10,1.0706841284745318e-09,9.119094629862036e-10,4.494507192548739e-10,-0.3513924663964406
0.16659,6.195208289599689e-10,7.188196315556635e-10,1.0706183111863814e-09,9.118462013919872e-10,4.493760433168125e-10,-0.42550142308405275
0.16664,6.034888911422152e-10,7.192481729970954e-10,1.0709385691109927e-09,9.122028364551396e-10,4.500234934761783e-10,-0.4879204015327752
0.16669,6.3683045062038e-10,7.208723131883999e-10,1.0726755660726542e-09,9.138628276190399e-10,4.5184736590171077e-10,-0.35938541009946007
0.16675,6.481107319750306e-10,7.188820523547699e-10,1.0710516469692874e-09,9.121233639072794e-10,4.4902279505789624e-10,-0.31206724205099545
0.1668,7.285438582889944e-10,7.201354606256538e-10,1.0720011300917005e-09,9.131781521828063e-10,4.508748963158061e-10,0.038494568386988955
0.16685,8.296987373970864e-10,7.205370912246181e-10,1.0725062444115751e-09,9.136303374327973e-10,4.512531738011988e-10,0.5367822244110065
0.16691,9.378465949243116e-10,7.219139817821379e-10,1.0727801030623863e-09,9.143337637889955e-10,4.542329243109116e-10,1.1486680464512322
0.16696,9.910647249582772e-10,7.21985915409862e-10,1.0727319686845983e-09,9.143338609181577e-10,4.5446350805192444e-10,1.4757291114066577
0.16701,9.80523970135829e-10,7.200472241428604e-10,1.0718269578349516e-09,9.13038901565796e-10,4.5088434460029006e-10,1.4056411731537772
0.16707,8.801055083212732e-10,7.207938789041571e-10,1.071983632929846e-09,9.134254616404136e-10,4.5248722560783723e-10,0.8156513558243832
0.16712,7.081745945079476e-10,7.200864453804654e-10,1.0716965598759807e-09,9.129786151344609e-10,4.511284606961139e-10,-0.05278416529546783
0.16717,4.935499490591073e-10,7.206277484591896e-10,1.07256267254739e-09,9.137520138885983e-10,4.512625171055751e-10,-0.8732997696971657
0.16723,4.5404273195516647e-10,7.217940765855209e-10,1.0726915957225343e-09,9.142357999198293e-10,4.5404273195516647e-10,-1.6940336656025157
0.16728,4.540150837599722e-10,7.217147151497515e-10,1.072556461310005e-09,9.141249114970658e-10,4.540150837599722e-10,-1.9192943599033425
0.16733,4.464142366200619e-10,7.170261492118276e-10,1.0695074190501283e-09,9.104857852712123e-10,4.464142366200619e-10,-1.3906832427032634
0.16739,6.747398839982817e-10,7.198560066818981e-10,1.0711264673549339e-09,9.125518523069445e-10,4.512622863456138e-10,-0.19748278635333252
0.16744,9.035703186991011e-10,7.205902104251066e-10,1.0718480207607614e-09,9.132640262378673e-10,4.5216935948597295e-10,0.9487101199494095
0.16749,9.825375791085677e-10,7.227868588632721e-10,1.0734992024874128e-09,9.150994586672585e-10,4.554766753223331e-10,1.4198581694033752
0.16755,9.867325787057513e-10,7.160276215851538e-10,1.0683867783056851e-09,9.094335517954234e-10,4.453615111737067e-10,1.4520841271815974
0.1676,8.952622412708201e-10,7.202169179187238e-10,1.0711510853601734e-09,9.127086653306965e-10,4.520984753584212e-10,0.9050345467559442
0.16766,7.52498942755987e-10,7.18361115693059e-10,1.0696906334372506e-09,9.111200034576352e-10,4.493854635802518e-10,0.15794397060145626
0.16771,6.298703730748822e-10,7.179166130567052e-10,1.0694161040603153e-09,9.10783868668416e-10,4.486459006690928e-10,-0.38184142921437714
0.16776,5.285702277925434e-10,7.173303465057461e-10,1.0690338436712407e-09,9.103293068367265e-10,4.476888756475667e-10,-0.7554790592620302
0.16782,4.734909005706878e-10,7.170317017577451e-10,1.0687204022201339e-09,9.10025767426337e-10,4.4735132464484077e-10,-0.9308835356628365
0.16787,4.730455047995131e-10,7.167376633144047e-10,1.0683550155422136e-09,9.09696681976859e-10,4.4708235428560253e-10,-0.9318241817440169
0.16792,4.821957357166026e-10,7.178403717625401e-10,1.0696155358227948e-09,9.108715472517986e-10,4.482229428081865e-10,-0.9052907309456606
0.16798,5.828326240790526e-10,7.172643857561814e-10,1.0684796625467755e-09,9.099772748216771e-10,4.481952452543084e-10,-0.5616076334152615
0.16803,6.935182390268035e-10,7.174983333908511e-10,1.0687137553725772e-09,9.102058732727292e-10,4.4848305694497893e-10,-0.11143462513101557
0.16808,8.207995396757338e-10,7.178531943941394e-10,1.0691246169508342e-09,9.105878993612765e-10,4.488393615549207e-10,0.5016845020322438
0.16814,9.050803841572142e-10,7.121913344020778e-10,1.0604813545167724e-09,9.032821018749668e-10,4.4554986692556433e-10,1.0087357542134652
0.16819,9.316554282859624e-10,7.081890971668316e-10,1.0537627363368514e-09,8.977602172497914e-10,4.439498892507809e-10,1.2062111672367295
0.16824,9.00384459461532e-10,7.062139688869633e-10,1.051122438279645e-09,8.953930223259551e-10,4.424469134454397e-10,1.0310722451259957
0.1683,8.208912042248362e-10,7.064616322139397e-10,1.0509784881558572e-09,8.954443677856153e-10,4.4312421968223593e-10,0.5810826931634211
0.16835,7.726374132144055e-10,7.042861055648079e-10,1.0494748534075267e-09,8.937044215279061e-10,4.396983567030706e-10,0.3272904213778551
0.16841,7.512935898930936e-10,7.057782155359173e-10,1.0505125827433365e-09,8.949021893924284e-10,4.420353528804889e-10,0.21966479121242563
0.16846,7.05272356394912e-10,6.890270991387449e-10,1.0262649070738071e-09,8.740612116338027e-10,4.3074875121814184e-10,0.07494457595190508
0.16851,6.882860856614998e-10,6.814181404268994e-10,1.0145308337139005e-09,8.641740615757585e-10,4.2646523528916745e-10,0.032341078178551134
0.16857,6.705198429340971e-10,6.795424428013735e-10,1.0118721703947873e-09,8.618764834377823e-10,4.251186655729867e-10,-0.0451263764299511
0.16862,6.308831940598142e-10,6.789199981184143e-10,1.0101725642687949e-09,8.606347443638217e-10,4.256403125393429e-10,-0.2221653023234745
0.16867,5.294316008084534e-10,6.787559739339461e-10,1.009926177814172e-09,8.604247294576099e-10,4.255448144192802e-10,-0.6424341421308455
0.16873,4.3331250066517744e-10,6.756424610455583e-10,1.0076647427607881e-09,8.578690748853498e-10,4.2077868088122945e-10,-0.9729472762430385
0.16878,4.2161381637158684e-10,6.734025614656718e-10,1.0044699278672228e-09,8.551108681335351e-10,4.1921501105067667e-10,-1.0048294298026483
0.16884,4.823278543158345e-10,6.745518674733235e-10,1.0029432283258588e-09,8.546677165171697e-10,4.237803345275387e-10,-0.8002157956900726
0.16889,5.694130243228587e-10,6.689932439812629e-10,9.96183138289716e-10,8.485090323743989e-10,4.1840142915806495e-10,-0.4550967138369624
0.16894,6.640180413521954e-10,6.664477363413215e-10,9.919872190183031e-10,8.450416400272739e-10,4.1738504047074045e-10,-0.01145683553067331
0.169,7.697175111967461e-10,6.667353695133269e-10,9.911256277349773e-10,8.446489551007933e-10,4.1910372872282145e-10,0.5583854772434071
0.16905,8.129106688487992e-10,6.668640076523464e-10,9.913305904609177e-10,8.448120985485125e-10,4.1915766002568044e-10,0.8115699355687445
0.16911,8.359679765772779e-10,6.661835842701036e-10,9.907017730733914e-10,8.441823687999918e-10,4.182855507799253e-10,0.9545857431966442
0.16916,8.117608657422133e-10,6.607387080289123e-10,9.848115073123336e-10,8.385779036554481e-10,4.122453536207889e-10,0.8264741637109999
0.16921,7.500543259093339e-10,6.627674732447544e-10,9.86136253155653e-10,8.401560103970829e-10,4.155249829483453e-10,0.46534211010845533
0.16927,6.935869181876043e-10,6.608080935644732e-10,9.842466282785712e-10,8.382743677412139e-10,4.1307687883868665e-10,0.16336688931202406
0.16932,6.21543265221985e-10,6.630011073992482e-10,9.879252797715813e-10,8.418554346221266e-10,4.137143197533843e-10,-0.20192707288383843
0.16938,5.189315318946647e-10,6.622055797125461e-10,9.850288516078136e-10,8.392848876188384e-10,4.154931343170673e-10,-0.6320347862277977
0.16943,4.744477078618798e-10,6.595774031471478e-10,9.831708626283113e-10,8.371581193506162e-10,4.1140719718716816e-10,-0.7979355077781898
0.16948,4.560171462567278e-10,6.608215319111566e-10,9.839550339897115e-10,8.381090035673738e-10,4.1345227553704076e-10,-0.8623223911795094
0.16954,4.464124091026314e-10,6.591360855773318e-10,9.827536398235829e-10,8.367390519179401e-10,4.108481338809286e-10,-0.8947271986019163
0.16959,4.920887550290587e-10,6.588677333742127e-10,9.825444063435918e-10,8.365102318189283e-10,4.1045628860090776e-10,-0.7332560622059064
0.16965,6.079296877986692e-10,6.602254720899334e-10,9.833628085806198e-10,8.375258665872146e-10,4.127317978844385e-10,-0.2530948420544557
0.1697,7.022275776047693e-10,6.632263059309695e-10,9.865487792052407e-10,8.405788555113854e-10,4.1613565225142493e-10,0.2040597540032607
0.16975,7.823320295073272e-10,6.654450461046107e-10,9.903082276321922e-10,8.436602617831538e-10,4.1698190746244575e-10,0.6308858257166331
0.16981,8.342105453029416e-10,6.639769152484784e-10,9.891269166174618e-10,8.42388216140372e-10,4.148684529714064e-10,0.9445410447125117
0.16986,8.258858752595726e-10,6.636104077198419e-10,9.886833451005234e-10,8.41983500485813e-10,4.145170355600475e-10,0.8949455119509735
0.16992,7.936701753597507e-10,6.661632605813613e-10,9.90152594127547e-10,8.438528024549139e-10,4.1888697379676944e-10,0.7026955995955061
0.16997,7.520105448374279e-10,6.649805195061101e-10,9.891684796269948e-10,8.428090558603223e-10,4.172189393094244e-10,0.4642417189918337
0.17002,7.086166713156356e-10,6.627358656119776e-10,9.87463324117743e-10,8.409233296459198e-10,4.1386777109403133e-10,0.2291552256170726
0.17008,6.779511757699286e-10,6.610348276608055e-10,9.841017976486186e-10,8.382789549783573e-10,4.137906037709901e-10,0.08469316376567435
0.17013,6.846783219217992e-10,6.613351452258406e-10,9.842493298553502e-10,8.384841789936219e-10,4.143333891011286e-10,0.11952620881541738
0.17019,6.769867122738614e-10,6.655809348057464e-10,9.904560104348095e-10,8.438011279017591e-10,4.1712854687328064e-10,0.058856945171483314
0.17024,6.180377227461583e-10,6.645137027191584e-10,9.896744327709112e-10,8.429217911077432e-10,4.154997248529384e-10,-0.2245533775720848
0.1703,5.409882774729837e-10,6.637750450612212e-10,9.891292214122797e-10,8.423107404784605e-10,4.143784018844115e-10,-0.556410583037985
0.17035,5.12762200824628e-10,6.658355103258868e-10,9.904404245373956e-10,8.438927721170575e-10,4.177551653501229e-10,-0.6667738338070561
0.1704,5.335323092303327e-10,6.65624068542205e-10,9.902715539893647e-10,8.437100427428311e-10,4.1745034870157645e-10,-0.5858252673584865
0.17046,5.895983387677735e-10,6.635162396818744e-10,9.88638611962731e-10,8.419201592925036e-10,4.1434461856259754e-10,-0.35048856097998293
0.17051,6.196942640410955e-10,6.636319573179447e-10,9.884355306898021e-10,8.418465450109447e-10,4.148625293851733e-10,-0.21350663682520643
0.17057,6.258624919145223e-10,6.603781760068395e-10,9.835017723925279e-10,8.376676622723595e-10,4.129321569082854e-10,-0.1699729006444138
0.17062,6.193230497940932e-10,6.60920175116541e-10,9.83879653838099e-10,8.381032229608146e-10,4.1378074953927423e-10,-0.20072778956876977
0.17068,6.092164543649679e-10,6.614105056305133e-10,9.841504674442303e-10,8.384554925498444e-10,4.1463395861306917e-10,-0.24716154675807456
0.17073,6.367120474788451e-10,6.609254584319402e-10,9.838151998871187e-10,8.380674126223877e-10,4.1387038873108195e-10,-0.11810784268252153
0.17078,6.8280295091395e-10,6.611552279740404e-10,9.83984151294219e-10,8.382571533991568e-10,4.1422024377808047e-10,0.1108298659482544
0.17084,7.458647592109703e-10,6.615486849866147e-10,9.836842677871978e-10,8.382363059806158e-10,4.1552110677613574e-10,0.45442845885927297
0.17089,7.929562254244205e-10,6.564436411281748e-10,9.779203818434331e-10,8.32840247543444e-10,4.101413400232273e-10,0.7486104793738513
0.17095,7.906971688965461e-10,6.582147564779976e-10,9.784079785472835e-10,8.338247179616234e-10,4.1380772429789203e-10,0.7411687165657701
0.171,7.714950824462091e-10,6.568385792175739e-10,9.77566487128581e-10,8.3278812739965e-10,4.115079791289795e-10,0.62607119620687
0.17106,7.010465937751316e-10,6.571594116190117e-10,9.778022644636585e-10,8.3305299167467e-10,4.119967070158768e-10,0.23011130622827178
0.17111,6.475915336672204e-10,6.569291181532102e-10,9.77643588036979e-10,8.328691279164513e-10,4.116330640312528e-10,-0.04485640851030436
0.17117,6.227527071045925e-10,6.574316776416871e-10,9.782174088679642e-10,8.33403960655699e-10,4.1215587163751875e-10,-0.16654618329955956
0.17122,5.811479715382487e-10,6.591485789407554e-10,9.801390778127313e-10,8.352102874549229e-10,4.1394040694028346e-10,-0.3612890771172815
0.17128,5.778575595970643e-10,6.626947011698188e-10,9.852386522250941e-10,8.396005016454527e-10,4.1641971476233397e-10,-0.38835612118675195
0.17133,5.678851877324086e-10,6.607552160445739e-10,9.852123421959534e-10,8.391640545249012e-10,4.13510263793818e-10,-0.4306903629008967
0.17138,5.734185115645285e-10,6.62146838401955e-10,9.84394116261826e-10,8.388891771848758e-10,4.1610876251976945e-10,-0.4054110372020198
0.17144,5.304754290056067e-10,6.59183793343163e-10,9.828064700100375e-10,8.367894606406887e-10,4.108959840183624e-10,-0.5856957308853878
0.17149,4.338510938844998e-10,6.607248498818579e-10,9.846250730552045e-10,8.382915312258464e-10,4.1310780071394595e-10,-0.9368902870610036
0.17155,4.1750315351258507e-10,6.635426468925858e-10,9.860391998891907e-10,8.40404511270468e-10,4.1750315351258507e-10,-0.9998702109963622
0.1716,5.599681316508794e-10,6.609728259835239e-10,9.846038423439133e-10,8.385484776793524e-10,4.1305022779248136e-10,-0.4672515822855452
0.17166,7.200872564492891e-10,6.615965583866185e-10,9.855848083216377e-10,8.393702128259064e-10,4.1337850069934596e-10,0.29839012451720925
0.17171,8.267946168829282e-10,6.647410268573864e-10,9.87781620801718e-10,8.418992550856978e-10,4.1830640714590466e-10,0.9161465902582459
0.17177,8.8629527758686e-10,6.655536263603905e-10,9.91828870780866e-10,8.4459559549338e-10,4.154365643336521e-10,1.260379699697287
0.17182,9.018998064746889e-10,6.685605591196308e-10,9.940658411795738e-10,8.47094310882731e-10,4.199808839941892e-10,1.3611793624420316
0.17188,8.781827734216719e-10,6.721118092264764e-10,1.0000310269331619e-09,8.522260781384231e-10,4.211822852164278e-10,1.1738261286113554
0.17193,8.062960519028632e-10,6.724968415185428e-10,9.994060896996486e-10,8.517807228989105e-10,4.230663746838198e-10,0.7339859967790964
0.17199,6.676127190773049e-10,6.736920764554177e-10,1.0028005196322555e-09,8.542454547013467e-10,4.218836970600653e-10,-0.029243467749035787
0.17204,5.599282880816461e-10,6.755353934397461e-10,1.0049970435296793e-09,8.562616122909973e-10,4.236888951601139e-10,-0.5123408063226533
0.1721,4.2209850979258865e-10,6.751294408998275e-10,1.005516962865311e-09,8.564066658591208e-10,4.2209850979258865e-10,-1.0474498599927118
0.17215,4.204109415454687e-10,6.743084087250558e-10,1.005287503984086e-09,8.559477332156399e-10,4.204109415454687e-10,-1.3566791386908523
0.17221,4.303282008112505e-10,6.826062665869349e-10,1.0136743424394152e-09,8.64142029371563e-10,4.303282008112505e-10,-1.4084013488472071
0.17226,4.287028592469609e-10,6.819912325390731e-10,1.0137935846248445e-09,8.639701013228614e-10,4.287028592469609e-10,-1.1815559500979813
0.17232,5.073892904682321e-10,6.791911897303718e-10,1.0117849312592558e-09,8.616871367500282e-10,4.2437961109597684e-10,-0.729344220255
0.17237,6.110252068032434e-10,6.796709512681348e-10,1.0120142730177427e-09,8.62010981807027e-10,4.252551399251879e-10,-0.31672158374146003
0.17243,7.557218329148884e-10,6.825471272880413e-10,1.016093497668913e-09,8.655391356287385e-10,4.272980119516526e-10,0.3711784589286822
0.17248,8.973003800084491e-10,6.801398991766358e-10,1.014655098787679e-09,8.637264347269002e-10,4.2376915752927506e-10,1.1715052578776153
0.17254,1.053991519215614e-09,7.022647120119585e-10,1.0441804584042946e-09,8.897991868926697e-10,4.4115340968142003e-10,2.075932592103107
0.17259,1.0834777299055021e-09,7.088800444964337e-10,1.0521443139095513e-09,8.970813968891144e-10,4.4755188093541675e-10,2.238944579074768
0.17265,1.006180442074196e-09,7.038087098411163e-10,1.0498558952968515e-09,8.937392113626768e-10,4.3811150238857435e-10,1.6916198568266676
0.1727,8.60312380664491e-10,7.059948205230891e-10,1.0513261888031575e-09,8.954651487615026e-10,4.415875401831497e-10,0.7943751053309891
0.17276,6.73497568517375e-10,7.056872192122239e-10,1.0511691172122431e-09,8.952518205752742e-10,4.4103699305339314e-10,-0.15016479259266718
0.17281,5.059783487668266e-10,7.054947165925339e-10,1.0511829149610116e-09,8.951841932930058e-10,4.405591797731689e-10,-0.8016789504520396
0.17287,4.4552311520283037e-10,7.084929044480726e-10,1.0530518948358182e-09,8.974633365717978e-10,4.4552311520283037e-10,-1.4799170047354644
0.17292,4.4758656578699556e-10,7.097398341001531e-10,1.053838130748742e-09,8.984159018081137e-10,4.4758656578699556e-10,-1.8509662805566307
0.17298,4.448191168039589e-10,7.082288041263632e-10,1.0531115316580905e-09,8.97393941205842e-10,4.448191168039589e-10,-1.6642443953074841
0.17303,4.3864859051483407e-10,7.046025532484449e-10,1.0510014168245526e-09,8.947250572395136e-10,4.3864859051483407e-10,-1.1645811418980883
0.17309,5.984313420108362e-10,7.077771196475906e-10,1.05354064908801e-09,8.974672469243439e-10,4.4322765318432457e-10,-0.4687521213009264
0.17314,7.4062439128815e-10,7.080010662173423e-10,1.0540512895823944e-09,8.978550610723753e-10,4.431584762510134e-10,0.15432087774201445
0.1732,8.673589971925035e-10,7.099162446543668e-10,1.0557106875551757e-09,8.995842399284046e-10,4.4577678564740535e-10,0.8195443715926626
0.17325,9.401233352293107e-10,7.078179073608292e-10,1.0545504652776166e-09,8.980758804417448e-10,4.421273587555901e-10,1.247893466161537
0.17331,9.594416017514026e-10,7.098431986788884e-10,1.0561403793783997e-09,8.99807888238077e-10,4.4508721127149695e-10,1.365615763396633
0.17336,9.302926564359416e-10,7.120730216066721e-10,1.0577398882518719e-09,9.016257446759515e-10,4.485366860635326e-10,1.184333636695928
0.17342,8.869189378528795e-10,7.098190829592946e-10,1.0566532609065694e-09,9.00099622992101e-10,4.4441806583768246e-10,0.9230022644437232
0.17347,7.952123525633193e-10,7.067298497125446e-10,1.0512103185348327e-09,8.95686809549781e-10,4.434880548937823e-10,0.44357716303579436
0.17353,6.527274880609166e-10,7.06711832726391e-10,1.0512538740016355e-09,8.957056301361771e-10,4.433907339562634e-10,-0.23800429102489565
0.17358,5.206038783374212e-10,7.06938368952515e-10,1.0515471562408239e-09,8.959673287222358e-10,4.435834109540458e-10,-0.7503582588515421
0.17364,4.4119571045451176e-10,7.084764929183148e-10,1.056665187890824e-09,8.995770647503791e-10,4.4119571045451176e-10,-1.0510606940814784
0.17369,4.488461982162109e-10,7.132085011691669e-10,1.0597713237563397e-09,9.032659570982434e-10,4.488461982162109e-10,-1.129787739062095
0.17375,5.044483600590817e-10,7.090830018784286e-10,1.0563783350416444e-09,8.9965516605889e-10,4.4298313389864077e-10,-0.8147962920664417
0.1738,5.754653683667601e-10,7.112908839376536e-10,1.0578564521758872e-09,9.013858065458589e-10,4.4651759753102953e-10,-0.5645932335281119
0.17386,6.878348212904175e-10,7.086680292485426e-10,1.0553954073354247e-09,8.989067575894709e-10,4.431603136075152e-10,-0.0977738677809076
0.17391,7.164526578171836e-10,7.098572795153479e-10,1.0570241390703515e-09,9.003316920748885e-10,4.440729800279736e-10,0.02874256340911237
0.17397,7.217513721619486e-10,7.110640023226987e-10,1.0585398192813618e-09,9.01698413887113e-10,4.4515440357561963e-10,0.04948514362717168
0.17403,6.692643159576839e-10,7.124061755617896e-10,1.0613494154987635e-09,9.038763945485641e-10,4.4503345022214367e-10,-0.19744602677442943
0.17408,6.264959456489359e-10,7.14957863331731e-10,1.0643733147384475e-09,9.06657620996607e-10,4.4754957119002485e-10,-0.38225361691020593
0.17414,6.282440616045111e-10,7.164901795325966e-10,1.0654678528121446e-09,9.079042123354922e-10,4.4992162997691515e-10,-0.3754453635114421
0.17419,6.718368176118975e-10,7.148234354462304e-10,1.0643079765244686e-09,9.065662683499617e-10,4.4730524427535705e-10,-0.19300763952812253
0.17425,7.651647918321485e-10,7.156037435720653e-10,1.0659544125586376e-09,9.078400669326776e-10,4.472198804985313e-10,0.23112233001150465
0.1743,8.40548890682616e-10,7.173333188777395e-10,1.0670957838242963e-09,9.09191795774524e-10,4.5000775060124505e-10,0.6191719523339346
0.17436,8.903462511274827e-10,7.190296567344416e-10,1.070848472799612e-09,9.12063384303767e-10,4.4961106975075386e-10,0.8728666924924705
0.17441,9.044224363562358e-10,7.266629995962246e-10,1.0820547067882656e-09,9.216512108354124e-10,4.5457363116918226e-10,0.9001728466836848
0.17447,8.440951955195213e-10,7.255052319535348e-10,1.081369778030323e-09,9.207921439159314e-10,4.5262106012313855e-10,0.5712248214269076
0.17452,7.921979449494471e-10,7.285833512272505e-10,1.0834839308871243e-09,9.232471612289076e-10,4.5747782329693804e-10,0.30678340116641173
0.17458,7.619189738228955e-10,7.282228754730467e-10,1.0845863185212679e-09,9.237520215767811e-10,4.553026875092276e-10,0.15233691824008766
0.17464,7.623276748835648e-10,7.36346765627772e-10,1.096139404818244e-09,9.337365817437085e-10,4.6103061874389236e-10,0.11801794635410852
0.17469,7.880564405106325e-10,7.47070407747686e-10,1.111828899835347e-09,9.471734345352834e-10,4.680735398178038e-10,0.1869460791943605
0.17475,7.323367274437141e-10,7.476415155074302e-10,1.1133361295603038e-09,9.482840067551002e-10,4.676468799828672e-10,-0.06869267812715434
0.1748,6.609726501734169e-10,7.484688453779083e-10,1.113947316846039e-09,9.489687558601008e-10,4.689034822286443e-10,-0.3611624548705201
0.17486,5.574916451884007e-10,7.567295706851974e-10,1.1271033107082277e-09,9.599481154542152e-10,4.730547694322146e-10,-0.7539583959394894
0.17491,5.057274094234928e-10,7.584397880353385e-10,1.1289722094220566e-09,9.617196090867357e-10,4.749285951496717e-10,-0.9134283411452004
0.17497,4.784391258360434e-10,7.605759219254691e-10,1.1303296159221575e-09,9.633584192361178e-10,4.784391258360434e-10,-0.9925132393237788
0.17503,5.790971997927026e-10,7.727847536683697e-10,1.1512784572350559e-09,9.804685381235107e-10,4.827811901031991e-10,-0.7238538629473332
0.17508,6.869786746400307e-10,7.715312486440469e-10,1.1497446873598053e-09,9.790740720387795e-10,4.816021231308976e-10,-0.3458663024192354
0.17514,8.408394497629883e-10,7.729044792708213e-10,1.151472119130236e-09,9.806295221900063e-10,4.828372473121014e-10,0.2960859852566241
0.17519,9.154343685071576e-10,7.722120028366064e-10,1.1510046617780598e-09,9.800820003173437e-10,4.817365926592068e-10,0.655745082073494
0.17525,9.45035630061936e-10,7.719477136523333e-10,1.1508067917472466e-09,9.798616484816108e-10,4.813395920445093e-10,0.8070837991526854
0.1753,9.529847026451944e-10,7.721566152581943e-10,1.1510100146384324e-09,9.800632701538969e-10,4.815981442568557e-10,0.8480268236003315
0.17536,9.602298622140853e-10,7.762542681717049e-10,1.1537046982827932e-09,9.832605732166773e-10,4.882131524865802e-10,0.8865239427885622
0.17542,9.299537334203107e-10,7.720627787734522e-10,1.1509804464011285e-09,9.800089172521382e-10,4.814089298201158e-10,0.7287151841663597
0.17547,9.023520766160473e-10,7.733841990545447e-10,1.151825106600053e-09,9.810260021750954e-10,4.835647198844445e-10,0.5902781080291505
0.17553,8.386331101464408e-10,7.733437693928952e-10,1.151846411272585e-09,9.81022535698082e-10,4.834451208367819e-10,0.2854618867661208
0.17558,7.649303420310252e-10,7.748751228283058e-10,1.1531225955269735e-09,9.823686351432735e-10,4.85623158800465e-10,-0.03997830736636649
0.17564,6.613665190514956e-10,7.753537357957427e-10,1.1533532859721999e-09,9.826997154776689e-10,4.864666342231952e-10,-0.44491153246133625
0.17569,5.791492835845033e-10,7.728237841649136e-10,1.1517112986932436e-09,9.807383910317698e-10,4.82358385132338e-10,-0.7248724031664525
0.17575,4.870993056161506e-10,7.757025969939742e-10,1.1535254403630008e-09,9.829382391153652e-10,4.870993056161506e-10,-1.0670896833655996
0.17581,4.821353311960876e-10,7.72473608368969e-10,1.1511942724546895e-09,9.802967338838745e-10,4.821353311960876e-10,-1.1984328943350866
0.17586,4.859646974430445e-10,7.749264415043131e-10,1.1529141712766057e-09,9.82273425931174e-10,4.859646974430445e-10,-1.0473914160787214
0.17592,5.617554305105694e-10,7.735316641851329e-10,1.1518897658099928e-09,9.811221585119047e-10,4.838410474891501e-10,-0.7784984914881442
0.17597,6.183247560583542e-10,7.735901077319154e-10,1.1519393523840481e-09,9.811744890156199e-10,4.839209607795949e-10,-0.5952646707566495
0.17603,7.698122510484162e-10,7.743396380914272e-10,1.152495423629484e-09,9.817959461356978e-10,4.850582385992803e-10,-0.018207974314379267
0.17609,9.09455054483444e-10,7.735470488394395e-10,1.1519062442364795e-09,9.811374995577276e-10,4.838606112554731e-10,0.6258336178966509
0.17614,9.652530087682037e-10,7.726194595283667e-10,1.1512800953332217e-09,9.804042080695217e-10,4.823847158516259e-10,0.9130010307105184
0.1762,9.956664440281113e-10,7.74728286393634e-10,1.1526507163973226e-09,9.820403832980567e-10,4.858050383634927e-10,1.077148121150858
0.17625,1.002469268972038e-09,7.7258289051005e-10,1.1512629599646028e-09,9.803797670483421e-10,4.823172798826846e-10,1.1139759142027115
0.17631,9.66959317359039e-10,7.747501401957242e-10,1.152821778722857e-09,9.821494138795844e-10,4.856537522752583e-10,0.9211814885502331
0.17637,9.082401876476366e-10,7.721183711717629e-10,1.151275398087893e-09,9.801261018197678e-10,4.81616820159316e-10,0.6200050807616396
0.17642,8.421454741141881e-10,7.743250954025611e-10,1.1523205521778154e-09,9.816879366533016e-10,4.852292444574943e-10,0.3028068825108472
0.17648,7.215583755475635e-10,7.731130531380376e-10,1.1515243256795342e-09,9.80742900769881e-10,4.832735023765083e-10,-0.21508068513105336
0.17654,5.847602234288616e-10,7.726489557466043e-10,1.1511894112445829e-09,9.803631740856377e-10,4.825593081737065e-10,-0.7057637476588536
0.17659,4.828004792113033e-10,7.728120078032125e-10,1.1513137965401589e-09,9.805006862911174e-10,4.828004792113033e-10,-1.0334313376808237
0.17665,4.809451842199182e-10,7.715958051662916e-10,1.1504319355703416e-09,9.795024964507768e-10,4.809451842199182e-10,-1.250818439406159
0.1767,4.909152081784404e-10,7.742055154411304e-10,1.1522382142823387e-09,9.815920038517741e-10,4.850436874588221e-10,-0.9830031626104377
0.17676,6.355551252740634e-10,7.719363085888329e-10,1.150652570708781e-09,9.797667222187018e-10,4.814943955651635e-10,-0.5352967474943829
0.17682,8.024002849909375e-10,7.742420427701358e-10,1.1521515360641835e-09,9.815559323129005e-10,4.852315747769138e-10,0.12392849183325677
0.17687,8.855767937660178e-10,7.733740363819522e-10,1.1515039454777447e-09,9.808334774158261e-10,4.839223918100244e-10,0.510100097545119
0.17693,9.417354517890023e-10,7.726091073459266e-10,1.151005716898893e-09,9.80239505469631e-10,4.826831340983688e-10,0.7919487114885089
0.17699,9.755228020162968e-10,7.753788851056091e-10,1.153118871987035e-09,9.825696032949116e-10,4.868586630027989e-10,0.9684397701682158
0.17704,9.6308098590265e-10,7.748858671265892e-10,1.1529602620458187e-09,9.822573963431442e-10,4.859233654597846e-10,0.9012103327897996
0.1771,9.015658523626097e-10,7.72466721173324e-10,1.1511379334164068e-09,9.802605073967343e-10,4.821882987014691e-10,0.5868599919066162
0.17715,8.30445829653577e-10,7.75267358619098e-10,1.153015622199553e-09,9.824670582520976e-10,4.866641669726312e-10,0.24864247687801752
0.17721,7.889672132378177e-10,7.744795092298891e-10,1.1523990844708381e-09,9.817946541935896e-10,4.855075341717137e-10,0.06469659880639088
0.17727,7.687653399668068e-10,7.74050656701033e-10,1.1521020221609553e-09,9.814512475317765e-10,4.848326804371458e-10,-0.021622519409359515
0.17732,7.642858821906171e-10,7.742389408537719e-10,1.1523510155526509e-09,9.816716817687862e-10,4.849874862543261e-10,-0.04111019734520087
0.17738,7.236824843704185e-10,7.750958919992546e-10,1.1530748121885162e-09,9.824347459510747e-10,4.861787959644022e-10,-0.20764764895497928
0.17744,6.445450511522068e-10,7.756140667058505e-10,1.1535384171265364e-09,9.829112968382806e-10,4.868692356273424e-10,-0.5052123304016503
0.17749,6.073579975865046e-10,7.730570461418525e-10,1.1516377180008363e-09,9.807872598769237e-10,4.830033871453033e-10,-0.6323404122011127
0.17755,6.120050920181464e-10,7.726126426088116e-10,1.151344306101081e-09,9.80367253002389e-10,4.826537940010465e-10,-0.6157972029514361
0.17761,6.420444176806469e-10,7.735372594659341e-10,1.151701485306029e-09,9.810136906819153e-10,4.840788548032944e-10,-0.5124637529194078
0.17766,6.741291669745275e-10,7.728379608698837e-10,1.1511959862056932e-09,9.804392747103891e-10,4.830163787483782e-10,-0.39626715538757634
0.17772,6.950352704895602e-10,7.727728620420974e-10,1.1511991945851662e-09,9.80416415849712e-10,4.828535843528945e-10,-0.31782313986049826
0.17778,6.891011624244956e-10,7.734217350701105e-10,1.1515945326596548e-09,9.809059575843326e-10,4.839233224362386e-10,-0.3402909996444529
0.17783,7.20716774122156e-10,7.747569421003551e-10,1.1524741340581833e-09,9.819495207810471e-10,4.860728691759025e-10,-0.21775220635500486
0.17789,7.55846178031781e-10,7.734080214886168e-10,1.1515258085553675e-09,9.808595726595923e-10,4.839785449776037e-10,-0.07500500346021549
0.17795,7.983159773141168e-10,7.718075804642273e-10,1.1485731639917057e-09,9.784954339312881e-10,4.83654305037225e-10,0.11679256245670401
0.178,8.286693951550842e-10,7.733641883471903e-10,1.1508338577864383e-09,9.804361044007266e-10,4.84696435219582e-10,0.24600918631337615
0.17806,8.508564171160364e-10,7.719411882177629e-10,1.1499003570854875e-09,9.79327251835267e-10,4.823967854795319e-10,0.3484467934929042
0.17811,8.738123845799048e-10,7.744548665707366e-10,1.1516102941245338e-09,9.813217110358426e-10,4.863892811312835e-10,0.45729417659811183
0.17817,8.762132663967385e-10,7.736429365034983e-10,1.151075160544403e-09,9.806877456595674e-10,4.850772165974462e-10,0.4688390115691128
0.17823,8.469869420394021e-10,7.73769541633643e-10,1.1510655767924819e-09,9.807321412438815e-10,4.853912913408508e-10,0.3307499221707692
0.17828,8.116856876128396e-10,7.761747622715626e-10,1.1531311367066683e-09,9.829780974108778e-10,4.858211090654672e-10,0.15598951057985574
0.17834,7.798191206634154e-10,7.728962029114019e-10,1.1504744415300008e-09,9.80040809408158e-10,4.8400111315655e-10,0.029886420946374184
0.1784,7.808555324025939e-10,7.730163586132228e-10,1.1505844610290987e-09,9.801528168119292e-10,4.841578880112846e-10,0.03417857331167528
0.17846,7.802113850280585e-10,7.713802549631078e-10,1.1483427125073907e-09,9.781911319598322e-10,4.829079192864859e-10,0.037501978418481
0.17851,7.721007329245999e-10,7.729767100016252e-10,1.1507232952688106e-09,9.802187441602078e-10,4.838986454750089e-10,-0.0040877872587228034
0.17857,7.147990114123682e-10,7.71751973905788e-10,1.1498611935179577e-09,9.792297522509353e-10,4.819901254848466e-10,-0.23838996233012288
0.17863,6.437490970043535e-10,7.712488263267171e-10,1.148294812931749e-09,9.781120795297474e-10,4.826444091070821e-10,-0.4996842136551825
0.17868,6.082396148200116e-10,7.737498874918651e-10,1.1511525779239096e-09,9.807756489660954e-10,4.852396163498845e-10,-0.626341802861921
0.17874,6.368429870983721e-10,7.729969841286582e-10,1.1495164963593704e-09,9.79518391553493e-10,4.853825499711937e-10,-0.5242705086256907
0.1788,6.977551900983073e-10,7.723289140709096e-10,1.1490673203086853e-09,9.789912868270132e-10,4.843147940262014e-10,-0.2996669837265786
0.17885,7.343042008366704e-10,7.738284653142775e-10,1.1512058612817413e-09,9.808376957683154e-10,4.853659349916859e-10,-0.16036022715741066
0.17891,7.567594436713795e-10,7.715799433196107e-10,1.1484824855270763e-09,9.78352523315597e-10,4.832161536009799e-10,-0.062140129579413124
0.17897,8.055292849390572e-10,7.717661504786319e-10,1.1486274045539279e-09,9.785109299824296e-10,4.834905296692936e-10,0.14831463067390002
0.17902,8.647087642889974e-10,7.744625574909122e-10,1.1515855608463692e-09,9.81310352268013e-10,4.864367599825473e-10,0.4139036698882551
0.17908,9.261913681691508e-10,7.720024234265783e-10,1.1487359052021114e-09,9.786677912436087e-10,4.839277523765728e-10,0.7261325319054367
0.17914,9.28953398616312e-10,7.708575775497098e-10,1.1480006143407783e-09,9.777847627872308e-10,4.82059366546521e-10,0.7400391462825885
0.17919,8.862980603763644e-10,7.741998413327909e-10,1.1514283053632698e-09,9.81114463399553e-10,4.859934840493359e-10,0.5178936995734957
0.17925,7.802412796242059e-10,7.733221411237483e-10,1.1508511563968275e-09,9.804298607654391e-10,4.845739510307208e-10,0.03117754657203282
0.17931,7.256439840494207e-10,7.722488291513082e-10,1.1501075749751467e-09,9.795702777077561e-10,4.82886364453729e-10,-0.19501998391270065
0.17937,7.148161834383598e-10,7.717678787153325e-10,1.148583887024849e-09,9.784863293758775e-10,4.83544846706998e-10,-0.2326129387777534
0.17942,7.477883337594071e-10,7.733849731857813e-10,1.1508030039141007e-09,9.804264837990153e-10,4.847811943969239e-10,-0.10484529987663634
0.17948,7.609161236363604e-10,7.731728583423812e-10,1.1506387403953928e-09,9.802464250112828e-10,4.844681617393214e-10,-0.050190821624848295
0.17954,7.377963044184929e-10,7.710741553979663e-10,1.148067247152664e-09,9.77909523047807e-10,4.824971882926952e-10,-0.14010688673002436
0.17959,7.009409130397977e-10,7.723749551533545e-10,1.1501537594045782e-09,9.796470874905167e-10,4.831336032345886e-10,-0.2918972470543451
0.17965,6.490705285638221e-10,7.720536784663599e-10,1.1499389452728652e-09,9.793942910406078e-10,4.826198934991035e-10,-0.4847291234966491
0.17971,6.571256873914429e-10,7.717395364498299e-10,1.1485535797405934e-09,9.784572981534528e-10,4.835133789954528e-10,-0.45132623488957124
0.17976,7.228787823149253e-10,7.719729106427827e-10,1.149868391232819e-09,9.793209965220728e-10,4.82510574705007e-10,-0.20579007350532053
0.17982,8.241222225384491e-10,7.710473105914654e-10,1.1480537578016294e-09,9.77890891251725e-10,4.824496982643678e-10,0.23258462141257968
0.17988,8.958819871275207e-10,7.698459661598621e-10,1.1472839190032082e-09,9.769652113667834e-10,4.80489980736666e-10,0.5734579899635949
0.17994,9.193483410229159e-10,7.725741495513302e-10,1.1503085606656375e-09,9.798164823963516e-10,4.834267266013004e-10,0.6824340885919706
0.17999,9.07840085297868e-10,7.716476923547186e-10,1.1497196411260222e-09,9.791053723019644e-10,4.819096677778912e-10,0.6242615865766533
0.18005,8.420845380863404e-10,7.742588217665072e-10,1.1515459509596037e-09,9.812074501231595e-10,4.859896433327089e-10,0.3069708388866237
0.18011,7.581517457166303e-10,7.729455497513728e-10,1.1506106718273455e-09,9.801402162760544e-10,4.83957482394819e-10,-0.06240140078592085
0.18017,6.877304399801342e-10,7.722007033792044e-10,1.1488549314656175e-09,9.788159153213612e-10,4.842610885029615e-10,-0.33751565012159684
0.18022,6.440406151012516e-10,7.714921685386162e-10,1.1495424406854844e-09,9.789400261802208e-10,4.817479786036695e-10,-0.5025556673844002
0.18028,5.984363552665687e-10,7.702612619196992e-10,1.147562249299945e-09,9.772924642037168e-10,4.811520828653586e-10,-0.6549949425028379
0.18034,6.135841767538148e-10,7.698062696475717e-10,1.147292158761812e-09,9.76955238390502e-10,4.80381837721112e-10,-0.6043622105580845
0.18039,6.597732595737729e-10,7.739951531752142e-10,1.1513809922292458e-09,9.810050712601965e-10,4.855636087195813e-10,-0.4466513033721362
0.18045,7.196369865657198e-10,7.71320099597417e-10,1.1484242968564645e-09,9.782159359817684e-10,4.826627607336236e-10,-0.2141376127616736
0.18051,7.566981944175785e-10,7.728525430562233e-10,1.1506765474066094e-09,9.80142221993169e-10,4.836563410826848e-10,-0.06909635391673301
0.18057,7.754217553331643e-10,7.733345153364744e-10,1.1511099253896924e-09,9.805874623711828e-10,4.842903695637173e-10,0.009230104253249381
0.18062,8.124269141561365e-10,7.727345802714331e-10,1.1507052476590919e-09,9.801161994761583e-10,4.833272316153129e-10,0.17074854374664805
0.18068,8.649214628926837e-10,7.713430134154459e-10,1.1495778334408428e-09,9.789007565835361e-10,4.813550298426818e-10,0.4143397219023012
0.18074,9.514337993278807e-10,7.750480498015545e-10,1.1519590419889052e-09,9.817605985685978e-10,4.873466893620811e-10,0.8469493368840483
0.1808,9.937011241856969e-10,7.722008638837114e-10,1.1500703609536603e-09,9.795294209634757e-10,4.828163485327109e-10,1.073979617728126
0.18085,9.945248425509357e-10,7.73260572139687e-10,1.1509019005829584e-09,9.804352876651318e-10,4.843665438335739e-10,1.0774775208385285
0.18091,9.44138512876016e-10,7.708491824100476e-10,1.1493379994601098e-09,9.785660468004665e-10,4.80456277863362e-10,0.8080909770293329
0.18097,8.493179688185768e-10,7.733176862933136e-10,1.1510737646112366e-09,9.805586493597907e-10,4.842992237154662e-10,0.33971828194150555
0.18103,7.554009698525255e-10,7.729729284469296e-10,1.150860863562679e-09,9.802978571061882e-10,4.83725772335417e-10,-0.07500858527038133
0.18108,6.886180130321323e-10,7.729912910870282e-10,1.1510636879630887e-09,9.80424947173553e-10,4.835159991121717e-10,-0.34114855526120674
0.18114,5.994169464814071e-10,7.752479483676623e-10,1.152575717360283e-09,9.822009317647745e-10,4.87143386284689e-10,-0.6569520670794737
0.1812,4.871268422885991e-10,7.718089135250037e-10,1.1507619992060043e-09,9.79780997372631e-10,4.811226618449367e-10,-0.9933851959519161
0.18126,4.825827237314095e-10,7.724607382051374e-10,1.1507913429409334e-09,9.800550668464971e-10,4.825827237314095e-10,-1.2468784176390866
0.18131,4.82143686001004e-10,7.722693886300848e-10,1.1507762053222224e-09,9.799706424082164e-10,4.82143686001004e-10,-1.2726655583358562
0.18137,4.893036970387456e-10,7.731846781037305e-10,1.151516908495205e-09,9.80766545875981e-10,4.834528741169729e-10,-0.9872710624275729
0.18143,6.627893203388136e-10,7.731030712558404e-10,1.1516525178036966e-09,9.808139915906218e-10,4.83096534534997e-10,-0.43902328028081644
0.18149,7.829172623083394e-10,7.75098940665186e-10,1.1533980983856243e-09,9.826289681021852e-10,4.857770844889531e-10,0.03531012427761898
0.18154,8.545806869707453e-10,7.76044268107757e-10,1.1540845071429796e-09,9.834010739772094e-10,4.872533407942278e-10,0.35683668240476385
0.1816,9.357113184841032e-10,7.744952368518126e-10,1.1532055142785798e-09,9.822742676457424e-10,4.845860243562254e-10,0.7537987578909687
0.18166,1.0108520424020137e-09,7.779273945347991e-10,1.1557559849490843e-09,9.851240800556568e-10,4.897871940299113e-10,1.1522396416085139
0.18172,1.051259132167756e-09,7.730900451902091e-10,1.1525144225984107e-09,9.813143129062463e-10,4.820468972280322e-10,1.3803052988579565
0.18178,1.0358205838096266e-09,7.764349555211591e-10,1.154887441442162e-09,9.840237988168214e-10,4.872583047358467e-10,1.2912794384655712
0.18183,9.667777448903163e-10,7.745235092113349e-10,1.1538180673848393e-09,9.826429159056913e-10,4.839382100260756e-10,0.9109868315905922
0.18189,8.26115799925869e-10,7.756620810994388e-10,1.1544968394461303e-09,9.834922455733417e-10,4.858466759313473e-10,0.22182658122785753
0.18195,7.106889097537329e-10,7.757722673204718e-10,1.1545081356651275e-09,9.835426722178522e-10,4.860965743572565e-10,-0.2630897779324959
0.18201,5.389816467712331e-10,7.761798892943497e-10,1.1546435753428585e-09,9.837837012499888e-10,4.86904168596252e-10,-0.8497866080622617
0.18206,4.850160868400872e-10,7.75148611011255e-10,1.1541587609243286e-09,9.830917500758716e-10,4.850160868400872e-10,-1.0485163492814802
0.18212,4.874951351924125e-10,7.766489093605543e-10,1.1550774889591004e-09,9.842262128441703e-10,4.874951351924125e-10,-1.1110441958670456
0.18218,4.892688035702998e-10,7.775715739681541e-10,1.1554704976980295e-09,9.848166323175494e-10,4.892688035702998e-10,-1.0150640386242733
0.18224,5.978850781490328e-10,7.740641267959976e-10,1.1533510876602136e-09,9.821802483312499e-10,4.834155236490216e-10,-0.6667913812999207
0.1823,6.912069820262163e-10,7.752985619913524e-10,1.1540341710331483e-09,9.830776513170196e-10,4.85523865185918e-10,-0.3371728110634401
0.18235,7.758246878279367e-10,7.754713753196165e-10,1.154393726430071e-09,9.83356795539573e-10,4.855107067038646e-10,0.0013222740804216082
0.18241,8.34120854419292e-10,7.766144478010395e-10,1.1551519044199849e-09,9.842528294614822e-10,4.873484165004921e-10,0.2580282334661463
0.18247,8.949235884556181e-10,7.765480717332006e-10,1.1549246202383489e-09,9.840926472847878e-10,4.874622558064266e-10,0.5468484439959547
0.18253,9.78794996240825e-10,7.743663255510867e-10,1.1539179453490052e-09,9.82641413744429e-10,4.834337499248566e-10,0.9731390462821704
0.18259,1.0451350031301842e-09,7.769883205956371e-10,1.155741141562969e-09,9.84745238983523e-10,4.875456594800316e-10,1.3394651568402625
0.18264,1.0706115236467606e-09,7.745290407359239e-10,1.1541022184279845e-09,9.828138828915924e-10,4.836032750860395e-10,1.4866020212231237
0.1827,1.0543325540685836e-09,7.772641697485347e-10,1.1561064507609586e-09,9.850686333643618e-10,4.877733068752919e-10,1.3905120859362843
0.18276,8.937729249358435e-10,7.752217230487316e-10,1.1545241671667278e-09,9.83334501059144e-10,4.847604254710773e-10,0.5378715937939336
0.18282,6.573655638765955e-10,7.754713273736691e-10,1.1546679291107484e-09,9.83517492323386e-10,4.851860695064406e-10,-0.4640108743038979
0.18288,4.900472266046027e-10,7.786097992392937e-10,1.1569100104254737e-09,9.86070815677022e-10,4.900472266046027e-10,-1.2233105514694853
0.18293,4.864597583556009e-10,7.763651215369108e-10,1.1553977458494007e-09,9.842983271052002e-10,4.864597583556009e-10,-1.5728453895088497
0.18299,4.850686015572445e-10,7.756029751279919e-10,1.1550308697045617e-09,9.837827218402244e-10,4.850686015572445e-10,-1.7178098731415188
0.18305,4.88754040477531e-10,7.78113844040104e-10,1.1569923519354013e-09,9.859236706032354e-10,4.88754040477531e-10,-1.649740804651913
0.18311,4.816185331049283e-10,7.735793758004476e-10,1.1538639791777202e-09,9.822994196295905e-10,4.816185331049283e-10,-1.6406173326737987
0.18317,4.88139813456952e-10,7.779483895124018e-10,1.1571863110623715e-09,9.859723445364272e-10,4.88139813456952e-10,-1.1075801328964427
0.18322,7.175016808303766e-10,7.767943490031325e-10,1.1564812459731674e-09,9.851034970307236e-10,4.861991066762792e-10,-0.24217914062017273
0.18328,9.632567877744108e-10,7.751043548186154e-10,1.155239088045143e-09,9.837079584698498e-10,4.836314215355472e-10,0.8840491393921159
0.18334,1.1305581730287925e-09,7.789407622920035e-10,1.157613119376308e-09,9.866139854940339e-10,4.900033026042634e-10,1.8410270844272227
0.1834,1.2267459358424827e-09,7.722426476458092e-10,1.152624920306811e-09,9.81044616200247e-10,4.798979984758323e-10,2.465647100840079
0.18346,1.236201669080861e-09,7.790066783595028e-10,1.1573971002005455e-09,9.865131318100315e-10,4.904202891633292e-10,2.526345678132482
0.18352,1.1884721688282853e-09,7.765745237340713e-10,1.1543305731116876e-09,9.837545907697369e-10,4.882362627280616e-10,2.2280191879296125
0.18357,1.0509061479709142e-09,7.726099836587416e-10,1.1507781511563103e-09,9.801054084787736e-10,4.829628249077973e-10,1.3919113781361756
0.18363,7.802697675952716e-10,7.733508839755597e-10,1.1514900307606826e-09,9.808160128716472e-10,4.83884333548155e-10,0.028027925057964146
0.18369,4.803108573836709e-10,7.707341410655735e-10,1.1492274195782947e-09,9.784561131971999e-10,4.803108573836709e-10,-1.2536963195889892
0.18375,4.883216244070877e-10,7.756547527683938e-10,1.1524071455060434e-09,9.82262548296652e-10,4.883216244070877e-10,-1.9286139267284736
0.18381,4.836088234355192e-10,7.725465314537082e-10,1.1500989745103484e-09,9.796827050361941e-10,4.836088234355192e-10,-2.3651411915003955
0.18387,4.882079475661958e-10,7.752362761596973e-10,1.1516595875157247e-09,9.816588780569468e-10,4.882079475661958e-10,-2.457865281259706
0.18392,4.885936167269634e-10,7.756461539479055e-10,1.1521628583330549e-09,9.821156592338147e-10,4.885936167269634e-10,-2.31794581454467
0.18398,4.794773837476506e-10,7.700490651397417e-10,1.1485524771905332e-09,9.777892931872472e-10,4.794773837476506e-10,-1.9525584779511846
0.18404,4.915153161532147e-10,7.745861763107958e-10,1.152133966504273e-09,9.816812529857143e-10,4.860770464767454e-10,-0.980630962180731
0.1841,9.329186621566548e-10,7.756314964370471e-10,1.1533861194889887e-09,9.82828315495277e-10,4.871104536041372e-10,0.7439076103494264
0.18416,1.1439535530185732e-09,7.771283303091398e-10,1.1538767779203925e-09,9.837067832991826e-10,4.9010839404105e-10,1.9525398053737064
0.18422,1.1672291810944451e-09,7.748887782101229e-10,1.1518471905612598e-09,9.816242956409572e-10,4.872856115731224e-10,2.108895127357475
0.18428,1.1682277420297125e-09,7.763921139768285e-10,1.15299254695083e-09,9.828970085373016e-10,4.893947671270683e-10,2.1114338753645474
0.18433,1.1267469238946924e-09,7.733987064018132e-10,1.1509839103005393e-09,9.805381525462284e-10,4.845982704044695e-10,1.8495584556514433
0.18439,1.0550362398421602e-09,7.720421526159544e-10,1.1501990652931512e-09,9.7954242359757e-10,4.822837168699161e-10,1.4176776222484928
0.18445,9.043147463365394e-10,7.716249721068443e-10,1.1502731300438862e-09,9.793133194161268e-10,4.813769771153423e-10,0.6034785393630371
0.18451,7.500067468855678e-10,7.738552808790502e-10,1.1514231789348174e-09,9.80975916883261e-10,4.851709394728789e-10,-0.09717194266383482
0.18457,6.443841064053638e-10,7.717789377822237e-10,1.1498131190256582e-09,9.792121746345953e-10,4.821115012720007e-10,-0.5016285396470266
0.18463,5.234878972257725e-10,7.703961824767521e-10,1.148747768760294e-09,9.780413104970575e-10,4.800716142782691e-10,-0.8900199909305286
0.185,,,,,,
0.18527,7.711350920578755e-10,7.772106431434684e-10,1.1568589828144004e-09,9.854889441103547e-10,4.867505799378556e-10,-0.025124169078130563
0.18533,4.870864178656736e-10,7.773467338562056e-10,1.156819937297463e-09,9.855198456223833e-10,4.870864178656736e-10,-2.042891785001008
0.18539,4.712042324460797e-10,7.669326337078565e-10,1.1493230184418965e-09,9.77009007935327e-10,4.712042324460797e-10,-3.1732677883154206
0.18545,4.930982420430027e-10,7.804727615280734e-10,1.1581153450171799e-09,9.875116250584953e-10,4.930982420430027e-10,-3.751813235692654
0.18551,5.092320306507047e-10,7.907717667655718e-10,1.165486731473607e-09,9.958890699126623e-10,5.092320306507047e-10,-3.2190364390629482
0.18557,4.879470583385629e-10,7.778559279895354e-10,1.157146405972804e-09,9.859135000704632e-10,4.879470583385629e-10,-1.7371517662926041
0.18563,6.409063184446483e-10,7.763480252295979e-10,1.1560418299005379e-09,9.846695464587138e-10,4.856533715221399e-10,-0.5251775308766224
0.18568,9.185934857986393e-10,7.759544357966642e-10,1.156569212088638e-09,9.846300383689296e-10,4.844902595456106e-10,0.651972881786879
0.18574,1.2944290897736291e-09,7.609654899245505e-10,1.1454901929860655e-09,9.723977389439258e-10,4.616923889960262e-10,2.9224197660571227
0.1858,1.3929558730839253e-09,7.887137131148934e-10,1.163206949173809e-09,9.937417220748723e-10,5.069743842423452e-10,3.6613717242060955
0.18586,1.3526105716694275e-09,7.920169944056624e-10,1.1655084411743335e-09,9.963908556916604e-10,5.122559103349926e-10,3.355892127986812
0.18592,1.210196030168536e-09,7.786641203896617e-10,1.157308012545366e-09,9.863424410446646e-10,4.896948893777324e-10,2.350792857136393
0.18598,8.750960914711087e-10,7.759029747448382e-10,1.1553529980802985e-09,9.840892228055112e-10,4.854092087605325e-10,0.4451732579764952
0.18604,4.830502613412153e-10,7.740346451245557e-10,1.1535747256876396e-09,9.823086739326767e-10,4.830502613412153e-10,-1.169729170346023
0.1861,4.905992752119678e-10,7.784811626380263e-10,1.1561937584416353e-09,9.855988194773822e-10,4.905992752119678e-10,-2.438039229188647
0.18616,4.68616236136042e-10,7.643009415650101e-10,1.1462206862190533e-09,9.741491751682203e-10,4.68616236136042e-10,-3.190795752565647
0.18622,4.835410225019177e-10,7.737753038797287e-10,1.1526318158522933e-09,9.816541620934088e-10,4.835410225019177e-10,-2.8736287179052122
0.18627,4.871812780144915e-10,7.763286917963712e-10,1.1547153897472974e-09,9.838839659507228e-10,4.871812780144915e-10,-2.2106578522588847
0.18633,4.842951043193861e-10,7.74830462688992e-10,1.1541353360853188e-09,9.82950263945914e-10,4.842951043193861e-10,-1.1903669060849287
0.18639,7.776780434865592e-10,7.75077514296991e-10,1.1539589330764855e-09,9.82946612165025e-10,4.850818684735625e-10,0.010037581241537617
0.18645,1.1028847116636396e-09,7.737133127846455e-10,1.1527689514496477e-09,9.817094972904396e-10,4.832352519273685e-10,1.686515848035786
0.18651,1.2587329694589098e-09,7.731376802325801e-10,1.1521041764060473e-09,9.810918336087552e-10,4.826487288450535e-10,2.6984017113711705
0.18657,1.2833686280984664e-09,7.745363048537114e-10,1.1527553309552891e-09,9.820260546540374e-10,4.852205009447393e-10,2.8741763668034084
0.18663,1.2148892799875154e-09,7.698916676297139e-10,1.1492139663480715e-09,9.781149158845658e-10,4.783250071030924e-10,2.4100296936422714
0.18669,1.0956075511339938e-09,7.76841932375778e-10,1.1541836875238377e-09,9.837733992648396e-10,4.890540923735423e-10,1.6497375192506722
0.18675,8.752218670600335e-10,7.760448269848391e-10,1.1538755324363384e-09,9.8327867643502e-10,4.875034908413301e-10,0.45607785871620543
0.18681,5.226232487903234e-10,7.747334628831045e-10,1.1527418560849596e-09,9.820961134932619e-10,4.857075003746794e-10,-0.8951015182872204
0.18687,4.794038937897791e-10,7.706466748597453e-10,1.1498197173443886e-09,9.787690195287208e-10,4.794038937897791e-10,-1.6815382029936454
0.18693,4.859606702258078e-10,7.744815698531792e-10,1.152021308723798e-09,9.815739485256798e-10,4.859606702258078e-10,-2.3554922974877535
0.18699,4.81013946300015e-10,7.712218278837526e-10,1.1496182384848816e-09,9.788776217175876e-10,4.81013946300015e-10,-2.041124797095766
0.18704,4.87821098338187e-10,7.758305753623722e-10,1.1531885028727196e-09,9.827894413132566e-10,4.87821098338187e-10,-1.1837688639509505
0.1871,7.227965366177043e-10,7.742687756561851e-10,1.152059223919364e-09,9.815118610903838e-10,4.8540782726689e-10,-0.20907472162314422
0.18716,9.193351528994894e-10,7.725584558919156e-10,1.1507752631029239e-09,9.800841632785514e-10,4.82836211206472e-10,0.6788503983428844
0.18722,9.870261558554944e-10,7.743561887053886e-10,1.151862168742246e-09,9.814307505982528e-10,4.858519650025531e-10,1.0346695466998894
0.18728,9.87027278974196e-10,7.743576202780379e-10,1.151714723328823e-09,9.813449364406424e-10,4.860299974840088e-10,1.0359146058113868
0.18734,9.030780882104859e-10,7.742311557796243e-10,1.1516094877958167e-09,9.812338873148705e-10,4.858505382897762e-10,0.5994167643173673
0.1874,8.138249083251749e-10,7.720050600359373e-10,1.1500670803577533e-09,9.794502201473737e-10,4.823521674217066e-10,0.1779655617095992
0.18746,7.889853043308593e-10,7.731681024049109e-10,1.1508484842503198e-09,9.803674980668971e-10,4.84208326501458e-10,0.06845189038145706
0.18752,7.307089376175744e-10,7.725634671741853e-10,1.150414199537463e-09,9.798744444903044e-10,4.832745719496267e-10,-0.1751649364683691
0.18758,6.740866502436143e-10,7.728008747616724e-10,1.1506042477769422e-09,9.800902357839298e-10,4.836151851678107e-10,-0.39425027161861637
0.18764,6.646878028648926e-10,7.713163863843148e-10,1.1495136295347543e-09,9.788540301424526e-10,4.813605622431778e-10,-0.4284732805993162
0.1877,7.152564191143986e-10,7.721756455598256e-10,1.150011582325881e-09,9.79485044286975e-10,4.828253392168308e-10,-0.236024206044789
0.18776,7.801492300064581e-10,7.723028870071495e-10,1.1500196677584964e-09,9.795397953297003e-10,4.831212974095695e-10,0.031547083705108434
0.18782,8.033580214833872e-10,7.733854999129822e-10,1.1506316375254086e-09,9.80325824008633e-10,4.84988129833059e-10,0.1334457805016892
0.18788,8.155507431822213e-10,7.71565909152694e-10,1.1492739421761861e-09,9.788114489220005e-10,4.822431052546723e-10,0.1886224242734904
0.18794,8.364356925010967e-10,7.737409216803676e-10,1.1509880069398503e-09,9.806751598268547e-10,4.854162381241796e-10,0.28219164238586736
0.188,8.491645371567877e-10,7.731491725020679e-10,1.1505711062698308e-09,9.801971882596828e-10,4.844924588814538e-10,0.34143399545706044
0.18806,8.094492808759271e-10,7.717514521828168e-10,1.1493254733258758e-09,9.789149889572406e-10,4.82625279357772e-10,0.16172386076841852
0.18812,7.267674443419376e-10,7.733045846843027e-10,1.1504642835315418e-09,9.801958288727956e-10,4.849924491934702e-10,-0.18888878305606205
0.18818,5.839997376103778e-10,7.720735608999547e-10,1.1493889763513083e-09,9.790792878999266e-10,4.833207994778984e-10,-0.7040066814412216
0.18824,5.07604454695437e-10,7.696978784697387e-10,1.147768584759482e-09,9.771910252871888e-10,4.795642702237412e-10,-0.9339802707542585
0.1883,5.562288833889798e-10,7.741649689300841e-10,1.1510236462403702e-09,9.808632519726006e-10,4.863918660075475e-10,-0.7919647936070954
0.18835,7.117026343761331e-10,7.714411438513715e-10,1.1492098332197113e-09,9.78724747513326e-10,4.820199199085243e-10,-0.24860656179469248
0.18841,8.803708073271753e-10,7.71129629943944e-10,1.1489277865068865e-09,9.784362142800327e-10,4.816103146628423e-10,0.4920230137366164
0.18847,9.704921122606781e-10,7.741429134526065e-10,1.1508678445200334e-09,9.807630276400875e-10,4.865252086111303e-10,0.9525921552884161
0.18853,9.549540043539555e-10,7.745857895952493e-10,1.1512143329587198e-09,9.811410670526064e-10,4.871756255620555e-10,0.8696545824799738
0.18859,8.772405236541661e-10,7.712176119343473e-10,1.14906408270587e-09,9.785510941194868e-10,4.81657983827295e-10,0.4763243880904265
0.18865,7.796112316502895e-10,7.726864513098969e-10,1.1501271914605345e-09,9.797544215740307e-10,4.839104635974421e-10,0.030080810942782338
0.18871,6.943187847365876e-10,7.721285151594456e-10,1.149798325228445e-09,9.793410687534352e-10,4.829670695873306e-10,-0.31653660178625
0.18877,7.63991857311003e-10,7.729074107666248e-10,1.1503780020546202e-09,9.799883449964959e-10,4.841443262134189e-10,-0.036855135736559914
0.18883,8.697829250860765e-10,7.733845493292874e-10,1.1506629569616273e-09,9.803436785778945e-10,4.849495007693336e-10,0.4395108494920481
0.18889,9.382753706227806e-10,7.730320816941623e-10,1.1503540918752481e-09,9.800232697777936e-10,4.844724312055996e-10,0.7812824897452568
0.18895,9.177780840176311e-10,7.707049084548815e-10,1.1487593596679568e-09,9.781691213873169e-10,4.807992988969068e-10,0.6766225681253136
0.18901,8.253113036427016e-10,7.723181115376191e-10,1.1498868507954414e-09,9.794679108740933e-10,4.833151277968795e-10,0.2321691909276282
0.18907,7.01296837002186e-10,7.726979755145936e-10,1.1501574573430886e-09,9.797766622183624e-10,4.839026017309222e-10,-0.2896135203608745
0.18913,5.883293965207719e-10,7.753537055578195e-10,1.1531453432739993e-09,9.825776501336358e-10,4.867143645188104e-10,-0.6946812735265235
0.18919,5.57643802368609e-10,7.751821971139992e-10,1.1546548806556322e-09,9.833960637189035e-10,4.845084855085478e-10,-0.7955879391387428
0.18925,6.36556057886612e-10,7.765725570053789e-10,1.155581125427251e-09,9.844879718599657e-10,4.867374180891351e-10,-0.5381979901365417
0.18931,7.343634538865255e-10,7.760209028770691e-10,1.1552211541275986e-09,9.840590730309246e-10,4.858440371518871e-10,-0.17204468912792845
0.18937,8.03328228227931e-10,7.769908518733524e-10,1.155997460765597e-09,9.848973362523667e-10,4.872446257412136e-10,0.11682170686321745
0.18943,8.323290415720943e-10,7.772842689747017e-10,1.1562350330799476e-09,9.85152503522324e-10,4.876653993192508e-10,0.24607832145604813
0.18949,8.323657094524509e-10,7.773235334296122e-10,1.1561799164101177e-09,9.851352990430117e-10,4.878273224983202e-10,0.24673064216949106
0.18955,8.055373881576415e-10,7.756490859362793e-10,1.1549599520860874e-09,9.837589301764878e-10,4.852652747821213e-10,0.1273352083511686
0.18961,7.832629107297703e-10,7.763707019507321e-10,1.15538398654835e-09,9.842922881777323e-10,4.864903804105012e-10,0.03097252092599681
0.18967,7.889748909385313e-10,7.757572321628017e-10,1.1549551115327244e-09,9.837986866657896e-10,4.855302662842021e-10,0.05563188189103787
0.18973,8.056765516169295e-10,7.757936108394407e-10,1.1549571879594722e-09,9.838142574590814e-10,4.85614883730694e-10,0.12851925125885047
0.18979,7.847797427710178e-10,7.760006037905465e-10,1.1551005075605098e-09,9.839801560442317e-10,4.859394232956352e-10,0.0376927954524827
0.18985,7.339482436729346e-10,7.756279931053158e-10,1.1548448408748787e-09,9.836833121521547e-10,4.853499084998065e-10,-0.17318521289481792
0.18991,6.61353699028832e-10,7.753428005142247e-10,1.1546676865902347e-09,9.834668731266303e-10,4.848775761843644e-10,-0.4499648752867479
0.18997,6.180958735752554e-10,7.774461857862508e-10,1.156130348372795e-09,9.851547252099204e-10,4.881798243565466e-10,-0.6013141218540958
0.19004,7.249401574438475e-10,7.762702721889391e-10,1.1551481605029245e-09,9.841145879761269e-10,4.865282589173643e-10,-0.20850275505841762
0.1901,8.217975611623055e-10,7.758626107031659e-10,1.1548198094532555e-09,9.83761282437959e-10,4.859407139829345e-10,0.20125037115223396
0.19016,9.119783929643715e-10,7.765121569406365e-10,1.1553622514177922e-09,9.843356913336887e-10,4.868530495795894e-10,0.6278830545189792
0.19022,9.249278243859827e-10,7.74886824259931e-10,1.1540258512587397e-09,9.829103412684144e-10,4.84548268937021e-10,0.6946934187551372
0.19028,8.908914949222825e-10,7.75714063601554e-10,1.1548311389750262e-09,9.837090804582413e-10,4.85573080218301e-10,0.5239813305038783
0.19034,8.318623348298285e-10,7.767844910010428e-10,1.1553329024544222e-09,9.844243700314902e-10,4.875446516116703e-10,0.2473406955452516
0.1904,7.404909785424203e-10,7.756167398738462e-10,1.1547202056445357e-09,9.836055542605163e-10,4.854720474864596e-10,-0.1462744479270848
0.19046,6.663828405594075e-10,7.7618603815197e-10,1.1550424579961754e-09,9.840191948094125e-10,4.864538287145975e-10,-0.43098433026928207
0.19052,6.340753601202282e-10,7.745404339176398e-10,1.1536622476117025e-09,9.825604925513057e-10,4.84149822599952e-10,-0.5448838948476034
0.19058,6.416374622474026e-10,7.769517232202464e-10,1.1554882490055895e-09,9.845827694640305e-10,4.877595206229797e-10,-0.5192043481349231
0.19064,6.706803498761506e-10,7.764864611424946e-10,1.1551636364542972e-09,9.842087720116153e-10,4.870291777331582e-10,-0.41495982360499173
0.1907,7.043178559938184e-10,7.754408746299165e-10,1.1544621581036182e-09,9.83384787886897e-10,4.853572306677318e-10,-0.28851299356536736
0.19076,7.386543209641346e-10,7.758843984558513e-10,1.1547828847706474e-09,9.837479664534324e-10,4.860382804795902e-10,-0.15314879982530039
0.19082,7.679006046649981e-10,7.757914735577862e-10,1.1548269198333659e-09,9.837362292296406e-10,4.857679007075613e-10,-0.03320395599032527
0.19088,8.337367670393413e-10,7.762019050925839e-10,1.1549921550261773e-09,9.839960532140918e-10,4.865500286651943e-10,0.255608565522362
0.19094,8.732517265532332e-10,7.772836691312743e-10,1.1556990019051288e-09,9.848372788559645e-10,4.883050488305227e-10,0.4400953804303381
0.191,8.952342799053505e-10,7.76906104015101e-10,1.1554342583756637e-09,9.84533080928005e-10,4.877136451813418e-10,0.5465013350840666
0.19106,8.887473953284832e-10,7.770026223868078e-10,1.1555343573788349e-09,9.846298397830837e-10,4.878264265640776e-10,0.5146161766227628
0.19112,8.536378553219235e-10,7.750058990473081e-10,1.154275744465819e-09,9.831064679833487e-10,4.84556921121279e-10,0.34702491557060733
0.19118,8.263750908195705e-10,7.759382320103884e-10,1.1548691789767906e-09,9.838198086286044e-10,4.860649558837116e-10,0.22189207957281512
0.19124,8.097734723263497e-10,7.761949746124686e-10,1.1550478137108884e-09,9.840259133578596e-10,4.864676676945641e-10,0.14759106117030826
0.1913,7.771893975503875e-10,7.755685716252398e-10,1.1546285450548371e-09,9.83532869711243e-10,4.854649381805512e-10,0.006215787357502507
0.19137,7.16474214988752e-10,7.758454094679772e-10,1.1548323678579985e-09,9.837606490445044e-10,4.85888506058336e-10,-0.24172270185026068
0.19143,6.551200415173786e-10,7.771464470619742e-10,1.1554189553334743e-09,9.846187930341864e-10,4.883094952211577e-10,-0.470642552984496
0.19149,6.047735793127932e-10,7.751950867647445e-10,1.1543697894205746e-09,9.832336628944097e-10,4.848784028026914e-10,-0.6450429959858229
0.19155,5.97361127199772e-10,7.779272921526849e-10,1.1562903863715032e-09,9.854379882406323e-10,4.891467797075735e-10,-0.6696317926816185
0.19161,6.521438452364345e-10,7.74639223292418e-10,1.1541167587692497e-09,9.828659424085533e-10,4.838488704347811e-10,-0.4827107857390131
0.19167,7.628327006227116e-10,7.762704582926726e-10,1.1551745830784494e-09,9.841300752850512e-10,4.864978441874389e-10,-0.05452786792011963
0.19173,8.272785128962334e-10,7.769003070331207e-10,1.15555355877334e-09,9.846008926466276e-10,4.87559680842477e-10,0.22570155331356864
0.19179,8.806728843898714e-10,7.751196023300263e-10,1.1543120931798023e-09,9.831702476201446e-10,4.847654760191686e-10,0.4753005713535213
0.19185,9.263293744892836e-10,7.765592186884151e-10,1.1552809749123969e-09,9.843063540097423e-10,4.870638357211729e-10,0.7008141343926462
0.19191,9.297606484054751e-10,7.76280976598574e-10,1.1551871709746862e-09,9.841415748236269e-10,4.865082000660893e-10,0.7175407805411832
0.19197,8.956598506468401e-10,7.773964539403246e-10,1.1560082665203696e-09,9.850631276057838e-10,4.882079794707798e-10,0.5468904035099886
0.19203,8.81041432841626e-10,7.75538313044757e-10,1.1547150139476209e-09,9.83571323204659e-10,4.852919573177725e-10,0.47628604848865574
0.19209,8.065139376106088e-10,7.766632168154481e-10,1.1554237770604075e-09,9.844311797349339e-10,4.871432603341947e-10,0.13280462251006922
0.19216,7.824803790671965e-10,7.755812163453573e-10,1.154735228265507e-09,9.83600490377268e-10,4.853683520690412e-10,0.028264724197642793
0.19222,7.646373105843575e-10,7.768353354509707e-10,1.1560339689753657e-09,9.848573454875888e-10,4.868285528733953e-10,-0.04941877673281469
0.19228,6.043734009893222e-10,7.790865892457496e-10,1.1588242552917193e-09,9.873831263456799e-10,4.889042669237952e-10,-0.6521409487350102
0.19234,4.860904833786464e-10,7.790532298148995e-10,1.1611366806104224e-09,9.887249298510776e-10,4.860904833786464e-10,-1.06268979446995
0.1924,4.903750303492137e-10,7.817384590959335e-10,1.1629399423056084e-09,9.90843073562828e-10,4.903750303492137e-10,-1.3143031760695445
0.19246,4.872095244175223e-10,7.804466948742514e-10,1.1629992771913137e-09,9.903683778726831e-10,4.872095244175223e-10,-1.1740878455061934
0.19252,6.375261084365991e-10,7.812146434007854e-10,1.1635157173893606e-09,9.909765993077137e-10,4.884193198909078e-10,-0.5515191348820204
0.19258,7.923934943522439e-10,7.826713371992608e-10,1.164639864314576e-09,9.922165306561742e-10,4.905324165929788e-10,0.04311584425539301
0.19264,9.000441548456175e-10,7.824437099306463e-10,1.1645740242824325e-09,9.920861041703901e-10,4.900808168100436e-10,0.5324579803167873
0.1927,1.0068199023673688e-09,7.836625720021686e-10,1.165813476820494e-09,9.932871043277369e-10,4.915775700075348e-10,1.0766483925448391
0.19277,1.0754741814192095e-09,7.812367856657739e-10,1.164481687273123e-09,9.915613205313785e-10,4.872383849338184e-10,1.4523259907281294
0.19283,1.0632222142532892e-09,7.831916080482855e-10,1.1686459771276676e-09,9.954010122639e-10,4.882423772783958e-10,1.3862219437315608
0.19289,1.029355883145653e-09,7.795292412431314e-10,1.1625050921356234e-09,9.897142734443527e-10,4.856176396989265e-10,1.2045133071371037
0.19295,8.469403466042336e-10,7.823445806874479e-10,1.164273925848371e-09,9.918650047218233e-10,4.902386738841563e-10,0.2847977844511524
0.19301,5.889578336957583e-10,7.802012808026747e-10,1.1626447387804722e-09,9.900647435033754e-10,4.87036102468619e-10,-0.7111752072416793
0.19307,4.889106229022146e-10,7.814534656257736e-10,1.1635862964050635e-09,9.911117756448486e-10,4.889106229022146e-10,-1.3416600475157567
0.19313,4.906783664720661e-10,7.829747410475e-10,1.1655690564804293e-09,9.926055245285122e-10,4.906783664720661e-10,-1.9826348763648893
0.19319,4.896376082726082e-10,7.827098004325418e-10,1.1764436373853563e-09,1.001476479391585e-09,4.896376082726082e-10,-2.8885998854201773
0.19325,4.873318558785309e-10,7.803983645852978e-10,1.16284686927843e-09,9.902503152513961e-10,4.873318558785309e-10,-3.0957566172000415
0.19332,4.932128982244259e-10,7.844312457615931e-10,1.1659714620233991e-09,9.936884702031567e-10,4.932128982244259e-10,-1.5129888915483334
0.19338,1.0177570987266722e-09,7.813441617840954e-10,1.1634676804876241e-09,9.909980095736323e-10,4.887961193464587e-10,1.1427963284104838
0.19344,1.4367645692901165e-09,7.866718856579973e-10,1.1668501666663446e-09,9.950840684457055e-10,4.975644812325882e-10,3.9124221241031907
0.1935,1.5550591150290577e-09,7.801018639580726e-10,1.1615469563727258e-09,9.89317386149889e-10,4.884061884307674e-10,4.889983137002801
0.19356,1.5961625751842088e-09,7.793003306866653e-10,1.1621544759309775e-09,9.893807317641154e-10,4.857015284269933e-10,5.220640566289947
0.19362,1.3897842877718923e-09,7.830987345036487e-10,1.1648596397628282e-09,9.925058512376266e-10,4.913526406425832e-10,3.5500818753944294
0.19368,1.1069462420377323e-09,7.794918767506556e-10,1.1623963655759825e-09,9.896343130354102e-10,4.856655407309019e-10,1.651308797267168
0.19375,5.986764936887743e-10,7.832339586657559e-10,1.1649438928762636e-09,9.926112766918633e-10,4.915540649895664e-10,-0.6809349679649985
0.19381,4.865588468604734e-10,7.798524883692665e-10,1.1623478683698955e-09,9.897526482641475e-10,4.865588468604734e-10,-2.0276053384685233
0.19387,4.888348041960259e-10,7.812726034610024e-10,1.1632897335320991e-09,9.90866152769289e-10,4.888348041960259e-10,-2.586842889200061
0.19393,4.944097186166636e-10,7.848255876816731e-10,1.1657155005265739e-09,9.936950114612587e-10,4.944097186166636e-10,-2.5016363644880295
0.19399,4.901278550859214e-10,7.819569013821374e-10,1.1635853546966296e-09,9.913080198644882e-10,4.901278550859214e-10,-2.243375407079313
0.19405,4.933106552322452e-10,7.839488786204955e-10,1.1649264262359308e-09,9.928819243723295e-10,4.933106552322452e-10,-1.6251263536566856
0.19411,5.335412341439684e-10,7.821400941433466e-10,1.1640317358530428e-09,9.916430806505022e-10,4.900248069814995e-10,-0.8788240402970644
0.19418,8.821937346935468e-10,7.804098221605505e-10,1.1627120922138935e-09,9.901856793506864e-10,4.874602073254378e-10,0.4504582415484947
0.19424,1.027639465768209e-09,7.829965648642915e-10,1.1642262225309435e-09,9.920937371694489e-10,4.918704183698735e-10,1.2003146403967986
0.1943,1.100383720377097e-09,7.835635345838696e-10,1.1642951677889032e-09,9.923578943070006e-10,4.931416101755273e-10,1.6205588159315534
0.19436,1.1004684568190565e-09,7.836825282678828e-10,1.1644015319492303e-09,9.924668686933457e-10,4.933020494679362e-10,1.6208054560801666
0.19442,1.0540251195684013e-09,7.829283237947867e-10,1.1640579582273892e-09,9.919679322007392e-10,4.918998209056259e-10,1.3495065336776007
0.19448,9.972139337402794e-10,7.8205494320012e-10,1.1634465424879654e-09,9.912649531785826e-10,4.905304131541073e-10,1.0356351288841141
0.19454,9.403690953233306e-10,7.801161681481198e-10,1.1618434764985385e-09,9.895601192775028e-10,4.877875923006837e-10,0.7409652273234063
0.19461,8.108716682887797e-10,7.792951277432236e-10,1.1596765481358614e-09,9.879646292822462e-10,4.883953547973405e-10,0.13811538420216068
0.19467,7.015343554259456e-10,7.757448665919243e-10,1.1551060510248964e-09,9.838825753394482e-10,4.853200313873336e-10,-0.30107622380692367
0.19473,5.493849016170423e-10,7.739591976314146e-10,1.151788665763902e-09,9.812316075805954e-10,4.849838250025382e-10,-0.8152196007099626
0.19479,5.603995532156413e-10,7.725475587073952e-10,1.1488974077489565e-09,9.789777192170093e-10,4.850420130364511e-10,-0.7762746683970749
0.19485,4.83313129086855e-10,7.711960263689045e-10,1.1476264463007468e-09,9.776990467045757e-10,4.83313129086855e-10,-1.012728390143176
0.19492,5.036440816361005e-10,7.721496292234645e-10,1.1478549340259393e-09,9.782162258985332e-10,4.851898431696267e-10,-0.9417817752553206
0.19498,5.208831228668701e-10,7.686286017347099e-10,1.1451063340617781e-09,9.752093883509116e-10,4.801489060511903e-10,-0.8917073861928562
0.19504,5.910888019502594e-10,7.68826818932696e-10,1.1441929340003314e-09,9.747611146852486e-10,4.816136227980174e-10,-0.6720178512516979
0.1951,6.780304682060696e-10,7.605214607366854e-10,1.132329347963105e-09,9.645110170277488e-10,4.759243583715662e-10,-0.3384029389962962
0.19516,7.758487806407313e-10,7.466899316337092e-10,1.1119852029968565e-09,9.471152418703336e-10,4.669694462151743e-10,0.1282287088612118
0.19522,8.689821098296898e-10,7.465042436197738e-10,1.1118943428847507e-09,9.469891120273856e-10,4.66637838080786e-10,0.5792441515243933
0.19529,9.643647308351163e-10,7.452558008644727e-10,1.1102790362325888e-09,9.455490891610052e-10,4.6556564911725093e-10,1.1012575660787842
0.19535,9.988035093064387e-10,7.44747742363955e-10,1.1106480135707655e-09,9.45564632596649e-10,4.639191785408276e-10,1.293990133841823
0.19541,9.573381658352075e-10,7.361407734993215e-10,1.0960305222344316e-09,9.335910625831676e-10,4.6066901369921814e-10,1.1350438540672803
0.19547,8.489044266655093e-10,7.271061671837706e-10,1.083123674365146e-09,9.224532311406842e-10,4.543663605355704e-10,0.5914865197331988
0.19553,7.405973960168274e-10,7.25143950977754e-10,1.0799418864399412e-09,9.1981196279891e-10,4.534471037606321e-10,0.06792114620310966
0.1956,5.467771227482531e-10,7.176916975881159e-10,1.069734377846607e-09,9.108820706175455e-10,4.4773085515479036e-10,-0.694608597340226
0.19566,4.482997957072215e-10,7.14071180880293e-10,1.0619577495325354e-09,9.048899379738946e-10,4.482997957072215e-10,-1.0779713190327593
0.19572,4.495522323450677e-10,7.148170392255069e-10,1.0624104418988435e-09,9.054495878984486e-10,4.495522323450677e-10,-1.2299968925546394
0.19578,4.476191834983205e-10,7.136352350489246e-10,1.0616517589714956e-09,9.04538284097715e-10,4.476191834983205e-10,-1.030426736500159
0.19584,5.140857772492617e-10,7.067252125903884e-10,1.0504504750706164e-09,8.952386827184905e-10,4.4438494881694747e-10,-0.7696953410828742
0.19591,6.164965914797718e-10,6.935543970602557e-10,1.0333505441530723e-09,8.800085074799172e-10,4.3315586750827426e-10,-0.3494183571331991
0.19597,7.054439242842073e-10,6.810395142999479e-10,1.0142321465951614e-09,8.63851298784701e-10,4.2590102049339896e-10,0.11716744433460978
0.19603,7.385002618010037e-10,6.666580704327718e-10,9.920536032885422e-10,8.451635558365015e-10,4.178102520065928e-10,0.3760651226836876
0.19609,7.757587524501098e-10,6.618412939250532e-10,9.843852624557033e-10,8.387632597684924e-10,4.1538724618889297e-10,0.6218727709653266
0.19615,8.125017967754265e-10,6.61648779112049e-10,9.84258045569842e-10,8.386127292299934e-10,4.1507652981711407e-10,0.8416757239843676
0.19622,8.371845635529133e-10,6.625973767076565e-10,9.845713779795464e-10,8.391710000759088e-10,4.1697978531736104e-10,0.9980969307050719
0.19628,8.123198303921973e-10,6.614253124772112e-10,9.84093913038086e-10,8.384283244278076e-10,4.1473565542185145e-10,0.8406963711437881
0.19634,7.768277232407291e-10,6.589651107273655e-10,9.825399658476634e-10,8.365458673588827e-10,4.106949631225328e-10,0.6273081484932954
0.1964,6.817249409773558e-10,6.600418629535451e-10,9.829892239608267e-10,8.372343795845532e-10,4.127347026321737e-10,0.10685298675445536
0.19646,6.022555322195208e-10,6.603788056367338e-10,9.828798880686716e-10,8.373030620036246e-10,4.1367153876345004e-10,-0.2760053865822862
0.19653,5.355593829195757e-10,6.59357904871123e-10,9.817727399629518e-10,8.362505306465105e-10,4.1254276982964607e-10,-0.5607044467186807
0.19659,5.574247619876975e-10,6.624090954670898e-10,9.871278726453826e-10,8.40596810197594e-10,4.134889988888139e-10,-0.48462298986261404
0.19665,5.811255065574765e-10,6.721686718792554e-10,9.99599007580345e-10,8.517652924225396e-10,4.2204358649125606e-10,-0.41093894160289335
0.19671,6.330956049670065e-10,6.886207126377486e-10,1.0260045204827278e-09,8.737514373370175e-10,4.300679838358754e-10,-0.2590899053970472
0.19678,6.211956704420497e-10,6.88828614115828e-10,1.0254390659237608e-09,8.735017029626106e-10,4.3123561967652206e-10,-0.3073967315644842
0.19684,6.302138915621226e-10,6.88641309193294e-10,1.024611460245674e-09,8.72942065026364e-10,4.3177117402560095e-10,-0.2648292716798288
0.1969,6.775299488705816e-10,6.875675524608655e-10,1.02323218676551e-09,8.717090759136447e-10,4.308382313393048e-10,-0.0460726209403243
0.19696,7.287732802452974e-10,6.86660512651792e-10,1.0219331240224756e-09,8.705888544742394e-10,4.3020987053182073e-10,0.20943273646849747
0.19703,7.536395358726005e-10,6.86460971748338e-10,1.0217833195181676e-09,8.704221583291193e-10,4.2991036226172383e-10,0.3382513390035201
0.19709,7.350835546567336e-10,6.778880297856711e-10,1.0080173362887768e-09,8.589615963881772e-10,4.2573910230888313e-10,0.29677953983199445
0.19715,6.808704038300037e-10,6.655091370770621e-10,9.911106061152829e-10,8.441571433499169e-10,4.161780191284703e-10,0.07399158708075192
0.19721,6.290518814941361e-10,6.613075895407987e-10,9.839222558485976e-10,8.382812757770447e-10,4.146569078434319e-10,-0.15378225657786618
0.19727,6.03297348341617e-10,6.586173039440102e-10,9.798236859398153e-10,8.348147719903092e-10,4.130842241775402e-10,-0.2616608269178526
0.19734,6.23397920141651e-10,6.559317229787604e-10,9.770332825575997e-10,8.321178374628534e-10,4.0996840888043806e-10,-0.1624975145918971
0.1974,6.441674962882885e-10,6.572404398608624e-10,9.778968887232098e-10,8.331407625224012e-10,4.120768547804875e-10,-0.06196295435536492
0.19746,6.588805232571475e-10,6.564228194497404e-10,9.773357583849917e-10,8.32489000022552e-10,4.1078486718155756e-10,0.01111836315915298
0.19753,6.536594300061679e-10,6.55581727024105e-10,9.757836022872628e-10,8.312462545771524e-10,4.106152066267074e-10,-0.008918869340518693
0.19759,6.38693338364675e-10,6.546841037859323e-10,9.742472206653002e-10,8.299905722618946e-10,4.1029096172695503e-10,-0.07751840345786398
0.19765,6.413236918750408e-10,6.519190021319246e-10,9.70847810219374e-10,8.269048706938614e-10,4.077083187208952e-10,-0.055390337141277945
0.19771,6.392659651709072e-10,6.511328605164789e-10,9.69040521035841e-10,8.255340865536116e-10,4.0797313796555726e-10,-0.05800099435004709
0.19778,6.677687364638359e-10,6.505876820623258e-10,9.68683745700365e-10,8.251097500885648e-10,4.07090907798499e-10,0.08656515116505695
0.19784,6.814970207137692e-10,6.502435934853912e-10,9.68420842544639e-10,8.248197318252817e-10,4.065795953206732e-10,0.1586855928962543
0.1979,6.685986465624006e-10,6.464754565222729e-10,9.62732732177337e-10,8.199952888940027e-10,4.0431355907201576e-10,0.11186194576511305
0.19796,6.463621154700199e-10,6.390437627443864e-10,9.512572916917256e-10,8.103294171467335e-10,4.001498445712487e-10,0.03801432079480432
0.19803,6.156302447846018e-10,6.292962981042605e-10,9.365625979707327e-10,7.97860720894659e-10,3.9426626390818516e-10,-0.06940255885509172
0.19809,5.886221907688592e-10,6.251972173599543e-10,9.31354337652447e-10,7.931874007084238e-10,3.906381592121564e-10,-0.19071043586187758
0.19815,5.664581030951817e-10,6.222491066149843e-10,9.254570724132453e-10,7.885635821691005e-10,3.905854141074359e-10,-0.2772934068249395
0.19821,6.19531866898689e-10,6.210556281616139e-10,9.246367462526595e-10,7.876112760191166e-10,3.8870151419930916e-10,-0.008898318224814999
0.19828,6.452379663735732e-10,6.164334176923056e-10,9.18447376220418e-10,7.821556079516196e-10,3.849879529003866e-10,0.15129934269406511
0.19834,6.779762284263599e-10,6.185422076961706e-10,9.199041158429056e-10,7.838491825139054e-10,3.88287114359057e-10,0.3387223820753067
0.1984,7.096735374735797e-10,6.166974635639385e-10,9.186095897291325e-10,7.823547498419497e-10,3.854283136751892e-10,0.5282061502203287
0.19847,6.715494449709636e-10,6.173893378593114e-10,9.190243532056602e-10,7.828713046164732e-10,3.8659028867630366e-10,0.3013905160189457
0.19853,6.466465874080608e-10,6.15804258156429e-10,9.167240333279105e-10,7.808963126441815e-10,3.8552616760719506e-10,0.1685879911469717
0.19859,6.173780978986795e-10,6.158452375367934e-10,9.167914629251855e-10,7.809521290130709e-10,3.85543692059962e-10,0.007871820678934577
0.19865,5.640137689649853e-10,6.145887788458427e-10,9.159617345015661e-10,7.799697740351579e-10,3.8352166481865684e-10,-0.26549515189505124
0.19872,5.493333724903594e-10,6.124994652869606e-10,9.127036740877248e-10,7.77233614912187e-10,3.8238859935689145e-10,-0.32669431050486186
0.19878,5.728484382290545e-10,6.103694043299777e-10,9.089352036562707e-10,7.741816091384484e-10,3.8176489501964934e-10,-0.197994057172219
0.19884,6.084789390542177e-10,6.100303094443655e-10,9.082787462603767e-10,7.736621856939207e-10,3.817352591202131e-10,-0.00951701609264388
0.19891,6.153002159503579e-10,6.104729281346091e-10,9.084406389894419e-10,7.739316902148823e-10,3.826034756116019e-10,0.028107147674930836
0.19897,6.252181834860844e-10,6.099957830133716e-10,9.081526466853438e-10,7.735744801721233e-10,3.8180275205148595e-10,0.08232413243566605
0.19903,6.20962870372237e-10,6.09829958923367e-10,9.081259282248999e-10,7.734932244520596e-10,3.8143857343388244e-10,0.05828260439591663
0.19909,5.947541797690727e-10,6.088889610322725e-10,9.068305783563772e-10,7.723619947001708e-10,3.807234294323262e-10,-0.07820007601800878
0.19916,5.772389257620909e-10,6.079034896967563e-10,9.050286221946825e-10,7.709156847662491e-10,3.8050457720567735e-10,-0.1623783732087937
0.19922,5.495086896545433e-10,6.068599255706997e-10,9.044394603284521e-10,7.701579972238842e-10,3.787094070991762e-10,-0.30192519908228804
0.19928,4.999281432804933e-10,6.071208491211953e-10,9.046029977987348e-10,7.703572742281535e-10,3.7913684817723434e-10,-0.5333219325312646
0.19935,4.738722099201784e-10,6.103145617471317e-10,9.068724764469001e-10,7.729485731924653e-10,3.840943395493156e-10,-0.6466342738900578
0.19941,4.3598767456219046e-10,6.086847333279887e-10,9.058646835737259e-10,7.717151660557626e-10,3.8137813124053835e-10,-0.800209724318195
0.19947,4.081235264429268e-10,6.086227016483302e-10,9.058657533382488e-10,7.716917181298495e-10,3.8122586361522306e-10,-0.9048556082514778
0.19954,4.867289608675428e-10,6.081123963066126e-10,9.055481999024307e-10,7.713040847182916e-10,3.8038452604890713e-10,-0.5924495467744123
0.1996,6.508907732869273e-10,6.086085448629782e-10,9.058552629865347e-10,7.716794628871558e-10,3.8120494588040063e-10,0.23736521176156905
0.19966,7.236471392989376e-10,6.087249703995529e-10,9.058248677347273e-10,7.717075973452034e-10,3.8152234050425517e-10,0.6826692207020983
0.19973,7.808690156008867e-10,6.06669361892442e-10,9.044401165806616e-10,7.700839218607073e-10,3.7824960048942756e-10,1.065301054417014
0.19979,8.08909537232884e-10,6.095511193238612e-10,9.064681717691283e-10,7.724109114985436e-10,3.827460147019855e-10,1.2625297916250593
0.19985,7.74857342911828e-10,6.096478020194122e-10,9.080730191696437e-10,7.73687739093868e-10,3.8007253165256134e-10,1.0153209706579613
0.19992,7.116149246306694e-10,6.111466233189056e-10,9.087125641634969e-10,7.743548144442421e-10,3.839212200838239e-10,0.593409492603169
0.19998,6.713546436556396e-10,6.112771494011352e-10,9.090291979486159e-10,7.745937177312714e-10,3.8383500475818685e-10,0.3464683363049876
0.20004,6.212871572728353e-10,6.101601627537712e-10,9.082537362619473e-10,7.736985798273359e-10,3.8207660400439896e-10,0.06074205087468398
0.20011,6.057036853302249e-10,6.097620725755079e-10,9.080050076619066e-10,7.733957830714583e-10,3.8141768278058176e-10,-0.023786793834223732
0.20017,6.006210511700608e-10,6.106772624788978e-10,9.086113029991297e-10,7.741122108662068e-10,3.828916748353156e-10,-0.05081784032061501
0.20023,6.206118508846007e-10,6.118903079645977e-10,9.107410033676425e-10,7.75840959850659e-10,3.832633143839348e-10,0.048006201830264696
0.2003,5.904695049711943e-10,6.146119675049616e-10,9.150132538113778e-10,7.794215013657423e-10,3.8470659780486207e-10,-0.12730424151750208
0.20036,5.853743852455632e-10,6.156338573146725e-10,9.156814367834833e-10,7.802162840872456e-10,3.8636358375789804e-10,-0.153193218382979
0.20042,6.124980240616464e-10,6.145490866084995e-10,9.150042503461671e-10,7.793902844654107e-10,3.845736731353664e-10,-0.012077639841712149
0.20049,5.67373011925318e-10,6.150597764034148e-10,9.150921098329421e-10,7.796454069938755e-10,3.856795861163814e-10,-0.2424826936050475
0.20055,4.86460521794079e-10,6.160131639202499e-10,9.158103789078242e-10,7.804424304230214e-10,3.8711522252090174e-10,-0.6142364395380249
0.20061,4.785328475830129e-10,6.139402909625556e-10,9.145988349920236e-10,7.789171847798243e-10,3.8358858780547675e-10,-0.6482867210072506
0.20068,4.153092713045059e-10,6.184040050888926e-10,9.196145030084469e-10,7.836178650876679e-10,3.8832036962245373e-10,-0.900216096403992
0.20074,4.756657774980758e-10,6.15935894105327e-10,9.184531148335868e-10,7.819641831664082e-10,3.837843714635152e-10,-0.6699692511859177
0.2008,6.55090573028639e-10,6.179681866123381e-10,9.199402001892309e-10,7.836391869352507e-10,3.8687526123276835e-10,0.20318933138593226
0.20087,7.647570795047881e-10,6.172492293195927e-10,9.194366451535914e-10,7.830593475638861e-10,3.857569409167247e-10,0.8739524863360701
0.20093,7.917073541759408e-10,6.205576748378935e-10,9.216595611995005e-10,7.856692229217976e-10,3.910547287817166e-10,1.0545555717586723
0.20099,7.881022987781625e-10,6.159517259957384e-10,9.187983820996646e-10,7.82171102509533e-10,3.834242078359013e-10,1.027599636449915
0.20106,6.199665095049318e-10,6.184400647916392e-10,9.207129468586779e-10,7.842782500655108e-10,3.87090855474243e-10,0.007336181246003025
0.20112,4.4904341214085047e-10,6.181034206585868e-10,9.208357017442256e-10,7.842153950246188e-10,3.8615206864098503e-10,-0.7792191128080721
0.20118,3.8736044953017933e-10,6.185536645026017e-10,9.207219185270955e-10,7.843269056187765e-10,3.8736044953017933e-10,-1.2886063088997521
0.20125,3.857225238332095e-10,6.174514659621277e-10,9.198770626854841e-10,7.833968384132671e-10,3.857225238332095e-10,-1.4784258147118379
0.20131,3.851731839828803e-10,6.17250810947642e-10,9.199297282615546e-10,7.833496326386064e-10,3.851731839828803e-10,-1.4461520088896718
0.20138,4.1717614026492607e-10,6.196593048735768e-10,9.210422231932851e-10,7.849509032454633e-10,3.896317931357026e-10,-0.8952383519534957
0.20144,5.813819426725919e-10,6.183853485149757e-10,9.198416414656082e-10,7.837434913589823e-10,3.880067052597894e-10,-0.18696685076344757
0.2015,6.606987731790928e-10,6.190867713350869e-10,9.206560840717218e-10,7.845003490686612e-10,3.887053642858863e-10,0.23513882092899252
0.20157,6.933559556759573e-10,6.162733387327e-10,9.187133999857418e-10,7.822479039805332e-10,3.842944452067632e-10,0.4261487317700869
0.20163,7.117145293126705e-10,6.19045073488746e-10,9.212346472847465e-10,7.848181301779382e-10,3.879497702198419e-10,0.5318676206363588
0.20169,7.358539536015443e-10,6.189364792941173e-10,9.21256912923557e-10,7.84788754823229e-10,3.8766102014598764e-10,0.6811444218879672
0.20176,7.710454511700656e-10,6.201365683349323e-10,9.216535392496445e-10,7.854964486888262e-10,3.900579498515487e-10,0.9128484731472788
0.20182,9.048082633006369e-10,6.201432928212502e-10,9.235423301506063e-10,7.87010333867296e-10,3.883038872339874e-10,1.8695098187054409
0.20189,1.0382101126286672e-09,6.199713747248465e-10,9.223936674848748e-10,7.854991861346388e-10,3.891994227699633e-10,2.985102225554738
0.20195,1.048984882633079e-09,6.199943166124893e-10,9.221233747049535e-10,7.857132964514714e-10,3.8918671353722825e-10,3.0794126713152314
0.20201,8.496041061020867e-10,6.221371176337259e-10,9.236278246902038e-10,7.87441626122822e-10,3.92525936335262e-10,1.4529823880076729
0.20208,4.348521793893858e-10,6.220592722920757e-10,9.236492798350888e-10,7.874783353081695e-10,3.914509904528329e-10,-0.835766262155641
0.20214,3.862945790367424e-10,6.180555925368585e-10,9.206315833222935e-10,7.840753503655691e-10,3.862945790367424e-10,-1.945206035263644
0.20221,3.8907982790624036e-10,6.195904721187354e-10,9.213695887934648e-10,7.851151817459018e-10,3.8907982790624036e-10,-2.3010667118705492
0.20227,3.9170559374950915e-10,6.21467729610438e-10,9.236459204519267e-10,7.867732295764048e-10,3.9170559374950915e-10,-1.1105883317076326
0.20233,5.660765101686727e-10,6.191618323691617e-10,9.210280957189931e-10,7.847474600562464e-10,3.8844761030539854e-10,-0.2664158760097269
0.2024,6.948250373226366e-10,6.179257064432577e-10,9.203386143609804e-10,7.838675750994061e-10,3.862947114917735e-10,0.43064513012478545
0.20246,7.993131779307076e-10,6.195640930243299e-10,9.212157319794391e-10,7.850152110755035e-10,3.891960077614207e-10,1.1043476535721237
0.20253,8.493612336699839e-10,6.218054065117419e-10,9.248939362666316e-10,7.880184292384974e-10,3.9051490931756155e-10,1.4361693173092527
0.20259,8.332361362980079e-10,6.183271423615128e-10,9.22703355810205e-10,7.853974893215198e-10,3.8449037160611155e-10,1.3155315001061694
0.20265,8.537458663707365e-10,6.215499294777663e-10,9.247711726355065e-10,7.878836931436292e-10,3.8975231801064197e-10,1.4643832481586878
0.20272,7.305405685030128e-10,6.210962309866844e-10,9.242125792924993e-10,7.873756465595131e-10,3.893187568870406e-10,0.6340405081029354
0.20278,6.343081645967118e-10,6.207524588431943e-10,9.240312060070242e-10,7.871340231468764e-10,3.8870834018996274e-10,0.07283653484368331
0.20285,4.1904065389944814e-10,6.209160916479944e-10,9.241651392962694e-10,7.872778335865227e-10,3.8893680418744026e-10,-0.8952978290442312
0.20291,3.8797846094691723e-10,6.207177093294742e-10,9.245651137013834e-10,7.874356796119768e-10,3.8797846094691723e-10,-1.4963720082467795
0.20297,3.9306045560253536e-10,6.242521919200729e-10,9.274145912536421e-10,7.905026576960533e-10,3.9306045560253536e-10,-1.4444594151557568
0.20304,3.8555826278951453e-10,6.196210509163759e-10,9.243873775239566e-10,7.86900903063268e-10,3.8555826278951453e-10,-1.3073723026374588
0.2031,4.854309806570133e-10,6.235080821227168e-10,9.268699927418684e-10,7.898898390845375e-10,3.9192005138482535e-10,-0.6428028796566879
0.20317,6.909902365474192e-10,6.235917802176948e-10,9.279928873804555e-10,7.905799059130941e-10,3.9079536279497856e-10,0.37707178578834016
0.20323,7.242948933902371e-10,6.258653898880507e-10,9.302931126509747e-10,7.928271583162118e-10,3.9350770595374435e-10,0.5698125396034013
0.2033,7.576825015529548e-10,6.228514394720112e-10,9.271858808685918e-10,7.898152987212667e-10,3.899752440422737e-10,0.7891182688551353
0.20336,7.394294273074763e-10,6.23183121031239e-10,9.273636667515923e-10,7.90050201157353e-10,3.905600507674083e-10,0.6736782185765234
0.20342,7.492663378630507e-10,6.217923396692738e-10,9.265759198013264e-10,7.890395247246304e-10,3.881657715819668e-10,0.7343575088704444
0.20349,5.93805837377235e-10,6.236563539913635e-10,9.276096703371735e-10,7.903811261498964e-10,3.914040138030662e-10,-0.14911848373231115
0.20355,5.384822140196746e-10,6.252301565204088e-10,9.297943707465138e-10,7.92324889778445e-10,3.916600892404682e-10,-0.42497113508718487
0.20362,5.052427721569258e-10,6.230295851814647e-10,9.278900608136099e-10,7.902989801109262e-10,3.895646561264451e-10,-0.5650534198318514
0.20368,4.610561841310024e-10,6.223721847164754e-10,9.275122308943783e-10,7.898180465351424e-10,3.884402308263749e-10,-0.7458813745365107
0.20375,5.042522569097269e-10,6.222266016437468e-10,9.275733598779256e-10,7.897967014895138e-10,3.8801901094184755e-10,-0.5701970329960792
0.20381,6.03256824245621e-10,6.269070348132206e-10,9.331682503813413e-10,7.949263318953951e-10,3.9257684077916866e-10,-0.12151763941886781
0.20388,6.652474259892733e-10,6.287250262072479e-10,9.368124740800208e-10,7.977814133603402e-10,3.9260623979071447e-10,0.19016743767986163
0.20394,6.527295652490535e-10,6.300494036588129e-10,9.384502248948805e-10,7.992656074377322e-10,3.9382726071880214e-10,0.11663924364738679
0.204,6.201106708644611e-10,6.381128407008042e-10,9.494309422639594e-10,8.088902633976206e-10,4.0009160658489194e-10,-0.08870656133867034
0.20407,6.003567570584227e-10,6.385038879691769e-10,9.496740434137857e-10,8.091870126530086e-10,4.0074101341298144e-10,-0.18614074259082178
0.20413,6.378444551854836e-10,6.376252112963016e-10,9.49182127184837e-10,8.085505700562311e-10,3.992263920773924e-10,0.001074145741041268
0.2042,7.059232126926024e-10,6.369458242067285e-10,9.489234119587287e-10,8.081321004094e-10,3.9790045698220005e-10,0.3695459436108141
0.20426,8.056614802818519e-10,6.433615472660394e-10,9.581992256963345e-10,8.161058566291644e-10,4.022466057785231e-10,0.9297567357693873
0.20433,8.203437599214419e-10,6.464688658630842e-10,9.628672665969993e-10,8.200712367814946e-10,4.0414063584454706e-10,0.9984359774191671
0.20439,8.180428996227338e-10,6.487400327068954e-10,9.659071482630609e-10,8.227514717609804e-10,4.0596504993617916e-10,0.9686110124330104
0.20446,7.918627377892165e-10,6.505304107983973e-10,9.672131772416177e-10,8.242186418834529e-10,4.087209778957032e-10,0.8030997745615449
0.20452,6.706319463052523e-10,6.485781164252908e-10,9.660561163153138e-10,8.227749572344776e-10,4.054011545209191e-10,0.10981778698634005
0.20459,5.47613433092062e-10,6.50539191999178e-10,9.673964686912588e-10,8.243354932765038e-10,4.0850385207533497e-10,-0.47492781322277977
0.20465,4.974532332037074e-10,6.497953913411052e-10,9.677072797678078e-10,8.24225018411343e-10,4.063509196389138e-10,-0.6823986014745385
0.20472,5.054033218676801e-10,6.51658509315095e-10,9.709441604281734e-10,8.26820969779678e-10,4.08170113749936e-10,-0.6550199340015055
0.20478,5.367527988973309e-10,6.526260931731472e-10,9.704648193078665e-10,8.269594332547593e-10,4.0985576196982625e-10,-0.5279051128462285
0.20484,5.927146581848883e-10,6.516894251654001e-10,9.69673465455796e-10,8.261252291982129e-10,4.0855323798665656e-10,-0.28203451158055737
0.20491,6.48157685107664e-10,6.544177992453642e-10,9.739490265840635e-10,8.297104679703767e-10,4.1000780038184786e-10,-0.029994824980478507
0.20497,6.737509102836563e-10,6.535164621112228e-10,9.734322972742475e-10,8.290516380834472e-10,4.084640795224906e-10,0.09936929153322878
0.20504,6.96000860823258e-10,6.542406318614768e-10,9.739792345868061e-10,8.29658190961642e-10,4.0954828471119176e-10,0.21613672187292862
0.2051,6.810659136338911e-10,6.518541662604189e-10,9.698268982957403e-10,8.262800789791482e-10,4.0876668894354003e-10,0.15420277535030497
0.20517,6.704251760569392e-10,6.548189226132684e-10,9.743020337043344e-10,8.300756263146454e-10,4.105470577758414e-10,0.08223329345366046
0.20523,6.253573573822091e-10,6.557505235033833e-10,9.762084162449225e-10,8.315618597654137e-10,4.1051640343177765e-10,-0.14927130751451406
0.2053,5.831308647742198e-10,6.57775953266905e-10,9.782696109950955e-10,8.335707791503085e-10,4.12917182018679e-10,-0.34780430686075664
0.20536,5.578868608864516e-10,6.592105261400246e-10,9.801534071639352e-10,8.352420777100058e-10,4.1411562695224537e-10,-0.4617301445571598
0.20543,5.666978938176105e-10,6.563353937265164e-10,9.78144911558013e-10,8.329293783880733e-10,4.0961628130366043e-10,-0.423706490542447
0.20549,6.264632303222577e-10,6.58845685512736e-10,9.800522645555823e-10,8.350392784757251e-10,4.1335807058820197e-10,-0.15379326821226783
0.20556,7.154506550544667e-10,6.594030150130391e-10,9.814141009509534e-10,8.360576239430267e-10,4.130779108671964e-10,0.2927374805594615
0.20562,7.406715727487298e-10,6.625441362484854e-10,9.864732975189944e-10,8.402653747961061e-10,4.1459457818009077e-10,0.4092306972110846
0.20569,7.377840925591045e-10,6.62631465792397e-10,9.867718988716244e-10,8.40475458579782e-10,4.1444367781526755e-10,0.3913920783745387
0.20575,7.153477807956648e-10,6.673854049946659e-10,9.93628477928041e-10,8.46374909456498e-10,4.176791466747756e-10,0.24378340281051833
0.20582,6.879584962282783e-10,6.664782503827722e-10,9.925383524445225e-10,8.4537738308125e-10,4.168020271831722e-10,0.10497988588877585
0.20588,6.455802905357012e-10,6.694730328601203e-10,9.950529246029003e-10,8.48235272872447e-10,4.1757434847310434e-10,-0.11542700338539011
0.20595,5.927787567376622e-10,6.725595202258704e-10,1.0020964073885228e-09,8.533846532541053e-10,4.2001467209599606e-10,-0.3713480485339809
0.20601,5.728848564069906e-10,6.790380430395862e-10,1.0114104409200308e-09,8.614074295973912e-10,4.2445474427209167e-10,-0.4766032419349443
0.20608,6.447843753476689e-10,6.848367167159673e-10,1.0191144091770632e-09,8.682155403321793e-10,4.291896680871047e-10,-0.185050585293346
0.20614,6.842339766691766e-10,6.920444026982047e-10,1.0301041310413207e-09,8.775079786411858e-10,4.3339372646347476e-10,-0.03652662560955935
0.20621,7.255543706833657e-10,6.922211825794453e-10,1.0310782152587178e-09,8.784669101311328e-10,4.3329618179178776e-10,0.1641715955114828
0.20627,7.516045977337085e-10,6.901511955257814e-10,1.0277536110374127e-09,8.753816207044976e-10,4.316538619828854e-10,0.30320499119628874
0.20634,7.416967548569984e-10,6.904532100875638e-10,1.0281248062328618e-09,8.757184814962589e-10,4.3193799889662264e-10,0.25106756093783794
0.20641,7.572051433677447e-10,6.990680557937013e-10,1.0395448708342579e-09,8.858167000379727e-10,4.3901176224093097e-10,0.2923027914548429
0.20647,7.927615572407515e-10,7.004667274556689e-10,1.0421259155057602e-09,8.878882999581228e-10,4.392571594148555e-10,0.46620402541476746
0.20654,7.923286461728646e-10,6.999767375990415e-10,1.0418627411472335e-09,8.875371949283582e-10,4.384215487337783e-10,0.4635489572958506
0.2066,7.37233931657657e-10,7.001852841338386e-10,1.0419649247306242e-09,8.876795087994758e-10,4.3879923683951566e-10,0.18075357621462096
0.20667,6.41624731033444e-10,6.990991339454788e-10,1.0396273387571768e-09,8.858792496244718e-10,4.3897700495154543e-10,-0.25418078933257615
0.20673,5.962991408578107e-10,6.989050511924606e-10,1.0396136206208039e-09,8.858021696817257e-10,4.385500501321899e-10,-0.44416587295927756
0.2068,5.804203939670573e-10,7.000049473828546e-10,1.0420462751456746e-09,8.876567853849189e-10,4.382664566574062e-10,-0.5140902444054406
0.20686,6.29270223528125e-10,7.110630495391825e-10,1.0588588415433153e-09,9.018854823967248e-10,4.4477197410814184e-10,-0.3583169288102377
0.20693,6.386647415364906e-10,7.103777420348055e-10,1.0582352410748982e-09,9.012489786153496e-10,4.438740715375199e-10,-0.31884645642165765
0.20699,6.103111133404638e-10,7.108975033445039e-10,1.0584975549867963e-09,9.016073265583586e-10,4.447999911767654e-10,-0.43365270223455976
0.20706,6.022933726515486e-10,7.146231879968753e-10,1.0631950896135847e-09,9.058338177948376e-10,4.481508380312561e-10,-0.4740890840275555
0.20712,6.438682059243921e-10,7.20979316191093e-10,1.0744299115646564e-09,9.149341205062828e-10,4.500263588901499e-10,-0.33823348623513005
0.20719,7.491495712246671e-10,7.226950639261358e-10,1.0755676402674695e-09,9.162794997028591e-10,4.527424573824452e-10,0.12484094649676862
0.20726,8.793868704207784e-10,7.24562428146688e-10,1.0767547800140054e-09,9.177111977567423e-10,4.558519947392246e-10,0.7929807589307333
0.20732,9.759242533058705e-10,7.19949899982415e-10,1.0737497895045867e-09,9.140955399591127e-10,4.4849933977198855e-10,1.357356456748567
0.20739,1.0350755036910765e-09,7.24615414353992e-10,1.0764902240411127e-09,9.175771260868116e-10,4.5629327968098876e-10,1.736029996910908
0.20745,1.021847002408605e-09,7.193431677154322e-10,1.0729232428397412e-09,9.134057504880764e-10,4.4789979151289377e-10,1.6504347996037678
0.20752,8.754044968659394e-10,7.243095522039821e-10,1.0765682205472808e-09,9.175016118336094e-10,4.5546892263141763e-10,0.771126767563788
0.20758,6.428185772919848e-10,7.230804723628741e-10,1.0757442738410548e-09,9.165344440730047e-10,4.53493922386763e-10,-0.342102490203767
0.20765,4.5438564386209076e-10,7.235107086193915e-10,1.0758640504097792e-09,9.167742144544586e-10,4.5438564386209076e-10,-1.2539810971929544
0.20771,4.503913572698162e-10,7.21455407333123e-10,1.0751045092285376e-09,9.155125609909609e-10,4.503913572698162e-10,-1.8528888357128803
0.20778,4.578276628259368e-10,7.287376612928214e-10,1.0835016225965018e-09,9.233183191001829e-10,4.578276628259368e-10,-1.754386872802849
0.20785,4.5833774203810546e-10,7.297624397023313e-10,1.085137486380456e-09,9.246825639599112e-10,4.5833774203810546e-10,-1.2063636012051047
0.20791,6.131743869528216e-10,7.273939245295962e-10,1.0836232768885032e-09,9.228598338497471e-10,4.5446266881245914e-10,-0.4792484264234395
0.20798,7.870311362498058e-10,7.285720354075331e-10,1.084428362267629e-09,9.237969180826919e-10,4.563269372093902e-10,0.27532862391394564
0.20804,8.605143659328591e-10,7.366299291469916e-10,1.0967165979745464e-09,9.341870125065316e-10,4.610229924314484e-10,0.59848522635925
0.20811,9.14068245362062e-10,7.434639771975321e-10,1.1052209525463876e-09,9.41873246779939e-10,4.67290261694289e-10,0.8537390147913633
0.20817,9.243907242028799e-10,7.416005771235832e-10,1.1053271622615388e-09,9.412006538264643e-10,4.6269917401755925e-10,0.8990598831396963
0.20824,9.074557144369857e-10,7.494218871702419e-10,1.1167642976122293e-09,9.509980223366556e-10,4.678400262608013e-10,0.757556865358
0.20831,8.616104176296673e-10,7.496403534706169e-10,1.1169290170529749e-09,9.511809429172533e-10,4.681664747478536e-10,0.5208134435235808
0.20837,8.132010955633839e-10,7.513668461736196e-10,1.118195265723266e-09,9.526058766343189e-10,4.707922225676238e-10,0.2836411635920187
0.20844,7.234695258696006e-10,7.516845170914016e-10,1.1184941190340852e-09,9.529059032929594e-10,4.712000933844423e-10,-0.11886447518207906
0.2085,6.693801011230472e-10,7.686989656395085e-10,1.1430785339342327e-09,9.740446486949504e-10,4.827401665765056e-10,-0.39275775171338684
0.20857,6.388271224415835e-10,7.671453216851498e-10,1.141924607706284e-09,9.727547640918173e-10,4.803874819433393e-10,-0.5040801172701089
0.20864,6.447632058179961e-10,7.684360239863937e-10,1.142741039026447e-09,9.737427945651155e-10,4.825106505352245e-10,-0.4825720765177627
0.2087,6.828806246401261e-10,7.678845718810595e-10,1.142438913192023e-09,9.733480478919033e-10,4.815484474396996e-10,-0.3413790349927094
0.20877,7.351421023932658e-10,7.6661130301949e-10,1.1416042381918782e-09,9.723559971345253e-10,4.794898632567575e-10,-0.13432929219515244
0.20883,7.957068700011807e-10,7.673030342742112e-10,1.1420267907924312e-09,9.728767525475255e-10,4.806449252720328e-10,0.12503010783474022
0.2089,8.404277939115627e-10,7.66584176952366e-10,1.1415621413253135e-09,9.723203236631427e-10,4.794768775304225e-10,0.32945557646776896
0.20897,8.771654564992702e-10,7.674681660232918e-10,1.1420938232559647e-09,9.729813411665675e-10,4.809602272424428e-10,0.5062497038994775
0.20903,8.730261537053716e-10,7.664204679353739e-10,1.1413366921152169e-09,9.721237658765261e-10,4.793507940891204e-10,0.48635759855399213
0.2091,8.660167323687126e-10,7.656482466854217e-10,1.1407850827753892e-09,9.714955752435983e-10,4.781574165352259e-10,0.4524480365040471
0.20916,8.469377949609459e-10,7.676198173919316e-10,1.1421160940230956e-09,9.730542973630975e-10,4.812953115565728e-10,0.3610290890599294
0.20923,7.732137840117745e-10,7.671065781059574e-10,1.1419448986991071e-09,9.727519033329232e-10,4.802678518272017e-10,0.02609768183257651
0.2093,6.393342210032656e-10,7.675676506746951e-10,1.142244310816751e-09,9.731093272904254e-10,4.810151291244081e-10,-0.5024114806980389
0.20936,5.461240216126141e-10,7.669369435518816e-10,1.141714695742383e-09,9.725496024685141e-10,4.801365352322817e-10,-0.8109596794055774
0.20943,4.789232002319859e-10,7.660967215957659e-10,1.1410432119697655e-09,9.718240425553454e-10,4.789232002319859e-10,-1.0282631406712115
0.20949,4.764316769096676e-10,7.645529765044797e-10,1.1400364960642586e-09,9.706239769004199e-10,4.764316769096676e-10,-1.1039865492594534
0.20956,4.885363896246901e-10,7.675285830336462e-10,1.1421435681318677e-09,9.730376713192372e-10,4.810249040480231e-10,-0.9776490830553761
0.20963,6.374807446308387e-10,7.66024511351632e-10,1.1413669304077342e-09,9.719846287332392e-10,4.783728991740683e-10,-0.5095550217289261
0.20969,8.973516588183681e-10,7.675440370154821e-10,1.142562792712347e-09,9.732861703118286e-10,4.805863074987806e-10,0.6034168945597114
0.20976,1.0029035778330076e-09,7.675706911872198e-10,1.1423288903323063e-09,9.731595881825622e-10,4.809273138481864e-10,1.1656779525287133
0.20983,1.0367078886729243e-09,7.656153877834295e-10,1.1408884726742416e-09,9.715113677590294e-10,4.78086610484629e-10,1.3604510582644755
0.20989,1.053305063265117e-09,7.696747190850457e-10,1.1435138534302199e-09,9.74684391747698e-10,4.845685945157293e-10,1.4574267834033643
0.20996,1.0634221037174416e-09,7.64560508431413e-10,1.1400064836010135e-09,9.706092886584447e-10,4.764837173908426e-10,1.5180696155269617
0.21002,1.0264580815137142e-09,7.698510025312727e-10,1.143625652189203e-09,9.748198236554523e-10,4.848571343879306e-10,1.3013063968701748
0.21009,8.853455250195447e-10,7.693382555264684e-10,1.1438871094805347e-09,9.747643108808986e-10,4.833538558352709e-10,0.5430397389796914
0.21016,7.059769990922721e-10,7.687854853541307e-10,1.1433256213484772e-09,9.742236309749438e-10,4.826363918092393e-10,-0.2529956060343567
0.21022,5.739375712010137e-10,7.689259030170933e-10,1.1434699985741989e-09,9.742487416022662e-10,4.830048391827665e-10,-0.7245945582892748
0.21029,5.241793947295517e-10,7.659752233902854e-10,1.1411751001007006e-09,9.718587824569315e-10,4.784500317924463e-10,-0.8769376228311161
0.21036,5.020940039385313e-10,7.660750162256896e-10,1.1412715285455513e-09,9.719494709828445e-10,4.786006815229182e-10,-0.9403011187272269
0.21042,5.234105071334899e-10,7.654492562975651e-10,1.1408607317269253e-09,9.714617679372695e-10,4.77592930662775e-10,-0.8792225090154085
0.21049,5.624717652957616e-10,7.694720829166215e-10,1.1436617223103696e-09,9.746914283942032e-10,4.839036052079214e-10,-0.7609453347139645
0.21056,6.690553659504365e-10,7.684162040865757e-10,1.1431177919560042e-09,9.739526857707394e-10,4.820238910293907e-10,-0.3948841783745371
0.21062,7.516392545840108e-10,7.679000357502631e-10,1.1428586941953386e-09,9.73603031588241e-10,4.810648567694791e-10,-0.06780746858492893
0.21069,8.600711791253691e-10,7.692811183691318e-10,1.1437923870511575e-09,9.746935512631972e-10,4.832841579726344e-10,0.41996534551069875
0.21076,9.769475061864475e-10,7.667961855246743e-10,1.142061012152871e-09,9.726917589879322e-10,4.794220110085974e-10,1.0199462435933848
0.21082,9.75107241846436e-10,7.696997431354508e-10,1.1440100582969008e-09,9.749859600489e-10,4.84033358641276e-10,1.0098240197842279
0.21089,9.046440408763996e-10,7.678850052813267e-10,1.1432763969301645e-09,9.738417625261775e-10,4.805433014687873e-10,0.6364804766668969
0.21096,8.054577174280696e-10,7.675638736940185e-10,1.1429521313817058e-09,9.735228237260978e-10,4.801695309126172e-10,0.16432760768851212
0.21102,6.803210079573883e-10,7.687002786188148e-10,1.1435071902646138e-09,9.742965209344002e-10,4.82234049770326e-10,-0.35326876848487254
0.21109,5.733511445772989e-10,7.684882846749404e-10,1.143054866515158e-09,9.739475194400592e-10,4.82262982239277e-10,-0.726601639618428
0.21116,5.842868314267719e-10,7.679333675296076e-10,1.142553339986264e-09,9.73434564394066e-10,4.815283141806007e-10,-0.6908534541766926
0.21122,5.90124241926794e-10,7.680854943486751e-10,1.1427454775594379e-09,9.736074581192034e-10,4.816636095835826e-10,-0.6719769264001869
0.21129,5.679574735066204e-10,7.689659964179254e-10,1.1436473149052612e-09,9.744839891888488e-10,4.827033215578275e-10,-0.7445760680388797
0.21136,6.615511119108453e-10,7.686149662204574e-10,1.1438877574097768e-09,9.74487477895427e-10,4.815689374611306e-10,-0.42529952977367036
0.21142,7.538385305146856e-10,7.687153461690605e-10,1.1438688235506567e-09,9.74614478940003e-10,4.816529256720171e-10,-0.061620755286799236
0.21149,8.550375951950349e-10,7.669816876569864e-10,1.142363685438214e-09,9.729485843185873e-10,4.794702076895183e-10,0.3951543659542214
0.21156,9.242077894445374e-10,7.651320318317414e-10,1.1407741273790222e-09,9.712853450320126e-10,4.769386015250926e-10,0.7411689073205086
0.21162,9.787702456862593e-10,7.691171264066433e-10,1.1433093851414813e-09,9.743447088791707e-10,4.834710792978582e-10,1.0324795806746514
0.21169,1.0324844690531425e-09,7.659857949123776e-10,1.1411798879607977e-09,9.718601799788829e-10,4.784978093775916e-10,1.3347034327041067
0.21176,1.046309951686273e-09,7.663465077912389e-10,1.141535428930462e-09,9.72211438307861e-10,4.789368069231585e-10,1.413910108722238
0.21182,9.94053173246937e-10,7.671912552918738e-10,1.142297239676792e-09,9.729920524726852e-10,4.800519145001399e-10,1.1142812259939963
0.21189,8.570657884171751e-10,7.692420852237639e-10,1.1438979949948163e-09,9.747330534766715e-10,4.830586293978645e-10,0.40468192712206463
0.21196,6.783151188801945e-10,7.669255798198017e-10,1.1420405540737112e-09,9.727367127838421e-10,4.797035626878514e-10,-0.35984720275959076
0.21202,6.38405491616394e-10,7.66794251375418e-10,1.1417820851275947e-09,9.725327889476184e-10,4.797153995988429e-10,-0.5059249520736726
0.21209,5.886419541044889e-10,7.669472314645425e-10,1.1419664132988565e-09,9.727013889511906e-10,4.798621825950544e-10,-0.676817050729585
0.21216,5.896992382600337e-10,7.677590099267084e-10,1.1426916309634815e-09,9.73447597110655e-10,4.809329288413602e-10,-0.6739247877029193
0.21223,5.96793112190846e-10,7.689852788368761e-10,1.1438248605127037e-09,9.74594264735323e-10,4.825459969926948e-10,-0.6513413073572905
0.21229,5.755564253871422e-10,7.701349930362589e-10,1.144617064842609e-09,9.75512477602301e-10,4.843630509519153e-10,-0.7208278669392859
0.21236,5.610824101150791e-10,7.684570713928395e-10,1.1431616859065885e-09,9.739979987053946e-10,4.820610098797897e-10,-0.7658397088073152
0.21243,6.345548598010564e-10,7.673322146269666e-10,1.1422346443837819e-09,9.730108516562135e-10,4.804655260180102e-10,-0.519953340832579
0.21249,7.088605946992006e-10,7.662550653853359e-10,1.1415162090307835e-09,9.721636035790143e-10,4.787416992524673e-10,-0.24106160617751912
0.21256,7.497484528385603e-10,7.674498455218431e-10,1.1425449408639702e-09,9.73237771812784e-10,4.803859076599498e-10,-0.07558451567176168
0.21263,7.996587110734627e-10,7.676210574799065e-10,1.14266052071293e-09,9.733746750564046e-10,4.806498329151221e-10,0.14024123884960646
0.21269,8.748016540962954e-10,7.684423222508614e-10,1.142959785775744e-09,9.738742453468598e-10,4.822636768882298e-10,0.4931829861267057
0.21276,9.2487942106398e-10,7.659431647143627e-10,1.1412240307874175e-09,9.718693841081245e-10,4.783429104946203e-10,0.7454300970497401
0.21283,9.23124828554982e-10,7.683207275611737e-10,1.142729530449066e-09,9.736905686777816e-10,4.822487427009513e-10,0.7370687777536417
0.2129,9.019474588289722e-10,7.688492411553834e-10,1.1430156159086948e-09,9.740668394739515e-10,4.831768827055421e-10,0.6294876026833303
0.21296,8.818138020406167e-10,7.652713467873368e-10,1.1406829430527337e-09,9.71286814102315e-10,4.77378889022529e-10,0.5285796525693937
0.21303,7.894682079159362e-10,7.677393703296644e-10,1.142472266675279e-09,9.733101206265349e-10,4.811608087248707e-10,0.09651943538222763
0.2131,6.503341636305544e-10,7.659649257473705e-10,1.141306345921485e-09,9.719260366730886e-10,4.782988041911576e-10,-0.46324225310389516
0.21317,6.038737062474129e-10,7.661876506181878e-10,1.1413164747168847e-09,9.720200204416688e-10,4.788181374828386e-10,-0.625604640923449
0.21323,6.123307219584905e-10,7.68807559718464e-10,1.1430132658022927e-09,9.740490192029835e-10,4.830795933428366e-10,-0.5966272170716725
0.2133,7.196675785694118e-10,7.666358237014567e-10,1.1414208409183384e-09,9.722582072796387e-10,4.797655665145713e-10,-0.19634538031458315
0.21337,5.829362237684168e-10,7.669062501818642e-10,1.1425616970524291e-09,9.730336110510412e-10,4.790595719587375e-10,-0.6973641485134313
0.21343,4.784927717400753e-10,7.666655834449522e-10,1.1455067733903217e-09,9.747866637834268e-10,4.784927717400753e-10,-1.0737027574462454
0.2135,4.861040083677091e-10,7.659826556373608e-10,1.1420157061549281e-09,9.723498414736055e-10,4.774983654983451e-10,-0.9861483890154246
0.21357,7.138800376786265e-10,7.684011706313853e-10,1.1437884320375029e-09,9.743439528501517e-10,4.811803642557802e-10,-0.2249136803102055
0.21364,8.910406043533068e-10,7.681774394505507e-10,1.1438539647934329e-09,9.74294024401876e-10,4.80567729597172e-10,0.5657788702506389
0.2137,1.00942647358254e-09,7.704615452537783e-10,1.1453821840695223e-09,9.76069871119568e-10,4.840193907470445e-10,1.1831580751129551
0.21377,9.917737334824075e-10,7.697190321152686e-10,1.1447385501409122e-09,9.75421347905646e-10,4.832094563080389e-10,1.095137999595398
0.21384,9.220677164799634e-10,7.670503015318099e-10,1.1426283615563084e-09,9.731301962645748e-10,4.793252839153425e-10,0.7259337224002959
0.21391,8.463843270820438e-10,7.670091164058203e-10,1.142497408577948e-09,9.730371498987123e-10,4.793817835721061e-10,0.35336247503454715
0.21397,7.662156119526763e-10,7.715183958954149e-10,1.147242377825109e-09,9.779808655312625e-10,4.812544220553099e-10,-0.021471478639460067
0.21404,6.682810420701211e-10,7.677420993967157e-10,1.142906241866941e-09,9.735663673611583e-10,4.806495572011051e-10,-0.39877497323855365
0.21411,6.13131108268315e-10,7.694451941187141e-10,1.1441201849709245e-09,9.749513779240777e-10,4.833193734484955e-10,-0.5960818361422604
0.21418,6.142727086511667e-10,7.663371867791518e-10,1.1416407371228549e-09,9.722693992810405e-10,4.787906770107887e-10,-0.5909502620889621
0.21425,6.359304889369406e-10,7.68470197383583e-10,1.1431571899600334e-09,9.740007067939811e-10,4.820967885800229e-10,-0.5156286348319753
0.21431,6.895751783129457e-10,7.678657406275978e-10,1.1427476797803403e-09,9.735219803549278e-10,4.811346368046468e-10,-0.31707327315100203
0.21438,7.706076222581189e-10,7.674003366909277e-10,1.1425692547378146e-09,9.732337086287266e-10,4.802321433496228e-10,0.012553433856404436
0.21445,8.695002159137667e-10,7.660315466520952e-10,1.1416803854024398e-09,9.72172033464196e-10,4.780137209875515e-10,0.46503095342015704
0.21452,9.286337633413556e-10,7.659294137088711e-10,1.1414987966843593e-09,9.720447474377673e-10,4.778491194448194e-10,0.7618240193853942
0.21458,9.488767988658458e-10,7.670809438625994e-10,1.1423783678050096e-09,9.729954735109674e-10,4.796957146118836e-10,0.8679874907668554
0.21465,9.088538737378768e-10,7.64399540874515e-10,1.1389876991549631e-09,9.699458622692853e-10,4.773150265840362e-10,0.6720503335579799
0.21472,8.34227073491267e-10,7.503593838629801e-10,1.117922171942325e-09,9.520472486753432e-10,4.687056354441856e-10,0.38194984888854777
0.21479,7.636892418767854e-10,7.512778024744218e-10,1.1186547643180329e-09,9.528378983481693e-10,4.700460426663436e-10,0.05313208686231606
0.21485,6.335956886747716e-10,7.518053204103972e-10,1.1188275130161216e-09,9.531486943856464e-10,4.710948473188743e-10,-0.4754218483841763
0.21492,5.616958374194858e-10,7.508879872264598e-10,1.118115522432638e-09,9.52369609011778e-10,4.697416882913736e-10,-0.7254926225213744
0.21499,5.282815682577253e-10,7.495755379878321e-10,1.1172919478662446e-09,9.513685812208922e-10,4.675805175532734e-10,-0.8317602259111592
0.21506,5.819232845925769e-10,7.532384539495384e-10,1.1199256972131213e-09,9.543537831365688e-10,4.732538504282895e-10,-0.6587282387359807
0.21513,6.784202311416548e-10,7.519966208683237e-10,1.1192825960153284e-09,9.534888075855014e-10,4.710262670378877e-10,-0.30547236191904026
0.21519,7.493104874796849e-10,7.520001281910283e-10,1.1193724687704966e-09,9.535454928786016e-10,4.709142947908504e-10,-0.01146412281517019
0.21526,7.731436328801504e-10,7.525495643905121e-10,1.119761954832642e-09,9.53990537460242e-10,4.717687578647213e-10,0.09394569076417997
0.21533,7.819900409965542e-10,7.511653912499852e-10,1.118763890398833e-09,9.52858983495856e-10,4.696394187509686e-10,0.13435498521177103
0.2154,7.569711708930134e-10,7.515657538486699e-10,1.1189200846612288e-09,9.531088681011181e-10,4.70410324222575e-10,0.022954334193072953
0.21547,7.839408134119216e-10,7.512331413242121e-10,1.1185823598574206e-09,9.527796440112934e-10,4.70015394770441e-10,0.14458026171106356
0.21553,7.882897887164164e-10,7.516743956703332e-10,1.1188514900375577e-09,9.531115141980956e-10,4.707516995186025e-10,0.1646609184605491
0.2156,7.999743713752928e-10,7.527088109037346e-10,1.119591296601727e-09,9.53953732056704e-10,4.723509096749382e-10,0.21836346629979697
0.21567,7.717014579451952e-10,7.510678464665975e-10,1.1184862081980249e-09,9.526580022953444e-10,4.69732776804275e-10,0.08903004354166597
0.21574,7.95218850632141e-10,7.523655040678799e-10,1.1193255961894706e-09,9.536621875687047e-10,4.71845003201553e-10,0.19652275809725153
0.21581,8.730429526337961e-10,7.51227446038687e-10,1.1187051507219372e-09,9.528497341388723e-10,4.698526598055024e-10,0.5735360180665663
0.21587,9.233986897048825e-10,7.501495262588166e-10,1.1180572278116716e-09,9.520437645038116e-10,4.680475044952497e-10,0.8361931604009848
0.21594,9.115492574334348e-10,7.543734751652611e-10,1.121109315148039e-09,9.55498713521585e-10,4.745518320226889e-10,0.7712808582905116
0.21601,7.428222502732134e-10,7.519888317531136e-10,1.11956073487329e-09,9.536520791669215e-10,4.706602500144607e-10,-0.04066362622591646
0.21608,5.233844142232729e-10,7.509141585122799e-10,1.1187523237151534e-09,9.52753680533932e-10,4.690487856564335e-10,-0.8482320497185211
0.21615,4.69964255776568e-10,7.513837807934985e-10,1.1189282317006268e-09,9.530423347571946e-10,4.69964255776568e-10,-1.343345271472643
0.21622,4.705254529084427e-10,7.516416560876915e-10,1.1189754397359703e-09,9.531714401518463e-10,4.705254529084427e-10,-1.1147171007856196
0.21628,5.399453105466815e-10,7.531624911096316e-10,1.120055280330717e-09,9.544047455873632e-10,4.728881827202069e-10,-0.7964422150101037
0.21635,7.605287970659564e-10,7.524778929420444e-10,1.1197696574616243e-09,9.539669001082335e-10,4.715875703346325e-10,0.03734012009021425
0.21642,9.217953887291021e-10,7.529439998388526e-10,1.1201549650087048e-09,9.543769051061915e-10,4.722463015410927e-10,0.8258616366294504
0.21649,9.732161305967138e-10,7.512149768153059e-10,1.1189341286312894e-09,9.529777416889773e-10,4.695607016542762e-10,1.1097935514084756
0.21656,9.952991025862197e-10,7.518573606439535e-10,1.1209319237591786e-09,9.528283158139446e-10,4.707873884015098e-10,1.2355112474646768
0.21663,9.771981633457373e-10,7.508451907158456e-10,1.1189497851309583e-09,9.528424679373991e-10,4.686494237157069e-10,1.129864334719653
0.21669,8.403779163411201e-10,7.539348724575059e-10,1.1213682771571629e-09,9.554803412658818e-10,4.731749841242948e-10,0.40497037352282345
0.21676,5.790551170886545e-10,7.510248251448372e-10,1.1195293870545957e-09,9.532524487578398e-10,4.683964254197411e-10,-0.6719503621958418
0.21683,4.732453417201442e-10,7.540273875097074e-10,1.1214947767907893e-09,9.555912323184412e-10,4.732453417201442e-10,-1.204030704880982
0.2169,4.71004674811403e-10,7.524293796122403e-10,1.1201564215487193e-09,9.541758797466008e-10,4.71004674811403e-10,-1.2358566919206693
0.21697,5.905303030881865e-10,7.515598377318194e-10,1.119285400155681e-09,9.533212577628878e-10,4.699611094643124e-10,-0.631052423212827
0.21704,7.367132219830566e-10,7.519289359985653e-10,1.1195448783652573e-09,9.536184369382163e-10,4.705393936829572e-10,-0.06704100800154356
0.2171,8.632332366100695e-10,7.515050023598499e-10,1.1191775965803513e-09,9.532358021847598e-10,4.699605613080652e-10,0.5219806034031139
0.21717,9.592236021756916e-10,7.547698968459194e-10,1.121787325282339e-09,9.560928233110176e-10,4.742056884927747e-10,1.0173413054934888
0.21724,1.001393290073278e-09,7.541142033524186e-10,1.121234947263964e-09,9.554702027180182e-10,4.737797570971377e-10,1.2683068585650878
0.21731,9.720437936411126e-10,7.496955657426461e-10,1.1180951964935944e-09,9.51886422544753e-10,4.66922537445378e-10,1.101397413861482
0.21738,8.953243064911116e-10,7.5261495698956e-10,1.1202182731383125e-09,9.542844589504728e-10,4.713812856284534e-10,0.6838466165727789
0.21745,7.03012228776633e-10,7.534020405166619e-10,1.1210551834776392e-09,9.550862963097574e-10,4.722707268325492e-10,-0.21053932102631892
0.21752,4.704010691586385e-10,7.52255508206139e-10,1.1204240434952074e-09,9.542612553257612e-10,4.704010691586385e-10,-1.2881861818162514
0.21759,4.657857379826289e-10,7.49441370129261e-10,1.1310212758833787e-09,9.649378005899468e-10,4.657857379826289e-10,-2.0598364091945367
0.21765,4.656863702863335e-10,7.491291153962087e-10,1.1179925155651103e-09,9.516039369053685e-10,4.656863702863335e-10,-1.8396744528251352
0.21772,4.664866348800369e-10,7.497376215176204e-10,1.118525191959e-09,9.521531438809736e-10,4.664866348800369e-10,-1.4314734297877059
0.21779,6.675945400672634e-10,7.512323517746959e-10,1.1192664897782687e-09,9.531809611800833e-10,4.691998433957671e-10,-0.3500099540867355
0.21786,8.668474217180964e-10,7.518547699071441e-10,1.1195944404141203e-09,9.53618324994576e-10,4.703032501163802e-10,0.5388769741796695
0.21793,9.848056973821972e-10,7.551708234237152e-10,1.1221547220688244e-09,9.564253147963056e-10,4.752308205370148e-10,1.1706468350364243
0.218,1.0940949308561397e-09,7.54163215013201e-10,1.121622546530973e-09,9.557188001588879e-10,4.734250200072637e-10,1.828507946411662
0.21807,1.13818573910681e-09,7.537412813567398e-10,1.121678974937062e-09,9.554295632439319e-10,4.726911450725864e-10,2.1128407979915442
0.21814,1.040045686894924e-09,7.514270748810737e-10,1.1204342718373408e-09,9.539381999264378e-10,4.683102158227658e-10,1.4874415792323563
0.2182,8.567044621607648e-10,7.550991937461219e-10,1.1229269727719229e-09,9.568541648774318e-10,4.741131176795159e-10,0.4800183994648905
0.21827,4.843006242570731e-10,7.545327271563209e-10,1.1226704699583488e-09,9.564810147123666e-10,4.730552464702115e-10,-0.9660662115763633
0.21834,4.749724952130945e-10,7.55831147442675e-10,1.1236568553485937e-09,9.57575229052347e-10,4.749724952130945e-10,-1.998465821980102
0.21841,4.715072239962864e-10,7.533623802486678e-10,1.1216074763212798e-09,9.553987878578878e-10,4.715072239962864e-10,-2.415617860863641
0.21848,4.747100099710027e-10,7.549017484030221e-10,1.1222861070834219e-09,9.5635383473678e-10,4.747100099710027e-10,-1.7836750678960862
0.21855,5.480890612769522e-10,7.544101212380704e-10,1.1216698861974752e-09,9.558439478473353e-10,4.739614044206526e-10,-0.7728521717134191
0.21862,8.783860292250252e-10,7.534621664106333e-10,1.1215384570090289e-09,9.553920664595752e-10,4.718488552047734e-10,0.5911247785799124
0.21869,1.1396270295670606e-09,7.559159404557007e-10,1.1242276806642163e-09,9.579303348445475e-10,4.745760369467087e-10,2.107068808920901
0.21876,1.247478827465181e-09,7.546764930528004e-10,1.1229696636532831e-09,9.566411590792145e-10,4.735488505310814e-10,2.8513067230250155
0.21882,1.2070316772485224e-09,7.57431638590876e-10,1.124708269351102e-09,9.58817273863184e-10,4.776313576215882e-10,2.570540649805537
0.21889,9.83424159535064e-10,7.533682953982486e-10,1.122557479011956e-09,9.559548028899216e-10,4.70406475191075e-10,1.147942757438747
0.21896,4.752257067241703e-10,7.559923827644888e-10,1.1237911982753777e-09,9.577138825376916e-10,4.752257067241703e-10,-1.5434508972648922
0.21903,4.755467851042164e-10,7.558909335045659e-10,1.1232749135222088e-09,9.573689488698687e-10,4.755467851042164e-10,-2.847966122508451
0.2191,4.543711623948076e-10,7.422814135991774e-10,1.1138451282326075e-09,9.464621139280733e-10,4.543711623948076e-10,-3.533547893487141
0.21917,4.731161241020753e-10,7.602878095124866e-10,1.1298131882664257e-09,9.625823509599114e-10,4.731161241020753e-10,-2.7410250718815803
0.21924,4.71685320915549e-10,7.534200444831707e-10,1.1216037947455534e-09,9.554115498463224e-10,4.71685320915549e-10,-1.0155478410466927
0.21931,8.184082957384241e-10,7.54216470734011e-10,1.1220507790464705e-09,9.55993310781702e-10,4.730262073715951e-10,0.296004516800897
0.21938,1.0896392066039428e-09,7.54712663023002e-10,1.1226898152475074e-09,9.565608649713596e-10,4.734768581101611e-10,1.7925378075900777
0.21945,1.224624292523728e-09,7.519812060320465e-10,1.1208999474703242e-09,9.544339893031166e-10,4.690606998989651e-10,2.696235860195351
0.21952,1.2795321875462139e-09,7.681627893330298e-10,1.1317233937374976e-09,9.671607584210504e-10,4.951833167613122e-10,3.091856435670218
0.21959,1.1430271705384505e-09,7.534694715267387e-10,1.121798042969382e-09,9.555481388812075e-10,4.715535372509251e-10,2.138289680962256
0.21965,9.505313465068802e-10,7.541467357205878e-10,1.1226961226874612e-09,9.562631066371131e-10,4.723559155506833e-10,0.9696536798205144
0.21972,6.418998324179231e-10,7.552708590222346e-10,1.123143008855958e-09,9.570477174193569e-10,4.742731374088811e-10,-0.4522634580962208
0.21979,4.736276813773274e-10,7.550389904152315e-10,1.1229765641315568e-09,9.568411433073763e-10,4.736276813773274e-10,-1.8441455831585942
0.21986,4.933867531849963e-10,7.668700043180681e-10,1.1306205142018895e-09,9.660016153067689e-10,4.933867531849963e-10,-2.9750756810257575
0.21993,4.809837118329959e-10,7.590862978314742e-10,1.1252370689438185e-09,9.597766516319175e-10,4.809837118329959e-10,-3.1530163576404004
0.22,4.686023283773225e-10,7.516162550058939e-10,1.1205491605390554e-09,9.540843052896209e-10,4.686023283773225e-10,-2.0171985168445636
0.22007,6.372338377173388e-10,7.513092835590374e-10,1.1197519770737091e-09,9.534961740984555e-10,4.688088782902007e-10,-0.4667575358916714
0.22014,9.49343761292724e-10,7.526493442575048e-10,1.1206114013350111e-09,9.545222313664037e-10,4.71046572398929e-10,0.9703754170312714
0.22021,1.2032909752571396e-09,7.514561786241138e-10,1.1200303856982096e-09,9.537173969036544e-10,4.688301108216718e-10,2.553312243490789
0.22028,1.3293407227480325e-09,7.515865369595532e-10,1.1197246366024075e-09,9.535891915295187e-10,4.69505717579404e-10,3.4854603954701453
0.22035,1.3212479458937232e-09,7.371782009195434e-10,1.1099154823215092e-09,9.4213670359906e-10,4.4700148562777917e-10,3.4222343432492495
0.22042,1.1427489276392073e-09,7.530473049909984e-10,1.1210301083371902e-09,9.549332480542676e-10,4.714349017490661e-10,2.1421985645957964
0.22049,7.924455637550489e-10,7.538979620285417e-10,1.121975577148712e-09,9.558223251596153e-10,4.7236255601244e-10,0.17409292493822306
0.22056,4.701495951917914e-10,7.523669447457234e-10,1.1207241162038082e-09,9.544879941702902e-10,4.701495951917914e-10,-1.1379146337745107
0.22063,4.661633163425147e-10,7.494921776732927e-10,1.1182674476432521e-09,9.518934911408977e-10,4.661633163425147e-10,-2.542043106972269
0.2207,4.746040579151074e-10,7.545942259996286e-10,1.121498772272343e-09,9.558167633873602e-10,4.746040579151074e-10,-2.818711745706352
0.22077,4.670622547132615e-10,7.498812632128927e-10,1.1183494249640081e-09,9.521093341931213e-10,4.670622547132615e-10,-2.0912783159476143
0.22084,5.327173390276405e-10,7.479977024923297e-10,1.1117701300626266e-09,9.475042219659414e-10,4.703708145385463e-10,-0.8058768892573862
0.22091,9.108342793222702e-10,7.442488056795292e-10,1.1088960270062986e-09,9.443398993027666e-10,4.6479923167078466e-10,0.8105418722789848
0.22098,1.0885904804199852e-09,7.461552594567439e-10,1.110076331292069e-09,9.457847401288965e-10,4.679606392235889e-10,1.8635957850493703
0.22105,1.0969548801794558e-09,7.440710052950305e-10,1.1084186166347261e-09,9.439899896553183e-10,4.649379820933817e-10,1.9207214590923773
0.22111,1.0124589207483482e-09,7.449832377405136e-10,1.1089555156139244e-09,9.446651241029947e-10,4.664823029277897e-10,1.3933317815601607
0.22118,8.887414013513229e-10,7.447717356120065e-10,1.1088555355891173e-09,9.4452297876804e-10,4.660949727212918e-10,0.6958794120171915
0.22125,6.860433453798232e-10,7.451972586176903e-10,1.1092767398955143e-09,9.449377542359637e-10,4.666150468451975e-10,-0.2506888059744434
0.22132,4.67073967099114e-10,7.45410147161751e-10,1.1093227707491345e-09,9.450496980681102e-10,4.67073967099114e-10,-1.0134737724771488
0.22139,4.6542549562608577e-10,7.442215050642204e-10,1.1083168834133756e-09,9.439885138539616e-10,4.6542549562608577e-10,-1.315994898186788
0.22146,4.6325143081923936e-10,7.450361048409193e-10,1.1106113466732115e-09,9.460600548318099e-10,4.6325143081923936e-10,-1.0973782772162604
0.22153,6.832522088711084e-10,7.452747007486793e-10,1.109328304446479e-09,9.449976719683494e-10,4.667446805053295e-10,-0.26198422880528166
0.2216,8.973684013350118e-10,7.462837879305219e-10,1.1097784961581065e-09,9.456602311576893e-10,4.68626310831012e-10,0.7422644282285193
0.22167,1.0531949899969647e-09,7.436216191932572e-10,1.1077767650283413e-09,9.434355403897108e-10,4.646275653122529e-10,1.6456428288940605
0.22174,1.1474675009483818e-09,7.447887775270868e-10,1.108380084825287e-09,9.442511555086923e-10,4.666953923835957e-10,2.263241717303149
0.22181,1.1109793922775661e-09,7.428698071197136e-10,1.1073359985284415e-09,9.4288046592866e-10,4.6335244360747384e-10,2.015792190258413
0.22188,8.994286606816882e-10,7.442647551402052e-10,1.1084265019340308e-09,9.440704196952138e-10,4.65395827712192e-10,0.7532501573202999
0.22195,5.615955626841197e-10,7.463901672353866e-10,1.109580405158639e-09,9.455858546435758e-10,4.691184050149488e-10,-0.7090548966168205
0.22202,4.675296941051493e-10,7.451292014263725e-10,1.1083728841301558e-09,9.443800977944052e-10,4.675296941051493e-10,-1.83052870010651
0.22209,4.6099171929332356e-10,7.409161546669328e-10,1.1053894870754916e-09,9.409676676924265e-10,4.6099171929332356e-10,-2.4909840236868748
0.22216,4.695432646777476e-10,7.461779543273664e-10,1.1087963883841628e-09,9.450421832526955e-10,4.695432646777476e-10,-2.3603140499210284
0.22223,4.6230192610817737e-10,7.41698307530268e-10,1.1058604241263077e-09,9.415523426513988e-10,4.6230192610817737e-10,-1.7532518001662076
0.2223,5.730248770014018e-10,7.421169534010816e-10,1.1064424446417694e-09,9.420589436831666e-10,4.626133404679593e-10,-0.6697090263186133
0.22237,8.873376262128228e-10,7.43096038600405e-10,1.1071660142431092e-09,9.428695425062622e-10,4.640969188348399e-10,0.6928424094453419
0.22244,1.0529847494331165e-09,7.433238245311517e-10,1.107279028060792e-09,9.430258402483065e-10,4.6450648074023206e-10,1.6475676215569839
0.22251,1.1196039088236859e-09,7.408182118161851e-10,1.1055117135567203e-09,9.409995869544353e-10,4.606213499972542e-10,2.0782859243497143
0.22258,1.0675345522631332e-09,7.436721150500423e-10,1.1073239586078438e-09,9.431897458162984e-10,4.6528545024043416e-10,1.7412845942029869
0.22265,9.612000798177658e-10,7.466294621383162e-10,1.1092758572548472e-09,9.455015260563549e-10,4.700568822413039e-10,1.1004804186128598
0.22272,8.025691478356142e-10,7.453297514582383e-10,1.1086540271393905e-09,9.44610363838232e-10,4.677565580866022e-10,0.2680101002858966
0.2228,5.826725086604039e-10,7.454015046769505e-10,1.108530964379354e-09,9.445807704544255e-10,4.679912268253566e-10,-0.6362391445659584
0.22287,4.688967270071068e-10,7.459412495774197e-10,1.1088626626695938e-09,9.449876501053027e-10,4.688967270071068e-10,-1.1537792815107712
0.22294,4.675496275772313e-10,7.450180511042324e-10,1.1081325935881833e-09,9.441951002158447e-10,4.675496275772313e-10,-1.20796522591325
0.22301,5.12442705452893e-10,7.433292371313316e-10,1.1069857105867017e-09,9.428556531549885e-10,4.6486878618112523e-10,-0.8643259063007661
0.22308,6.816218436872249e-10,7.437803011913909e-10,1.107254932772077e-09,9.43191897450316e-10,4.6562647850385197e-10,-0.2637388566928981
0.22315,8.143773955314078e-10,7.440301715331801e-10,1.1073912272152881e-09,9.433720230697954e-10,4.660574726811661e-10,0.32683090450537533
0.22322,8.572415370258789e-10,7.446148001390203e-10,1.107763252910865e-09,9.43819664638842e-10,4.670199218725463e-10,0.539972232004377
0.22329,8.589262994940062e-10,7.427082404654471e-10,1.1064611306052605e-09,9.423033154233565e-10,4.6400305932773014e-10,0.5487255023338177
0.22336,8.240965714375334e-10,7.423420468858079e-10,1.1061428364387659e-09,9.419744799456938e-10,4.634962111013081e-10,0.3748309952210674
0.22343,7.847889133102973e-10,7.436228070445143e-10,1.106833277567961e-09,9.428821935622833e-10,4.657522018933434e-10,0.18789462094623235
0.2235,7.254596168406489e-10,7.43739321620329e-10,1.1068143539710213e-09,9.429172845960971e-10,4.66051283587967e-10,-0.07823468622385865
0.22357,6.287061140799799e-10,7.440900842717737e-10,1.1070095593507856e-09,9.431701613339092e-10,4.666600618834737e-10,-0.4680925165224296
0.22364,5.13517383334605e-10,7.44070515065062e-10,1.1070446623181058e-09,9.431832059387027e-10,4.665704132122041e-10,-0.8599228156431669
0.22371,4.660771281768287e-10,7.438179467620084e-10,1.1069505557108278e-09,9.430283305934568e-10,4.660771281768287e-10,-1.0889181155226837
0.22378,5.735329117838583e-10,7.425093021384328e-10,1.1061112693532466e-09,9.420197403007375e-10,4.639403652203126e-10,-0.6660970881873765
0.22385,7.937210934154797e-10,7.435965778048508e-10,1.1068217712224302e-09,9.428654888456966e-10,4.656995395138585e-10,0.2297905779885641
0.22392,9.388222807765204e-10,7.445202458951223e-10,1.107382904964152e-09,9.435588452258953e-10,4.672479621847681e-10,0.9783553165836242
0.22399,1.0162741244701843e-09,7.439913677182263e-10,1.1069833504646338e-09,9.43115727742733e-10,4.664553066224554e-10,1.4295087799613744
0.22406,1.0110651313489605e-09,7.430879208688023e-10,1.1063755186368096e-09,9.424026817076543e-10,4.650133919128191e-10,1.3980928311865528
0.22413,9.501077378911857e-10,7.431503157602751e-10,1.1063727531600568e-09,9.424257065981733e-10,4.6516582977150055e-10,1.042624933269709
0.2242,8.564396859087096e-10,7.436915243452699e-10,1.1067917896275745e-09,9.4288505799013e-10,4.659643731704801e-10,0.5384439158804839
0.22428,6.69224425208785e-10,7.437111260907084e-10,1.1068134163044961e-09,9.429067666947669e-10,4.659863087669899e-10,-0.3117786205864451
0.22435,4.671582994738301e-10,7.442358445819485e-10,1.1069989177231365e-09,9.43197689940099e-10,4.671582994738301e-10,-1.0152693152320647
0.22442,4.6412677888096784e-10,7.424116360202655e-10,1.1057577770652632e-09,9.417736505145577e-10,4.6412677888096784e-10,-1.2700519902960046
0.22449,4.646635821798545e-10,7.428222301485002e-10,1.1061337733963705e-09,9.42156156950981e-10,4.646635821798545e-10,-1.3474877888326147
0.22456,4.656876240925212e-10,7.43654775675573e-10,1.1069493148243088e-09,9.429632306692259e-10,4.656876240925212e-10,-1.0421892429384911
0.22463,6.096378728107854e-10,7.430142583972917e-10,1.1066756428190751e-09,9.425501548957703e-10,4.6447846630773964e-10,-0.5398116931336925
0.2247,7.279935414911046e-10,7.433877519841436e-10,1.1070096895595573e-09,9.428931746222678e-10,4.649778154534973e-10,-0.06949163374787633
0.22477,7.990841639649269e-10,7.44225784683751e-10,1.1077152820245827e-09,9.436414244300205e-10,4.661899107062913e-10,0.25289427244995455
0.22484,8.119334192056954e-10,7.443056962350691e-10,1.1074284835058204e-09,9.435005839005977e-10,4.666808983014271e-10,0.31596660071919425
0.22491,7.682876057085009e-10,7.442606866648132e-10,1.107282463493381e-09,9.433976421720318e-10,4.667440591320736e-10,0.11143974244942569
0.22498,6.999055532153856e-10,7.434961618728972e-10,1.1067364145940228e-09,9.42780608797123e-10,4.655645294633829e-10,-0.18707725805318776
0.22505,6.753084747948313e-10,7.43495407131959e-10,1.1068302134401647e-09,9.428158859128017e-10,4.65561936970075e-10,-0.2877074327399514
0.22513,7.56404474530913e-10,7.438714992677455e-10,1.1070826583315758e-09,9.431275513934338e-10,4.660446704050862e-10,0.05720035085271713
0.2252,8.521495147406264e-10,7.425526675525226e-10,1.1062226520966964e-09,9.421027152974896e-10,4.6390918746236877e-10,0.51517846909636
0.22527,9.40558775563159e-10,7.415377728711495e-10,1.1054691434656756e-09,9.412593352857908e-10,4.623818413001553e-10,0.9872412096480284
0.22534,9.800482595187495e-10,7.43259226960057e-10,1.1066351350355042e-09,9.426226547626192e-10,4.651149240707343e-10,1.2128925191932312
0.22541,9.589404573191264e-10,7.437181999754255e-10,1.1069348656570836e-09,9.429896161670291e-10,4.657495043462814e-10,1.0899172807184943
0.22548,8.749322997555587e-10,7.453621977995711e-10,1.1083790304201077e-09,9.444758746254795e-10,4.680801527448044e-10,0.6302018600895799
0.22555,7.894086262704295e-10,7.438796385785246e-10,1.1071926523924073e-09,9.431949267668878e-10,4.659359905875804e-10,0.20836557711628442
0.22562,7.058643934081414e-10,7.426297730035243e-10,1.1062582914933556e-09,9.421534977092455e-10,4.6405436654124554e-10,-0.16261885139302668
0.22569,6.532975322485679e-10,7.448899986726601e-10,1.1077267240512648e-09,9.4390625276503e-10,4.677253847225126e-10,-0.37496496493878584
0.22577,5.487613596207633e-10,7.457753815490121e-10,1.1083223288949525e-09,9.446050872606561e-10,4.691423661508272e-10,-0.7488425443325438
0.22584,4.730579772546429e-10,7.421999246691881e-10,1.1056936707940913e-09,9.416263264336544e-10,4.6380155187269996e-10,-0.9783296154276175
0.22591,4.69259840934826e-10,7.458107861723088e-10,1.1082952062846866e-09,9.44603119394281e-10,4.69259840934826e-10,-1.0089792067506627
0.22598,5.849707991777393e-10,7.430562287859421e-10,1.1064776511133294e-09,9.424504230829148e-10,4.648144243617092e-10,-0.6266712319779928
0.22605,7.065779946700135e-10,7.433080790773906e-10,1.1067809136209878e-09,9.427277200408945e-10,4.650572660216376e-10,-0.15998845636934486
0.22612,8.266447276249881e-10,7.451698203964678e-10,1.1083989020767112e-09,9.44403272494313e-10,4.676382727149232e-10,0.38531745710147414
0.22619,8.600303134888543e-10,7.439847327818966e-10,1.1075127575420664e-09,9.434231689372188e-10,4.658138587353149e-10,0.5530337599606775
0.22626,8.400590506317052e-10,7.433573272125879e-10,1.1069453083267854e-09,9.428452381664855e-10,4.6498090437130647e-10,0.45311663961942694
0.22634,7.678355230410548e-10,7.437940004283502e-10,1.107068164673115e-09,9.430878919100674e-10,4.658800089565514e-10,0.10885225009852358
0.22641,6.759613693020273e-10,7.440884739634581e-10,1.1072532081101013e-09,9.433132476693077e-10,4.663648269008138e-10,-0.28564709237271496
0.22648,5.766992605536865e-10,7.44957784029404e-10,1.1080549633675615e-09,9.441223340465164e-10,4.675490056161937e-10,-0.6560868854008157
0.22655,5.989499270637397e-10,7.420891876218671e-10,1.1061853704057446e-09,9.41905154470904e-10,4.627983150635415e-10,-0.5788026933870406
0.22662,7.616376201440452e-10,7.437979171529043e-10,1.1071691100784241e-09,9.431483891978305e-10,4.657713686481834e-10,0.08010923914800704
0.22669,8.928375906759763e-10,7.452853531399279e-10,1.1081777437382726e-09,9.443267611212055e-10,4.681389563108202e-10,0.7254623757454364
0.22676,1.024667754363887e-09,7.429345962815722e-10,1.1074073747844773e-09,9.427540198671794e-10,4.6443362142120275e-10,1.4783242416995213
0.22684,9.932387793199117e-10,7.432516283459974e-10,1.1067877638753292e-09,9.4270921048612e-10,4.649156450551486e-10,1.2888118202673833
0.22691,8.493578596739942e-10,7.430898187851201e-10,1.1066499005277204e-09,9.425647341228455e-10,4.6469036050717476e-10,0.500611733714841
0.22698,6.51955831749309e-10,7.437135544229512e-10,1.1070154781009167e-09,9.430253157469037e-10,4.657494757169594e-10,-0.38053939544671056
0.22705,4.727837556736652e-10,7.420251734028908e-10,1.1057886903693021e-09,9.416390878192652e-10,4.631677137700371e-10,-0.9797594269601294
0.22712,4.613421382908962e-10,7.408192350993397e-10,1.1048963380916302e-09,9.40640578606111e-10,4.613421382908962e-10,-1.030969899950588
0.22719,5.241680394083108e-10,7.419332403729235e-10,1.1056718742734076e-09,9.415349654391806e-10,4.6308261743109337e-10,-0.8271898331765145
0.22727,6.979320719825182e-10,7.439276482234002e-10,1.1071570239107514e-09,9.431930658373219e-10,4.660935259994898e-10,-0.19592118427057456
0.22734,7.95690590729268e-10,7.431741823714312e-10,1.1065445354968655e-09,9.42536098850401e-10,4.650179406354733e-10,0.23906499175503687
0.22741,8.518041810984525e-10,7.421563390239874e-10,1.1058466967580675e-09,9.417250654127832e-10,4.6341134777582814e-10,0.5142082034642789
0.22748,8.648811802865804e-10,7.41726455340633e-10,1.1055578198968924e-09,9.41385950330799e-10,4.6272659180431276e-10,0.5809818915140369
0.22755,8.200323985732295e-10,7.441676950019022e-10,1.10729968664682e-09,9.433713744761883e-10,4.664988246934826e-10,0.3554960462036686
0.22762,7.218231261960061e-10,7.432690331973631e-10,1.106564598041686e-09,9.425851347689228e-10,4.652221019847104e-10,-0.09424974340664667
0.2277,6.277020873763238e-10,7.432419431965749e-10,1.1064984887377199e-09,9.425343894099398e-10,4.652503117209875e-10,-0.47202945528096085
0.22777,5.659022980044555e-10,7.452662284017142e-10,1.1079526129137097e-09,9.441923472573883e-10,4.684080620607297e-10,-0.6917959564354896
0.22784,5.762113925553419e-10,7.445801714882002e-10,1.1073816471750548e-09,9.435807583708604e-10,4.673948256072223e-10,-0.6565289060759909
0.22791,6.742575735945032e-10,7.453676471088286e-10,1.1080229950318029e-09,9.44298858012251e-10,4.679526559550317e-10,-0.29455570174449863
0.22798,7.619896999466338e-10,7.426538012596235e-10,1.1060923833586055e-09,9.420655727420654e-10,4.6430877782106546e-10,0.08338179513883248
0.22805,8.613215783726286e-10,7.415655831514112e-10,1.1053421919201508e-09,9.41196001963742e-10,4.625973006371252e-10,0.5634717180288479
0.22813,9.499077578180597e-10,7.428946268326511e-10,1.1062250427302244e-09,9.422384906152323e-10,4.6472720300594074e-10,1.041256174010276
0.2282,9.570247338343637e-10,7.412464512306327e-10,1.1051490882840535e-09,9.409475091504313e-10,4.6209832557407195e-10,1.0815095045636707
0.22827,9.223625625645321e-10,7.4401856653387e-10,1.107069143401794e-09,9.43175439767435e-10,4.664291632033836e-10,0.8871141394126668
0.22834,8.224630554743493e-10,7.43723543661308e-10,1.1067260493785462e-09,9.428592066475685e-10,4.661186639590823e-10,0.3692171753686618
0.22841,6.94083923185538e-10,7.426719026347222e-10,1.1059927896562168e-09,9.420142232381785e-10,4.6447057753790337e-10,-0.21032642853141512
0.22849,5.517067877091567e-10,7.43445314189943e-10,1.1065922371322966e-09,9.426723205008936e-10,4.656025736284295e-10,-0.7387572372350923
0.22856,4.6320254398532156e-10,7.418396583311408e-10,1.1053836210728664e-09,9.413285041681497e-10,4.6320254398532156e-10,-1.0732459287825014
0.22863,4.6257913017056694e-10,7.415009290220102e-10,1.1052259089792745e-09,9.411025086298857e-10,4.6257913017056694e-10,-1.0748716556719726
0.2287,5.486307949405637e-10,7.41165504286149e-10,1.1049553247936069e-09,9.408112738125868e-10,4.6209915353202826e-10,-0.7484791537192513
0.22877,6.899579334391549e-10,7.437064296650987e-10,1.106604359232886e-09,9.427811007627787e-10,4.662220385623369e-10,-0.22694118280968553
0.22885,8.38759432440196e-10,7.418883291168561e-10,1.1054971745022175e-09,9.414109943945827e-10,4.6320327999780305e-10,0.44985179081036963
0.22892,9.534699745783042e-10,7.420974018980035e-10,1.1057305340589227e-09,9.416329143994737e-10,4.6341221793229297e-10,1.061095091349502
0.22899,1.0017268150819877e-09,7.426633929798798e-10,1.1068291348952344e-09,9.424075305080405e-10,4.639831322304007e-10,1.3399293942270825
0.22906,9.57177978680867e-10,7.414442953876321e-10,1.1053072041553829e-09,9.411279639375278e-10,4.623486635217356e-10,1.0819811045401602
0.22914,8.234717916550105e-10,7.448389244846459e-10,1.1074852381246386e-09,9.437397741335567e-10,4.678860470625711e-10,0.37368062638690575
0.22921,6.886063346948326e-10,7.424526838738149e-10,1.1057844607436357e-09,9.41805438457327e-10,4.641937452545872e-10,-0.23258793774240186
0.22928,5.70928869577079e-10,7.447773046178564e-10,1.1072909785214242e-09,9.436063874302793e-10,4.679737289967358e-10,-0.6738514990185509
0.22935,5.127847648568193e-10,7.435650902722844e-10,1.1065182226231514e-09,9.42674908992413e-10,4.659850888068774e-10,-0.8616800260939624
0.22942,4.887072122457312e-10,7.421514294871044e-10,1.1057204232542243e-09,9.416498214863707e-10,4.635447350838207e-10,-0.9338583725506461
0.2295,6.33467591145445e-10,7.445806078989781e-10,1.1072825315216765e-09,9.435242064386177e-10,4.675094060859586e-10,-0.44997054803210335
0.22957,7.536879912856681e-10,7.434598579545128e-10,1.10642562831644e-09,9.425790652421753e-10,4.658429891985571e-10,0.047125331780648545
0.22964,8.469723402423689e-10,7.440392476513003e-10,1.1067959043257322e-09,9.43024714764943e-10,4.667925266189012e-10,0.4920248424413712
0.22971,8.846300085278555e-10,7.442021181310329e-10,1.1069023227740904e-09,9.431512551961343e-10,4.670574443236266e-10,0.6862964700719963
0.22979,8.758198144895969e-10,7.422561529731758e-10,1.1056505436440269e-09,9.41649095900307e-10,4.638837957841275e-10,0.6396919988876152
0.22986,8.209949092711639e-10,7.420996380709921e-10,1.105500988978697e-09,9.414994387975742e-10,4.636878131961758e-10,0.36290922960851035
0.22993,7.566802132280874e-10,7.428881812307471e-10,1.1059369016089135e-09,9.420664485645529e-10,4.6505633496487823e-10,0.06121199248511068
0.23,6.901153267877725e-10,7.438524503401017e-10,1.1064926160641436e-09,9.42773086165421e-10,4.667056432727154e-10,-0.2252891728985881
0.23008,6.212514857554776e-10,7.414318253511312e-10,1.1048744723594727e-09,9.408688061969722e-10,4.628312340973109e-10,-0.4944929917919979
0.23015,5.896430238570784e-10,7.426544793568683e-10,1.1057405566501319e-09,9.418594003279774e-10,4.6472784283414665e-10,-0.6087496193846116
0.23022,6.367662736756598e-10,7.4390878565428e-10,1.1066486379760347e-09,9.428869044203259e-10,4.666544890934158e-10,-0.43677331482127024
0.23029,6.963533870100861e-10,7.424467713511905e-10,1.105700580060245e-09,9.417539475092837e-10,4.6427860477561094e-10,-0.2002563774406173
0.23037,7.97493082342873e-10,7.425171606591696e-10,1.1057736361320725e-09,9.418244640110002e-10,4.643610552841337e-10,0.24965798053722316
0.23044,8.543075108591523e-10,7.412350982609651e-10,1.1049315496696674e-09,9.408243573592152e-10,4.6229592975503993e-10,0.5290025873638304
0.23051,8.693680527838569e-10,7.429293580655519e-10,1.1060017738875064e-09,9.421208266060337e-10,4.650774960236412e-10,0.6069218088208799
0.23058,8.381572891797152e-10,7.44700374192365e-10,1.1071574429519424e-09,9.434969421874567e-10,4.679498253660972e-10,0.4482773255719378
0.23066,7.703259671398512e-10,7.428193840207716e-10,1.1058708488133514e-09,9.420008779156286e-10,4.6496806346741394e-10,0.12340350681436917
0.23073,6.908805916528644e-10,7.420946252114973e-10,1.1054014572880456e-09,9.414395115467985e-10,4.6379104488685246e-10,-0.22256744408782644
0.2308,6.223292092683959e-10,7.423350913157407e-10,1.1056294589542422e-09,9.416682916734502e-10,4.6409499740729847e-10,-0.49108401796218676
0.23087,5.902563569193565e-10,7.431415390147509e-10,1.1061913829624082e-09,9.423162185979996e-10,4.6535776481432065e-10,-0.6070192705142495
0.23095,6.516920022937065e-10,7.434822864965022e-10,1.1064348138319105e-09,9.425933625751498e-10,4.658854401272943e-10,-0.3797906004047369
0.23102,7.178432650986871e-10,7.427252712935419e-10,1.1059410599339568e-09,9.420050696812616e-10,4.646587538343101e-10,-0.1099963949320906
0.23109,7.970787113467899e-10,7.420720918959814e-10,1.1054737179474309e-09,9.414729349780055e-10,4.636520609505807e-10,0.24766045405961187
0.23117,8.50557623954266e-10,7.444608630806867e-10,1.1070748593862786e-09,9.43354430979188e-10,4.674736097525149e-10,0.5101692368610201
0.23124,8.57474665640392e-10,7.448831787593836e-10,1.1073146060765534e-09,9.436616495411963e-10,4.682020498620818e-10,0.545640633377454
0.23131,8.154822120619157e-10,7.294625644917102e-10,1.0864438861013205e-09,9.253309827547968e-10,4.560656327154523e-10,0.4068698950773651
0.23138,7.450727494089461e-10,7.165974766484022e-10,1.0661896078281826e-09,9.08369886209227e-10,4.4932101524764317e-10,0.13653252983206243
0.23146,6.717244376744548e-10,7.170303197683183e-10,1.0664416369552734e-09,9.086885231420799e-10,4.5005907634232896e-10,-0.19666103469609947
0.23153,6.433670847771081e-10,7.146083473282347e-10,1.0648017235892482e-09,9.067684468320702e-10,4.4619688969266696e-10,-0.316380684554191
0.2316,6.634444896357354e-10,7.166219586875649e-10,1.0661983886435433e-09,9.083847646933679e-10,4.493688506940352e-10,-0.23233257040467187
0.23168,6.98075750042144e-10,7.155547838359757e-10,1.0654628738677445e-09,9.075322704951057e-10,4.4768610965502037e-10,-0.08092334599131329
0.23175,7.18947603689265e-10,7.057497681069356e-10,1.0505288542176677e-09,8.949004641339687e-10,4.419485860481623e-10,0.06236750003134749
0.23182,7.398738116445314e-10,6.93609463940638e-10,1.0332586667061276e-09,8.799765206596216e-10,4.3339514493700353e-10,0.22171053327819998
0.2319,7.357962386494511e-10,6.867219541213386e-10,1.021866023304893e-09,8.705737444884538e-10,4.3043672482681377e-10,0.24606478817096292
0.23197,7.18785869133523e-10,6.872100472965812e-10,1.0221587015955143e-09,8.709379274426624e-10,4.3125938833381727e-10,0.1598042939142453
0.23204,6.971192939439429e-10,6.860483089188549e-10,1.0213098814652141e-09,8.699816957058534e-10,4.2948364898029437e-10,0.05313541643147894
0.23211,6.79842977743159e-10,6.828063126091949e-10,1.0164651468626204e-09,8.658597265138574e-10,4.274757075919521e-10,-0.014503136712248446
0.23219,6.43574098275242e-10,6.75136340559253e-10,1.0043151168075184e-09,8.556960279212971e-10,4.236231155621037e-10,-0.1459780822050639
0.23226,6.132621622546936e-10,6.704318910213644e-10,9.97941082373761e-10,8.501074470446002e-10,4.19846307545113e-10,-0.26828602554422665
0.23233,5.723367745706174e-10,6.714835454052218e-10,9.987120371228941e-10,8.509745715710652e-10,4.2145594733979083e-10,-0.44612292547854276
0.23241,5.394731885506328e-10,6.703954033218106e-10,9.979653002215204e-10,8.501072840742933e-10,4.1973508991778976e-10,-0.5797897334585734
0.23248,5.400884162311468e-10,6.630418474198357e-10,9.878266514044735e-10,8.412566268777466e-10,4.1417243069168817e-10,-0.5567834271834354
0.23255,5.9423156845097e-10,6.587312105672131e-10,9.803252498953842e-10,8.351538103917411e-10,4.1276207676757223e-10,-0.3050470526940282
0.23263,6.670242918955608e-10,6.527775151697792e-10,9.720612189775933e-10,8.279555748835804e-10,4.083227677592413e-10,0.07036547952497102
0.2327,7.067936922727283e-10,6.528161169819073e-10,9.720772778898237e-10,8.279802524884953e-10,4.083959170905486e-10,0.28109247356098543
0.23277,7.193378963260743e-10,6.386057961606648e-10,9.519954269396122e-10,8.105895649063545e-10,3.982291742538638e-10,0.43114224553701475
0.23285,7.131931840802789e-10,6.351374733421779e-10,9.459391074692514e-10,8.056506444976476e-10,3.9721500191556476e-10,0.4257661074028432
0.23292,6.56176460345542e-10,6.23655424684702e-10,9.286857213306159e-10,7.91012802241166e-10,3.901169817545824e-10,0.17375046362670601
0.23299,5.955762548686315e-10,6.195197411404562e-10,9.227871949859518e-10,7.859200923716356e-10,3.872209937843625e-10,-0.12807685758646978
0.23307,5.831119545202872e-10,6.200121192889171e-10,9.231077975266181e-10,7.863023840600495e-10,3.88019039387702e-10,-0.19088362783040763
0.23314,6.267086644609887e-10,6.201689115922016e-10,9.232467354960817e-10,7.864456608772896e-10,3.8823012900075793e-10,0.034434156999402867
0.23321,6.825814369529532e-10,6.205656832609359e-10,9.227382538666742e-10,7.863033360419165e-10,3.897889779084498e-10,0.3532496251883863
0.23329,7.156086038883924e-10,6.157922285678192e-10,9.167664780263933e-10,7.809158447588805e-10,3.8545141731183503e-10,0.5756044791278364
0.23336,7.00474357601003e-10,6.099153623505628e-10,9.063768015038053e-10,7.724999935068146e-10,3.837279959161974e-10,0.5380792312308458
0.23343,6.755092813946644e-10,6.030631724840108e-10,8.985032831267203e-10,7.65177329424368e-10,3.766649391890953e-10,0.4123103372955449
0.23351,6.388521092416091e-10,6.031057460527033e-10,8.984766642611992e-10,7.651781575912284e-10,3.7678840992344195e-10,0.19542922902712528
0.23358,5.791921328099894e-10,6.037856912915186e-10,8.993841983719383e-10,7.658424317441334e-10,3.77645291045299e-10,-0.13327183792924235
0.23366,5.503993128900214e-10,6.021189566805521e-10,8.972097426957658e-10,7.640461337379659e-10,3.759386516559482e-10,-0.2754037371135978
0.23373,5.292595703206268e-10,6.03969515197047e-10,8.978151530641842e-10,7.651310557507525e-10,3.7965437799588194e-10,-0.3752745188037668
0.2338,5.659364416808515e-10,6.015858329410132e-10,8.954716950509445e-10,7.628157421945103e-10,3.76726009438102e-10,-0.1889056789962565
0.23388,6.140419255858443e-10,6.01443645372275e-10,8.949919381541728e-10,7.62614702773933e-10,3.766680176638724e-10,0.07012762825780756
0.23395,6.288742461061251e-10,6.013705237702766e-10,8.954731982843137e-10,7.627363473636753e-10,3.763968218636546e-10,0.15433215306511439
0.23402,6.176485441978148e-10,6.02234839977012e-10,8.967895062230885e-10,7.634464431270842e-10,3.777221460728092e-10,0.08898578308171878
0.2341,6.07315263949108e-10,6.0056436675893e-10,8.938081216038082e-10,7.614356597368494e-10,3.7626186437643976e-10,0.038487848879082104
0.23417,5.917709775257466e-10,5.996665268748569e-10,8.930434118044101e-10,7.598307244517079e-10,3.757017287824123e-10,-0.041739115523544264
0.23424,5.39940770543009e-10,5.953610627111692e-10,8.870640736017702e-10,7.554168055300722e-10,3.718190690611056e-10,-0.29641879387016523
0.23432,4.83464289991364e-10,5.936373439417144e-10,8.833698214886596e-10,7.525778903044786e-10,3.7207237172461616e-10,-0.5524546396588355
0.23439,4.138687107540041e-10,5.930422935656441e-10,8.82993982066457e-10,7.521227473356349e-10,3.7109307298309555e-10,-0.8444050852320276
0.23447,4.3184281689275613e-10,5.918242658019292e-10,8.808826268264231e-10,7.504035582617575e-10,3.7068256843418446e-10,-0.7687065061187836
0.23454,5.263320709800342e-10,5.919576756722666e-10,8.806698597749724e-10,7.503313384236001e-10,3.7125541539221866e-10,-0.341710182512847
0.23461,6.223634682734935e-10,5.902536420883065e-10,8.791906182646758e-10,7.487910306943139e-10,3.689322836749556e-10,0.17966579165627186
0.23469,7.131530706576294e-10,5.917673753751377e-10,8.801501688777923e-10,7.499748652245646e-10,3.71705079647831e-10,0.7564350225007964
0.23476,7.559537404044136e-10,5.908349979212404e-10,8.794672959601193e-10,7.491824524636643e-10,3.699967478317404e-10,1.0483461837651424
0.23484,7.940276974167657e-10,5.896591494041831e-10,8.786203856148695e-10,7.482212865816355e-10,3.681906195399279e-10,1.3271780048951654
0.23491,7.883245570069209e-10,5.879989860085172e-10,8.771519351552894e-10,7.467041104834366e-10,3.6596789617884865e-10,1.2888312769656831
0.23498,7.121219324177355e-10,5.905243187205277e-10,8.788561876495967e-10,7.487016885535971e-10,3.6997847661178865e-10,0.749075324369473
0.23506,5.888478282184093e-10,5.883822503222877e-10,8.757778588193569e-10,7.460498149184843e-10,3.685062359815018e-10,0.0031295955476812734
0.23513,4.5652514814984655e-10,5.88415211614695e-10,8.759797075037044e-10,7.461817531434553e-10,3.6834240631631526e-10,-0.6550224680377913
0.23521,3.7010338720620627e-10,5.895659641838644e-10,8.768198814076867e-10,7.471283948039694e-10,3.7010338720620627e-10,-1.142132823166727
0.23528,3.683732733961699e-10,5.879120612808967e-10,8.757860808607429e-10,7.458694038554592e-10,3.6736986413058935e-10,-1.0007556652291927
0.23535,5.34510905855266e-10,5.848831527462803e-10,8.706100176647666e-10,7.416365588893957e-10,3.6626803385577466e-10,-0.2708636410824791
0.23543,6.650801676765481e-10,5.842790220687894e-10,8.68418570916791e-10,7.401120375369866e-10,3.6742933453735957e-10,0.4982603575651587
0.2355,7.288948691806899e-10,5.8252243138124e-10,8.673380538742324e-10,7.387854023369636e-10,3.6449979293550257e-10,0.9283065136851025
0.23558,6.805163885664524e-10,5.829080432482105e-10,8.675924070307065e-10,7.390793327355568e-10,3.651282134271783e-10,0.5981988827867492
0.23565,5.68949631402907e-10,5.771574626441899e-10,8.591601542786785e-10,7.318697914819196e-10,3.613697074603453e-10,-0.046496092879421
0.23572,4.025055557836091e-10,5.755319430271077e-10,8.555096451740281e-10,7.290928386714281e-10,3.617771807618497e-10,-0.8362321701618112
0.2358,3.611595483257177e-10,5.748501925191138e-10,8.546858349787636e-10,7.283344396258754e-10,3.611595483257177e-10,-1.1363033483269889
0.23587,4.3437753052521576e-10,5.757709779251939e-10,8.558335720721447e-10,7.290723319822252e-10,3.6264406670864357e-10,-0.7014241518504157
0.23595,6.191634887085762e-10,5.745511185960329e-10,8.545782417157847e-10,7.281529541830634e-10,3.6057185275106333e-10,0.27095857041763544
0.23602,7.492059933752029e-10,5.710808000624186e-10,8.522013822158602e-10,7.253891554656114e-10,3.5509359941272143e-10,1.160642499998364
0.2361,8.450168328015849e-10,5.755238937316177e-10,8.551141871822808e-10,7.288506333336461e-10,3.622723124247113e-10,1.9253666816215442
0.23617,8.235137486461887e-10,5.724880543934417e-10,8.51411910856834e-10,7.25480240758734e-10,3.5939797979792956e-10,1.7702941942383643
0.23625,7.126644232364384e-10,5.620811621921712e-10,8.374346734065201e-10,7.131726190690535e-10,3.510817080777036e-10,0.9910747161382139
0.23632,5.208064708147276e-10,5.618138985492942e-10,8.370723424480567e-10,7.128545136892943e-10,3.508724972213788e-10,-0.23595316006501046
0.23639,3.5079964649479327e-10,5.616012805882881e-10,8.367123760264875e-10,7.125594732901647e-10,3.5079964649479327e-10,-1.3664241344081205
0.23647,3.485247216625218e-10,5.546044686017114e-10,8.244436322557283e-10,7.025985699323938e-10,3.485247216625218e-10,-1.8751284957964311
0.23654,3.495098931492005e-10,5.531486590327997e-10,8.207544557163139e-10,6.998620667682889e-10,3.495098931492005e-10,-2.0629077225254253
0.23662,3.450138740303901e-10,5.486025729446635e-10,8.153785298661699e-10,6.949116238138711e-10,3.450138740303901e-10,-1.3555506959657961
0.23669,4.6328312673693586e-10,5.470783655295949e-10,8.131291582027682e-10,6.929906615056522e-10,3.440401129668059e-10,-0.4585775507080614
0.23677,6.401122807252507e-10,5.478266931561993e-10,8.139498115261888e-10,6.9376635542195e-10,3.4485946054281764e-10,0.616340227518193
0.23684,7.699573492334416e-10,5.437327010260576e-10,8.118852146133953e-10,6.909372582297545e-10,3.3752561011700967e-10,1.6176476850022539
0.23692,7.750860128240491e-10,5.442715611468129e-10,8.097933704157827e-10,6.899240417708679e-10,3.413162622809281e-10,1.6991556052506758
0.23699,6.922986048437351e-10,5.414226636938976e-10,8.0491017293168e-10,6.858316433348256e-10,3.405181233318863e-10,1.0601877121965164
0.23706,5.355531416601777e-10,5.393098865164317e-10,8.027748290217748e-10,6.838508996047762e-10,3.3772262260458814e-10,-0.022576637273547365
0.23714,3.334643634324743e-10,5.362822784365471e-10,8.002622217415125e-10,6.811793027946182e-10,3.334643634324743e-10,-1.136156442992742
0.23721,3.3601106101365936e-10,5.377943220704517e-10,8.01167474771028e-10,6.823085889234684e-10,3.3601106101365936e-10,-1.3383304836799212
0.23729,3.3705840419666825e-10,5.386608687087987e-10,8.02034340633719e-10,6.831584062967522e-10,3.3705840419666825e-10,-1.1220827075722812
0.23736,4.6165229423538163e-10,5.386837146066054e-10,8.021983624320391e-10,6.832653214444941e-10,3.3691006959972133e-10,-0.43853166534606564
0.23744,6.05453709897882e-10,5.380677385046695e-10,8.016513663551144e-10,6.827013447016977e-10,3.3608555938085665e-10,0.43123779542739704
0.23751,6.625644737150553e-10,5.395022592598366e-10,8.021888098889393e-10,6.835827448498377e-10,3.3888215963711176e-10,0.8461662765858678
0.23759,6.551007154795108e-10,5.397589249428304e-10,8.024516405335299e-10,6.838381359777535e-10,3.3918560413734095e-10,0.7893479731675024
0.23766,5.826109030631402e-10,5.377950335015618e-10,8.010247526042523e-10,6.822256177790622e-10,3.3617850104511966e-10,0.2814489335206914
0.23774,5.5986275398893e-10,5.373429141902043e-10,8.006191554152778e-10,6.818089955061544e-10,3.3558033387095966e-10,0.13470280416601677
0.23781,4.696986812066689e-10,5.324806197649624e-10,7.921410343961954e-10,6.749157330309283e-10,3.340077161407696e-10,-0.36199982916048784
0.23789,4.180484714795417e-10,5.332861996219354e-10,7.92558083983772e-10,6.754779695582643e-10,3.3544598377096534e-10,-0.6280120020343328
0.23796,3.799042731335601e-10,5.311727657847921e-10,7.956453104168183e-10,6.774850837983551e-10,3.2978237640840885e-10,-0.8134337193308707
0.23804,4.5665326692934603e-10,5.275805803246505e-10,7.844531751687054e-10,6.684710989582911e-10,3.314088110469255e-10,-0.40732744972329665
0.23811,5.264536547293766e-10,5.22604500961901e-10,7.781921736651711e-10,6.628345893898808e-10,3.2692574504625935e-10,0.0222953700800788
0.23819,6.247616694568334e-10,5.212097151791878e-10,7.758410241258245e-10,6.609043478256779e-10,3.2638056024187875e-10,0.7188233597353545
0.23826,6.641972207684938e-10,5.214706636702638e-10,7.756552756115723e-10,6.608978281784363e-10,3.2722952060262465e-10,1.0311833800125603
0.23834,7.084951392959789e-10,5.227158913298414e-10,7.76685811950204e-10,6.619905004490481e-10,3.290099322029288e-10,1.3975173549371525
0.23841,7.025944544471934e-10,5.208252149782284e-10,7.753077893111856e-10,6.604375026718887e-10,3.2609906897526553e-10,1.3484045123200317
0.23849,6.180119931672941e-10,5.175277331838102e-10,7.706308993585082e-10,6.563935051831071e-10,3.2376115602085467e-10,0.6981422716416773
0.23856,4.983621138888245e-10,5.151485504919095e-10,7.668429907374009e-10,6.532322978569968e-10,3.225598903521907e-10,-0.10539752708199193
0.23864,3.9005769828138497e-10,5.116391835946475e-10,7.613323888081729e-10,6.486143779452757e-10,3.2070098535642187e-10,-0.6875185208072229
0.23871,3.148552463164399e-10,5.037015130916039e-10,7.502459708166997e-10,6.389786756895428e-10,3.148552463164399e-10,-1.0982861698834199
0.23879,3.124400128646266e-10,5.022128436786844e-10,7.49286990590519e-10,6.378280371184575e-10,3.124400128646266e-10,-1.293271077800933
0.23886,3.1510437571605994e-10,5.037918883189901e-10,7.502223495062723e-10,6.389993806038917e-10,3.1510437571605994e-10,-1.1698553552609152
0.23894,4.027504953010972e-10,5.048124015009293e-10,7.509632902814124e-10,6.398368040705575e-10,3.1666961651698596e-10,-0.5953433559470601
0.23901,5.536039322403875e-10,5.091348883998919e-10,7.573155491430483e-10,6.452693462507443e-10,3.1947635188565973e-10,0.30526652095455536
0.23909,7.123699057107174e-10,5.090582746362836e-10,7.598220976983468e-10,6.467093747802047e-10,3.163282572519344e-10,1.5447182540539302
0.23916,7.499077447120866e-10,5.077743939235185e-10,7.587866152109991e-10,6.455944968014863e-10,3.1449862443939207e-10,1.8925229561132066
0.23924,7.121534600023591e-10,5.087553390449136e-10,7.594691194738778e-10,6.463822668726397e-10,3.160258251175045e-10,1.545098827557319
0.23931,5.920844948859438e-10,5.118234563162953e-10,7.614125652947684e-10,6.487336363680588e-10,3.210505690825373e-10,0.5614596845990474
0.23939,4.2069561153336475e-10,5.115156694323383e-10,7.610742761569154e-10,6.484133065231082e-10,3.2071821899816303e-10,-0.5302569625598434
0.23947,3.2060700526263505e-10,5.114031106054771e-10,7.609337339870928e-10,6.482877326415554e-10,3.2060700526263505e-10,-1.281524866067231
0.23954,3.22990629821198e-10,5.129211211972243e-10,7.619944593658111e-10,6.495088634267115e-10,3.22990629821198e-10,-1.3490072198456988
0.23962,3.349046126242032e-10,5.099902877896871e-10,7.576512108414552e-10,6.458031837240271e-10,3.211317281037792e-10,-0.9303025469420637
0.23969,4.4262080973269153e-10,5.087552854825373e-10,7.568714887366143e-10,6.448589559030469e-10,3.190949130545692e-10,-0.39707687431130073
0.23977,5.272288283155986e-10,5.090847824670229e-10,7.572959642181968e-10,6.45238032815335e-10,3.193797914607783e-10,0.12372156004607353
0.23984,5.966122516165158e-10,5.091191358437949e-10,7.574100270427174e-10,6.45317967369334e-10,3.193299022059442e-10,0.6189777594031859
0.23992,6.219605976089977e-10,5.08695921447828e-10,7.56967945318638e-10,6.448916471632894e-10,3.188409227110131e-10,0.8173123672652419
0.23999,6.112994900853398e-10,5.094930789464741e-10,7.596965686150939e-10,6.468074797899937e-10,3.175111261618861e-10,0.7085858168818902
0.24007,6.034425737165917e-10,5.130236699867753e-10,7.620628778762261e-10,6.495884185507586e-10,3.231591725017449e-10,0.6484536608643042
0.24014,5.730289619270562e-10,5.119013796795348e-10,7.613146103665278e-10,6.48707602132081e-10,3.213497551544588e-10,0.4231343907583723
0.24022,5.698807820229635e-10,5.149332688366869e-10,7.665915326606251e-10,6.52998640840306e-10,3.2235056936516564e-10,0.3691063911998848
0.2403,5.593535368582233e-10,5.181514282863059e-10,7.691643099399256e-10,6.558847756779263e-10,3.241813218156847e-10,0.2740390683567118
0.24037,5.047233466215675e-10,5.152620470229441e-10,7.666308834001185e-10,6.531533369303443e-10,3.23078872925833e-10,-0.06364944569345847
0.24045,4.035517410488269e-10,5.17782691366388e-10,7.70325989625731e-10,6.563160729848955e-10,3.2472584477690543e-10,-0.643611911373876
0.24052,3.357916367036847e-10,5.207251663883415e-10,7.745028159283334e-10,6.599273606631702e-10,3.268140981114552e-10,-0.9587726664381897
0.2406,3.2575332538729616e-10,5.20101362814549e-10,7.741338032770652e-10,6.594644332686432e-10,3.2575332538729616e-10,-1.0968042800274007
0.24067,3.634492269222794e-10,5.195311260326272e-10,7.735632689133443e-10,6.58908500580521e-10,3.2502263106885343e-10,-0.8407189230434129
0.24075,4.055502461564337e-10,5.193418045301426e-10,7.734126803009039e-10,6.587421930597048e-10,3.247945791724033e-10,-0.6433519469006362
0.24083,4.066648424836224e-10,5.202126506413605e-10,7.73995169242475e-10,6.594278813084804e-10,3.2618506056946536e-10,-0.6378401259431129
0.2409,4.382761324452626e-10,5.187902002551289e-10,7.729470519061734e-10,6.58251766885449e-10,3.240248302478954e-10,-0.47467135250696885
0.24098,4.762344065012563e-10,5.207635610296372e-10,7.746245604956373e-10,6.599993252453996e-10,3.2683397958773297e-10,-0.26502119005162345
0.24105,5.343736946825119e-10,5.164807100958326e-10,7.692045732163149e-10,6.551444538341499e-10,3.2293999710838035e-10,0.11276897173255933
0.24113,6.638408745191758e-10,5.156649835882462e-10,7.667738320074001e-10,6.53395273771097e-10,3.2387715293673436e-10,1.091962222795781
0.24121,7.671696900497803e-10,5.11343778239164e-10,7.639693129939376e-10,6.500445180414894e-10,3.168838970940663e-10,2.0083705778271224
0.24128,7.848665897738187e-10,5.153476903577565e-10,7.667476334198436e-10,6.532555717134523e-10,3.2314623401006777e-10,2.177490648873102
0.24136,7.479950577792289e-10,5.121596791906371e-10,7.624920769697775e-10,6.494989677464964e-10,3.205786488537902e-10,1.8622468925072004
0.24143,6.674318957395936e-10,5.092410803768298e-10,7.589116018496827e-10,6.462475859539468e-10,3.178372747227773e-10,1.1690163203326407
0.24151,5.367898812787154e-10,5.08969294107046e-10,7.567436666679382e-10,6.448685344928842e-10,3.1973714298329533e-10,0.19264940181070056
0.24159,3.784425546908265e-10,5.072697864895539e-10,7.557796312956262e-10,6.436326857765521e-10,3.1683247251239254e-10,-0.7322835507415837
0.24166,3.148691405870137e-10,5.060496936176518e-10,7.549775376954734e-10,6.426807220175023e-10,3.148691405870137e-10,-1.1626948037987463
0.24174,3.172059664433323e-10,5.07565023670772e-10,7.560564264428591e-10,6.43912000942951e-10,3.172059664433323e-10,-1.5018878061695113
0.24181,3.181528627717776e-10,5.08139620210359e-10,7.564213935997712e-10,6.443523022886399e-10,3.181528627717776e-10,-1.298646717181654
0.24189,3.14697818115094e-10,5.059708522811833e-10,7.549657125392432e-10,6.426422561188731e-10,3.14697818115094e-10,-1.2744525346365558
0.24197,3.143487175229036e-10,5.058542685288204e-10,7.550279347930221e-10,6.426324570311308e-10,3.143487175229036e-10,-1.0242172183874987
0.24204,4.040046609138396e-10,5.098663063359872e-10,7.578440359165251e-10,6.458674058145533e-10,3.206057632570613e-10,-0.606396096294614
0.24212,5.365616389772016e-10,5.087285701850332e-10,7.570561998432012e-10,6.449566469715651e-10,3.1881217214683153e-10,0.18697467315221095
0.24219,6.265828452631217e-10,5.096179517868815e-10,7.575944412499722e-10,6.45627099767194e-10,3.2028860374509047e-10,0.853740977379615
0.24227,6.770852684404492e-10,5.104734462020005e-10,7.579993176172262e-10,6.461972781051731e-10,3.2188288962488205e-10,1.2751650763306193
0.24235,6.72788090248374e-10,5.105766026018335e-10,7.602646318546156e-10,6.475686273830018e-10,3.194250522812796e-10,1.2081365912059758
0.24242,6.109323458493299e-10,5.090525141090325e-10,7.593204289587164e-10,6.464127842017227e-10,3.169058201337431e-10,0.7066156940767123
0.2425,5.136517334147934e-10,5.088273503960446e-10,7.573163677512674e-10,6.451486313320054e-10,3.1873749238508804e-10,0.03229742126603591
0.24258,4.511596427908052e-10,5.067538467075997e-10,7.546470281751674e-10,6.42764139615373e-10,3.169438360301779e-10,-0.34296319035201933
0.24265,4.826713817472675e-10,5.036405047614744e-10,7.503724457498574e-10,6.390269861206231e-10,3.145708340660004e-10,-0.138812136790909
0.24273,5.425094299352696e-10,5.053509245324381e-10,7.515184758238925e-10,6.403739081177664e-10,3.173073687715181e-10,0.25759551034722816
0.2428,6.218357396196783e-10,5.037698699543071e-10,7.504172421982453e-10,6.391042387295671e-10,3.1482729337501644e-10,0.8551935499658992
0.24288,6.062074801773463e-10,5.033722677489586e-10,7.500642605525665e-10,6.387399672907639e-10,3.142969439896672e-10,0.7320975548621866
0.24296,5.211425428761014e-10,5.027789060092182e-10,7.487765153459889e-10,6.377501922952162e-10,3.1440482939163687e-10,0.11941485804301738
0.24303,4.2430620124706704e-10,5.034125477795496e-10,7.48442428498261e-10,6.378045092925595e-10,3.1632476178810615e-10,-0.47092360208794554
0.24311,3.1725258145516334e-10,5.037541990570046e-10,7.483654541773781e-10,6.378930970580147e-10,3.172373738687725e-10,-0.9875868002582333
0.24319,3.096466690911968e-10,4.989715504677747e-10,7.451147542343445e-10,6.341000984936031e-10,3.096466690911968e-10,-1.2724450615977503
0.24326,3.1545888729079596e-10,5.027083122689903e-10,7.477431614096464e-10,6.371167776427614e-10,3.1545888729079596e-10,-1.099890675032544
0.24334,3.495757828823521e-10,5.002666013819993e-10,7.451355802149609e-10,6.346310518872909e-10,3.126223990634997e-10,-0.8436600435606205
0.24342,4.5198604301679583e-10,4.986851307615314e-10,7.430572859770901e-10,6.327784022304326e-10,3.1140061743044847e-10,-0.2982910363782675
0.24349,5.523131008215684e-10,4.986615760723142e-10,7.412293864402579e-10,6.316971070528177e-10,3.135132066637506e-10,0.3835797780236771
0.24357,6.164292687247877e-10,4.970809171010327e-10,7.399250117739193e-10,6.303076702810359e-10,3.1127773573454137e-10,0.8851121855057814
0.24365,5.973834423868458e-10,4.972296562325426e-10,7.417101262000699e-10,6.314033829313872e-10,3.0950552124830674e-10,0.7114947747117416
0.24372,5.522642066714092e-10,5.017382944330426e-10,7.460057396083993e-10,6.357130671174751e-10,3.1521001841043693e-10,0.356525208717468
0.2438,4.1415295696331225e-10,4.985779531538017e-10,7.425505003604872e-10,6.324404786219101e-10,3.117342719073453e-10,-0.5119553799180722
0.24388,3.4961253231840026e-10,4.955297074627853e-10,7.386208884316145e-10,6.289354338694234e-10,3.090737749011069e-10,-0.8301137802315374
0.24395,3.8025184417152403e-10,4.95521057880338e-10,7.389072255831605e-10,6.290990837499752e-10,3.0875628446206746e-10,-0.6822674370623518
0.24403,4.761682304490136e-10,4.974115790444782e-10,7.39935793377285e-10,6.304464605829411e-10,3.12045022065894e-10,-0.13370653357667814
0.24411,5.75809015396981e-10,4.968828229080367e-10,7.396924706326705e-10,6.300952612346266e-10,3.1106624481164877e-10,0.5635742244869204
0.24418,6.39305417387601e-10,4.94917845314768e-10,7.383889882504889e-10,6.285544666047872e-10,3.079202603158968e-10,1.0771509350038175
0.24426,6.620909601667372e-10,4.963961042140524e-10,7.392628433099801e-10,6.296491080813349e-10,3.104269941397566e-10,1.2767831860033847
0.24434,6.093565049004818e-10,4.979905439267516e-10,7.401766640833126e-10,6.308150501342304e-10,3.131440954572526e-10,0.8315660443134039
0.24441,5.204533014262252e-10,4.961479044516961e-10,7.389034726789241e-10,6.293420485912286e-10,3.1024903488973624e-10,0.162039087040845
0.24449,3.190340955926276e-10,4.945817770059418e-10,7.377088813798477e-10,6.280234756539434e-10,3.079181518159725e-10,-0.9653981474781084
0.24457,3.0555319313869055e-10,4.929132542908008e-10,7.363482645874066e-10,6.265663762938312e-10,3.0555319313869055e-10,-1.6807253597016774
0.24465,3.12126057347015e-10,4.970712682831096e-10,7.391784879642975e-10,6.298701673697393e-10,3.12126057347015e-10,-1.5653162725872847
0.24472,3.163596740466238e-10,4.980084712590001e-10,7.397892969374614e-10,6.305949858131833e-10,3.1365926593356107e-10,-0.9759979781146186
0.2448,5.214139598433993e-10,4.971555306399861e-10,7.393774914079985e-10,6.300169227968502e-10,3.121011371101668e-10,0.1704482799586304
0.24488,6.596275615522698e-10,4.989685986634897e-10,7.409261374157358e-10,6.316389158554979e-10,3.1462217400755875e-10,1.255810882229145
0.24495,7.199488687617362e-10,4.99593196206988e-10,7.41426137243524e-10,6.321765343325523e-10,3.1553975173324784e-10,1.8094299639904967
0.24503,7.195905728488525e-10,4.990767281670726e-10,7.410295319280546e-10,6.317420943864386e-10,3.1476340865430013e-10,1.80695587888611
0.24511,6.328571305537078e-10,4.973822021997504e-10,7.394989360119475e-10,6.301763746863481e-10,3.125076462810351e-10,1.0299749485019543
0.24519,5.082241657915821e-10,4.960954856622441e-10,7.383935489949062e-10,6.290217046854473e-10,3.1073326419360565e-10,0.0821942446792614
0.24526,4.1378926650426916e-10,4.945806283300245e-10,7.37387212157487e-10,6.278321029014248e-10,3.0830502720734295e-10,-0.49998917684561806
0.24534,3.757135750595456e-10,4.963925848147871e-10,7.386914635982168e-10,6.293131378715909e-10,3.11089368763414e-10,-0.7014492117294268
0.24542,3.873205689698154e-10,4.967505485087034e-10,7.38807651304956e-10,6.295231544205538e-10,3.118059894404901e-10,-0.6416497734749284
0.24549,4.735078725487763e-10,4.968505396122119e-10,7.389384556712564e-10,6.296382654322688e-10,3.1189656087196614e-10,-0.1458602631924089
0.24557,5.711876677091816e-10,4.954187127182503e-10,7.383042289382617e-10,6.287002583277216e-10,3.092242493112302e-10,0.5326967004111702
0.24565,5.96591526234102e-10,4.96277949312187e-10,7.389428679207226e-10,6.294138685828097e-10,3.1052574686256143e-10,0.7301259997601038
0.24573,5.570085081338785e-10,4.97332603833224e-10,7.395313547195373e-10,6.301759806349599e-10,3.1235094306773156e-10,0.42645907898383484
0.2458,4.78427523498242e-10,4.958892293192488e-10,7.384174547531123e-10,6.2895453108854e-10,3.1020529035866977e-10,-0.11561764001355698
0.24588,4.1621806128564503e-10,4.966144534601885e-10,7.425306174357635e-10,6.316319200785799e-10,3.107805996975942e-10,-0.4902211183307676
0.24596,3.14190428771948e-10,4.966332848437978e-10,7.391526854893977e-10,6.29679927132313e-10,3.1111100326631965e-10,-0.9861089868006327
0.24604,3.117117729809793e-10,4.970692383883647e-10,7.395267082764815e-10,6.300712222507007e-10,3.117117729809793e-10,-1.0891320021998647
0.24611,3.122863856739482e-10,4.973299739910451e-10,7.395612827175409e-10,6.301934836727592e-10,3.122863856739482e-10,-1.0511794581710008
0.24619,,,,,,
0.24627,,,,,,
0.24634,6.783552643469967e-10,5.002240912034727e-10,7.425671537354345e-10,6.330986757500701e-10,3.156755470031934e-10,1.410675661106255
0.24642,6.7079179356283e-10,4.960895586340599e-10,7.395710678188771e-10,6.295737564468479e-10,3.0948480815068784e-10,1.3501294887286721
0.2465,5.973605897842376e-10,4.972022003436295e-10,7.41392100356923e-10,6.312174357040165e-10,3.0982338025738416e-10,0.7146753986959132
0.24658,5.177041536055777e-10,4.992140512775303e-10,7.425884900904774e-10,6.32713097088465e-10,3.132169005924413e-10,0.12871300211265072
0.24666,3.9817044649603885e-10,4.971322792895666e-10,7.41411975469726e-10,6.312020021898318e-10,3.0962762718444634e-10,-0.5968002137333472
0.24673,3.139279780232927e-10,5.001056824342445e-10,7.437809774318594e-10,6.337658679781547e-10,3.139279780232927e-10,-1.1477974837506448
0.24681,3.1295461755725665e-10,4.99433931499836e-10,7.432495060094053e-10,6.331897743978649e-10,3.1295461755725665e-10,-1.3841704455044817
0.24689,3.111421854586141e-10,4.987650710593655e-10,7.434278315583884e-10,6.330291536649897e-10,3.111421854586141e-10,-1.5130212072323548
0.24697,4.03572713936053e-10,5.014695744334804e-10,7.461842478792847e-10,6.35720317498135e-10,3.1433730692614425e-10,-0.5779939489452823
0.24704,5.38412570811317e-10,5.009502687540454e-10,7.457801349605517e-10,6.352702390768343e-10,3.1358657467165825e-10,0.254636115745724
0.24712,6.512097917524594e-10,4.992993706094209e-10,7.446672003531999e-10,6.339654522083904e-10,3.109596549706149e-10,1.13387941145387
0.2472,6.772758330153915e-10,4.987592913818737e-10,7.441775115379932e-10,6.3346585512878e-10,3.1024806378360496e-10,1.3624962335078201
0.24728,6.438300860533232e-10,5.007488758023402e-10,7.451596148579027e-10,6.348264374739237e-10,3.1383999249053043e-10,1.07767243859789
0.24735,5.765750676737196e-10,5.016205317082906e-10,7.454725507131743e-10,6.353492037308125e-10,3.155643242985313e-10,0.5414077901725824
0.24743,5.120459834829632e-10,5.00010017300597e-10,7.444839273906372e-10,6.341396102527937e-10,3.128694692217222e-10,0.07868291010838191
0.24751,4.3907603587244245e-10,5.056743265931669e-10,7.490166445815563e-10,6.391445796500399e-10,3.184558352415799e-10,-0.40633173632254643
0.24759,4.077330960589982e-10,5.009089339722717e-10,7.456105493648303e-10,6.351564569847551e-10,3.136765168467985e-10,-0.5548351300114187
0.24767,3.857202186174058e-10,4.997296677777533e-10,7.449473921203408e-10,6.343018791793747e-10,3.116443476989156e-10,-0.6699350470231791
0.24774,3.3722562559397015e-10,5.015360135858357e-10,7.46274695488248e-10,6.357938234325967e-10,3.1439677559875337e-10,-0.9000852774838501
0.24782,3.415312962456833e-10,4.995390190063529e-10,7.448153307690167e-10,6.341476278517029e-10,3.113550952003771e-10,-0.8804747320937087
0.2479,4.024051403732541e-10,5.005304143082645e-10,7.452597514116136e-10,6.347995105206935e-10,3.131978810919142e-10,-0.5825843786957434
0.24798,4.327359740438733e-10,5.001791504348159e-10,7.447063852375568e-10,6.343368986809178e-10,3.1300994052773216e-10,-0.4145276108262091
0.24806,4.634680336915605e-10,5.011431867485011e-10,7.451445279972866e-10,6.349740033588187e-10,3.148013846821026e-10,-0.23203631641536326
0.24813,4.870668033496167e-10,4.994148002665779e-10,7.43951911353457e-10,6.335922694070731e-10,3.1207862280865406e-10,-0.0842401927678283
0.24821,5.19579903432165e-10,5.011590110763601e-10,7.452371586405133e-10,6.350379675637156e-10,3.147053234246979e-10,0.12956550857917296
0.24829,5.788694737469393e-10,5.004262034752747e-10,7.44967777344979e-10,6.345879556513991e-10,3.132802012657345e-10,0.5556573487450926
0.24837,6.127932855611436e-10,5.021900463019475e-10,7.463922607419449e-10,6.361198705328934e-10,3.158228420845413e-10,0.8182708676510076
0.24845,6.49263151707653e-10,5.02311004416058e-10,7.466916520842342e-10,6.363426176765147e-10,3.1576048418354114e-10,1.1171918830642134
0.24852,6.139756584304257e-10,4.989014578697761e-10,7.445495446463407e-10,6.337406481440815e-10,3.101461120564499e-10,0.8231388570663578
0.2486,5.667182669563018e-10,5.01358685537115e-10,7.459823352642576e-10,6.355513067246666e-10,3.1431669583281497e-10,0.46024548960816003
0.24868,4.5700227184167173e-10,5.004723117629966e-10,7.453618369687003e-10,6.348385999818224e-10,3.129249243082782e-10,-0.27579085275326454
0.24876,4.447280480653838e-10,5.010364004799141e-10,7.458082062918207e-10,6.353223640669134e-10,3.1374660472558164e-10,-0.34877973788173405
0.24884,4.102731893653254e-10,5.029786997710515e-10,7.472145902461058e-10,6.369135596202327e-10,3.1673769007483884e-10,-0.542266550840744
0.24892,4.0906175181361254e-10,5.019910350874833e-10,7.465248161576743e-10,6.361137555286523e-10,3.1518822693253656e-10,-0.5486804636217684
0.24899,4.4390424878385466e-10,5.003053267337665e-10,7.45440593138393e-10,6.348178585915073e-10,3.124388845351172e-10,-0.3542872517960231
0.24907,5.031405898910532e-10,5.01793783115818e-10,7.468220997746963e-10,6.362157661870471e-10,3.1436071162862164e-10,0.009930584185983695
0.24915,5.818086049014546e-10,4.999004441772304e-10,7.457465937034806e-10,6.348371428403455e-10,3.111145100207861e-10,0.5656441894059918
0.24923,6.063108521093862e-10,5.034967530196907e-10,7.484129485973617e-10,6.378228229317914e-10,3.1654183065092193e-10,0.7527518765163019
0.24931,5.728396974161829e-10,5.01086834117885e-10,7.470100178036729e-10,6.360031793022366e-10,3.1295804226043494e-10,0.4977748608928877
0.24939,5.166818817422003e-10,5.016444349359218e-10,7.466518347920631e-10,6.360558852996423e-10,3.14211271808089e-10,0.10091501538976845
0.24946,4.521564863421927e-10,5.017015720000951e-10,7.487229869332167e-10,6.378309782994865e-10,3.147714455966348e-10,-0.305503899354213
0.24954,3.786006741446312e-10,5.029593588587399e-10,7.480614790923847e-10,6.369563823103059e-10,3.165503749199898e-10,-0.7065639662454654
0.24962,3.139073314839272e-10,5.005973930342765e-10,7.44792087061469e-10,6.34552584858976e-10,3.139073314839272e-10,-1.0037994888274369
0.2497,4.194979160033249e-10,4.993665411061431e-10,7.438277083858918e-10,6.33502045528707e-10,3.1210006007436395e-10,-0.4867988093731777
0.24978,5.251747131724608e-10,5.010983770499847e-10,7.451916956430936e-10,6.349841484378569e-10,3.146362707592114e-10,0.1682907575727965
0.24986,6.562297793499551e-10,5.002256201848049e-10,7.448787893578942e-10,6.344550406228521e-10,3.1292455184507066e-10,1.1826813507729392
0.24994,7.082051638363515e-10,5.032136708177223e-10,7.471780525425551e-10,6.369849290064388e-10,3.173637473984847e-10,1.6435748290509977
0.25001,6.931751195138087e-10,5.017552062068766e-10,7.457920063340739e-10,6.35594807745742e-10,3.155023294915677e-10,1.5116266965365568
0.25009,6.064922461732477e-10,4.991645703001683e-10,7.437371013973335e-10,6.333678272936158e-10,3.1173303627885436e-10,0.7752298989725162
0.25017,4.949360653179423e-10,4.998945283571018e-10,7.443362989047044e-10,6.340077493816799e-10,3.1276613298674e-10,-0.03399425637033411
0.25025,3.1602511202592153e-10,5.019496309111894e-10,7.457418522409044e-10,6.356428024547971e-10,3.1602511202592153e-10,-1.1009019989248605
0.25033,3.143438934832011e-10,5.008024203062826e-10,7.448329745847256e-10,6.346585083898363e-10,3.143438934832011e-10,-1.6727424671210236
0.25041,3.117427796598823e-10,4.992404055157515e-10,7.438779415522759e-10,6.334811463646852e-10,3.117427796598823e-10,-1.4270101901678112
0.25049,3.871383544102706e-10,5.008250785079524e-10,7.463118126989849e-10,6.355341937762246e-10,3.1264853027390165e-10,-0.6657622962334424
0.25056,5.646604200823673e-10,5.02515891607626e-10,7.491930723722836e-10,6.378916681810504e-10,3.132783067215776e-10,0.4202519726827053
0.25064,7.040636830637262e-10,5.039811148149143e-10,7.501463547544167e-10,6.390287404239298e-10,3.1565347372145837e-10,1.5665252215225909
0.25072,7.831372484795983e-10,5.048836612900156e-10,7.505669684608474e-10,6.396310677029551e-10,3.1732060197609765e-10,2.3319866364613975
0.2508,7.635584111677027e-10,5.059096450259199e-10,7.514933991377924e-10,6.405788873775289e-10,3.1868916167704784e-10,2.1315965172514284
0.25088,6.79523217349627e-10,5.018068150894774e-10,7.488430431011185e-10,6.374089999154409e-10,3.1199755613728284e-10,1.3439283542987919
0.25096,5.302346044595601e-10,5.020508952954805e-10,7.474201349834555e-10,6.366681004274628e-10,3.1426606276399565e-10,0.18921395591576454
0.25104,3.1772064008111346e-10,4.988741316368215e-10,7.440706171261338e-10,6.334486369465971e-10,3.106469805749835e-10,-0.9823769472955706
0.25112,3.1108919408786147e-10,4.991330877258127e-10,7.442195372834152e-10,6.336381402760356e-10,3.1108919408786147e-10,-1.3876222634859023
0.2512,3.0940330057147045e-10,4.982095230720224e-10,7.437866940362276e-10,6.330191646940454e-10,3.0940330057147045e-10,-1.2759372302232088
0.25128,3.229883007897099e-10,5.022453947323603e-10,7.464602067010963e-10,6.361806530492307e-10,3.1588125967890284e-10,-0.960651915656464
0.25135,3.79125433008046e-10,4.989799612495668e-10,7.425838328774624e-10,6.326177833570307e-10,3.1266257237935407e-10,-0.6943636256202543
0.25143,4.1583037186545673e-10,4.962895717330203e-10,7.402258876775876e-10,6.301731606985027e-10,3.090237199112672e-10,-0.49823966606413994
0.25151,4.406109273226581e-10,4.973855920168528e-10,7.405557012661916e-10,6.307994580979962e-10,3.1124917496414997e-10,-0.3550411435600545
0.25159,4.744243384573701e-10,4.977240262113043e-10,7.405393134581689e-10,6.309227928101911e-10,3.1208258202538687e-10,-0.147639620040625
0.25167,4.802745989319967e-10,4.976715009858088e-10,7.404759586414315e-10,6.308650389295549e-10,3.120313337302882e-10,-0.11027305473964585
0.25175,4.756288674223909e-10,4.968952754897984e-10,7.397437883153833e-10,6.30129686174738e-10,3.1103868487077e-10,-0.13831028709523377
0.25183,4.834518491214705e-10,4.958898690425736e-10,7.379888038577914e-10,6.287011006540361e-10,3.1072886912484964e-10,-0.07992195283973759
0.25191,5.60376851569283e-10,4.941792723660634e-10,7.366301683632807e-10,6.272306777737031e-10,3.0823804887232366e-10,0.45967888707950716
0.25199,6.344102139900948e-10,4.940421479842903e-10,7.364741002805434e-10,6.270852287441429e-10,3.0809487104333506e-10,1.053354938187799
0.25207,7.152901775658793e-10,4.928559939117705e-10,7.357878345754298e-10,6.262154013637634e-10,3.060724427524104e-10,1.7829514398988378
0.25215,7.165047417887005e-10,4.946170569953111e-10,7.367696158682657e-10,6.274849589828015e-10,3.0912159473152146e-10,1.7985468807687879
0.25223,6.573010073860723e-10,4.958888552927549e-10,7.375282483655018e-10,6.28431379623707e-10,3.112690079335089e-10,1.2543991203529614
0.2523,5.495370226591755e-10,4.955850536334803e-10,7.372886905373268e-10,6.281706943465445e-10,3.1082721841854453e-10,0.38205275759364304
0.25238,3.8698563205675233e-10,4.964894396812084e-10,7.374457484622685e-10,6.286204598416722e-10,3.128063016893974e-10,-0.6374267423839459
0.25246,3.1114915331590584e-10,4.953243900694926e-10,7.364939295423481e-10,6.276011169593723e-10,3.1114915331590584e-10,-1.3655278088178167
0.25254,3.0574277276461354e-10,4.918152167347524e-10,7.33972265285016e-10,6.247381591019614e-10,3.0574277276461354e-10,-1.6436845826387398
0.25262,3.121797158319871e-10,4.960355819373352e-10,7.370514777602624e-10,6.282109438274544e-10,3.121797158319871e-10,-1.2031283523839122
0.2527,3.97828478855305e-10,4.928802908412013e-10,7.349881830292012e-10,6.257545886111169e-10,3.0708121462669786e-10,-0.5800203567577242
0.25278,4.865066996414132e-10,4.948161678856101e-10,7.365297002866529e-10,6.274227863167512e-10,3.098820833819502e-10,-0.054373987880879285
0.25286,5.528266379992577e-10,4.959934045098719e-10,7.374456320174948e-10,6.284243716138772e-10,3.116168157683164e-10,0.40745870362263187
0.25294,5.716440546370229e-10,4.959448299662064e-10,7.372965439381793e-10,6.283177717335853e-10,3.1167769605170175e-10,0.5508188836184388
0.25302,5.507578783899625e-10,4.936865465498769e-10,7.357045612605983e-10,6.264928711234907e-10,3.081594516625273e-10,0.3940677961550302
0.2531,4.952257050113122e-10,4.946720192215576e-10,7.362302307555181e-10,6.27189748158024e-10,3.098954283899006e-10,0.004683945895634199
0.25318,4.4641926189191277e-10,4.936452511153988e-10,7.355398524783068e-10,6.263805491115947e-10,3.0825207891703344e-10,-0.30431188922160074
0.25326,4.091286375607165e-10,4.944123235538001e-10,7.361876460764667e-10,6.27066792982365e-10,3.092929083350571e-10,-0.5198123581222035
0.25334,3.662868243765859e-10,4.937567051825315e-10,7.357022708037608e-10,6.26521483804128e-10,3.0831780757946546e-10,-0.7428120474522566
0.25342,3.847246361656372e-10,4.947291480895159e-10,7.364433456283291e-10,6.273393036453471e-10,3.097812645538091e-10,-0.6500921131487816
0.2535,4.460833613852194e-10,4.962351705701496e-10,7.376001965762678e-10,6.286101489430035e-10,3.120148285347699e-10,-0.308359933099921
0.25358,5.235837731001922e-10,4.950215481718356e-10,7.368734770164451e-10,6.277047866490159e-10,3.0997017585335935e-10,0.19545687430942518
0.25366,6.012695204366629e-10,4.928057018550162e-10,7.351414918026867e-10,6.258147957961403e-10,3.0672431568608396e-10,0.7847848685150043
0.25374,6.202959716986257e-10,4.969404814856758e-10,7.376911482993256e-10,6.289419571259088e-10,3.1360103957314163e-10,0.9437738690273076
0.25382,5.878773890140588e-10,4.946212396440155e-10,7.361002980506065e-10,6.270944686539678e-10,3.099289009621881e-10,0.6808241634777491
0.2539,5.640658883785702e-10,4.947543689419274e-10,7.360463883305373e-10,6.271132795576161e-10,3.1029920563569345e-10,0.49773560588289184
0.25398,5.026147803092282e-10,4.944363924513178e-10,7.358110831049455e-10,6.26851158537108e-10,3.098267872751663e-10,0.0565636761347533
0.25406,4.421279364846988e-10,4.9268254629758e-10,7.34562414363233e-10,6.254279727301147e-10,3.071052509021652e-10,-0.32777174356723604
0.25414,4.416964006054406e-10,4.893783677978285e-10,7.29282071426296e-10,6.210255399684773e-10,3.054659950908198e-10,-0.3102167901264053
0.25422,4.33089998615459e-10,4.87625792190938e-10,7.254149386821763e-10,6.18064176253719e-10,3.0586475580510585e-10,-0.34433946579690955
0.2543,4.763716921953609e-10,4.861450840412225e-10,7.231714048673906e-10,6.1616163094601e-10,3.0499609567151314e-10,-0.061276872188002034
0.25438,4.987180555495103e-10,4.863523693074731e-10,7.235754525270141e-10,6.164867438155924e-10,3.04972959273408e-10,0.08789300453070599
0.25446,5.652082070897583e-10,4.845583915796298e-10,7.218589137756793e-10,6.1476602981402e-10,3.0275267591656956e-10,0.5869574672897077
0.25454,5.810761753205482e-10,4.86518106259317e-10,7.231629509726363e-10,6.163097848336832e-10,3.058566573200118e-10,0.7133758843367988
0.25462,5.431990693870594e-10,4.852395229355278e-10,7.223649864389482e-10,6.153370700597252e-10,3.0374764420263166e-10,0.4156225939026165
0.2547,5.055208158673221e-10,4.846330570613055e-10,7.221991246524291e-10,6.149930708643781e-10,3.025401066122526e-10,0.1378339740826198
0.25478,4.597797336590746e-10,4.859077066246816e-10,7.234302830823916e-10,6.163322343136102e-10,3.03636000315247e-10,-0.1740251828545832
0.25486,3.626300063918321e-10,4.865649281553502e-10,7.23145580473911e-10,6.163130195342232e-10,3.060301942612842e-10,-0.7258586218460464
0.25494,3.0583980053201774e-10,4.867845545973522e-10,7.237460356870542e-10,6.167522492832991e-10,3.0583980053201774e-10,-1.2505838564774312
0.25502,3.072816622466091e-10,4.884500779861801e-10,7.258937643154869e-10,6.186690476513214e-10,3.072816622466091e-10,-1.8061894514845407
0.2551,3.0934041797788254e-10,4.898223979098726e-10,7.269331570897033e-10,6.198202250591498e-10,3.0934041797788254e-10,-1.8929444864598526
0.25518,3.21291548161889e-10,4.859257804591523e-10,7.243862172155691e-10,6.167896705213938e-10,3.030197929383889e-10,-0.9295019095121202
0.25526,5.122147530827204e-10,4.874987768209724e-10,7.251281194066879e-10,6.178445285108499e-10,3.0590857628596527e-10,0.17609909430651818
0.25534,6.086086543760339e-10,4.873488323976085e-10,7.258989644967198e-10,6.185396045546502e-10,3.0482121962201764e-10,0.8797470719855415
0.25542,6.758903364820929e-10,4.841979802591551e-10,7.232624898489075e-10,6.155658821059232e-10,3.007858634311266e-10,1.5326663521669728
0.2555,7.243273790784548e-10,4.84468083242123e-10,7.221080260365846e-10,6.148746679079945e-10,3.0224601613987706e-10,2.0148659802629467
0.25558,7.406734855879482e-10,4.864598722034964e-10,7.2361614548408e-10,6.16549500547691e-10,3.0521433115602857e-10,2.178504866051277
0.25566,6.98381034428063e-10,4.892908226348242e-10,7.257038021867105e-10,6.188890125974128e-10,3.0953441435539716e-10,1.7507138859373168
0.25574,5.900016827428737e-10,4.883362974821727e-10,7.251880882720365e-10,6.182106021402842e-10,3.078478046206199e-10,0.7770881527992675
0.25582,4.3250691628759063e-10,4.871079951568263e-10,7.243994024244177e-10,6.172638133758185e-10,3.058340815677586e-10,-0.34344135236935314
0.2559,3.1037865592250953e-10,4.838927158147667e-10,7.22278155197371e-10,6.147496434292182e-10,3.0066883575475003e-10,-0.9747285637373669
0.25598,2.9911878088211274e-10,4.828990167202264e-10,7.215833059260788e-10,6.139508198676504e-10,2.9911878088211274e-10,-1.79686622879049
0.25606,3.0642440079214467e-10,4.870387230999183e-10,7.237556363831785e-10,6.168595729440034e-10,3.0642440079214467e-10,-2.166432877437849
0.25614,3.0764534370297295e-10,4.877248234841012e-10,7.241113465523341e-10,6.173405017871879e-10,3.0764534370297295e-10,-2.599359569705608
0.25622,2.976912360058734e-10,4.813198389344895e-10,7.195979367446316e-10,6.121641506803091e-10,2.976912360058734e-10,-2.6437925363142476
0.2563,3.026987177818065e-10,4.845692642517033e-10,7.21926245671312e-10,6.148099757094288e-10,3.026987177818065e-10,-2.397385907425768
0.25638,3.051343217079689e-10,4.836800781048595e-10,7.181166072228593e-10,6.122182624277401e-10,3.051343217079689e-10,-1.0709948125736202
0.25646,6.052562033159371e-10,4.831557372709654e-10,7.173493569479109e-10,6.115625964080358e-10,3.0476330805622937e-10,0.9609520978564763
0.25654,7.809233419463968e-10,4.764615052521957e-10,7.07258744194285e-10,6.030028086368621e-10,3.0072526011276114e-10,2.819631283557613
0.25662,7.717016621040807e-10,4.700322696211215e-10,7.023797397457073e-10,5.976050298535222e-10,2.911252382807393e-10,2.7268992108773045
0.2567,6.979775013789286e-10,4.746892496535377e-10,7.053200324664662e-10,6.011672538606462e-10,2.9877170662075535e-10,1.9353237721923493
0.25679,6.065203027618094e-10,4.743822273931934e-10,7.049078186815848e-10,6.008054580143311e-10,2.985179443867475e-10,1.0612505391738514
0.25687,5.13469708197562e-10,4.740403111483119e-10,7.048069024968125e-10,6.006118549569351e-10,2.978143847439442e-10,0.2932917951113649
0.25695,4.671778793825744e-10,4.686241814147362e-10,6.977750152116083e-10,5.943490186638896e-10,2.93195497419361e-10,-0.011656392469099233
0.25703,4.859459915761307e-10,4.681135270580538e-10,6.975314339021816e-10,5.940030338111945e-10,2.9227285193995665e-10,0.12108832184943014
0.25711,5.241164823282498e-10,4.705779947875976e-10,6.994186209391172e-10,5.960812477056267e-10,2.9593571978539546e-10,0.40699021824070936
0.25719,5.047558304950166e-10,4.700448253761588e-10,6.991855221937909e-10,5.957326407143848e-10,2.949466317482228e-10,0.25716873190136696
0.25727,4.912745766611315e-10,4.697537806074557e-10,6.986864974130633e-10,5.953294713019263e-10,2.948183097541504e-10,0.15950163584992033
0.25735,4.31228412602281e-10,4.688221991238187e-10,6.975309071085887e-10,5.942822059898656e-10,2.939699928194746e-10,-0.25060330370328143
0.25743,3.5233269516640235e-10,4.699810766188541e-10,6.988882364685877e-10,5.955361261718087e-10,2.951311880069806e-10,-0.7169227426138378
0.25751,3.5548305431597267e-10,4.72347421081569e-10,7.036838312561303e-10,5.991653382956914e-10,2.9534117933912903e-10,-0.7148929641852226
0.25759,3.7665795580012603e-10,4.718970931243123e-10,7.029502098781412e-10,5.986733026379982e-10,2.949036982075651e-10,-0.5995188540197369
0.25768,4.302644934111899e-10,4.73354474926866e-10,7.04474231125011e-10,6.001558351943724e-10,2.9650902146246274e-10,-0.2851241608783267
0.25776,4.5917346790105673e-10,4.722513583086602e-10,7.034982797625647e-10,5.991391613901738e-10,2.9507816027550305e-10,-0.09392182376660525
0.25784,4.472441013891754e-10,4.740634789783526e-10,7.049282091522584e-10,6.006916041768232e-10,2.977287448494784e-10,-0.17500614517149124
0.25792,4.0234408536509093e-10,4.741302799086619e-10,7.049582501475171e-10,6.007338538830238e-10,2.9786531901800185e-10,-0.4552009658088723
0.258,3.4562357317828633e-10,4.740259086923489e-10,7.046736850360409e-10,6.005268435778223e-10,2.979457716847679e-10,-0.7660478991168662
0.25808,3.407017368944449e-10,4.750866396523854e-10,7.053487069706744e-10,6.013395703859988e-10,2.9969289658242815e-10,-0.7906749442471144
0.25816,3.74093986515475e-10,4.739301565193143e-10,7.043985153056086e-10,6.003282528030002e-10,2.980396905092774e-10,-0.614183761837717
0.25824,4.702023952860444e-10,4.716394226047756e-10,7.019929361108298e-10,5.980201136331066e-10,2.953531186084193e-10,-0.009836906804814898
0.25832,5.371233600720481e-10,4.713622123650759e-10,7.015107367788275e-10,5.976214996283451e-10,2.9531282274815325e-10,0.4925938931922807
0.2584,5.885435236148314e-10,4.722951523834354e-10,7.022020567025841e-10,5.98393909676121e-10,2.9673570898271815e-10,0.9206288292000913
0.25849,6.493600999822511e-10,4.730826756363318e-10,7.028319366136035e-10,5.990745691748233e-10,2.978800814239928e-10,1.4767002770324982
0.25857,7.034122256197494e-10,4.754532019203781e-10,7.091187543351025e-10,6.036978729530755e-10,2.960894546351466e-10,1.9302061655474727
0.25865,6.942752172008986e-10,4.764201793665007e-10,7.109706401264104e-10,6.051669025739584e-10,2.962026545072679e-10,1.8164088521769202
0.25873,6.031242635090437e-10,4.80482332701998e-10,7.137235956533282e-10,6.083853186095224e-10,3.026526707325255e-10,0.9668696546795974
0.25881,4.4220531867283813e-10,4.78938257417756e-10,7.127248863077354e-10,6.07190744997442e-10,3.0013392130089166e-10,-0.24110007450584678
0.25889,3.144664661824633e-10,4.763954269656385e-10,7.108052500973978e-10,6.050600511792712e-10,2.963389578054363e-10,-0.9341351164868653
0.25897,3.0014205065762983e-10,4.786365438890771e-10,7.121049352876467e-10,6.067147563863868e-10,3.0014205065762983e-10,-1.3776969292570478
0.25906,3.0328712126224674e-10,4.804892041561302e-10,7.131963130415993e-10,6.080775041633651e-10,3.0328712126224674e-10,-1.5386264181460556
0.25914,2.9823530086067744e-10,4.774795554785447e-10,7.116320329795228e-10,6.058996859637473e-10,2.9823530086067744e-10,-1.2622098624228182
0.25922,3.514075991511979e-10,4.78259561866033e-10,7.12222122057425e-10,6.06627426607136e-10,2.991092787494926e-10,-0.7581514892263547
0.2593,3.870148931808703e-10,4.80204308993002e-10,7.149211533909675e-10,6.083699938522058e-10,3.021191922255921e-10,-0.5697704532025729
0.25938,3.6980921654574016e-10,4.789430612150368e-10,7.126662387744461e-10,6.071571343694388e-10,3.0022211328768985e-10,-0.6627655428275225
0.25946,3.7276666197407073e-10,4.770280735219635e-10,7.11338176132633e-10,6.056237582988599e-10,2.9720936476888467e-10,-0.6467743689621329
0.25954,4.0426889902362516e-10,4.793250581882427e-10,7.128764300820664e-10,6.074323828679203e-10,3.0087888208683387e-10,-0.4709642448718861
0.25963,4.745876121689624e-10,4.788229190175818e-10,7.125101194431854e-10,6.07018948722786e-10,3.0011468453908596e-10,-0.026754192727197538
0.25971,5.37567521380318e-10,4.78926931461063e-10,7.126135369268859e-10,6.071220211203835e-10,3.0024938414741835e-10,0.43066140156038024
0.25979,6.040236900244373e-10,4.764738898873795e-10,7.107895487465235e-10,6.050957883846925e-10,2.9655794955464014e-10,0.9780597789313789
0.25987,6.352173625746302e-10,4.782538722613246e-10,7.120450295124827e-10,6.06521893933023e-10,2.99300848687995e-10,1.2549110071391896
0.25995,6.936697517721279e-10,4.75537421408012e-10,7.101959121927977e-10,6.043664119814172e-10,2.950001178032427e-10,1.8130046121345125
0.26003,7.154732657756255e-10,4.786647284381132e-10,7.131602240871474e-10,6.0733746262527e-10,2.9896800882453476e-10,2.0184113202863396
0.26012,6.779405941335759e-10,4.870558349012506e-10,7.261998019158009e-10,6.182995280079803e-10,3.0357233056222014e-10,1.5231509186808727
0.2602,5.928601538418394e-10,4.872158586593124e-10,7.262206588106736e-10,6.18371742502734e-10,3.039411048420694e-10,0.7790782326004162
0.26028,4.804660632811198e-10,4.876870012827795e-10,7.263621965167962e-10,6.186442239214192e-10,3.048874107386643e-10,-0.051417406007704
0.26036,3.3551783660917283e-10,4.905462905408484e-10,7.282680345860942e-10,6.208899186519491e-10,3.094865607724205e-10,-0.8677339108904926
0.26044,3.088019478662181e-10,4.899878745501106e-10,7.277140149304864e-10,6.203443734616361e-10,3.088019478662181e-10,-1.1552570785282439
0.26052,3.0357804951932674e-10,4.875249727931504e-10,7.271420425304809e-10,6.19037829537312e-10,3.0357804951932674e-10,-1.0637726523614859
0.26061,3.7729239865132387e-10,4.889718175689329e-10,7.282647168280214e-10,6.202669588777684e-10,3.0570722225787866e-10,-0.667423566637471
0.26069,4.3127408826357803e-10,4.891337006150803e-10,7.285892261138685e-10,6.205212426572188e-10,3.0570948679892055e-10,-0.3690874548991433
0.26077,4.3237149860740963e-10,4.901015717969487e-10,7.293893772372191e-10,6.213710174367769e-10,3.070827235233312e-10,-0.36352315324670187
0.26085,3.997836531892524e-10,4.905533815895989e-10,7.296097369891816e-10,6.216791592760373e-10,3.079031465414782e-10,-0.5489309550231547
0.26093,3.913628067914758e-10,4.876764593981171e-10,7.274437313647802e-10,6.192799295855627e-10,3.0352360268457597e-10,-0.5936159198260135
0.26102,4.015304474940534e-10,4.88143425515856e-10,7.276584721123986e-10,6.19584001057321e-10,3.044569841220727e-10,-0.5374407331043316
0.2611,4.334450831374319e-10,4.879411915437319e-10,7.273076129964071e-10,6.19298892134268e-10,3.043771989956557e-10,-0.3530645721926816
0.26118,4.778012593887392e-10,4.889206110922967e-10,7.279400146363925e-10,6.200565726088494e-10,3.0596785038005296e-10,-0.0750303892362466
0.26126,5.161674248569916e-10,4.894612217794295e-10,7.283449571845366e-10,6.20507131609773e-10,3.067832582243268e-10,0.186784982595433
0.26134,5.782993254198647e-10,4.875307431172667e-10,7.272098636463113e-10,6.190790942170871e-10,3.035158515470263e-10,0.6523085346789106
0.26143,5.958123199126332e-10,4.908038829058257e-10,7.29472372487746e-10,6.216980008995811e-10,3.086656417442447e-10,0.792892864425342
0.26151,5.528021702855613e-10,4.891534225404527e-10,7.28363900052646e-10,6.203966739936311e-10,3.060248128469574e-10,0.4536937385481989
0.26159,4.901310699958955e-10,4.895716224130064e-10,7.286821894662139e-10,6.20748611588826e-10,3.066469045170146e-10,0.004459144568727466
0.26167,4.5986206217527747e-10,4.881901669286108e-10,7.27366131046609e-10,6.194314430438127e-10,3.049023195307349e-10,-0.19002470947535102
0.26176,4.409818273443674e-10,4.88733514922644e-10,7.284632872755387e-10,6.203228626828093e-10,3.0614895342719074e-10,-0.3048832925225888
0.26184,4.741338950805219e-10,4.883700011719388e-10,7.26868543307747e-10,6.192101781539402e-10,3.0592468625603524e-10,-0.09357705986751626
0.26192,5.037312586529857e-10,4.8829514960282e-10,7.268555841269263e-10,6.191718912397352e-10,3.0575936419596706e-10,0.10581280842531553
0.262,5.04622195195221e-10,4.892141985522935e-10,7.276218642638153e-10,6.199869311633431e-10,3.0703452215275424e-10,0.11044741782220655
0.26208,4.507138996835808e-10,4.8937193905914e-10,7.276664589857223e-10,6.200744719033629e-10,3.073705134874213e-10,-0.24390345907797825
0.26217,4.318734473326311e-10,4.896622431644015e-10,7.29352514314056e-10,6.212379770345376e-10,3.0749755098619225e-10,-0.36067586726305917
0.26225,4.707340379350737e-10,4.884708455832723e-10,7.271058937990663e-10,6.193898739641808e-10,3.058803578683978e-10,-0.11709475413918943
0.26233,5.37407961563281e-10,4.914756738085333e-10,7.295510007701612e-10,6.220445135086645e-10,3.087158894051598e-10,0.3251479808940554
0.26241,5.743272021990775e-10,4.870566044536956e-10,7.263148774379961e-10,6.183694170935386e-10,3.034330494217121e-10,0.6272527372312046
0.2625,5.65686435976342e-10,4.890659393333071e-10,7.272708846734251e-10,6.197114207990726e-10,3.071537856270735e-10,0.5642689432959566
0.26258,4.892339434531256e-10,4.878487460314557e-10,7.26346494051339e-10,6.186983796105185e-10,3.052955383868448e-10,0.00813809744472983
0.26266,4.48426411170487e-10,4.87265965983429e-10,7.259353128798109e-10,6.182270652848978e-10,3.0439009985601913e-10,-0.25586975828057484
0.26274,3.7479486918379017e-10,4.870473059807338e-10,7.258638504714545e-10,6.180990464074582e-10,3.039511902074657e-10,-0.674942293236655
0.26283,3.101736614437762e-10,4.90994904636036e-10,7.285913081364983e-10,6.212554710612304e-10,3.101736614437762e-10,-1.305804121008701
0.26291,3.017225699285779e-10,4.857108038138966e-10,7.250538405367807e-10,6.170963227225941e-10,3.017225699285779e-10,-1.6848405995259401
0.26299,3.0666966966711757e-10,4.889693316404463e-10,7.274217117122595e-10,6.197709219110183e-10,3.0666966966711757e-10,-1.7085597578869258
0.26307,3.047735461359217e-10,4.878270874912915e-10,7.267291279030913e-10,6.189162159176055e-10,3.047735461359217e-10,-1.2092463345311644
0.26316,4.60231858152871e-10,4.885385206066463e-10,7.271678392964669e-10,6.194527779319495e-10,3.059698491554047e-10,-0.18459942825443676
0.26324,5.913173725138804e-10,4.899250849220662e-10,7.280203474140718e-10,6.204996294043823e-10,3.0828344001213046e-10,0.7665334440584054
0.26332,6.729466536716715e-10,4.865604257046058e-10,7.258183052403172e-10,6.178899954489975e-10,3.027733953178392e-10,1.4766326469504654
0.26341,7.232409668655465e-10,4.901993720555997e-10,7.283868714035756e-10,6.208268665748194e-10,3.0849511041966554e-10,1.9592809636823232
0.26349,7.165886155683652e-10,4.876335143620389e-10,7.26475045053918e-10,6.186915010899144e-10,3.046120722424831e-10,1.8964406589353424
0.26357,6.578927726944541e-10,4.907825925070826e-10,7.286474946585474e-10,6.212055872060083e-10,3.0959858957924535e-10,1.3392644191728829
0.26365,5.705998517078444e-10,4.868094001970681e-10,7.260702667266064e-10,6.181261435329539e-10,3.0314058580677585e-10,0.5988790633016117
0.26374,4.504159707390825e-10,4.890975588441958e-10,7.277618127080348e-10,6.200231245307375e-10,3.065990265007567e-10,-0.247772279925522
0.26382,3.3198525918701467e-10,4.881369242312613e-10,7.269727948978841e-10,6.191611361793849e-10,3.0526333931817816e-10,-0.8852254810796817
0.2639,3.01605308592275e-10,4.858900610478636e-10,7.255132396028328e-10,6.17437002916871e-10,3.01605308592275e-10,-1.1841546508158183
0.26399,3.068646373842595e-10,4.890713576111243e-10,7.274868929826601e-10,6.198506119611626e-10,3.068646373842595e-10,-1.0877626617540237
0.26407,3.778581460765239e-10,4.894084826124124e-10,7.276548930730874e-10,6.200812716116668e-10,3.0747915248364385e-10,-0.6600321249548567
0.26415,4.70653364490045e-10,4.883931019373399e-10,7.269178966072065e-10,6.192489247179016e-10,3.059152269105702e-10,-0.11656237002303879
0.26423,5.283014767818602e-10,4.873202150505822e-10,7.263272714120313e-10,6.18481664617708e-10,3.0398561625789455e-10,0.27920447488828615
0.26432,5.5619723327898e-10,4.92987011611669e-10,7.31115010007948e-10,6.236826487123504e-10,3.0765172672947036e-10,0.4621581968887436
0.2644,5.813780427179327e-10,4.911787294437108e-10,7.294712277939425e-10,6.218455097063759e-10,3.095771575779135e-10,0.6790467184010858
0.26448,6.146047225628769e-10,4.898180423690658e-10,7.282095781676192e-10,6.205680062852726e-10,3.078030679604437e-10,0.9569209421265343
0.26457,5.852096430771431e-10,4.870579211709799e-10,7.261612195613296e-10,6.18277630693942e-10,3.036254172743521e-10,0.7162262701982278
0.26465,5.154766340180733e-10,4.887326849729989e-10,7.272003716373535e-10,6.195476656893257e-10,3.0640054185158075e-10,0.18792393399569815
0.26473,4.644359864885777e-10,4.882125959998332e-10,7.267203450559364e-10,6.19061287351745e-10,3.0572280572240587e-10,-0.15608164464950153
0.26482,4.757196994603739e-10,4.88354691033843e-10,7.266607928496217e-10,6.190827503700841e-10,3.0613168803439706e-10,-0.08163299654737084
0.2649,5.095973365163448e-10,4.888837797534056e-10,7.270540372969128e-10,6.195219900974948e-10,3.0693401047077146e-10,0.1484456103360071
0.26498,5.516917825032248e-10,4.878982006445578e-10,7.266287020755916e-10,6.18883890048122e-10,3.0507701043156614e-10,0.4545808063473201
0.26507,5.632830836654919e-10,4.862840543469006e-10,7.253623362709045e-10,6.175034055062331e-10,3.027243852758022e-10,0.545569835780461
0.26515,5.013958440650023e-10,4.875402392266756e-10,7.26182511470216e-10,6.184808108484535e-10,3.0475054657042685e-10,0.09095898370516926
0.26523,4.3233437631327464e-10,4.869548020620495e-10,7.256736222079891e-10,6.179512631893715e-10,3.039527845153145e-10,-0.3534417916249706
0.26532,3.891853116096855e-10,4.859307453579258e-10,7.247712831620762e-10,6.170175499965403e-10,3.025776292191566e-10,-0.597193383777106
0.2654,4.0444030717788106e-10,4.867857875034146e-10,7.25331728788277e-10,6.176837997411023e-10,3.0395582586222336e-10,-0.5134211546259294
0.26548,4.3895188262878714e-10,4.869026923565132e-10,7.253538247402659e-10,6.177434062549513e-10,3.042023176805054e-10,-0.3117485621472602
0.26557,4.902090367352331e-10,4.87635262593842e-10,7.259540990044516e-10,6.183840024366978e-10,3.052498388198092e-10,0.016874453885392184
0.26565,5.318240772796122e-10,4.88304589998544e-10,7.261978780854428e-10,6.187907770309767e-10,3.065664827058279e-10,0.3129680336270449
0.26573,5.428284713490133e-10,4.881355912232737e-10,7.261986860448157e-10,6.187252665634171e-10,3.0614985879617145e-10,0.39364135563301567
0.26582,5.222439510443292e-10,4.887764661341434e-10,7.266595374705476e-10,6.192478635236737e-10,3.0714835014965544e-10,0.24160633107276613
0.2659,4.964468565372051e-10,4.881651464009411e-10,7.262077471732239e-10,6.187418777271049e-10,3.062178876833679e-10,0.060181884868610265
0.26598,4.82959439718536e-10,4.880395999734089e-10,7.261855015880976e-10,6.186795775654746e-10,3.059416580252095e-10,-0.03149686003805837
0.26607,4.630221774204005e-10,4.792729541728906e-10,7.140097401369809e-10,6.080766418360411e-10,2.994099357991241e-10,-0.11404825891835534
0.26615,4.5987015790524696e-10,4.798786136090457e-10,7.144467007651502e-10,6.085703605741077e-10,3.003731911582164e-10,-0.13388839047707324
0.26623,4.734025554315346e-10,4.807296046057907e-10,7.151717425435946e-10,6.093319587922529e-10,3.0152547584260867e-10,-0.04604312057938459
0.26632,5.108234500762643e-10,4.790828393389292e-10,7.142158994860269e-10,6.08087209374135e-10,2.988641859062832e-10,0.21603998162190527
0.2664,5.467719472325041e-10,4.749432823351052e-10,7.069120579021314e-10,6.021995210488805e-10,2.9748781903176636e-10,0.5361512955355353
0.26649,5.508696087112093e-10,4.718492078725942e-10,7.014723036373238e-10,5.977814996305673e-10,2.9658482750920815e-10,0.6078571311514921
0.26657,5.09868431385063e-10,4.672733236020605e-10,6.960456873125877e-10,5.927990516297255e-10,2.9202890906328623e-10,0.3088130039563779
0.26665,4.1269141393697225e-10,4.664474057633363e-10,6.956186329723469e-10,5.922234819422979e-10,2.905571966581946e-10,-0.3656803391380473
0.26674,2.926985588416397e-10,4.700093688411356e-10,7.009661006841054e-10,5.967718370903105e-10,2.926985588416397e-10,-1.105207595887252
0.26682,2.9767185397990687e-10,4.730739321569932e-10,7.029268229591357e-10,5.991349010014029e-10,2.9767185397990687e-10,-1.4092884164100021
0.2669,2.9600403659880865e-10,4.719831364266572e-10,7.021892840766863e-10,5.982630386992214e-10,2.9600403659880865e-10,-1.0533650711790312
0.26699,4.997905390238162e-10,4.721589351479337e-10,7.021847992720434e-10,5.983296443366183e-10,2.9643182300823614e-10,0.20447873380814313
0.26707,6.261594727617384e-10,4.720692643260863e-10,7.021005946748391e-10,5.982451185282299e-10,2.96315320022617e-10,1.2583460100126334
0.26716,7.18181600353132e-10,4.675422399738997e-10,6.989621028632676e-10,5.946167338430332e-10,2.892299711635611e-10,2.175885312680801
0.26724,7.449434285305189e-10,4.692208115766388e-10,7.003736735117648e-10,5.959673979066614e-10,2.920935043167308e-10,2.4691617557052026
0.26732,7.047263481232474e-10,4.700281120380085e-10,7.00654997067211e-10,5.965915222158552e-10,2.9314691088393653e-10,2.0340429807134233
0.26741,5.971912447831414e-10,4.730135068378757e-10,7.026923144652471e-10,5.989642192528942e-10,2.9788047503263456e-10,0.9964149434236196
0.26749,4.859194813933232e-10,4.71609409169393e-10,7.016887133459546e-10,5.978223258721259e-10,2.957009029464957e-10,0.10441727616236779
0.26758,3.566964630197027e-10,4.732612925513372e-10,7.027636564404274e-10,5.991041946652246e-10,2.9838993298612417e-10,-0.7019782171784362
0.26766,2.93913405487469e-10,4.706162609035496e-10,7.011906645167692e-10,5.971384965467102e-10,2.93913405487469e-10,-1.3408617681406814
0.26774,2.9812153559938966e-10,4.731862974434111e-10,7.02837923079132e-10,5.991180258484113e-10,2.9812153559938966e-10,-1.3227622996344859
0.26783,2.961697733316612e-10,4.696936659461147e-10,7.00420372891849e-10,5.96321770293026e-10,2.926270699304427e-10,-0.9950251852410561
0.26791,3.876601571041939e-10,4.691369309109e-10,6.973270903183427e-10,5.942864130848679e-10,2.949701628187675e-10,-0.5156115656206455
0.268,4.59809990685764e-10,4.661999434767834e-10,6.941350662914979e-10,5.912552689383623e-10,2.9172292735786485e-10,-0.04603646835886488
0.26808,5.030155609114302e-10,4.6549197538574086e-10,6.937400828228004e-10,5.907420873510832e-10,2.905118561237757e-10,0.26775276531680986
0.26816,5.141416691185533e-10,4.65921320308443e-10,6.941614757178851e-10,5.911595114580397e-10,2.9103255000356227e-10,0.3518989866426894
0.26825,4.991410575021006e-10,4.666064348951353e-10,6.94723952582219e-10,5.917634029078075e-10,2.919899300559481e-10,0.2359882351303751
0.26833,4.3683358101950786e-10,4.665620005572819e-10,6.950848040732224e-10,5.921175019186743e-10,2.903349879500089e-10,-0.21021433996866234
0.26842,3.6465340705143294e-10,4.623718829101356e-10,6.910146285771518e-10,5.878011222922597e-10,2.8832468477337565e-10,-0.6271490124009658
0.2685,3.932043082092668e-10,4.628363235082106e-10,6.89938868454555e-10,5.874104836514271e-10,2.887551309508124e-10,-0.46314908095627333
0.26859,4.4294447092299447e-10,4.636838642747819e-10,6.905249867800219e-10,5.881443221051277e-10,2.8998590123885065e-10,-0.14611366745743173
0.26867,4.887986930755326e-10,4.650520497805281e-10,6.915177459569173e-10,5.892661491996903e-10,2.9208703600353205e-10,0.179404729067048
0.26875,4.512144895086936e-10,4.645165092251111e-10,6.912120784553907e-10,5.888755417559804e-10,2.9116632026461217e-10,-0.09064403159344073
0.26884,3.9381293618948774e-10,4.6335349688380946e-10,6.902466473364758e-10,5.878507716843043e-10,2.895255392692898e-10,-0.4598036636236165
0.26892,3.3630552677830775e-10,4.626565261061811e-10,6.896097297133949e-10,5.871999342983126e-10,2.8862747176822725e-10,-0.7798080346198062
0.26901,2.963886687910411e-10,4.6466083057237807e-10,6.907118532686756e-10,5.886382209418014e-10,2.921082093025656e-10,-0.9721335883262472
0.26909,3.3788252930678524e-10,4.6380411535232726e-10,6.901847967455386e-10,5.879918890305673e-10,2.9067944543201113e-10,-0.770831274322572
0.26918,4.4249604119920686e-10,4.6325551064667653e-10,6.898268668591545e-10,5.875656610658992e-10,2.897895765579244e-10,-0.1459067974348586
0.26926,5.517765888138132e-10,4.646037078136843e-10,6.907268071459001e-10,5.886255327958553e-10,2.9195115602370486e-10,0.6858606252276855
0.26935,6.454950243942922e-10,4.6131014614877867e-10,6.884619362361256e-10,5.859969461794908e-10,2.867624683037287e-10,1.5456552416254676
0.26943,6.516161897135408e-10,4.6331623698058506e-10,6.897848553963571e-10,5.875650133402381e-10,2.8998453720075264e-10,1.607038856925212
0.26952,6.051832175071627e-10,4.6165748572369386e-10,6.887306633586998e-10,5.862919556989283e-10,2.872710968976561e-10,1.1590569316255535
0.2696,5.378562836718983e-10,4.6465141885091105e-10,6.908064018090916e-10,5.886908046533415e-10,2.9197239112520657e-10,0.5692006902907297
0.26968,4.758361910741837e-10,4.628595995935435e-10,6.895304317912111e-10,5.872356893152674e-10,2.8919324870984977e-10,0.08861275040091489
0.26977,4.029631859764138e-10,4.643638305489397e-10,6.915866394210064e-10,5.889617348878308e-10,2.9143909412596563e-10,-0.40243007477982773
0.26985,4.010057728549007e-10,4.660386504906731e-10,6.925757024461574e-10,5.90484586736314e-10,2.923317486679869e-10,-0.42248172237790294
0.26994,4.565491766357857e-10,4.6298413628344486e-10,6.896104612754515e-10,5.873315320966121e-10,2.89397761999657e-10,-0.04877704446820111
0.27002,4.85523020106883e-10,4.6373538551110426e-10,6.9015821896983e-10,5.879492314083412e-10,2.9054657800967984e-10,0.1596809115864191
0.27011,4.693378845770231e-10,4.6405303486807657e-10,6.904093047197572e-10,5.882218312647596e-10,2.9100906576091407e-10,0.04090504527535746
0.27019,4.077465915285537e-10,4.620781991278125e-10,6.890399560688455e-10,5.866392893061748e-10,2.879097005693599e-10,-0.3720158854178202
0.27028,3.237145798362978e-10,4.630559095826511e-10,6.896486614988337e-10,5.8738229049594e-10,2.8952383871507614e-10,-0.8424520048979592
0.27036,3.00961431766254e-10,4.6249167736821245e-10,6.89146389215177e-10,5.868649853669988e-10,2.887701496687884e-10,-0.9508297461091211
0.27045,3.5288104806596063e-10,4.616555347149166e-10,6.885757648920424e-10,5.861998883321191e-10,2.8744835779020406e-10,-0.6906375916200229
0.27053,3.801145525008846e-10,4.6292130601366596e-10,6.894926517561287e-10,5.872372593546447e-10,2.8938930669009116e-10,-0.5380951192419042
0.27062,4.5739774700748155e-10,4.6382093390750884e-10,6.901421777288319e-10,5.879736562331211e-10,2.9076954648799417e-10,-0.04263824432988224
0.2707,5.2980416470316e-10,4.630046265939736e-10,6.896404101441316e-10,5.873571978337947e-10,2.894120366805497e-10,0.5041455126328163
0.27079,5.427526570751636e-10,4.623470513915969e-10,6.892760641862951e-10,5.868839211453974e-10,2.8827193525488073e-10,0.6094586815156469
0.27087,5.547244102160316e-10,4.6377965893909983e-10,6.903567345877441e-10,5.880833950150745e-10,2.9041528157490425e-10,0.7086336190849718
0.27096,5.117016464604797e-10,4.632273694249041e-10,6.899115833402951e-10,5.876041479236382e-10,2.8962268816705846e-10,0.35850645374803697
0.27104,4.532151954503491e-10,4.621236680717817e-10,6.878516043824214e-10,5.859607290965163e-10,2.8941823229376056e-10,-0.06233046870366797
0.27113,3.9981069357884506e-10,4.5832363784677174e-10,6.831922451239487e-10,5.817264690068732e-10,2.858643174233528e-10,-0.39934113181796793
0.27121,4.1388107155649897e-10,4.5851332154655757e-10,6.833077252573143e-10,5.818690504052429e-10,2.8618127964008586e-10,-0.31005096353029454
0.2713,4.542654694641572e-10,4.5966286284238135e-10,6.840713783902812e-10,5.827706740314428e-10,2.8802514324581717e-10,-0.036820660904930934
0.27138,5.025540967598476e-10,4.5928113590387905e-10,6.838210143591724e-10,5.824730501562363e-10,2.874093248226767e-10,0.3231251585636664
0.27147,5.110200307197661e-10,4.559463059692537e-10,6.782435623407195e-10,5.778844629010522e-10,2.860501612175082e-10,0.4266315327046547
0.27155,4.602925949539231e-10,4.526348414716697e-10,6.733892318426681e-10,5.737295663686254e-10,2.8388650134349244e-10,0.05970686504890798
0.27164,3.58244459773461e-10,4.491408841372155e-10,6.694682311952167e-10,5.700503899599028e-10,2.80178862533527e-10,-0.6033692520585251
0.27172,2.8421412677365956e-10,4.511225878360169e-10,6.700704516096285e-10,5.711852099808655e-10,2.8421412677365956e-10,-0.9915003099815305
0.27181,3.031674914823286e-10,4.4893226002651363e-10,6.684742823814794e-10,5.693797290000759e-10,2.808636526019802e-10,-0.8955128936504413
0.2719,3.638568612239993e-10,4.4966751939430876e-10,6.69022522025836e-10,5.69996431561235e-10,2.819685906068265e-10,-0.5658174678227358
0.27198,4.5544646637999e-10,4.4999850334090736e-10,6.694429991737258e-10,5.703737605585087e-10,2.822617041040388e-10,0.043777735767827695
0.27207,5.554713240051892e-10,4.4600307800647795e-10,6.660130611224022e-10,5.670163756919173e-10,2.776912730373806e-10,0.8916002378763341
0.27215,5.487009129018256e-10,4.4252433672255546e-10,6.607023728777614e-10,5.622953728619824e-10,2.747622043223075e-10,0.8565044616526025
0.27224,5.589582245657479e-10,4.4534303988940144e-10,6.609687983287778e-10,5.635635901814861e-10,2.811944272217957e-10,0.9742642060432337
0.27232,5.688831603575665e-10,4.4222687125267043e-10,6.573929320746255e-10,5.602365287996771e-10,2.779688921841197e-10,1.0907033460547366
0.27241,5.686584480861375e-10,4.4193776269883027e-10,6.56582767186557e-10,5.59647015399e-10,2.7824128785641347e-10,1.097833433341356
0.27249,5.463408802872246e-10,4.3959464248093233e-10,6.550012968746646e-10,5.577949821985438e-10,2.7450391121454167e-10,0.8869673619963245
0.27258,4.903712956879822e-10,4.395509395151615e-10,6.54819770864799e-10,5.576712693359194e-10,2.7461424876628975e-10,0.3965127342858007
0.27266,4.4664056294567457e-10,4.3741687354674485e-10,6.516242240859016e-10,5.54953981589299e-10,2.733012377417868e-10,0.06525352191059683
0.27275,4.0755754643389377e-10,4.3682038588974236e-10,6.496639268540195e-10,5.535680581594684e-10,2.7420341701633325e-10,-0.20823947703810441
0.27284,3.9207403240655123e-10,4.35963212046676e-10,6.4832107592157e-10,5.524417231056987e-10,2.7374675189947977e-10,-0.3095865114473506
0.27292,4.046809474573285e-10,4.3413772596793414e-10,6.472172262747234e-10,5.510736286523907e-10,2.7068984882059666e-10,-0.22320109131969365
0.27301,3.367669940921452e-10,4.364279000240914e-10,6.488266936022572e-10,5.529211332335786e-10,2.7426373858180195e-10,-0.6607912624782027
0.27309,2.7587469209221884e-10,4.37450002506689e-10,6.49533848101673e-10,5.537373498321634e-10,2.7587469209221884e-10,-1.0956517004037787
0.27318,2.7103208315775796e-10,4.3436218993236395e-10,6.473796344986655e-10,5.512577477729902e-10,2.7103208315775796e-10,-1.428709691419621
0.27326,2.725460050949832e-10,4.352120225734122e-10,6.478190524196122e-10,5.518506226820461e-10,2.725460050949832e-10,-1.5177336763939226
0.27335,2.739708995083077e-10,4.3607558570782376e-10,6.483622879917831e-10,5.525097377237278e-10,2.739708995083077e-10,-1.1053514267032207
0.27344,3.852380813064972e-10,4.3592411915568535e-10,6.485227957215616e-10,5.5254344104948e-10,2.734238231156014e-10,-0.3573495674857436
0.27352,5.024085240067307e-10,4.353108839629757e-10,6.486805491645321e-10,5.523979758212146e-10,2.716674056125509e-10,0.5376193653814756
0.27361,5.724638587482014e-10,4.3577243970512133e-10,6.49036234532413e-10,5.527849791686412e-10,2.724470219808707e-10,1.1883633003493563
0.27369,5.426905226159889e-10,4.3504953230883323e-10,6.484793689689433e-10,5.521739411796808e-10,2.7137353084153305e-10,0.9021756912409786
0.27378,4.814361536471855e-10,4.3607259907685964e-10,6.489992562519303e-10,5.528828618546136e-10,2.732022272751257e-10,0.3615574439372706
0.27387,4.046840362509414e-10,4.3660702245158556e-10,6.493417404728296e-10,5.532953395815031e-10,2.74071963956504e-10,-0.2270326170301432
0.27395,3.504658663256748e-10,4.349086020634612e-10,6.482579866342264e-10,5.519898151067138e-10,2.7129075039037453e-10,-0.5818500207076547
0.27404,4.608167838221326e-10,4.355471902158204e-10,6.487247981739401e-10,5.525133589750961e-10,2.722761180707081e-10,0.19258833007887124
0.27412,5.269774979922467e-10,4.3486145465123005e-10,6.484064718592194e-10,5.520577469728178e-10,2.7101229850663665e-10,0.7561329539549907
0.27421,5.972710444093008e-10,4.392777627562467e-10,6.513769203525998e-10,5.555450581952961e-10,2.780511771486889e-10,1.4382099502365748
0.2743,6.14941892918964e-10,4.38194785012385e-10,6.504708441148027e-10,5.545831204810838e-10,2.7654742245585527e-10,1.6275653602386413
0.27438,5.595235550996901e-10,4.3559825583595587e-10,6.489467089505547e-10,5.526653198710561e-10,2.721270842219923e-10,1.061104871880073
0.27447,4.4070246579640133e-10,4.360970960769495e-10,6.494785986497739e-10,5.53174255847212e-10,2.7268903128503065e-10,0.03188783561125299
0.27455,2.692364411271573e-10,4.337672384274693e-10,6.477096852208962e-10,5.512155608302982e-10,2.692364411271573e-10,-1.0843718795803523
0.27464,2.6893742343148705e-10,4.3336138964481995e-10,6.471356675914763e-10,5.507194070894733e-10,2.6893742343148705e-10,-1.8900230371438842
0.27473,2.6883459633927974e-10,4.322820533102461e-10,6.450404967938516e-10,5.490644553076775e-10,2.6883459633927974e-10,-2.1811618855010075
0.27481,2.701198602302915e-10,4.319748226563077e-10,6.434528891722674e-10,5.48001482662997e-10,2.701198602302915e-10,-1.7438938889208966
0.2749,3.3493960042477297e-10,4.3078182038926306e-10,6.415367591642028e-10,5.46416554853142e-10,2.6940199577735406e-10,-0.6520311335854351
0.27499,5.417405345256504e-10,4.3386391233373514e-10,6.443405145448231e-10,5.492711079351226e-10,2.734931751607972e-10,0.9420589786468704
0.27507,6.275753711481027e-10,4.28846275222552e-10,6.409958668862121e-10,5.453047038178488e-10,2.6545204105475386e-10,1.8249601159622935
0.27516,6.180557647296708e-10,4.291055946982879e-10,6.409858826054341e-10,5.454306936141805e-10,2.660599656588412e-10,1.7244821737459066
0.27524,5.214474412192507e-10,4.3271693622419347e-10,6.427585895193934e-10,5.478959916610734e-10,2.7259084743739193e-10,0.7623905241158405
0.27533,3.517516031583567e-10,4.2817872984157324e-10,6.373790365665665e-10,5.429494171691575e-10,2.6810566355281396e-10,-0.5347436137964487
0.27542,2.660625119863268e-10,4.2669656089572867e-10,6.364556140806451e-10,5.416429215078089e-10,2.660625119863268e-10,-1.6299499501574237
0.2755,2.660512538166515e-10,4.265391382419397e-10,6.358011360579601e-10,5.413776703254121e-10,2.660512538166515e-10,-1.58042681120887
0.27559,3.0214429580030764e-10,4.2885752264419953e-10,6.375051087178885e-10,5.43291942909006e-10,2.695788532772252e-10,-0.8242342631978665
0.27568,5.027831703222885e-10,4.277637827363147e-10,6.368714760385382e-10,5.42487779659932e-10,2.6771570885356965e-10,0.626204281414935
0.27576,6.226349173176052e-10,4.287393848687092e-10,6.375750779801051e-10,5.432854497025458e-10,2.692178189975198e-10,1.8370113082599326
0.27585,6.751992619426077e-10,4.2447761806984607e-10,6.347665421983717e-10,5.399555662537217e-10,2.623749595408917e-10,2.4479244108374156
0.27594,6.54252155752918e-10,4.316678966991215e-10,6.395255478448738e-10,5.455841214891331e-10,2.739431428296603e-10,2.199374907100139
0.27602,5.636966217112152e-10,4.2995147585110397e-10,6.384071226401475e-10,5.442507190029654e-10,2.711443168854807e-10,1.2086500416215102
0.27611,4.6125703703099976e-10,4.2856087071876315e-10,6.374666747281245e-10,5.43151330319595e-10,2.6891893465398564e-10,0.26585338130283503
0.2762,3.4935891205539785e-10,4.2621530749642253e-10,6.359250587028116e-10,5.413199271372359e-10,2.6514713097373623e-10,-0.5487906715662946
0.27628,2.6922847127757003e-10,4.276673264683721e-10,6.35408825377637e-10,5.415910292958419e-10,2.6922847127757003e-10,-1.1919981586046244
0.27637,2.6930769128651227e-10,4.2759238835217435e-10,6.351904483377635e-10,5.414335605277893e-10,2.6930769128651227e-10,-1.4720049054655937
0.27646,2.661679357843953e-10,4.2502691864870634e-10,6.326550885304956e-10,5.389343151213555e-10,2.661679357843953e-10,-1.209960948295652
0.27654,3.4705875028160413e-10,4.243319579189125e-10,6.324009781780365e-10,5.385114347121746e-10,2.648048836210275e-10,-0.5492140609539388
0.27663,4.5978197579723497e-10,4.2423959630053615e-10,6.32451442282394e-10,5.385051096030189e-10,2.645271835924212e-10,0.27656310415853425
0.27672,4.600457874727159e-10,4.245254955507666e-10,6.32634553434851e-10,5.387243615620641e-10,2.6499332408330325e-10,0.27903270291779664
0.2768,4.4996023982772775e-10,4.2404417703648315e-10,6.320113384713307e-10,5.381701489053511e-10,2.6457307767748774e-10,0.19860683914211905
0.27689,4.1983592468805216e-10,4.2567010041537404e-10,6.338884783313106e-10,5.399119127423113e-10,2.6624235139357716e-10,-0.04692770061812136
0.27698,4.0037137740401284e-10,4.254166606081182e-10,6.33510357817955e-10,5.395895563770366e-10,2.6608767360862363e-10,-0.18993218481426816
0.27707,4.192578389107579e-10,4.250999485027984e-10,6.332338233899117e-10,5.393028069878799e-10,2.6565559993389e-10,-0.04871443660243923
0.27715,4.793949189343573e-10,4.272710019344044e-10,6.348151359997286e-10,5.410865366381049e-10,2.689832384649259e-10,0.44014307283568627
0.27724,5.78084810870359e-10,4.255149303272676e-10,6.338563805394786e-10,5.398307728896143e-10,2.659160463960208e-10,1.383501800829171
0.27733,6.555618604559224e-10,4.259469418810327e-10,6.342217219218189e-10,5.40214264904352e-10,2.66523145549341e-10,2.248243819813833
0.27741,6.699634175704768e-10,4.2440307367845924e-10,6.329691571338146e-10,5.388715436691597e-10,2.64311018335534e-10,2.425838651146011
0.2775,6.487756014438783e-10,4.233214852298573e-10,6.327202026496376e-10,5.382966188368955e-10,2.6203661992900655e-10,2.1617047722486893
0.27759,5.005521136114768e-10,4.2513921943578257e-10,6.339440735509478e-10,5.397929226814473e-10,2.6564840375194714e-10,0.628270493278272
0.27767,2.664171346466855e-10,4.251550500029121e-10,6.327030083164475e-10,5.390132216118878e-10,2.664171346466855e-10,-1.3930951443691593
0.27776,2.6889757440513536e-10,4.2642347305390803e-10,6.331793069248877e-10,5.397924737183484e-10,2.6889757440513536e-10,-2.7649093413845174
0.27785,2.6530544448174877e-10,4.241171410215785e-10,6.315454953272244e-10,5.379246834084747e-10,2.6530544448174877e-10,-3.2026312023808083
0.27794,2.615219292335668e-10,4.219161310642449e-10,6.303125876075719e-10,5.363315455045248e-10,2.615219292335668e-10,-2.731842410512588
0.27802,2.6553641689506153e-10,4.249776575297508e-10,6.330847519323936e-10,5.391679167373585e-10,2.6553641689506153e-10,-1.3951925318991738
0.27811,4.819405798655744e-10,4.266787505982274e-10,6.340867179129451e-10,5.404259847268915e-10,2.684261767636547e-10,0.4663741914334588
0.2782,5.655571946095855e-10,4.266587459092055e-10,6.337052776945481e-10,5.401939354106159e-10,2.6883459351618226e-10,1.2687040840205082
0.27829,5.402595154880727e-10,4.269082961562822e-10,6.336950729874795e-10,5.402862449502596e-10,2.6944960624326154e-10,1.0165477975149493
0.27837,5.026252908017694e-10,4.2337187212707283e-10,6.312142213406618e-10,5.374358644357755e-10,2.639193815898804e-10,0.6601966273248222
0.27846,4.686673543147579e-10,4.251025339344542e-10,6.323438686596784e-10,5.387815263754826e-10,2.667193345280083e-10,0.35968443978485143
0.27855,4.965433704303894e-10,4.245422829695324e-10,6.320823619572193e-10,5.384069653200455e-10,2.656884329579208e-10,0.6037962494225501
0.27863,5.294079234523489e-10,4.23465577830269e-10,6.314531625791815e-10,5.376129637239657e-10,2.6386091049754544e-10,0.9098136351094886
0.27872,5.576179279524495e-10,4.276380532015069e-10,6.343951685826945e-10,5.409842706627035e-10,2.7037346839640897e-10,1.1868449270924941
0.27881,5.478305181690103e-10,4.259703043781418e-10,6.333227494712205e-10,5.396979025430096e-10,2.6763774696904736e-10,1.0878410617270287
0.2789,5.136221957994222e-10,4.277757644358828e-10,6.353469436081584e-10,5.417403827849866e-10,2.69544018827425e-10,0.7491649675581689
0.27898,4.531958496426502e-10,4.250618569804584e-10,6.328630058916451e-10,5.390702439921009e-10,2.6600359817277216e-10,0.2236517958740755
0.27907,3.8333611356380244e-10,4.251857082711163e-10,6.329658148212218e-10,5.391800621073991e-10,2.6617460074760267e-10,-0.30817676938086175
0.27916,3.3573860547080723e-10,4.2313069427818696e-10,6.313945507268194e-10,5.374471745344678e-10,2.631278408894148e-10,-0.6182829638358113
0.27925,2.8027900757638983e-10,4.236814556893072e-10,6.316528729233964e-10,5.37817299568732e-10,2.641366927327021e-10,-0.9290097121977872
0.27934,2.688501591471795e-10,4.25570579535999e-10,6.315102282417137e-10,5.384756754798009e-10,2.688501591471795e-10,-1.2470823182425412
0.27942,2.6191819312937926e-10,4.1942572028524287e-10,6.249403471649391e-10,5.321980851141637e-10,2.6191819312937926e-10,-1.027168078413535
0.27951,3.1215905625303554e-10,4.1773266572099093e-10,6.221939413179682e-10,5.299183764051111e-10,2.6112613495052525e-10,-0.7282902520760012
0.2796,3.649393748692619e-10,4.1809353702600627e-10,6.222991057261438e-10,5.301217165826805e-10,2.618694669368313e-10,-0.39111105191606416
0.27969,4.5434380216684555e-10,4.183396471393291e-10,6.222858558854119e-10,5.302108229948064e-10,2.624763792107112e-10,0.30043588821770084
0.27977,5.130715418196958e-10,4.179014338052159e-10,6.219833513619854e-10,5.298606259736084e-10,2.617845396577289e-10,0.8359775535902594
0.27986,5.438385334171735e-10,4.1525845229841273e-10,6.191225241522266e-10,5.271389027297054e-10,2.588587184431457e-10,1.160212814606748
0.27995,5.072729752737032e-10,4.1552664045961457e-10,6.174172630057441e-10,5.262436882573457e-10,2.6152942542693686e-10,0.8229110713821851
0.28004,4.1705826169830515e-10,4.1218880079222404e-10,6.135636406811184e-10,5.226659477771927e-10,2.5810854979511295e-10,0.03929142696122005
0.28013,3.0004031283032065e-10,4.133277580897428e-10,6.13743313399666e-10,5.23220241763517e-10,2.6063153576517854e-10,-0.7700920032047794
0.28021,2.557924446434647e-10,4.1034632593629546e-10,6.11819683353087e-10,5.209142261709112e-10,2.557924446434647e-10,-1.0741915075850548
0.2803,2.7838847067815815e-10,4.124654407952017e-10,6.133423571014581e-10,5.226446676978055e-10,2.590358726245542e-10,-0.8926309187301368
0.28039,3.6999748551696005e-10,4.102662178240373e-10,6.118491093262626e-10,5.209014850920706e-10,2.5554455018511845e-10,-0.3158635134289047
0.28048,4.38084397444956e-10,4.0891202404803683e-10,6.091753906455772e-10,5.187981072444376e-10,2.5547574080989334e-10,0.23771254237347983
0.28057,4.934545122950834e-10,4.0797065659464924e-10,6.088896230609967e-10,5.181097054734009e-10,2.5389126255999363e-10,0.7421427161203299
0.28065,5.258969780597094e-10,4.085804514798879e-10,6.088647602783849e-10,5.184867627661992e-10,2.5504077521771783e-10,1.069296175803984
0.28074,5.160796899201777e-10,4.1181836050801635e-10,6.129719385076795e-10,5.221741624091627e-10,2.5791470547316707e-10,0.9390282884541833
0.28083,4.5125624372599904e-10,4.1206296478316023e-10,6.144038697435646e-10,5.231100992800861e-10,2.5680756080863947e-10,0.31577099291735605
0.28092,3.7077726189035066e-10,4.1389864519072303e-10,6.157098228739439e-10,5.246020297686486e-10,2.596438234258531e-10,-0.3216593804726233
0.28101,2.66343563179177e-10,4.145944373167405e-10,6.162547698423007e-10,5.251950400763401e-10,2.606691986776049e-10,-0.962362364169645
0.28109,2.606288519399084e-10,4.1454403799645053e-10,6.161871847774843e-10,5.251355197488475e-10,2.606288519399084e-10,-1.0892089644050502
0.28118,3.3591372540880903e-10,4.113689698478802e-10,6.137642973839487e-10,5.224603325524578e-10,2.5591299895035074e-10,-0.5570643447773308
0.28127,4.5094696660649694e-10,4.117242476898716e-10,6.140369493015032e-10,5.227598649730992e-10,2.5644107838447904e-10,0.3147487353233155
0.28136,5.530908819105136e-10,4.159494126819454e-10,6.169868122331546e-10,5.261565799029187e-10,2.6306951491510916e-10,1.3011023776527848
0.28145,5.958358655119822e-10,4.1095197489578736e-10,6.138781777916776e-10,5.223619458133455e-10,2.5479058216574207e-10,1.7691284492028538
0.28154,5.549214987428349e-10,4.1245681188995777e-10,6.15132550263532e-10,5.236939894692988e-10,2.568805032077629e-10,1.3119525732480761
0.28162,4.495726812673362e-10,4.1315295934661967e-10,6.159380650457923e-10,5.24440654052474e-10,2.5758564631541226e-10,0.2920115303237747
0.28171,2.5875141575563317e-10,4.138417783414049e-10,6.173920343636092e-10,5.254469680923705e-10,2.5875141575563317e-10,-1.1851089876057057
0.2818,2.540213253276736e-10,4.105820703726992e-10,6.13757501599162e-10,5.221524030767001e-10,2.540213253276736e-10,-2.1619659285622985
0.28189,2.5701931908954957e-10,4.136725865203048e-10,6.166564159533384e-10,5.25233760740256e-10,2.5701931908954957e-10,-2.1943680057279975
0.28198,2.6221803216217005e-10,4.155324473201614e-10,6.168543292067446e-10,5.259150031434169e-10,2.6221803216217005e-10,-1.6651305322697507
0.28207,2.951670990056498e-10,4.1447207245699e-10,6.159471233173814e-10,5.249658128654755e-10,2.607496795366044e-10,-0.8055003353668386
0.28215,3.814164152800129e-10,4.125377288427123e-10,6.147216862613878e-10,5.234831521059893e-10,2.5756956002924257e-10,-0.24389725381040547
0.28224,4.314072567908026e-10,4.1327859053341333e-10,6.152233166352296e-10,5.240699750194921e-10,2.587454357245745e-10,0.14727230814607728
0.28233,4.636525406693755e-10,4.1301114017481673e-10,6.151660516904605e-10,5.239308815745542e-10,2.581732790801017e-10,0.4236680436103741
0.28242,4.575308325652185e-10,4.127923668200769e-10,6.150741080432736e-10,5.237875635559033e-10,2.577582544616051e-10,0.36873097624971035
0.28251,4.678552323789625e-10,4.1428195623068574e-10,6.158343188744925e-10,5.248239612032915e-10,2.6042667776514684e-10,0.46358411933451127
0.2826,5.072472825564085e-10,4.1072984951889153e-10,6.129516693500416e-10,5.217312799870813e-10,2.553489171015758e-10,0.8407626936122566
0.28269,5.292803382171266e-10,4.129261801126327e-10,6.142214688833861e-10,5.23343020931661e-10,2.5909261826651e-10,1.0649176448292672
0.28277,5.237812459899511e-10,4.112199996953768e-10,6.130450924098352e-10,5.219797882951745e-10,2.56405299593727e-10,1.009306898443742
0.28286,5.228450899568891e-10,4.100269318770028e-10,6.123424019586934e-10,5.210961644858071e-10,2.543956573387642e-10,0.9980292171456485
0.28295,5.092994427832486e-10,4.132615682234955e-10,6.146742111958782e-10,5.237404461684388e-10,2.593576307877039e-10,0.8607563405958956
0.28304,4.861401816842327e-10,4.1232645750496117e-10,6.142490221648475e-10,5.231227308744303e-10,2.5762221750118115e-10,0.6353284973163918
0.28313,4.2206778005077975e-10,4.137030791541933e-10,6.155476778762286e-10,5.244281794087404e-10,2.5937397101543674e-10,0.07002959707688074
0.28322,2.9667899436846164e-10,4.1555012445808277e-10,6.183635108854107e-10,5.267147475384769e-10,2.6156480999442464e-10,-0.8005417771371173
0.28331,2.861470185298659e-10,4.128933456261025e-10,6.147237282975782e-10,5.236248331942642e-10,2.584190229001146e-10,-0.855273115304994
0.2834,3.299024267536745e-10,4.1443258583540834e-10,6.15489824333974e-10,5.246806378141567e-10,2.6120367664280693e-10,-0.5935674992201275
0.28349,4.126211386571641e-10,4.129598563988369e-10,6.147231636132976e-10,5.236508923471317e-10,2.5857560340985525e-10,-0.0026295464181899935
0.28357,4.498092610378745e-10,4.1047784718954494e-10,6.119065672802861e-10,5.210173095362811e-10,2.5598787714627e-10,0.3200326573463762
0.28366,4.429410383172841e-10,4.1150970895946987e-10,6.127503645806417e-10,5.216202580899067e-10,2.580574655934322e-10,0.2646478712757345
0.28375,4.1811727551008755e-10,4.1098040867742694e-10,6.120751231310523e-10,5.213998012045153e-10,2.57028004478367e-10,0.0559603106590764
0.28384,3.6681539015689064e-10,4.0739877629719785e-10,6.077825453942797e-10,5.172746275130276e-10,2.5383457577284565e-10,-0.3197648279555197
0.28393,3.385100953299686e-10,4.0595695981611285e-10,6.053621421489727e-10,5.153963469936608e-10,2.5292821619257915e-10,-0.50835905169031
0.28402,3.736949384245567e-10,4.054094262320267e-10,6.040178042454426e-10,5.14389982055961e-10,2.5321434219982293e-10,-0.2516803827869575
0.28411,3.821823968264449e-10,4.038274622062235e-10,6.020281446264508e-10,5.125961709813245e-10,2.518023971459276e-10,-0.17926809044832737
0.28455,6.407516116730015e-10,4.027804325217947e-10,6.028223352799177e-10,5.126476184435199e-10,2.483918097916767e-10,2.4366915354180323
0.28464,5.957556166032092e-10,4.1083560296006685e-10,6.102885134710679e-10,5.20171026236117e-10,2.588796866877537e-10,1.842735097723997
0.28473,5.073872396019962e-10,4.1090267426080227e-10,6.103638000789831e-10,5.202787716668432e-10,2.5884632151260437e-10,0.8827702379202792
0.28482,4.0699477335854515e-10,4.0931052357521357e-10,6.090839372686138e-10,5.18894233309009e-10,2.5658062905689377e-10,-0.015858013850039262
0.28491,2.6882672979879385e-10,4.111103141535615e-10,6.101132882313125e-10,5.202170059733554e-10,2.5962486026214493e-10,-0.9336317344241554
0.285,2.53248811373922e-10,4.071842224443067e-10,6.075720294132473e-10,5.171754158325302e-10,2.53248811373922e-10,-1.8449107931554862
0.28509,2.565563113414281e-10,4.09518816653072e-10,6.094788818585766e-10,5.192173447449529e-10,2.565563113414281e-10,-1.999686584670865
0.28518,2.5216879700338727e-10,4.0689767876091406e-10,6.078978896249424e-10,5.172561347150091e-10,2.5216879700338727e-10,-1.7904212408744864
0.28527,2.56610358665186e-10,4.099411446562923e-10,6.102812707906183e-10,5.198554686705489e-10,2.56610358665186e-10,-1.2535837326605022
0.28536,3.6767820225651553e-10,4.111247632658406e-10,6.110182390705294e-10,5.207525576924208e-10,2.5858589296462144e-10,-0.3214682504235257
0.28545,4.578679550494068e-10,4.0990438627584456e-10,6.098716546255443e-10,5.195971354585442e-10,2.570304224834253e-10,0.41133410000911497
0.28554,4.957957276442558e-10,4.1079933713827714e-10,6.103341887883759e-10,5.20218261431753e-10,2.586477906657645e-10,0.7682956284159248
0.28563,4.3884058286517606e-10,4.0972205370934023e-10,6.092296341686492e-10,5.191471420480197e-10,2.5736568025784155e-10,0.24986401061549307
0.28572,4.357759649945748e-10,4.0896202552275543e-10,6.087413796569181e-10,5.185617764883882e-10,2.561184409073729e-10,0.2232898619215914
0.28581,4.381785622776015e-10,4.0901290513383315e-10,6.087170094650811e-10,5.185668583923497e-10,2.562732100965023e-10,0.24465011146043017
0.2859,4.772824078035059e-10,4.101105490406742e-10,6.097460024008301e-10,5.196024412178993e-10,2.5768827990063643e-10,0.5930818053112689
0.28599,5.130926298400856e-10,4.0806882636031977e-10,6.087674996230695e-10,5.182246863822423e-10,2.5395368640058616e-10,0.9351701276732971
0.28608,5.055599864300223e-10,4.086442232925112e-10,6.093738872017759e-10,5.188082960540172e-10,2.5460461205406574e-10,0.8566415768831559
0.28617,4.310790720555638e-10,4.10872162418079e-10,6.107590907438818e-10,5.205001991722568e-10,2.5829303500467447e-10,0.17492173399690328
0.28626,3.048651118509614e-10,4.0783719456307547e-10,6.075818650663024e-10,5.174414932062913e-10,2.547789855861095e-10,-0.7284279796251443
0.28635,2.5260010918272044e-10,4.0597895176188287e-10,6.056753240364037e-10,5.155894502308244e-10,2.5260010918272044e-10,-1.4776512358091995
0.28644,2.506777441541012e-10,4.045099482453662e-10,6.043477679716928e-10,5.142292301438691e-10,2.506777441541012e-10,-1.489107909881586
0.28653,2.747059376148071e-10,4.050483370624855e-10,6.049208665642718e-10,5.147775713261277e-10,2.5128648779312146e-10,-0.897130541217228
0.28662,4.4621034932439363e-10,4.0653089093989775e-10,6.0607670093282e-10,5.160408702479737e-10,2.534563611603828e-10,0.32569453778970536
0.28671,5.52447230051158e-10,4.0912185424989227e-10,6.081028710602997e-10,5.182496513010128e-10,2.572726512548019e-10,1.371143098696597
0.2868,6.034884293325128e-10,4.0784428753691617e-10,6.075756685630385e-10,5.174357599341222e-10,2.548332724523357e-10,1.9471195004980781
0.28689,5.70772430293464e-10,4.091240539898391e-10,6.083097641513217e-10,5.183722359642498e-10,2.570253902011154e-10,1.570553955129498
0.28698,5.014966496590922e-10,4.084549021714797e-10,6.075458477719727e-10,5.176614964268529e-10,2.5631671685820174e-10,0.8418059999279618
0.28707,4.0107969037406197e-10,4.0838961518856845e-10,6.075906985822822e-10,5.176719433466477e-10,2.560523481655753e-10,-0.055587808594650734
0.28716,2.9597542794005827e-10,4.103865253982846e-10,6.090585649696287e-10,5.193067625423612e-10,2.591740545759023e-10,-0.779644217564351
0.28725,2.558640768866341e-10,4.0824443427337626e-10,6.093207341270455e-10,5.175803426523927e-10,2.558640768866341e-10,-1.3110945404290055
0.28734,2.529893134761252e-10,4.0637931425077423e-10,6.061659532397201e-10,5.160330394897158e-10,2.529893134761252e-10,-1.0959840100223406
0.28743,3.4308780608558387e-10,4.097818986317611e-10,6.096308567705363e-10,5.194220570991762e-10,2.580493072678272e-10,-0.4831863122180315
0.28752,4.16750357213995e-10,4.082767284363141e-10,6.07831753913919e-10,5.177619018806273e-10,2.5553115305547893e-10,0.06803251874030894
0.28761,4.362800497750382e-10,4.0949911902766257e-10,6.094331477767741e-10,5.193825603312441e-10,2.562061485921061e-10,0.2266219360654089
0.2877,4.338284630107438e-10,4.0688620272870693e-10,6.064845299000104e-10,5.164208492155835e-10,2.538163393119285e-10,0.21588481705554657
0.28779,3.9846326303375994e-10,4.117308495424055e-10,6.107374785967853e-10,5.210983070956299e-10,2.555991059383288e-10,-0.10452616791880626
0.28788,3.879959748500965e-10,4.072516474102438e-10,6.062680052319881e-10,5.164371553338193e-10,2.5495168868274575e-10,-0.15218631882469855
0.28797,4.081273051569849e-10,4.074552796461037e-10,6.065270414292285e-10,5.166690040660724e-10,2.551343709615502e-10,0.005540024330019923
0.28806,4.4475704805628946e-10,4.0790758953098343e-10,6.07044968531172e-10,5.171498439075242e-10,2.5561109109066453e-10,0.3126710490368289
0.28815,4.4968276451745494e-10,4.072747393756937e-10,6.071457430501959e-10,5.169615250386684e-10,2.539652428886581e-10,0.3495448701465299
0.28824,4.286547780725762e-10,4.0832791510043973e-10,6.083704627541649e-10,5.180929327197141e-10,2.550472273082251e-10,0.16211043224697053
0.28833,4.105364089567233e-10,4.0943145085006704e-10,6.092743330123622e-10,5.190629562620623e-10,2.5658933114384665e-10,0.010618753099187276
0.28842,4.063692180393351e-10,4.086885128531785e-10,6.084420873582667e-10,5.182814142313288e-10,2.557977294848666e-10,-0.01940654410173424
0.28851,3.666161796299924e-10,4.072194167340971e-10,6.069362805909859e-10,5.168152256109123e-10,2.540904800039753e-10,-0.3175384065370856
0.2886,3.152262639078693e-10,4.070463931134901e-10,6.06590850066829e-10,5.165464951628285e-10,2.5407248843895065e-10,-0.6623193175517408
0.28869,2.8446604417426645e-10,4.0692064680910093e-10,6.065225102041254e-10,5.164574553462993e-10,2.5384925691399016e-10,-0.8448073980364823
0.28878,3.3835972934829086e-10,4.0956286979470095e-10,6.085138299071188e-10,5.186699060845788e-10,2.578020726217879e-10,-0.5144364074443969
0.28887,4.2707887531821193e-10,4.087582878971239e-10,6.084270759020767e-10,5.183007006193033e-10,2.559807882228809e-10,0.1511046722241653
0.28896,5.04500941342218e-10,4.0733328579170814e-10,6.093409212235945e-10,5.186151655843737e-10,2.532651483059879e-10,0.85668849352881
0.28905,5.429952488854556e-10,4.083875559216896e-10,6.087714817363748e-10,5.183557461952539e-10,2.5469052859341247e-10,1.2479756339723798
0.28914,4.740061491432395e-10,4.102382612457322e-10,6.094670918677136e-10,5.194925633387078e-10,2.5830702409228425e-10,0.5668396889381029
0.28923,4.1152395508899314e-10,4.084546673012415e-10,6.079835661153752e-10,5.179191351349074e-10,2.5579070167581123e-10,0.025167255113850928
0.28933,3.7355022302944173e-10,4.079170160498724e-10,6.071099914029917e-10,5.171942635985013e-10,2.5554153824619115e-10,-0.26457014410704893
0.28942,3.7712734143907926e-10,4.0857548572394283e-10,6.082525454020805e-10,5.183044514279208e-10,2.5526476689797924e-10,-0.24467652554671204
0.28951,4.469000657764762e-10,4.0728780761914353e-10,6.066676169254465e-10,5.166851076847112e-10,2.5456887698341526e-10,0.33101503925520476
0.2896,4.970256625630367e-10,4.076994707067688e-10,6.073616909910773e-10,5.172553566049355e-10,2.5472668367544967e-10,0.7929456275046222
0.28969,5.037820627485408e-10,4.112576804004071e-10,6.1088851356644e-10,5.207305883167748e-10,2.5904891975402947e-10,0.8422543742373738
0.28978,4.725659510691041e-10,4.1238833117894415e-10,6.125738714476979e-10,5.221618627358601e-10,2.597784500926224e-10,0.5318450776083647
0.28987,3.845267528354312e-10,4.1053978969734113e-10,6.110254992202647e-10,5.205239140478623e-10,2.5718707320755035e-10,-0.20085323880963604
0.28996,3.0966624903497514e-10,4.1143847910605307e-10,6.112507615466187e-10,5.210104543432448e-10,2.5907656860027394e-10,-0.7062121544932298
0.29005,2.600921684748357e-10,4.1060636856842183e-10,6.108612672649201e-10,5.205419227947706e-10,2.5622512786693185e-10,-0.9870786193425624
0.29014,2.844938019934087e-10,4.117493381585204e-10,6.111575765561822e-10,5.210798405138059e-10,2.5992726077954633e-10,-0.8511918840560565
0.29023,3.42569272506685e-10,4.093478627950329e-10,6.094771042423883e-10,5.191467169800258e-10,2.561622174277483e-10,-0.49372347974776204
0.29032,4.0886876852723315e-10,4.09975243168252e-10,6.102149002524658e-10,5.198282765805295e-10,2.567815223530222e-10,-0.008169891055276964
0.29042,4.958825788458268e-10,4.109041540867389e-10,6.104743773902656e-10,5.203468207809975e-10,2.587023955708882e-10,0.767613045809259
0.29051,5.101459238258222e-10,4.0941575977512795e-10,6.094501879942729e-10,5.191590950583389e-10,2.563484042422189e-10,0.9088966362641773
0.2906,4.638850504838437e-10,4.09793070776397e-10,6.097135287023551e-10,5.194623336859557e-10,2.5694011893430575e-10,0.46662119617072073
0.29069,3.696989855099861e-10,4.099970366793891e-10,6.09829371312359e-10,5.196161166407269e-10,2.5724784691836924e-10,-0.30380309695958524
0.29078,2.916610935786337e-10,4.072859546885954e-10,6.079617556743892e-10,5.174396740532375e-10,2.5305927572035383e-10,-0.8096119515277552
0.29087,3.2116344818664067e-10,4.075103921977051e-10,6.077371111650567e-10,5.174019916788859e-10,2.538254699989537e-10,-0.6300093161405439
0.29096,4.4028743618944336e-10,4.086520568999831e-10,6.084158498145895e-10,5.18250157317657e-10,2.5575265916631737e-10,0.26338276758534945
0.29105,5.117953496414861e-10,4.06436465103126e-10,6.069681023065538e-10,5.16525261184677e-10,2.521860084360913e-10,0.932687205361372
0.29115,5.351084879189623e-10,4.0947956898677935e-10,6.09571401652133e-10,5.193317361334683e-10,2.5512637392969876e-10,1.1647496661784347
0.29124,5.004172913546064e-10,4.071289568708785e-10,6.074407390176801e-10,5.17076888567122e-10,2.5327358125081214e-10,0.8193546846247631
0.29133,4.2890259758107815e-10,4.0858806357701964e-10,6.083248853447147e-10,5.181716930290606e-10,2.5570643179839085e-10,0.16647999731951757
0.29142,3.735362524876707e-10,4.0790422255747613e-10,6.069574119184977e-10,5.17099166861385e-10,2.5569537977419096e-10,-0.2633950384052271
0.29151,3.3364221555389497e-10,4.0567421149185e-10,6.035305479555947e-10,5.142087715542026e-10,2.5442483378877315e-10,-0.5298929409380732
0.2916,3.291306021694179e-10,4.05848921610758e-10,6.035390452889748e-10,5.142821249925019e-10,2.548372025970962e-10,-0.5590986555836622
0.29169,3.821270273052623e-10,4.0598520498252095e-10,6.037928887227144e-10,5.144843635414162e-10,2.548647138529675e-10,-0.18265576372851405
0.29179,4.5305582928871465e-10,4.045220959101445e-10,6.030780664049425e-10,5.134870498123408e-10,2.5221580604879777e-10,0.4070481932686285
0.29188,4.85795170053348e-10,4.0324745622192145e-10,6.016349657508914e-10,5.121389949244838e-10,2.508789417368915e-10,0.7225619905446067
0.29197,4.452431923406677e-10,4.0236752472731594e-10,6.000454571953159e-10,5.108592803694584e-10,2.506489614302451e-10,0.35575238040206936
0.29206,3.179754740359323e-10,4.008943015311076e-10,5.981679649103117e-10,5.09175652499445e-10,2.4935787552281527e-10,-0.618752772830472
0.29215,2.472713922477943e-10,3.9927790420357253e-10,5.96675477666705e-10,5.076619864185868e-10,2.472713922477943e-10,-1.3258111887447066
0.29224,2.5247952960232513e-10,4.022930670219273e-10,5.983545543329007e-10,5.098372253756197e-10,2.5247952960232513e-10,-1.6097747661856474
0.29233,2.518440000804169e-10,4.0119734183953347e-10,5.966790808380986e-10,5.084221371374894e-10,2.518440000804169e-10,-1.164453290715483
0.29243,3.515064254042307e-10,3.998732773310961e-10,5.940849097766633e-10,5.06376756124432e-10,2.5176230140820476e-10,-0.36460049689379936
0.29252,4.5174343455637893e-10,3.9959561321932525e-10,5.940049617543365e-10,5.062201827031082e-10,2.5119123877673675e-10,0.4679730981761539
0.29261,5.161192196781772e-10,4.0141516737488653e-10,5.954131368284782e-10,5.077628828185115e-10,2.5389489664079725e-10,1.1097395887886026
0.2927,5.28457817478795e-10,3.949011283573447e-10,5.901795639601502e-10,5.021220366672039e-10,2.4451708630598743e-10,1.258288806687106
0.29279,4.975535232712984e-10,3.9869626267485613e-10,5.945122682200267e-10,5.065903256239158e-10,2.50772512620107e-10,0.9326376029128377
0.29289,4.2593314218915414e-10,3.984573857614491e-10,5.922285416182051e-10,5.047277595855398e-10,2.5058203061120704e-10,0.24511789726555872
0.29298,3.934143117080421e-10,3.975015052675629e-10,5.914153222298519e-10,5.038756566510386e-10,2.4924355720264086e-10,-0.030561606227977937
0.29307,4.032268862535189e-10,3.958216290633884e-10,5.895882883077813e-10,5.021403232141878e-10,2.4739452016545746e-10,0.05805357919939344
0.29316,4.047268831770937e-10,3.9452449703564006e-10,5.87126495378846e-10,5.001828968196885e-10,2.4721535025289803e-10,0.08790404796914511
0.29325,4.1753284945539595e-10,3.919841643431097e-10,5.840769715125105e-10,4.973944303878162e-10,2.4474004969766325e-10,0.21445131640704299
0.29335,4.522924232549762e-10,3.9288225949354955e-10,5.847604474414852e-10,4.981503801022046e-10,2.4607309628397006e-10,0.535829369303617
0.29344,4.471715431508873e-10,3.9077284238463476e-10,5.831683922551472e-10,4.963819960809991e-10,2.429328952412469e-10,0.48893045217020403
0.29353,4.407376624401675e-10,3.906766351699883e-10,5.8284228530719e-10,4.961520703236858e-10,2.430920909911014e-10,0.43146428543308285
0.29362,4.261477154014956e-10,3.9337685231436535e-10,5.844628924179551e-10,4.981674758468381e-10,2.476363082595419e-10,0.29865797583784126
0.29371,3.966766329749232e-10,3.9155378301842744e-10,5.824674450090936e-10,4.962765840371671e-10,2.456424800327079e-10,0.0473861158270045
0.29381,3.746427439859738e-10,3.9056146433235275e-10,5.819553957910197e-10,4.955825692613764e-10,2.4388862043134727e-10,-0.13644467831029827
0.2939,3.6890690118773734e-10,3.912870228593285e-10,5.825482651461151e-10,4.962192793742808e-10,2.4490419080530763e-10,-0.18349556341663284
0.29399,3.6053931740851216e-10,3.9069086596012694e-10,5.823187567766543e-10,4.958486697302485e-10,2.437555904236755e-10,-0.2503990580495407
0.29408,3.4313018215929105e-10,3.9253050490272704e-10,5.837421073894318e-10,4.974098565220035e-10,2.4646820637195297e-10,-0.38336267384643846
0.29417,3.835087991332527e-10,3.9251748020688485e-10,5.838277438111507e-10,4.974550942342753e-10,2.4633284563083034e-10,-0.0698215742986995
0.29427,4.083361242418127e-10,3.9119826530849156e-10,5.829534476189125e-10,4.964238412427784e-10,2.441990093140888e-10,0.14006063322094295
0.29436,4.094553409805858e-10,3.9236637047162403e-10,5.834588333704336e-10,4.971787341553675e-10,2.464121708333146e-10,0.15321003261813404
0.29445,3.9312995997264906e-10,3.914047943061815e-10,5.868201252445905e-10,4.99568736473251e-10,2.4526456875906466e-10,0.012740027841540238
0.29454,3.477239283517001e-10,3.9338052939126085e-10,5.868453247713115e-10,4.987862572280975e-10,2.4620866185925515e-10,-0.3603225445717388
0.29464,2.790152085378111e-10,3.935819993406425e-10,5.861081384092879e-10,4.992160142598118e-10,2.461567757538123e-10,-0.8194189257139899
0.29473,2.4723860841730563e-10,3.9340388313321656e-10,5.848427827502946e-10,4.984026072797508e-10,2.4723860841730563e-10,-1.3090371916487615
0.29482,2.440539056154358e-10,3.9107063856069315e-10,5.828216185282987e-10,4.962958246168876e-10,2.440539056154358e-10,-1.4302264408520935
0.29491,2.4543053404478993e-10,3.909779358037575e-10,5.82758990653424e-10,4.96223006963785e-10,2.43903140776952e-10,-0.9997563864185461
0.29501,3.7436686741421354e-10,3.922408176082436e-10,5.834234910150401e-10,4.971095432693492e-10,2.4614684609757425e-10,-0.1420789663718559
0.2951,4.4147103968643176e-10,3.9150379373496523e-10,5.823360693981064e-10,4.96181217336821e-10,2.4567079936869605e-10,0.4525230672612455
0.29519,5.064076633219516e-10,3.8884933991019803e-10,5.777942560460388e-10,4.92467599268803e-10,2.447193488528203e-10,1.1632670339543376
0.29528,5.559325465736732e-10,3.878162138864207e-10,5.749244134367838e-10,4.903743981784797e-10,2.456770719358823e-10,1.7861876262849672
0.29538,5.814663626923223e-10,3.822928043195913e-10,5.707382082396062e-10,4.857395453447452e-10,2.3741198693166795e-10,2.120317455596349
0.29547,5.515938858643687e-10,3.8191248191234776e-10,5.697765650735414e-10,4.850254695739858e-10,2.37637889522625e-10,1.7586736639576996
0.29556,4.908124400439194e-10,3.850574600115412e-10,5.718748036383409e-10,4.874966117247796e-10,2.426818953170553e-10,1.050169216731611
0.29565,4.209453811384209e-10,3.848394146327893e-10,5.716917076261095e-10,4.873031139028929e-10,2.423764601393221e-10,0.33779990722096315
0.29575,3.215831448498668e-10,3.844622101907096e-10,5.712088532925975e-10,4.868718620356509e-10,2.4204083641747936e-10,-0.48581576759873696
0.29584,2.422900004102177e-10,3.845678511539919e-10,5.712082931637681e-10,4.869141325322918e-10,2.422900004102177e-10,-1.2660213463036372
0.29593,2.367012869351604e-10,3.809985683594156e-10,5.687157016216352e-10,4.840443093158025e-10,2.367012869351604e-10,-1.793372724734286
0.29602,2.4486987238877477e-10,3.860561259468793e-10,5.72050073053312e-10,4.87994888702687e-10,2.4486987238877477e-10,-1.8714256208905926
0.29612,2.386350583393701e-10,3.824403319703868e-10,5.699924683503483e-10,4.853616153732546e-10,2.386350583393701e-10,-1.335912780011554
0.29621,3.3355384971077417e-10,3.8418751414823376e-10,5.716440913756951e-10,4.870211739043022e-10,2.4084888363205285e-10,-0.40302227643834393
0.2963,4.26799772813283e-10,3.8512561005165534e-10,5.725229383008359e-10,4.879053706264281e-10,2.420620307212539e-10,0.38509496472362814
0.2964,4.755393585848267e-10,3.86109276508891e-10,5.728523706211379e-10,4.88486161612413e-10,2.440383308200995e-10,0.8802711932789029
0.29649,4.638064297137248e-10,3.857424412829553e-10,5.723955226149349e-10,4.880736680114886e-10,2.4369967307582693e-10,0.7603774170827217
0.29658,4.4258018063642047e-10,3.816611776570087e-10,5.692463202181062e-10,4.846159062846102e-10,2.3766093930352373e-10,0.5512073714227099
0.29668,3.886992806527497e-10,3.834698744721479e-10,5.704993743023859e-10,4.860651755818921e-10,2.404974808822317e-10,0.04861599450626844
0.29677,3.3827395751165933e-10,3.819024811085117e-10,5.697557142323701e-10,4.850123881919378e-10,2.3761487939325174e-10,-0.36460899583304546
0.29686,3.022291806890294e-10,3.8435513727303493e-10,5.71963995076403e-10,4.872676484890194e-10,2.4091689694436067e-10,-0.6264040172776494
0.29695,3.152117933251838e-10,3.829065922712711e-10,5.710107096246419e-10,4.86143979834602e-10,2.385364402646883e-10,-0.5373890906553783
0.29705,3.1205836150809733e-10,3.8417754657998955e-10,5.717118320806526e-10,4.870602029159441e-10,2.4071441446131456e-10,-0.558616719437053
0.29714,3.77255135047068e-10,3.8373723776608426e-10,5.709883693734266e-10,4.864582455746632e-10,2.405541715887294e-10,-0.05262666100382463
0.29723,4.0528333681541845e-10,3.8372040678866986e-10,5.711843020699335e-10,4.865128936627206e-10,2.4062288209013574e-10,0.1941232333086459
0.29733,4.337643915273966e-10,3.827924881501514e-10,5.700048439752085e-10,4.854864982837519e-10,2.396045181834837e-10,0.46668030213392003
0.29742,4.2966911374120354e-10,3.816786903407763e-10,5.69299634653695e-10,4.845463153030775e-10,2.37912148300284e-10,0.42758512076791255
0.29751,4.2114305625648184e-10,3.8202256953520805e-10,5.695754944693641e-10,4.849484434111481e-10,2.381533464549649e-10,0.3428060852008135
0.29761,3.998153920446645e-10,3.822957495648842e-10,5.698367087999916e-10,4.85210078596663e-10,2.384927995232981e-10,0.14555148655693242
0.2977,3.2491192665721925e-10,3.836524709382895e-10,5.707612244607326e-10,4.862891805995053e-10,2.40633652443466e-10,-0.4624746608180842
0.29779,2.3822893753845184e-10,3.821607399724291e-10,5.697685990529711e-10,4.851205255294868e-10,2.3822893753845184e-10,-1.1879199014830133
0.29789,2.3781793952654977e-10,3.8184567331194403e-10,5.694936568867595e-10,4.848356803297023e-10,2.3781793952654977e-10,-1.907237889583979
0.29798,2.4117923389257726e-10,3.8374294404450827e-10,5.704679413406771e-10,4.861562069716125e-10,2.4117923389257726e-10,-1.8735893476309977
0.29807,2.389763544907386e-10,3.8232888455631413e-10,5.69474754139092e-10,4.850147672665585e-10,2.389763544907386e-10,-1.185297956645781
0.29817,3.720294376538627e-10,3.82831782492088e-10,5.705864351763479e-10,4.858387328714438e-10,2.396261349182297e-10,-0.09214499019545233
0.29826,4.888119513211226e-10,3.82504280381942e-10,5.700978910917944e-10,4.854453033041335e-10,2.386803221239513e-10,1.0297805979636228
0.29835,5.27131358435005e-10,3.8075171489893837e-10,5.690536128698141e-10,4.841408399682966e-10,2.357420949390138e-10,1.4623898496619145
0.29845,5.305494503971787e-10,3.854699853096916e-10,5.722809220833385e-10,4.878974377282261e-10,2.432038651272881e-10,1.5017731519356357
0.29854,5.136278163640457e-10,3.809802644036826e-10,5.693424614718088e-10,4.844011332214578e-10,2.359410881000283e-10,1.30248317032779
0.29863,4.953820932923253e-10,3.8556391105836126e-10,5.720087963704845e-10,4.877750565955824e-10,2.437405834661007e-10,1.1039433865532187
0.29873,4.741066803681086e-10,3.8434338320389845e-10,5.710746087286743e-10,4.867469121919496e-10,2.4191691189168246e-10,0.8748704519970252
0.29882,4.6410992622392786e-10,3.815612213375454e-10,5.690435556902633e-10,4.844554331283179e-10,2.3767428767469045e-10,0.7724605731523919
0.29892,4.66423131726635e-10,3.843715269420481e-10,5.709850712270018e-10,4.867035069405823e-10,2.420975991858903e-10,0.7956979982489008
0.29901,4.541671013280563e-10,3.829620367144243e-10,5.700375557888017e-10,4.855920085795387e-10,2.3984054816713345e-10,0.6692627468830203
0.2991,4.1893734904054006e-10,3.8264195813021166e-10,5.691640819280058e-10,4.849550422283771e-10,2.401008469089207e-10,0.3322734929561947
0.2992,3.41908524482427e-10,3.8209301670292666e-10,5.689503584590074e-10,4.846136884912686e-10,2.390360040644202e-10,-0.3292407841470166
0.29929,2.439067016979789e-10,3.8512500079569285e-10,5.709932655297109e-10,4.870076921198162e-10,2.439067016979789e-10,-1.2597205113752155
0.29938,2.371392788225585e-10,3.80626659311915e-10,5.675895392307069e-10,4.832375006034092e-10,2.371392788225585e-10,-1.8579689188487125
0.29948,2.3363733383132826e-10,3.7817355460928223e-10,5.656068308170072e-10,4.81105594973524e-10,2.3363733383132826e-10,-2.1981803984309534
0.29957,2.3220770365395316e-10,3.734818294453935e-10,5.572994075841687e-10,4.743856409678587e-10,2.3220770365395316e-10,-2.057274423826098
0.29967,2.389341193707124e-10,3.7780268171004855e-10,5.604199294259033e-10,4.779080634589807e-10,2.389341193707124e-10,-1.3638787667251295
0.29976,3.2098349154326327e-10,3.839607712468803e-10,5.702822935007752e-10,4.861254547704561e-10,2.419635275337824e-10,-0.4855989459614062
0.29985,4.2792097582662574e-10,3.831115845049455e-10,5.693670383251065e-10,4.852548467027547e-10,2.410131311153256e-10,0.41972527970486
0.29995,4.436695412662241e-10,3.829238710119938e-10,5.690330612793842e-10,4.849880421221385e-10,2.409448998801811e-10,0.5773275153541613
0.30004,4.6244917096265885e-10,3.7953942843013037e-10,5.666375678855776e-10,4.822463419880987e-10,2.3569390841046656e-10,0.7710914878517057
0.30014,4.525225468277841e-10,3.8101026367177453e-10,5.674767257926356e-10,4.833204999174476e-10,2.3820187865317844e-10,0.6708599920148294
0.30023,4.576420221216277e-10,3.827759933872264e-10,5.69089647744891e-10,4.849647497118888e-10,2.405078412742979e-10,0.7168800105971962
0.30032,4.94944507226672e-10,3.85001527775913e-10,5.713452644922497e-10,4.871652802573107e-10,2.4317190857365895e-10,1.10400018795637
0.30042,5.141902478336111e-10,3.817381813355752e-10,5.692290599753082e-10,4.847048875281882e-10,2.3773115222340784e-10,1.3195374505770128
0.30051,4.989033128876332e-10,3.8464900527075495e-10,5.714599911504974e-10,4.870943800565396e-10,2.4218082035749424e-10,1.1419854347750293
0.30061,4.612754216809849e-10,3.826955003100797e-10,5.703736859102346e-10,4.856867205277e-10,2.3878832264757815e-10,0.7340648097492288
0.3007,3.9277910190744094e-10,3.8377656212942865e-10,5.716236931826218e-10,4.868493654311829e-10,2.398746779879939e-10,0.07403195974995991
0.3008,3.270105317337233e-10,3.854313768204676e-10,5.734354047110929e-10,4.88564842146305e-10,2.416874912435523e-10,-0.4585886714374851
0.30089,2.7514102523214184e-10,3.861230692550949e-10,5.756163040284785e-10,4.901165285750693e-10,2.4076331388317407e-10,-0.8140940178419652
0.30098,3.0197325626522855e-10,3.8832419100054067e-10,5.77022820080917e-10,4.918086961198676e-10,2.4437242432825247e-10,-0.6436452064073367
0.30108,3.2349650707464235e-10,3.8606407065428786e-10,5.755373385280054e-10,4.900458491272132e-10,2.4072119724974796e-10,-0.4960897311021173
0.30117,3.376610461573443e-10,3.8775876194174354e-10,5.76888286803414e-10,4.915069655224252e-10,2.4317351994474724e-10,-0.39501036177199567
0.30127,2.9156439484033414e-10,3.8901023184555004e-10,5.777612792191391e-10,4.92512701897377e-10,2.4513849921490756e-10,-0.713103942672126
0.30136,2.4746469732141954e-10,3.870911715205689e-10,5.767137762300119e-10,4.911442401212881e-10,2.4161904677051416e-10,-0.9749357536339205
0.30146,2.390796209360636e-10,3.8527547580233665e-10,5.753365705938194e-10,4.896165411752427e-10,2.390796209360636e-10,-1.2687411647822222
0.30155,2.4830236768937055e-10,3.9236042165770654e-10,5.81858476377929e-10,4.962382439516074e-10,2.4830236768937055e-10,-1.0706741614880337
0.30165,3.052173344880272e-10,3.908522171310343e-10,5.818366954468188e-10,4.954401916634498e-10,2.450726648469837e-10,-0.6399694669842084
0.30174,3.8863545878398645e-10,3.903728631020246e-10,5.812577621623757e-10,4.951045777505283e-10,2.4422694655456104e-10,-0.016227588271026355
0.30183,4.683218623579494e-10,3.9116006707360836e-10,5.818500121486098e-10,4.957597004845942e-10,2.454288198741015e-10,0.7192614502080075
0.30193,5.364716163379924e-10,3.935812309983845e-10,5.836554444360694e-10,4.97768046140495e-10,2.4913043019312775e-10,1.4542302969381138
0.30202,5.393211477967659e-10,3.912161168644437e-10,5.820361335106531e-10,4.958927444590427e-10,2.4516571938353926e-10,1.4749653519692507
0.30212,5.067548153049879e-10,3.893013480675775e-10,5.813321314816812e-10,4.947731293710246e-10,2.4223663653874824e-10,1.1204931794567903
0.30221,4.692792503664482e-10,3.9230580111392357e-10,5.825640945380175e-10,4.966259350237777e-10,2.4735236958122233e-10,0.7299182362077958
0.30231,4.4783768935259683e-10,3.9153494384429333e-10,5.818049087831462e-10,4.958778842833487e-10,2.4640606359384717e-10,0.5211147225511554
0.3024,4.684690314966893e-10,3.91336249579039e-10,5.815166785702948e-10,4.956322999282064e-10,2.4625571670737603e-10,0.7274369072040971
0.3025,4.242769769159337e-10,3.8547467224469685e-10,5.739955880876386e-10,4.889057805701412e-10,2.4115457175111254e-10,0.34564860479879
0.30259,3.604246821939958e-10,3.8562789474075366e-10,5.74100246744863e-10,4.890296497057638e-10,2.4138661481014773e-10,-0.20849933852379898
0.30269,2.5908169974830726e-10,3.8462836936917187e-10,5.736748810606159e-10,4.883877303961271e-10,2.3948511476799933e-10,-0.9038785740029851
0.30278,2.431523944022455e-10,3.870591343315259e-10,5.754942491262383e-10,4.904134382072529e-10,2.431523944022455e-10,-1.3527212715307289
0.30288,2.435911361674964e-10,3.862184399821995e-10,5.73519800765831e-10,4.889196919702827e-10,2.435911361674964e-10,-1.015462936730135
0.30297,3.262809993367023e-10,3.8481261530919955e-10,5.720392035962491e-10,4.874988267580489e-10,2.4188264325683493e-10,-0.4563270577770746
0.30307,4.191013557859275e-10,3.828215147065404e-10,5.706084773822642e-10,4.858726083249493e-10,2.388213526150471e-10,0.3171464799488428
0.30316,4.6463695941485054e-10,3.9111218366194263e-10,5.777095295065006e-10,4.934585268892833e-10,2.468055811461092e-10,0.7156294864763558
0.30326,4.7935318146526e-10,3.859583101861526e-10,5.733748591891191e-10,4.887359814678326e-10,2.430325012109405e-10,0.9107065155497219
0.30335,4.1604397225348767e-10,3.852060370435708e-10,5.731077299196306e-10,4.882910878220501e-10,2.4148641103101657e-10,0.2628787528567566
0.30345,2.8545350128498875e-10,3.844513884553512e-10,5.73393884068427e-10,4.880425781450494e-10,2.410420939814273e-10,-0.7364006736407747
0.30354,2.407592397768315e-10,3.8416115396003836e-10,5.716740253627298e-10,4.87026804932436e-10,2.407592397768315e-10,-1.7655797747017365
0.30364,2.3685577455462067e-10,3.817697421620893e-10,5.701498980969628e-10,4.851888487752923e-10,2.3685577455462067e-10,-2.0953466856151484
0.30373,2.464799928619137e-10,3.885391594607408e-10,5.757048536893659e-10,4.911473237351026e-10,2.464799928619137e-10,-1.847216878778215
0.30383,2.936570985488654e-10,3.862036331764146e-10,5.735343528715419e-10,4.889217956141171e-10,2.434829871566886e-10,-0.6853082090085549
0.30392,4.41999639529542e-10,3.848437372989145e-10,5.726833610007226e-10,4.878864016592312e-10,2.412067640930162e-10,0.5277342531891682
0.30402,5.445242445879034e-10,3.8545772642559205e-10,5.734144262798392e-10,4.885580174794199e-10,2.418076931575372e-10,1.6457474139155457
0.30411,5.798511446878225e-10,3.874125552186839e-10,5.746422145217321e-10,4.900500755703633e-10,2.450381237983091e-10,2.0880782266639173
0.30421,5.313146019774234e-10,3.8652243988199874e-10,5.743617367981041e-10,4.894989489114761e-10,2.4338140185654596e-10,1.4865868213467655
0.3043,4.214104817451018e-10,3.853481021430444e-10,5.732141309238277e-10,4.883989450750472e-10,2.417712926871354e-10,0.3274044029517702
0.3044,2.4934861676650133e-10,3.831947483914007e-10,5.699272648854168e-10,4.856222039091964e-10,2.4051072824477627e-10,-0.9462038301654567
0.30449,2.369030720727709e-10,3.807549023569024e-10,5.680506933872205e-10,4.835583147869969e-10,2.369030720727709e-10,-1.5089156656545455
0.30459,2.3605153309029245e-10,3.80139759907968e-10,5.675333180036868e-10,4.830112000490482e-10,2.3605153309029245e-10,-1.302451973511566
0.30469,2.584358699326524e-10,3.841936297650224e-10,5.703125813856524e-10,4.862406461519321e-10,2.424556440123491e-10,-0.8929062326375644
0.30478,3.462150450136885e-10,3.8304226953629613e-10,5.693934647487383e-10,4.852473268639111e-10,2.4078978361712785e-10,-0.2940843568682565
0.30488,4.030247797087268e-10,3.813341586392309e-10,5.682073350451947e-10,4.838774906008831e-10,2.3810743522434624e-10,0.18580404961532293
0.30497,4.3619855103947844e-10,3.8193415580211683e-10,5.684860212422652e-10,4.842764147708367e-10,2.3922010862627184e-10,0.5015357263695622
0.30507,4.01525388984371e-10,3.8198116469345666e-10,5.68456984133358e-10,4.842783003819061e-10,2.3936504994124003e-10,0.1745291194316397
0.30516,3.8088874125348116e-10,3.816075543236525e-10,5.679381604708365e-10,4.838265626091073e-10,2.390859668706976e-10,-0.004682183589641067
0.30526,3.9415936895111115e-10,3.8203999073338186e-10,5.683537664521103e-10,4.842418374276962e-10,2.3962337500838863e-10,0.10986871160013055
0.30535,4.2878138091147206e-10,3.806790616430693e-10,5.67295928650733e-10,4.830839935451695e-10,2.376232097361415e-10,0.43361979798165456
0.30545,4.906232823355612e-10,3.7943026423915306e-10,5.667858122425198e-10,4.82290561785164e-10,2.352590091714844e-10,1.0705296338183745
0.30555,4.997652310963067e-10,3.80158365665134e-10,5.673404667211047e-10,4.829061397865978e-10,2.3632029936313815e-10,1.1712792133701346
0.30564,4.659770093913062e-10,3.838300485831525e-10,5.69895827313294e-10,4.858529672164989e-10,2.4208332797796015e-10,0.8020052375268135
0.30574,3.732582879139324e-10,3.8250846101984827e-10,5.690600265760257e-10,4.848422466254605e-10,2.3989858670521735e-10,-0.07517751181711939
0.30583,2.9996253478382683e-10,3.825753731778224e-10,5.689516778738551e-10,4.847396557656537e-10,2.403527837237176e-10,-0.629241426448071
0.30593,3.0376044905959835e-10,3.814771923493085e-10,5.692883004442563e-10,4.848141410744426e-10,2.388047421824542e-10,-0.6022968466277898
0.30603,3.249687909835571e-10,3.837006300311008e-10,5.826988346987116e-10,4.968528895120117e-10,2.409045623025936e-10,-0.4606837650354849
0.30612,4.1321376986816246e-10,3.821475156729542e-10,5.680711402790526e-10,4.841178772660934e-10,2.402213720566872e-10,0.28797849536708076
0.30622,4.640001788431992e-10,3.814277171733466e-10,5.677767415557052e-10,4.836632152236716e-10,2.3883353962598454e-10,0.7892860201478383
0.30631,4.775823220209708e-10,3.8375671841392723e-10,5.695833337255548e-10,4.856387677750425e-10,2.4229186380862436e-10,0.9299151486072773
0.30641,4.796634804860526e-10,3.813313152635284e-10,5.681007711508634e-10,4.838130972850294e-10,2.3823139437788297e-10,0.9501952866404431
0.30651,4.3644425240270946e-10,3.82214741859462e-10,5.685472420742334e-10,4.844236615628945e-10,2.398157328123761e-10,0.5056079431932067
0.3066,3.794781505980269e-10,3.8125728741039323e-10,5.678682136991646e-10,4.835965351887269e-10,2.384774266296697e-10,-0.017286728936805124
0.3067,3.486517107250646e-10,3.824485733600821e-10,5.685544159595147e-10,4.845211839914293e-10,2.4036206643655897e-10,-0.2711555549554905
0.30679,3.084197909904397e-10,3.812279289135152e-10,5.677299505595932e-10,4.835562950182615e-10,2.3841422217943784e-10,-0.5699402048234923
0.30689,2.678278817199539e-10,3.9057319481855627e-10,5.770063006027192e-10,4.931772883551505e-10,2.3554001852494783e-10,-0.8840351072589392
0.30699,2.3727872580384563e-10,3.8155138090303906e-10,5.69147257048585e-10,4.845418940050389e-10,2.3727872580384563e-10,-1.1448199303135962
0.30708,2.4443107056177357e-10,3.861091836088928e-10,5.724815964934358e-10,4.882747435099329e-10,2.4443107056177357e-10,-1.203263581741142
0.30718,2.513490724989457e-10,3.8449945931040226e-10,5.71402669670477e-10,4.869958486312148e-10,2.419256535126461e-10,-0.9375074559558642
0.30727,3.4591281049520564e-10,3.8276911490137003e-10,5.707717748611108e-10,4.859380366492178e-10,2.385586813765484e-10,-0.30933302338311497
0.30737,4.3763853415654274e-10,3.835779060608452e-10,5.711742639121334e-10,4.864983366637073e-10,2.399871854294052e-10,0.4943362010249145
0.30747,5.087920430045166e-10,3.8247177496204184e-10,5.701327552338299e-10,4.854525650065987e-10,2.3856680043269146e-10,1.2517969209996547
0.30756,5.424335128031081e-10,3.824985251332081e-10,5.700241983846963e-10,4.853977576410233e-10,2.3875511293980956e-10,1.6503256390510748
0.30766,5.437379831608628e-10,3.843461984318337e-10,5.720300992087247e-10,4.873133105265125e-10,2.407528258028857e-10,1.6486501919976988
0.30776,5.02846052381796e-10,3.841994854510806e-10,5.720777512510356e-10,4.872740890450106e-10,2.404065853291553e-10,1.1706483974854847
0.30785,4.19766456581189e-10,3.892235632603444e-10,5.762725050935738e-10,4.919623203435235e-10,2.417449382518419e-10,0.2749126594038349
0.30795,2.3807862497882014e-10,3.8218972607541086e-10,5.699442483529196e-10,4.852369260940303e-10,2.3807862497882014e-10,-1.1400972385425048
0.30805,2.3855763278296003e-10,3.8235801731748334e-10,5.698826711332584e-10,4.852670733297974e-10,2.3855763278296003e-10,-1.8416356911285978
0.30814,2.4162376045705714e-10,3.8453508900350497e-10,5.716855434076677e-10,4.871841689946751e-10,2.4162376045705714e-10,-2.2527963111663816
0.30824,2.3795189977632475e-10,3.8240011928068856e-10,5.783322114099605e-10,4.928506023236845e-10,2.3795189977632475e-10,-1.8412503259718342
0.30834,2.655086075082347e-10,3.8412514141948733e-10,5.712281018047248e-10,4.86751810370072e-10,2.4119766438568485e-10,-0.8561088950244088
0.30843,4.029889793401527e-10,3.835193471666549e-10,5.713291704290739e-10,4.865803639441798e-10,2.3956492195714546e-10,0.1653336275292503
0.30853,4.685879864631228e-10,3.823431243789444e-10,5.706463023368501e-10,4.857061722682137e-10,2.3763481917196414e-10,0.8019818623814656
0.30863,4.799455524362114e-10,3.816860690926364e-10,5.701171953229381e-10,4.851338589396189e-10,2.3670957258062494e-10,0.9237113991559162
0.30872,4.73146783200026e-10,3.8315868695675306e-10,5.715060232682631e-10,4.864510895903281e-10,2.387514107318032e-10,0.8477041440693636
0.30882,4.815799099477349e-10,3.8373914538571254e-10,5.725638491441686e-10,4.87381694502346e-10,2.38701317521279e-10,0.9237293484818413
0.30892,5.438315430542656e-10,3.844785470451417e-10,5.732224237981431e-10,4.880602017958536e-10,2.3968876430764704e-10,1.6276457797493658
0.30901,5.902887434983975e-10,3.8804571211606846e-10,5.761610926524113e-10,4.911950153367679e-10,2.447300937594562e-10,2.1826875577147598
0.30911,5.844913106921628e-10,3.8687819849598294e-10,5.749279900406583e-10,4.900053383331911e-10,2.4342848528811743e-10,2.133576595149728
0.30921,5.272496831557676e-10,3.8720638412527576e-10,5.7569836909544e-10,4.905898025385823e-10,2.4326965993884655e-10,1.418301926241171
0.3093,4.3076789027835435e-10,3.926076223102361e-10,5.871344454429051e-10,5.002037118046776e-10,2.467954732785781e-10,0.34525771426606766
0.3094,3.0834676808607313e-10,3.9330085075667653e-10,5.838826489010336e-10,4.977931617008917e-10,2.4816837334798614e-10,-0.6235838706764225
0.3095,2.490981395617012e-10,3.9329057683789877e-10,5.836067699077017e-10,4.976290907347552e-10,2.484633882594149e-10,-0.977284598970702
0.30959,2.807958456659582e-10,3.9017271533058444e-10,5.815054480566206e-10,4.951642974675267e-10,2.434924183063971e-10,-0.7965670094565612
0.30969,3.603077696837072e-10,3.9047719810729714e-10,5.814796432729062e-10,4.952733074725511e-10,2.4423037072849625e-10,-0.24627592209083807
0.30979,4.243826232665082e-10,3.9146403164642957e-10,5.821835682327611e-10,4.960752306714654e-10,2.457607166144112e-10,0.29484453947981715
0.30989,4.120391640620226e-10,3.908491271664205e-10,5.819932179451146e-10,4.957228697207295e-10,2.4450206144865217e-10,0.1810056442488571
0.30998,3.6172564187786736e-10,3.917859024253338e-10,5.831478112019784e-10,4.968361544146668e-10,2.4458032344542715e-10,-0.24634364458078803
0.31008,2.449546447926896e-10,3.922057398955484e-10,5.843571761372337e-10,4.97643386287604e-10,2.449546447926896e-10,-1.127064154734611
0.31018,2.441577971987704e-10,3.9206298797363355e-10,5.847429271370345e-10,4.978141008327208e-10,2.441577971987704e-10,-1.6385383516107177
0.31027,2.4853011069940824e-10,3.9479426151570584e-10,5.865703931719856e-10,4.999626271042043e-10,2.4853011069940824e-10,-1.2495756425783182
0.31037,3.5907625895826797e-10,3.947053110931638e-10,5.867236074069576e-10,5.000163398753831e-10,2.4814126473376244e-10,-0.2763011608222083
0.31047,4.912666415729441e-10,3.958275234710736e-10,5.877308269986284e-10,5.010494184456066e-10,2.4964287433758013e-10,0.9125310031491144
0.31057,5.545085724314638e-10,3.9288759750389253e-10,5.84657796890639e-10,4.980881103376301e-10,2.4623402964963374e-10,1.6356833170290876
0.31066,5.568703588352505e-10,3.9330164013317447e-10,5.850845078609699e-10,4.98499915435013e-10,2.4670139977198375e-10,1.6603509206768645
0.31076,4.848466040913502e-10,3.9276020504535367e-10,5.84523900222874e-10,4.979590669266509e-10,2.4608910594354923e-10,0.8639676477715419
0.31086,4.0965035955358637e-10,3.9256987849544755e-10,5.84187556156286e-10,4.976920766433929e-10,2.4599278341247517e-10,0.14789729996404782
0.31096,3.6171676972221817e-10,3.917777110116835e-10,5.836494382330181e-10,4.970603940863339e-10,2.4476260838657903e-10,-0.24670307866467106
0.31105,3.487873317048776e-10,3.943208253613023e-10,5.860005923385056e-10,4.994461655896247e-10,2.4804932002914225e-10,-0.35012461915726967
0.31115,3.158373919505027e-10,3.9116198763605326e-10,5.835279601817697e-10,4.967455277329128e-10,2.434420240459387e-10,-0.5807383031117498
0.31125,3.1599575586358127e-10,3.9128986134784857e-10,5.834136946946789e-10,4.967283170780534e-10,2.438852895813238e-10,-0.5783550409317604
0.31135,3.4335479763802514e-10,3.9272686746843644e-10,5.844842495661951e-10,4.979239015404508e-10,2.460492039918003e-10,-0.3865846423327174
0.31144,3.999155267665326e-10,3.936998829311364e-10,5.859158139644029e-10,4.99147087989456e-10,2.466828245621732e-10,0.053876106596723115
0.31154,4.4882356761965444e-10,3.9266221570808843e-10,5.848386565782393e-10,4.98108444258277e-10,2.454608613996686e-10,0.49959963759049725
0.31164,4.627587125453326e-10,3.931129502730034e-10,5.849105503260853e-10,4.98326160391197e-10,2.4646881924252357e-10,0.6383510335757088
0.31174,4.607802493049068e-10,3.9488231121919183e-10,5.862067468435791e-10,4.997837870427416e-10,2.4917791753057315e-10,0.6167040609798967
0.31183,4.3909598512228823e-10,3.9226057603028584e-10,5.84576606210501e-10,4.977951579808799e-10,2.448168322162991e-10,0.40756411953021543
0.31193,3.9086970705833245e-10,3.925972240325943e-10,5.846647599483466e-10,4.979779289842882e-10,2.4552929107152213e-10,-0.016726622117341862
0.31203,3.0527652465697645e-10,3.908984464261534e-10,5.835396767366344e-10,4.966463456343877e-10,2.4281267103264195e-10,-0.6517799118911227
0.31213,2.4239922650280677e-10,3.9054492128156067e-10,5.83170853400326e-10,4.962916933956014e-10,2.4239922650280677e-10,-1.1874220711908658
0.31222,2.49766963112831e-10,3.9506927437642373e-10,5.860908325280763e-10,4.997898065843806e-10,2.49766963112831e-10,-1.149144377161264
0.31232,2.824149972196665e-10,3.9133959171956374e-10,5.836603913082156e-10,4.968923468477979e-10,2.437144705773831e-10,-0.794109019831732
0.31242,3.66530219455159e-10,3.937340435527811e-10,5.851504570061303e-10,4.987116762395554e-10,2.476754363156722e-10,-0.21069247819097425
0.31252,4.395485083625085e-10,3.9276706399697654e-10,5.845999675321054e-10,4.980070208472963e-10,2.460121297698724e-10,0.4161184099203176
0.31262,4.861072549764513e-10,3.9431536612415264e-10,5.858177478281688e-10,4.993326048810825e-10,2.482755136271894e-10,0.8728516801273146
0.31271,4.818459087428248e-10,3.9385044898110666e-10,5.856564854501547e-10,4.990552546923103e-10,2.473410001280628e-10,0.8266890902639898
0.31281,4.660460643909358e-10,3.927851509875162e-10,5.849616101068509e-10,4.98225292792014e-10,2.4562971108842137e-10,0.6671170689372964
0.31291,4.051190037678934e-10,3.9333745512157207e-10,5.851473364217433e-10,4.985531698434992e-10,2.4672802411142457e-10,0.10401935200171816
0.31301,3.846043684195627e-10,3.9222147091211226e-10,5.843988106810349e-10,4.976738031287548e-10,2.449449314234272e-10,-0.06834795378941842
0.31311,3.846233406126595e-10,3.936065134107597e-10,5.854332016381161e-10,4.988273334925666e-10,2.4703174440575814e-10,-0.06926761244562828
0.3132,4.1401796050193236e-10,3.9293464991522695e-10,5.849963459004306e-10,4.983060585070933e-10,2.4594057868489137e-10,0.18039704742130364
0.3133,4.109505397345286e-10,3.9392643796481626e-10,5.856846453293718e-10,4.991004757854666e-10,2.475022175078391e-10,0.15303083849479052
0.3134,4.0147545875291783e-10,3.9267234525178003e-10,5.848775744214569e-10,4.981329207384501e-10,2.454536440768393e-10,0.07077320585825053
0.3135,3.53697907580064e-10,3.9562916983620266e-10,5.887330732184343e-10,5.015619543179392e-10,2.479530803463764e-10,-0.32856376818938543
0.3136,2.445918362069995e-10,3.935117982477391e-10,5.872954370491955e-10,4.998839841464693e-10,2.445918362069995e-10,-1.2160701012426038
0.31369,2.435617108265342e-10,3.927460691024301e-10,5.86629912221268e-10,4.991903877660247e-10,2.435617108265342e-10,-1.369028705235952
0.31379,2.437187785823503e-10,3.915107321007556e-10,5.840016224053541e-10,4.971602713405628e-10,2.437187785823503e-10,-1.1332085086693195
0.31389,3.696319962459275e-10,3.9197071977754543e-10,5.841869017768082e-10,4.97451311413583e-10,2.4459332233296147e-10,-0.18842415576982824
0.31399,4.4749162729398817e-10,3.9478256723174447e-10,5.862643318919798e-10,4.997787220207267e-10,2.488673744165101e-10,0.4868245007917706
0.31409,5.563691475177699e-10,3.955092048670031e-10,5.869544567684745e-10,5.004868177177895e-10,2.4960685892768266e-10,1.6397645520217166
0.31419,5.675397328132215e-10,3.909924012833736e-10,5.837896563427628e-10,4.968313132755613e-10,2.4273406093323607e-10,1.7827379864237407
0.31428,5.215959996065551e-10,3.9165649538880593e-10,5.840359562779147e-10,4.972387049453063e-10,2.4402115027898326e-10,1.2538480235054914
0.31438,4.524055906447945e-10,3.9301253432627777e-10,5.849317279820277e-10,4.982993120570963e-10,2.4620103042549605e-10,0.5361048622523151
0.31448,3.936061344103654e-10,3.918830649865317e-10,5.83303725051055e-10,4.968984862102401e-10,2.454298268513017e-10,0.014994620550241242
0.31458,3.4377807814626494e-10,3.898970089263956e-10,5.807805042326867e-10,4.946345272611604e-10,2.436706122196969e-10,-0.3691811230367858
0.31468,3.961448388552568e-10,3.9101502170553135e-10,5.818141283965702e-10,4.956811623529448e-10,2.451255351191117e-10,0.04602043996259642
0.31478,4.578293005766203e-10,3.9143489187637043e-10,5.82305935699868e-10,4.961345610524657e-10,2.4555203897437047e-10,0.6107963623145919
0.31488,4.76654926881519e-10,3.921880651871566e-10,5.840848415805808e-10,4.974762370223009e-10,2.452441664372533e-10,0.7807976941893648
0.31497,4.712370452511944e-10,3.9464563798453173e-10,5.856670210259146e-10,4.993734884736252e-10,2.4925680018767683e-10,0.7265171818863249
0.31507,3.9980575154905677e-10,3.9233592648187665e-10,5.841105188246851e-10,4.975500529819493e-10,2.455590316365066e-10,0.06236804136089454
0.31517,2.755027206856033e-10,3.9109979891934086e-10,5.831860726031507e-10,4.965199951599435e-10,2.437034845475394e-10,-0.8336695713008094
0.31527,2.4793461261076146e-10,3.936514091496292e-10,5.847643934626546e-10,4.984530353250535e-10,2.4793461261076146e-10,-1.2566543728989596
0.31537,2.496161211979241e-10,3.9471654171504325e-10,5.85506117761428e-10,4.993077556349913e-10,2.496161211979241e-10,-1.1510480418717457
0.31547,3.048806366274192e-10,3.9058935149601713e-10,5.828193855437449e-10,4.96102614545471e-10,2.4292058553955507e-10,-0.6512408108011658
0.31557,3.83196776383188e-10,3.922126243325165e-10,5.842006698917367e-10,4.975554137522104e-10,2.4514978659024863e-10,-0.07820468250060321
0.31567,4.167505332574996e-10,3.93545531422817e-10,5.849475224426069e-10,4.985186218530325e-10,2.4746381042404887e-10,0.2096786409049445
0.31577,4.061457748626444e-10,3.926895338067699e-10,5.843099908658434e-10,4.978064778817774e-10,2.4616955901737834e-10,0.11734053517695966
0.31586,3.8683547011147103e-10,3.9201998302209415e-10,5.837523042806596e-10,4.972157411357426e-10,2.45224934900894e-10,-0.04513127800629277
0.31596,3.777461302290387e-10,3.9171604432345304e-10,5.835142348696159e-10,4.969564301997085e-10,2.4477852311988066e-10,-0.11909070402552062
0.31606,3.81571177736223e-10,3.937049876384397e-10,5.856501614652651e-10,4.98993458748904e-10,2.470098144246082e-10,-0.0957076933256515
0.31616,4.0471469273576623e-10,3.973371650788434e-10,5.90949331075763e-10,5.035361620923319e-10,2.4941186369327224e-10,0.06696735286708665
0.31626,4.238983940689157e-10,3.9875776257726874e-10,5.926111161439174e-10,5.050704196222566e-10,2.508494247103367e-10,0.22499468322761318
0.31636,4.3894321871735147e-10,3.9854088711465773e-10,5.925595268402805e-10,5.049557745376636e-10,2.503829038035237e-10,0.3590157719138215
0.31646,4.1940828759802393e-10,3.9861018450577636e-10,5.928236206566215e-10,5.051402103102622e-10,2.5022179860555717e-10,0.1820175570582644
0.31656,3.980693880716953e-10,3.979429201592826e-10,5.923253525094578e-10,5.045837686456634e-10,2.492199529791e-10,0.0014296825569300748
0.31666,3.507116952608483e-10,3.991748539372061e-10,5.930706080156819e-10,5.055076253214177e-10,2.5128450037922025e-10,-0.3661882475523683
0.31676,3.4358871460561245e-10,3.9959312203450883e-10,5.955403686429421e-10,5.073236016906004e-10,2.4974843886884883e-10,-0.4303965070507909
0.31686,3.3578536890658597e-10,4.0001349124470937e-10,5.949960635764953e-10,5.06967959314111e-10,2.5100482649850804e-10,-0.48254997219045515
0.31695,3.5035888358391287e-10,3.988649178314476e-10,5.943911156517961e-10,5.061598897139604e-10,2.4897159333659013e-10,-0.38076328891507855
0.31705,3.8145890408932556e-10,3.990152917990505e-10,5.945813200611865e-10,5.063303794901808e-10,2.491107727294779e-10,-0.14707910726973103
0.31715,3.760048566093189e-10,4.0022815225985464e-10,5.954662785047778e-10,5.073278743571459e-10,2.5096473168405123e-10,-0.19030607448365852
0.31725,3.8574130844825125e-10,3.994316931851659e-10,5.945066093452143e-10,5.064502727765621e-10,2.5019876763578425e-10,-0.11001842788641107
0.31735,3.623602783668492e-10,3.9769522777597746e-10,5.930473173326766e-10,5.049085026576636e-10,2.4777984632767335e-10,-0.28784072140116984
0.31745,3.6507599789145413e-10,4.0017122222134755e-10,5.94794677081264e-10,5.069070683478277e-10,2.5165123203816135e-10,-0.26802445325915586
0.31755,4.259629984538271e-10,3.9848930061483086e-10,5.936820358925444e-10,5.055955233139953e-10,2.489164929321214e-10,0.2288096708786328
0.31765,4.872986485591738e-10,4.0050302031073115e-10,5.951221756168399e-10,5.072330107592288e-10,2.5204288805594926e-10,0.8060798099190074
0.31775,5.099242357173294e-10,3.9883965746261755e-10,5.940962334681026e-10,5.059748941326131e-10,2.4927931991097273e-10,1.0377482885498532
0.31785,5.16761211858873e-10,4.0224027366643517e-10,5.966674271838427e-10,5.088257610252764e-10,2.5436378292042787e-10,1.1046131586133623
0.31795,4.702319707809573e-10,4.018834059528636e-10,5.992749117633823e-10,5.102152955364113e-10,2.5040959864442804e-10,0.5928323798867303
0.31805,3.4670684507318014e-10,4.0227738538668436e-10,5.997435583979602e-10,5.106470353010673e-10,2.5079007472902695e-10,-0.42979145891747395
0.31815,2.4914791921392737e-10,4.010933349308703e-10,5.987448846665245e-10,5.095935444125934e-10,2.4914791921392737e-10,-1.217674520704479
0.31825,2.54047261014156e-10,4.015425344818283e-10,6.03673503531714e-10,5.153602252254556e-10,2.54047261014156e-10,-1.3501779695315053
0.31835,2.789447253664983e-10,3.982785591033458e-10,5.930237777955453e-10,5.048974861904066e-10,2.4951586778110847e-10,-0.8374183122782266
0.31845,4.006306223077512e-10,3.9826440509095715e-10,5.926938085115991e-10,5.049267250022532e-10,2.4955256912335926e-10,0.021134185438764257
0.31855,4.776897261741583e-10,3.979678529151469e-10,5.926108185544906e-10,5.047609713053813e-10,2.4894091125949104e-10,0.7220312671891514
0.31865,4.987318304951051e-10,4.001657600954182e-10,5.939443784967337e-10,5.064093021691087e-10,2.5263649527728347e-10,0.9372094360680717
0.31875,4.971497358135712e-10,3.981922414747918e-10,5.925092427107824e-10,5.047887172133464e-10,2.496116852839475e-10,0.9231954121223797
0.31885,4.986010609158475e-10,4.0000276842811245e-10,5.937560819590932e-10,5.062330221843763e-10,2.524704292530545e-10,0.9371491041857953
0.31895,4.86864519714756e-10,3.999746896992744e-10,5.937489612015177e-10,5.062044458886664e-10,2.524797890067581e-10,0.8179109476858168
0.31905,4.912607779544135e-10,4.0065134041615227e-10,5.945461920282933e-10,5.069592815035188e-10,2.5305383244821573e-10,0.8555672023641666
0.31915,4.61581734223301e-10,3.997539930398416e-10,5.936440106023223e-10,5.060644312689988e-10,2.520565315636547e-10,0.5679182923846058
0.31925,4.261875730927424e-10,3.9872934944822367e-10,5.927733302904355e-10,5.051559313478262e-10,2.5057836129266964e-10,0.24313815945076706
0.31935,3.824280807262965e-10,3.9803556213998074e-10,5.924035049000846e-10,5.046652674322228e-10,2.4935441432181994e-10,-0.12543153881702684
0.31945,3.154860553758435e-10,3.989226560385843e-10,5.929685447418762e-10,5.053462953483172e-10,2.508335817629001e-10,-0.610470166697588
0.31955,2.469768714280878e-10,3.965440682391912e-10,5.913916349128623e-10,5.034849862791574e-10,2.469768714280878e-10,-1.196616561164206
0.31965,2.5183161772879476e-10,3.99527518255096e-10,5.933330265492339e-10,5.057987289102008e-10,2.5183161772879476e-10,-1.577259321418314
0.31975,2.540574909524362e-10,4.0087259268198294e-10,5.94183475375075e-10,5.068279669081089e-10,2.540574909524362e-10,-1.7912103933734522
0.31985,2.4486701614396917e-10,3.9528101923120314e-10,5.906488097479842e-10,5.025476380571473e-10,2.4486701614396917e-10,-1.3521889987211162
0.31995,3.430218454647602e-10,3.991058065713886e-10,5.933643014993704e-10,5.056506101319631e-10,2.5078150402199083e-10,-0.4241796156546277
0.32005,4.785340638642152e-10,3.9898093656207483e-10,5.93333126400266e-10,5.055833649381498e-10,2.5051688467016107e-10,0.7298744463565731
0.32015,5.531044991251825e-10,3.97486594578583e-10,5.922916395060797e-10,5.043837239393586e-10,2.481742512906219e-10,1.5284701985550078
0.32025,5.767639335307851e-10,3.9734406204017464e-10,5.923362529423581e-10,5.043514131071887e-10,2.477791730731475e-10,1.802693540140065
0.32035,5.714560516348686e-10,3.9665568001700083e-10,5.919252739964151e-10,5.038426223870153e-10,2.466088640910626e-10,1.7376951186998442
0.32045,5.083750447561605e-10,3.968570736062212e-10,5.918456256925128e-10,5.038748580512754e-10,2.4718572085079906e-10,1.035859022004987
0.32055,4.16091939712971e-10,3.972649927637998e-10,5.920781425900712e-10,5.041650324547282e-10,2.4792293926865413e-10,0.1518569221415725
0.32065,3.014173093780812e-10,3.964486948264303e-10,5.913653333862438e-10,5.034295691526584e-10,2.4679468805711093e-10,-0.7010749458302029
0.32075,2.5218882818839877e-10,3.9991264202824396e-10,5.938053503993552e-10,5.062287036834941e-10,2.5218882818839877e-10,-1.7413503780256443
0.32085,2.4851258096896885e-10,3.976678720416958e-10,5.923602041721102e-10,5.044970939637967e-10,2.4851258096896885e-10,-1.9957146584355654
0.32095,2.521231364013492e-10,3.9963782796846207e-10,5.933091153387626e-10,5.058286707915471e-10,2.521231364013492e-10,-1.8601542993422235
0.32105,2.459789611771936e-10,3.9575021222617103e-10,5.906477013477843e-10,5.027326828604549e-10,2.459789611771936e-10,-1.202539215358857
0.32115,2.89896328453233e-10,4.013691322371143e-10,5.958071241792322e-10,5.079770381764049e-10,2.533050803256474e-10,-0.7778902837583632
0.32125,3.5206083958817923e-10,4.035886016904278e-10,6.002079518292742e-10,5.114362307196935e-10,2.5337828136608387e-10,-0.38883503711859396
0.32135,4.08758272319498e-10,4.026791457980636e-10,5.998581801756419e-10,5.10872222768372e-10,2.516155261252202e-10,0.045351877678511315
0.32145,4.693610074094722e-10,4.048621454776344e-10,6.01413424328366e-10,5.12645427006717e-10,2.550031408740092e-10,0.5825887623017599
0.32155,5.264388771085172e-10,4.037747171964066e-10,6.006739422576578e-10,5.117827026802464e-10,2.532724585181403e-10,1.1576795376224034
0.32165,5.743466891090917e-10,4.008089680012304e-10,5.985544646263463e-10,5.093680189962629e-10,2.4870479018084165e-10,1.6934098332055463
0.32176,5.768396074895237e-10,4.043731361172009e-10,6.008144931213034e-10,5.121003455274906e-10,2.5454703355016015e-10,1.7253701446630982
0.32186,5.48292151417618e-10,4.0349353518964e-10,6.003027411815557e-10,5.114547970647688e-10,2.5302507564538894e-10,1.3982567762200566
0.32196,4.999903433107925e-10,4.0173318172977623e-10,5.992429149633685e-10,5.10139992017442e-10,2.500706920479475e-10,0.8835334257576868
0.32206,4.4706168841934345e-10,4.0437887912430905e-10,6.011353000713865e-10,5.122929879011953e-10,2.541653930109565e-10,0.3753656852481524
0.32216,3.8264225925361934e-10,4.042627005808126e-10,6.012616083987203e-10,5.123203051149525e-10,2.537416696139517e-10,-0.16651198727328326
0.32226,3.50626453156962e-10,4.0233796594878067e-10,6.000814994628951e-10,5.108693196476625e-10,2.5053289134187324e-10,-0.4043696892102272
0.32236,3.4958279820476005e-10,4.0475868264142134e-10,6.014619641103273e-10,5.126329953816994e-10,2.5469674179528526e-10,-0.4098818964461005
0.32246,3.0524994274271046e-10,4.0371597699729246e-10,6.005108042524262e-10,5.116637480660105e-10,2.5332633835730685e-10,-0.7018796723767565
0.32256,2.643514101867275e-10,4.031243819363544e-10,6.000049213796236e-10,5.111337265395519e-10,2.52512113208547e-10,-0.9371691330633787
0.32266,2.4954909051131907e-10,4.012709470814844e-10,5.98758683344084e-10,5.096724811124515e-10,2.4954909051131907e-10,-1.1697560643293186
0.32276,2.5667734723291683e-10,4.069159295017236e-10,6.005833505842496e-10,5.130672670644949e-10,2.5667734723291683e-10,-1.4127879241799066
0.32287,2.770902700429063e-10,4.0179907381222537e-10,5.967196248823965e-10,5.086829432319958e-10,2.5324168981494416e-10,-0.8558650901624706
0.32297,3.9802897038288974e-10,3.99725547952962e-10,5.952113318979153e-10,5.069807331054244e-10,2.5005919356421344e-10,-0.01570037760204727
0.32307,4.914511933165013e-10,4.0088480213219223e-10,5.959240962055399e-10,5.078556238867929e-10,2.519954720655003e-10,0.839696992940434
0.32317,5.501999111889671e-10,3.9986442418534333e-10,5.937577647701717e-10,5.061800079830965e-10,2.5214252234663377e-10,1.4977295775477915
0.32327,5.549112507070315e-10,3.9999687758581535e-10,5.9522495940674e-10,5.070927390937934e-10,2.507127015187914e-10,1.525166860344263
0.32337,5.134590991573758e-10,3.979891245749622e-10,5.948040672913385e-10,5.057268289096738e-10,2.473324599212981e-10,1.065013296379862
0.32347,4.2056016695736803e-10,3.998219872856315e-10,5.954191057486911e-10,5.071375800923072e-10,2.5006225292732493e-10,0.17244865403640902
0.32357,3.2523289137278287e-10,3.987867551060251e-10,5.947430061101937e-10,5.063334420112826e-10,2.483827539856855e-10,-0.5581387631569162
0.32368,3.063311945706083e-10,4.0019741310563727e-10,5.957226666729712e-10,5.074659016231486e-10,2.505877341847948e-10,-0.6810575692246358
0.32378,3.698588149750642e-10,3.993072706100363e-10,5.949994985690295e-10,5.066907991203855e-10,2.4931274098015805e-10,-0.23878446684241666
0.32388,4.0500658713899546e-10,3.9999043672780044e-10,5.95416652682456e-10,5.072065304312878e-10,2.5044274014047364e-10,0.041437922125679066
0.32398,4.5163297884106145e-10,3.9947073862322607e-10,5.950529702346332e-10,5.067861014916878e-10,2.496446745305581e-10,0.45241490302535564
0.32408,4.6037635904849904e-10,3.9836159283796415e-10,5.942354190222209e-10,5.058688601978317e-10,2.4796375812354423e-10,0.5351760199883221
0.32418,4.4056033254965246e-10,4.033276291273549e-10,6.005401943069361e-10,5.115271473637633e-10,2.5236469824440903e-10,0.31598606070942575
0.32428,4.162327816344686e-10,4.031133935132491e-10,6.003595064284069e-10,5.113370909088812e-10,2.520633378207273e-10,0.10572564899235994
0.32439,3.7800374071056707e-10,4.044365503632899e-10,6.013340881839994e-10,5.124309396791655e-10,2.540753767278898e-10,-0.20169109582434971
0.32449,3.3734557805231865e-10,4.0498642611889435e-10,6.017338437953468e-10,5.128825038662966e-10,2.5491904579171614e-10,-0.4956694793517172
0.32459,2.6378969648867003e-10,4.0275625782530174e-10,6.00258813067353e-10,5.111374541666983e-10,2.513270536480794e-10,-0.9423155988195133
0.32469,2.5549162317838995e-10,4.05279970866838e-10,6.018413485738756e-10,5.130616986503228e-10,2.5549162317838995e-10,-1.328059887689516
0.32479,2.53403614687929e-10,4.03878759885426e-10,6.007721797515711e-10,5.118813867447675e-10,2.53403614687929e-10,-1.1492821169092668
0.32489,3.058971163539443e-10,4.04205527339878e-10,6.010599560772515e-10,5.121792704755495e-10,2.5384347103158607e-10,-0.6991564132906997
0.325,4.5810789040937685e-10,4.032416893741028e-10,6.00590161893948e-10,5.115222733982682e-10,2.521011184639611e-10,0.4739237600895125
0.3251,5.205321465486557e-10,4.0165168235331384e-10,5.996370280204577e-10,5.103403924815653e-10,2.494317189016051e-10,1.0877544547096738
0.3252,5.399831604140044e-10,4.043740459651306e-10,6.015132371892842e-10,5.12512255070452e-10,2.537065908444891e-10,1.2958300781727659
0.3253,4.946674851673713e-10,4.0482128161716665e-10,6.0179586416534e-10,5.128533396966559e-10,2.544492721892671e-10,0.8232664376594447
0.3254,4.3814819549849673e-10,4.0358420053217674e-10,6.008095353027553e-10,5.117850797398452e-10,2.526669222254103e-10,0.2935353159374465
0.3255,3.879555807393445e-10,4.0334923382460237e-10,6.003182693983059e-10,5.114051200153065e-10,2.526819227728422e-10,-0.12212031091679351
0.32561,3.5376714678798895e-10,4.0186200873497114e-10,5.994542582682808e-10,5.103094561963112e-10,2.501459984248762e-10,-0.37964781564943234
0.32571,3.5591757490813425e-10,4.0375635660508055e-10,6.008763149865075e-10,5.11894090095598e-10,2.5297133260958106e-10,-0.36528902887109743
0.32581,3.3365920074536957e-10,4.019209289134001e-10,5.996819444284392e-10,5.104689984234055e-10,2.500187022374952e-10,-0.5206522606459595
0.32591,3.2147346339156214e-10,4.036744010080834e-10,6.010041120424404e-10,5.119359739743489e-10,2.526310084943917e-10,-0.6023337238520459
0.32601,3.1206978720449807e-10,4.046068718833739e-10,6.014211058665795e-10,5.125459240603242e-10,2.543806575636912e-10,-0.6611134331354324
0.32612,3.0247038503881984e-10,4.0161847680535336e-10,5.993435941719839e-10,5.101651888631037e-10,2.496066419320441e-10,-0.7206737626941184
0.32622,2.534580009285154e-10,4.0365239869730705e-10,6.002719792292069e-10,5.114998825244447e-10,2.534580009285154e-10,-1.3404918962622265
0.32632,2.8578699178694105e-10,4.0310030452267744e-10,6.000944475175166e-10,5.111833335585161e-10,2.5205799632786163e-10,-0.8191672598486479
0.32642,3.928516750699993e-10,4.030964026263747e-10,6.000119634080678e-10,5.111270128227806e-10,2.524319888733768e-10,-0.08223044672900899
0.32653,4.730827818441798e-10,4.129804845360194e-10,6.065981252751924e-10,5.188867535785697e-10,2.68547760702767e-10,0.5470158880068786
0.32663,4.843338252039657e-10,4.014857573956078e-10,5.987662802052904e-10,5.097603864650354e-10,2.500512140348379e-10,0.7323888238752306
0.32673,4.6058389769198037e-10,4.0239975211726323e-10,5.992608511691605e-10,5.104117290552565e-10,2.516557951732668e-10,0.5067267955227389
0.32683,4.445897282236408e-10,4.016443091485913e-10,5.987389412602485e-10,5.098066222903053e-10,2.504724224945409e-10,0.35999435879932534
0.32693,4.3745480916623275e-10,4.028313242081262e-10,5.995147427018406e-10,5.107300603283738e-10,2.523916440414924e-10,0.2965441231845119
0.32704,4.390321653359027e-10,4.016578295026304e-10,5.988157341733565e-10,5.098568559427412e-10,2.5041507483120607e-10,0.30938223701388234
0.32714,4.784235486426373e-10,4.0319960715063414e-10,5.997542409484679e-10,5.110164724122784e-10,2.529816319021331e-10,0.6773438124058623
0.32724,4.821173212326564e-10,4.032716812449172e-10,5.997309603529219e-10,5.110307277403179e-10,2.531897470004329e-10,0.7143003973676592
0.32734,5.142572168125139e-10,4.0436472550996387e-10,6.023431308742227e-10,5.135436443198067e-10,2.556119276885222e-10,1.0469166436126922
0.32745,4.4811341586826546e-10,3.989789156185778e-10,5.926889548627795e-10,5.052047256274799e-10,2.512837163569039e-10,0.44555727733465683
0.32755,3.708622017468424e-10,3.954006757101694e-10,5.881438741981614e-10,5.01127238060895e-10,2.4809860064645423e-10,-0.19382233795741455
0.32765,2.512147777178469e-10,3.946345952747725e-10,5.882661094340884e-10,4.98844286001651e-10,2.4701749295387177e-10,-0.978791409259884
0.32775,2.434675933025237e-10,3.924144016714827e-10,5.860403444448715e-10,4.987137173074576e-10,2.434675933025237e-10,-1.1302405487068685
0.32786,3.40172670379081e-10,3.9326119858910053e-10,5.8670809521832e-10,4.994389082024772e-10,2.4469704223936035e-10,-0.42386416387339887
0.32796,4.310175810194969e-10,3.9583142983915e-10,5.885426588560694e-10,5.015295884916009e-10,2.486675287930894e-10,0.3137062259269412
0.32806,4.627183656265705e-10,3.930654545032617e-10,5.866169360821571e-10,4.993083471174719e-10,2.443373497201276e-10,0.6131742646957482
0.32817,3.4611486101258265e-10,3.9841237638489655e-10,5.920487419229494e-10,5.046047551282298e-10,2.5068682535738267e-10,-0.39549124369681454
0.32827,3.023898895709751e-10,3.9718863780845336e-10,5.912868637668308e-10,5.036731595692357e-10,2.4866823942226547e-10,-0.6915929914703106
0.32837,3.1561708749096305e-10,3.949690365136104e-10,5.891198955890869e-10,5.015272576297245e-10,2.459281630588635e-10,-0.6019881679730009
0.32847,4.438356327320377e-10,4.0080942293330217e-10,5.938479928030733e-10,5.066742856024326e-10,2.5271897675297864e-10,0.37968960614837616
0.32858,5.042108255826754e-10,3.968433851510781e-10,5.908700859404297e-10,5.032952689811357e-10,2.483198726659722e-10,1.0082536999469272
0.32868,4.128973597250068e-10,3.978732937353172e-10,5.915737281532777e-10,5.041141453865302e-10,2.499535370670099e-10,0.1339939027225231
0.32878,2.587358324675672e-10,3.943919746286297e-10,5.890712709929456e-10,5.012755284626993e-10,2.4458943889447354e-10,-0.9455008835727072
0.32889,2.481372314097268e-10,3.963000813984774e-10,5.899123421165591e-10,5.025219345974104e-10,2.481372314097268e-10,-1.1950158423331194
0.32899,3.126422419295098e-10,3.966774581482782e-10,5.898255473055867e-10,5.026180083801988e-10,2.491574825792869e-10,-0.6189108940936642
0.32909,4.6411119508833313e-10,3.9470415128555714e-10,5.887368656765725e-10,5.011981885455554e-10,2.4574395980378364e-10,0.6126778629224774
0.32919,5.865077684938372e-10,3.9730656299189643e-10,5.907825818493496e-10,5.034243121209249e-10,2.4954839458283857e-10,1.9542744988011134
0.3293,6.547621565568887e-10,3.999755750405203e-10,5.929109072515857e-10,5.057269516566743e-10,2.534192466570984e-10,2.830346328989103
0.3294,5.866862729649969e-10,3.975700257544224e-10,5.911830217416321e-10,5.037616916165203e-10,2.497128783002072e-10,1.9517896803095651
0.3295,4.481355765369914e-10,3.955123492351115e-10,5.900178421193612e-10,5.019926054412632e-10,2.467824815491309e-10,0.45750128867953016
0.32961,2.477564714721968e-10,3.955943531036723e-10,5.888259310660445e-10,5.016031235981764e-10,2.477564714721968e-10,-1.0608518573043475
0.32971,2.51706015651048e-10,3.9793671374927347e-10,5.902334716382251e-10,5.033528921827317e-10,2.51706015651048e-10,-1.9373003745361386
0.32981,2.4703593056521827e-10,3.9510303002333116e-10,5.88441056483775e-10,5.011840083755239e-10,2.4703593056521827e-10,-2.0218964988299617
0.32992,2.467117349134682e-10,3.951008727336138e-10,5.88708644763081e-10,5.013401737526617e-10,2.467117349134682e-10,-1.7253157524708207
0.33002,2.4529009038001176e-10,3.944027826555146e-10,5.885003669895559e-10,5.009429758498822e-10,2.4529009038001176e-10,-1.2581669149676904
0.33012,2.438059095026986e-10,3.935391874966142e-10,5.880102889972756e-10,5.003158784222374e-10,2.438059095026986e-10,-1.2655041041293835
0.33023,3.088753833747306e-10,3.9789792881200225e-10,5.906897806436784e-10,5.036063531305226e-10,2.510614154215918e-10,-0.643666782229087
0.33033,3.6795683430337155e-10,3.9506243454564884e-10,5.88529990802233e-10,5.01220242882164e-10,2.4683110782120694e-10,-0.2218805593620122
0.33043,4.538117794254132e-10,3.946304154980431e-10,5.879723521878413e-10,5.007215699870679e-10,2.464653227706652e-10,0.5231910416113585
0.33054,5.302803550190617e-10,3.9733674219114587e-10,5.902911970752154e-10,5.031474028345155e-10,2.502098183719135e-10,1.3064911700488977
0.33064,6.069059422066105e-10,3.9798630559197643e-10,5.909726237432441e-10,5.038033167910623e-10,2.5095925592471376e-10,2.2152858027744675
0.33074,6.381942533520303e-10,3.986995614869493e-10,5.913271202563001e-10,5.042921943064327e-10,2.5225645412127155e-10,2.6267307810992393
0.33085,5.953908870125935e-10,3.957638018767182e-10,5.897112921632408e-10,5.021864673509837e-10,2.47129898354788e-10,2.0650971452085924
0.33095,4.981897100783127e-10,3.9441778355451586e-10,5.885604855346234e-10,5.009817973961834e-10,2.452691145402845e-10,0.9561154576496916
0.33105,3.853211648797653e-10,3.9576087642580254e-10,5.892337287670165e-10,5.019066486887819e-10,2.476796498284795e-10,-0.08658970310830495
0.33116,2.8710449370589225e-10,3.947371671774745e-10,5.883819746233223e-10,5.010032060408559e-10,2.4624057108243017e-10,-0.7788536036133418
0.33126,3.1299354015153496e-10,3.9695439352759333e-10,5.898355190527584e-10,5.027235034551137e-10,2.498692694457616e-10,-0.6151362753105686
0.33137,3.9743732723431084e-10,3.957309397266282e-10,5.892038944225192e-10,5.018782592621888e-10,2.4763771565409606e-10,0.012924719338320755
0.33147,4.0968647248308923e-10,3.963504576233481e-10,5.895367663147863e-10,5.023177663811995e-10,2.4872784685865384e-10,0.11756068196484688
0.33157,3.1299867700361177e-10,3.969584438833367e-10,5.900037243713762e-10,5.028329427366991e-10,2.4962192780642763e-10,-0.6164760289932443
0.33168,2.4883006901389737e-10,3.962053919223433e-10,5.891547449989815e-10,5.020371346057006e-10,2.4883006901389737e-10,-1.6042528946225427
0.33178,2.510049282948708e-10,3.974193975048063e-10,5.897751510998183e-10,5.028806883984379e-10,2.510049282948708e-10,-2.0030881265411318
0.33188,2.4744089622997123e-10,3.952029916844202e-10,5.882922019075553e-10,5.011376057143932e-10,2.4744089622997123e-10,-1.5579038797570508
0.33199,3.7821379036650347e-10,3.959141053358033e-10,5.889232968723702e-10,5.017860648610193e-10,2.4840900262896043e-10,-0.13971141349198968
0.33209,5.252461968393147e-10,3.965047173349196e-10,5.895814683222928e-10,5.02406417992252e-10,2.490351524659723e-10,1.2529776698060764
0.3322,6.115357685635418e-10,3.9731580060016295e-10,5.902379023764617e-10,5.031101495573715e-10,2.502092175458639e-10,2.280783886133635
0.3323,5.388422340345252e-10,3.968064364205112e-10,5.89820426026173e-10,5.026653000475713e-10,2.494738381246041e-10,1.4039208675861137
0.3324,4.1833046307632195e-10,3.952182367630662e-10,5.901647510380176e-10,5.024134833944047e-10,2.4703985724877645e-10,0.19419594082332325
0.33251,3.129733373739733e-10,3.969384640864019e-10,5.896076305999496e-10,5.025880648421895e-10,2.500736560285714e-10,-0.6140246816552474
0.33261,2.65163709563148e-10,3.936689921503481e-10,5.874634160567368e-10,5.00045455601307e-10,2.4476281752851445e-10,-0.9052647081913684
0.33272,3.408704964922021e-10,3.972582960138016e-10,5.908098475996466e-10,5.034216619505742e-10,2.4939746935785177e-10,-0.42962732259646813
0.33282,4.424213034446586e-10,3.992427010868816e-10,5.932512051054348e-10,5.056390305696562e-10,2.5124000151788946e-10,0.3879737579791447
0.33292,4.738249582079982e-10,4.019842431275345e-10,5.970786179564624e-10,5.089646437562004e-10,2.5327187406044873e-10,0.6587842615180465
0.33303,4.4704276255062934e-10,4.011362697463261e-10,5.976554330281604e-10,5.089696693900095e-10,2.5054565424319675e-10,0.3914995528807095
0.33313,3.610085615534428e-10,4.0217833322253106e-10,5.980370219828979e-10,5.096033319105039e-10,2.525948646901053e-10,-0.31421752774630557
0.33324,2.8098684272127415e-10,3.9971146670331617e-10,5.96019391663466e-10,5.074476073125236e-10,2.490791276550371e-10,-0.8369792495763344
0.33334,2.8100794158045307e-10,4.0451074861202967e-10,6.020965530091742e-10,5.12907741508521e-10,2.5334530754080853e-10,-0.8507929497943019
0.33345,3.1589492184884755e-10,4.033712445723963e-10,6.016128270368121e-10,5.121748400003641e-10,2.5119231479685397e-10,-0.6430582751053574
0.33355,3.843853123640859e-10,4.059129227745941e-10,6.045715703029848e-10,5.149140748621814e-10,2.537584384662915e-10,-0.17279176631744092
0.33366,4.5115076679499344e-10,4.0570936609451034e-10,6.044141613195152e-10,5.147417664678401e-10,2.534561143151802e-10,0.38313310947579926
0.33376,4.676795967860348e-10,4.0677975291320184e-10,6.050459235075928e-10,5.15534140633293e-10,2.552707757931199e-10,0.5356281638309307
0.33386,4.384255061510865e-10,4.066453019354217e-10,6.047723094424228e-10,5.153226049102152e-10,2.5526241311304775e-10,0.2733084802782741
0.33397,3.5588040893062683e-10,4.0372359459307275e-10,6.013971167657788e-10,5.121867351287232e-10,2.5229197802468954e-10,-0.3699416476687086
0.33407,3.3770305106964795e-10,4.052842422434543e-10,6.022559547645452e-10,5.133047943845667e-10,2.550208660578778e-10,-0.4954306421744879
0.33418,4.5010301896943707e-10,4.045439445134487e-10,6.019198633466535e-10,5.128155423716257e-10,2.5364472078174953e-10,0.39495628929584004
0.33428,5.293644751304308e-10,4.019442388003551e-10,6.001515243610673e-10,5.107525231895874e-10,2.4952827215643676e-10,1.1766991407711929
0.33439,5.724717770537034e-10,4.0491504347566907e-10,6.021193089768342e-10,5.130801504496809e-10,2.542901517740325e-10,1.6556682963691802
0.33449,5.276972684162103e-10,4.054140328228557e-10,6.021352037680854e-10,5.132858951212734e-10,2.554728946816826e-10,1.1648934063991312
0.3346,4.318303866558389e-10,4.022046580606488e-10,5.995193764685324e-10,5.104857994102299e-10,2.5088591149813517e-10,0.24188699629026156
0.3347,2.88208665310049e-10,4.048208067669521e-10,6.007020278335393e-10,5.122112812421651e-10,2.5575890736369273e-10,-0.8012977397577247
0.33481,2.5394544243566556e-10,4.039071978451787e-10,6.003766253580719e-10,5.11660375453953e-10,2.5394544243566556e-10,-1.5967834977331912
0.33491,2.5159014058659194e-10,4.029791961081051e-10,6.004882957385883e-10,5.113597399404113e-10,2.5159014058659194e-10,-1.604553733490966
0.33502,2.721273739481574e-10,4.0330398745946585e-10,6.008263848344609e-10,5.116902412509669e-10,2.5195643170222453e-10,-0.8981440406163369
0.33512,3.63140719030042e-10,4.0409332092528237e-10,6.018673984293093e-10,5.12609028704404e-10,2.526158870612868e-10,-0.3191973663118461
0.33523,3.6777186335674574e-10,4.0540076193352857e-10,6.027359313112957e-10,5.13633980829937e-10,2.54717636195293e-10,-0.28501856508711443
0.33533,3.556816834135775e-10,4.03548429914475e-10,6.015235890815046e-10,5.12191929722422e-10,2.517234208777624e-10,-0.37320285064216324
0.33544,3.513988881697935e-10,4.0301129419641344e-10,6.012272741385207e-10,5.118049479220488e-10,2.5079586535465114e-10,-0.4039950116161902
0.33554,3.674692076937736e-10,4.051262184831813e-10,6.029870169315919e-10,5.136732815847416e-10,2.537602165646782e-10,-0.2909022727554873
0.33565,4.5411099032415255e-10,4.0570350400290326e-10,6.036909934760466e-10,5.14314069745394e-10,2.5430670179981277e-10,0.4188784322317407
0.33575,5.443869729367221e-10,4.043038104057821e-10,6.029298371575943e-10,5.133145217954348e-10,2.518669629652514e-10,1.317786723651828
0.33586,5.743285566744094e-10,4.075359467845606e-10,6.051824637431069e-10,5.159108446714701e-10,2.56936975093724e-10,1.6510076070782125
0.33596,5.284577603727846e-10,4.064034146189977e-10,6.042420558454839e-10,5.149123954563867e-10,2.5533657700592184e-10,1.148687213868
0.33607,4.3518372705650086e-10,4.058028837023452e-10,6.035897588168281e-10,5.142931976416336e-10,2.5466962763057315e-10,0.2523570896957392
0.33617,3.025530968437627e-10,4.061118285090105e-10,6.038919886333456e-10,5.145969453347679e-10,2.5504283968749826e-10,-0.7283708520725861
0.33628,2.527063354668162e-10,4.048420059892408e-10,6.033005871598852e-10,5.137455168554588e-10,2.527063354668162e-10,-1.1927274365260498
0.33638,2.558763141343505e-10,4.0695401180314636e-10,6.048898427021837e-10,5.155113661359565e-10,2.558763141343505e-10,-1.3181524505492306
0.33649,2.6156442498740606e-10,4.0639861308275726e-10,6.045411700941929e-10,5.150876917338762e-10,2.549586269373726e-10,-0.9617599098221988
0.33659,2.96231897019561e-10,4.0596876779056186e-10,6.041274583851393e-10,5.146749778486739e-10,2.544225408365683e-10,-0.7680201281284585
0.3367,3.211099230562399e-10,4.033849489624683e-10,6.020415643003503e-10,5.124314977836015e-10,2.507213552206955e-10,-0.6122675462139686
0.3368,3.679943809284725e-10,4.056026364489294e-10,6.033458335113653e-10,5.140723921621176e-10,2.54471317296427e-10,-0.2873578479862483
0.33691,4.4242304927529e-10,4.05361473664282e-10,6.032119308170276e-10,5.138976892477594e-10,2.5405885859735e-10,0.3169944006393095
0.33701,5.181672035767171e-10,4.040449765650282e-10,6.025496776749954e-10,5.129953485103063e-10,2.5165582537130757e-10,1.041499168259461
0.33712,6.232799208182881e-10,4.0755097452026787e-10,6.048543414282815e-10,5.157248227807629e-10,2.5736211310718694e-10,2.244502328982298
0.33722,6.835574676961409e-10,4.033906614386489e-10,6.0292902896423e-10,5.129019510232504e-10,2.495776166477134e-10,3.0062422872193677
0.33733,6.585761267987132e-10,4.061889989330155e-10,6.053937555896902e-10,5.155092368211051e-10,2.534681454699815e-10,2.6580117553575753
0.33744,5.620216523526111e-10,4.09804030763875e-10,6.078154901142646e-10,5.183643909078303e-10,2.5914933127666186e-10,1.4870102867702237
0.33754,3.496075887333387e-10,4.0478009396817943e-10,6.039766507593354e-10,5.141114502914201e-10,2.517964096613476e-10,-0.4279510120563159
0.33765,2.588677373849477e-10,4.0920795661088054e-10,6.069336738034346e-10,5.175982476277289e-10,2.588677373849477e-10,-2.129298568430455
0.33775,2.6095586223127934e-10,4.1046997353578017e-10,6.077371525181094e-10,5.18566326461086e-10,2.6095586223127934e-10,-2.439928744207785
0.33786,2.566594527550933e-10,4.079835950498323e-10,6.063118594607958e-10,5.167509261357645e-10,2.566594527550933e-10,-1.8406006110290158
0.33796,3.2849726203013537e-10,4.0533547223196113e-10,6.045459540869562e-10,5.146699639900407e-10,2.5241761436410947e-10,-0.571986167447789
0.33807,4.169022658742074e-10,4.0700519417573564e-10,6.05677853029663e-10,5.159926911981502e-10,2.550684642958944e-10,0.08295421521468102
0.33818,4.375760660900674e-10,4.057293318915616e-10,6.046966213494502e-10,5.149141566716526e-10,2.531767576765185e-10,0.25985164542932093
0.33828,4.1836538745088315e-10,4.0696749723356524e-10,6.054128620670913e-10,5.158229099801853e-10,2.5528976268749737e-10,0.09751205971213442
0.33839,3.8962019690829134e-10,4.068245388608065e-10,6.054729730933899e-10,5.158018396261267e-10,2.5487532613826914e-10,-0.13503416844092156
0.33849,3.8673199298953826e-10,4.060476107799934e-10,6.052140226837916e-10,5.153430077810272e-10,2.5332667779340926e-10,-0.15950901651792634
0.3386,4.537825906927826e-10,4.086339620894871e-10,6.072877959215298e-10,5.175778113646312e-10,2.570715838574484e-10,0.3958432314740139
0.33871,4.782647285163433e-10,4.072080441798972e-10,6.064190981220276e-10,5.16510492829464e-10,2.5466196222822726e-10,0.6206078373464081
0.33881,4.263111065363688e-10,4.099254224560988e-10,6.109145630824215e-10,5.208004612832404e-10,2.5593304447172946e-10,0.13872186168091136
0.33892,3.3547987956460195e-10,4.0718691956213716e-10,6.059142329472363e-10,5.162062760107833e-10,2.552010035294892e-10,-0.526920585379042
0.33902,2.505162157619254e-10,4.0394120307828024e-10,6.033357200396586e-10,5.134111126198441e-10,2.505162157619254e-10,-1.1562501701011791
0.33913,2.5882304086125274e-10,4.09237668491288e-10,6.070225058149556e-10,5.176634753304177e-10,2.5882304086125274e-10,-1.7174805033194158
0.33924,2.544525097508642e-10,4.0667555410943454e-10,6.05516806483196e-10,5.157703464623834e-10,2.544525097508642e-10,-1.628783162208749
0.33934,2.5762676861309936e-10,4.086350898539138e-10,6.06812721237006e-10,5.173019897384191e-10,2.5762676861309936e-10,-0.9885571851975434
0.33945,4.259698746721411e-10,4.0550844826467165e-10,6.044859150253525e-10,5.147037810090611e-10,2.5289624055118516e-10,0.16066533466880512
0.33955,4.688239218827914e-10,4.0423937937978057e-10,6.032381128475515e-10,5.134742628539134e-10,2.513160605526897e-10,0.5468948404287076
0.33966,4.6542094110955157e-10,4.041809180966839e-10,6.027913907506156e-10,5.131861642473676e-10,2.517288805606643e-10,0.5211107889412763
0.33977,4.6306692655885416e-10,4.0523945040378477e-10,6.026938471718229e-10,5.135458233179266e-10,2.543809992725177e-10,0.5099605640219868
0.33987,4.69402114391942e-10,4.0490980613886626e-10,6.024732025811381e-10,5.132855440738342e-10,2.5385369383788623e-10,0.5694005489418779
0.33998,4.876930030053326e-10,4.0553177968585713e-10,6.029576295994727e-10,5.138170815819582e-10,2.547516564764709e-10,0.7440865839917502
0.34009,5.143419325572754e-10,4.0447245861708357e-10,6.023040904082431e-10,5.130139998909021e-10,2.5300031714418647e-10,1.0116370886477632
0.34019,5.060321396796977e-10,4.0427827933857233e-10,6.024426988995002e-10,5.131423868269354e-10,2.516935921227348e-10,0.9200992037858722
0.3403,4.718583155777305e-10,4.0378513545645067e-10,6.008377971439092e-10,5.118828068561109e-10,2.5310358055725117e-10,0.6045625341886444
0.34041,4.224124607069997e-10,4.017699023649792e-10,5.98890071975167e-10,5.099452183818904e-10,2.5059017843965264e-10,0.1640839388349347
0.34051,4.023109756330777e-10,4.0299157983518326e-10,5.999485370272933e-10,5.110457911465465e-10,2.5227190313153435e-10,-0.005967228164888929
0.34062,4.074003680143851e-10,4.03413477495473e-10,6.00342827483965e-10,5.114461857683542e-10,2.5279863241012063e-10,0.03440443155257318
0.34073,3.9753229883046213e-10,4.0368893884077954e-10,6.005233502064706e-10,5.1165981109113e-10,2.532501208128018e-10,-0.0456408172850813
0.34083,3.591224645425892e-10,4.0349133211873784e-10,6.001978542021038e-10,5.113909468336729e-10,2.5316328802427307e-10,-0.33834745683147693
0.34094,2.48960159514253e-10,3.9840311911675405e-10,5.937611584364345e-10,5.056071235176875e-10,2.486223872430339e-10,-1.0052972255475334
0.34105,2.4554163477568853e-10,3.9529637101407016e-10,5.900989435317909e-10,5.022322582358847e-10,2.4554163477568853e-10,-1.5580587144610216
0.34115,2.447363018122316e-10,3.9479103320068705e-10,5.897639697047514e-10,5.018359711205282e-10,2.447363018122316e-10,-1.6162958641175957
0.34126,2.4687946900483963e-10,3.9610745100194e-10,5.905992265871618e-10,5.028461501291516e-10,2.4687946900483963e-10,-1.294887655853551
0.34137,3.169652506785384e-10,3.960471739905743e-10,5.906713140664061e-10,5.028648453330725e-10,2.4665171345736374e-10,-0.5984956396009073
0.34147,4.571604339412731e-10,3.9847671958631583e-10,5.922719278362963e-10,5.047623011501369e-10,2.5056806245482885e-10,0.5319989552310028
0.34158,5.372143029276883e-10,3.945929689826625e-10,5.89539656805065e-10,5.016264755444191e-10,2.445280073630693e-10,1.3631896565559887
0.34169,5.337010776006492e-10,3.959462031029057e-10,5.903385886174685e-10,5.026290347090228e-10,2.4680852438103744e-10,1.3263884454531767
0.34179,4.899433274892899e-10,3.941839439143815e-10,5.872323389645152e-10,5.001109653111623e-10,2.4627691307026467e-10,0.8891348406441435
0.3419,4.737101729522279e-10,3.9318222927795124e-10,5.856684323380209e-10,4.987984410263038e-10,2.4573363805723297e-10,0.7371077086545731
0.34201,5.158385456653798e-10,3.9554994500486114e-10,5.872326155848258e-10,5.00648483545766e-10,2.4960829664317054e-10,1.1808534688836267
0.34211,5.405719555466164e-10,3.9293865775355573e-10,5.850907588684925e-10,4.983751031524746e-10,2.45824579058228e-10,1.4650440989735154
0.34222,5.371907551224398e-10,3.9456089795422503e-10,5.866622638068507e-10,4.999250225197065e-10,2.4785772069996487e-10,1.4170063942689055
0.34233,4.668645371212283e-10,3.937559354770723e-10,5.86246316971525e-10,4.993633474574772e-10,2.464219992849505e-10,0.6660361741307619
0.34244,2.888386112257875e-10,3.914547302987818e-10,5.845465545550645e-10,4.974564404081029e-10,2.429462630348587e-10,-0.7593617403893883
0.34254,2.4098995042838903e-10,3.8993734829154166e-10,5.831433780826189e-10,4.960360157409057e-10,2.4098995042838903e-10,-2.007496201409316
0.34265,2.4892125935619554e-10,3.9479827965525124e-10,5.862523272912509e-10,4.997776005638437e-10,2.4892125935619554e-10,-2.629444786213374
0.34276,2.409646056751886e-10,3.901514452463847e-10,5.835885147962813e-10,4.964119158224909e-10,2.409646056751886e-10,-2.1292922915781274
0.34286,2.4838660903507e-10,3.9488446126835036e-10,5.868689353630547e-10,5.001742978315837e-10,2.4838660903507e-10,-1.1535091322322975
0.34297,3.92101875539693e-10,3.9450505696376933e-10,5.869843560206655e-10,5.00092134379479e-10,2.4734001571215387e-10,-0.016972297171388828
0.34308,4.687930759651892e-10,3.960406403071651e-10,5.882116850655974e-10,5.01417439262425e-10,2.495679821780391e-10,0.6787669701195223
0.34319,4.4260879741088556e-10,3.927863148997957e-10,5.857025957238941e-10,4.986625810121339e-10,2.4474694611306193e-10,0.43057168038485855
0.34329,3.941336610516766e-10,3.9298258567028995e-10,5.851428866443185e-10,4.98411226444211e-10,2.458797927885875e-10,0.007939371961936245
0.3434,3.7252256975821763e-10,3.925380144619714e-10,5.849777483331618e-10,4.98138954585508e-10,2.45012533423803e-10,-0.16932129838132098
0.34351,3.807331488293944e-10,3.928928406447762e-10,5.852898648944014e-10,4.984623561282588e-10,2.45489157190759e-10,-0.10431527569774333
0.34362,4.511575023109823e-10,3.9532785467942287e-10,5.870897862786676e-10,5.004783887948568e-10,2.491915642569036e-10,0.515720893234161
0.34372,5.09510270559908e-10,3.9288141726346626e-10,5.864037078411903e-10,4.991106093617454e-10,2.4415062194729954e-10,1.0945973026761742
0.34383,5.342399451805011e-10,3.966722507889581e-10,5.888086765360522e-10,5.02016950871559e-10,2.503742372657602e-10,1.3696387213615269
0.34394,5.246654237143168e-10,3.957350507801956e-10,5.879680956713629e-10,5.011520227742717e-10,2.4912992789802353e-10,1.2665725306312712
0.34405,4.3246548966761125e-10,3.9446947860978985e-10,5.873006555934599e-10,5.002644773273935e-10,2.468651828947643e-10,0.33077074007283735
0.34415,4.05661523289446e-10,3.9389620189224734e-10,5.867458005146555e-10,4.997114078317134e-10,2.4617193628935897e-10,0.09540950287283737
0.34426,4.360668939664284e-10,3.953707443118649e-10,5.879002892576091e-10,5.009719058015496e-10,2.483261611964713e-10,0.36401554493229615
0.34437,4.704646117457666e-10,3.937229764894432e-10,5.868452902668788e-10,4.996998572746709e-10,2.4563902015236524e-10,0.692714785319788
0.34448,4.2911223789062743e-10,3.9375586142698857e-10,5.88669011920397e-10,5.003746317153939e-10,2.45719624450172e-10,0.3005983395321512
0.34459,3.214779163815797e-10,3.9573032306213843e-10,5.879442740293273e-10,5.011393931347209e-10,2.491398769986379e-10,-0.5515790161047245
0.34469,2.514748624942418e-10,3.969569910882509e-10,5.884677715736212e-10,5.019284096021095e-10,2.514748624942418e-10,-1.4885603513590469
0.3448,2.459460938855424e-10,3.9350355555442603e-10,5.861389946197187e-10,4.992010267634644e-10,2.459460938855424e-10,-1.8560666304459443
0.34491,2.510146406675084e-10,3.96611759180933e-10,5.882678624380138e-10,5.016140525102714e-10,2.510146406675084e-10,-1.6005017759366709
0.34502,2.5793873455758797e-10,3.9386950812922097e-10,5.866052691474412e-10,4.996191576229067e-10,2.4626704650243884e-10,-0.9407018074810376
0.34512,3.525263533936598e-10,3.945821334472696e-10,5.871878577152742e-10,5.002420180884173e-10,2.472823645936415e-10,-0.3304198373834111
0.34523,3.99720357548714e-10,3.9463702067417795e-10,5.871946281355572e-10,5.002673858833312e-10,2.474073745339839e-10,0.04531908637358841
0.34534,4.1621756031284475e-10,3.9298108840659714e-10,5.858586555487713e-10,4.98830304972034e-10,2.4503040173869017e-10,0.19010215947548742
0.34545,4.2673234329562473e-10,3.9401011402867413e-10,5.866094066397335e-10,4.996770446930721e-10,2.4659874444633694e-10,0.2835031499112765
0.34556,4.563925457571872e-10,3.93750832320268e-10,5.863802056149383e-10,4.994405653333793e-10,2.462486285885837e-10,0.5616009394365056
0.34567,5.32462475565047e-10,3.942750859544278e-10,5.868531695502814e-10,4.999245963450104e-10,2.4694394238291006e-10,1.356227015178869
0.34577,5.846020110082337e-10,3.9448783728739244e-10,5.873245889618134e-10,5.002849596510372e-10,2.4689427709572477e-10,1.9654235664087538
0.34588,5.586568308408632e-10,3.9204437007840514e-10,5.859782581255839e-10,4.985296455701664e-10,2.4266826026140107e-10,1.6457267808522154
0.34599,4.571727626198426e-10,3.946549087641461e-10,5.879397219510375e-10,5.007120613660507e-10,2.465629638367246e-10,0.5561167807773701
0.3461,4.0320731682850097e-10,3.944428565568231e-10,5.876250262012867e-10,5.00443984737349e-10,2.464275441802949e-10,0.06883873544224584
0.34621,3.829468103834952e-10,3.950383692697056e-10,5.876910643202155e-10,5.007172612698533e-10,2.477774665460965e-10,-0.0956116575062851
0.34631,3.946563875322789e-10,3.9501051017693394e-10,5.879355742345115e-10,5.008511626573192e-10,2.474110089197356e-10,-0.0022128327146368246
0.34642,3.7367816871161234e-10,3.980430823908476e-10,5.9191971293021e-10,5.047698421134959e-10,2.4858594619753873e-10,-0.19114747292814224
0.34653,2.8602663012345823e-10,3.93953898298979e-10,5.872428240107116e-10,5.000261100838115e-10,2.460845411572155e-10,-0.7805894635698336
0.34664,2.803587476237465e-10,3.945355889887944e-10,5.87487991274015e-10,5.003818323205993e-10,2.4691338950158277e-10,-0.8148011504466097
0.34675,2.7627844819470507e-10,3.9641573098014225e-10,5.903692119502493e-10,5.028325317504404e-10,2.4789187369856194e-10,-0.8472184382653744
0.34686,2.9535319363347983e-10,3.9628597190406097e-10,5.902203004087396e-10,5.026947252960823e-10,2.4775387479087684e-10,-0.7329470487479388
0.34697,3.4072499155544804e-10,3.9713345142836935e-10,5.910282621411734e-10,5.034981145966883e-10,2.488232722487162e-10,-0.43305356638787496
0.34707,3.734885909409899e-10,3.978651143674561e-10,5.913858673022583e-10,5.040011137677319e-10,2.5015569418940637e-10,-0.18739812276604656
0.34718,4.2543735464314724e-10,3.9792736696347116e-10,5.915565123556922e-10,5.041257722101445e-10,2.5010198797041437e-10,0.2443442006825568
0.34729,4.5946568154609575e-10,3.9730879004723246e-10,5.911957584412835e-10,5.036696736088583e-10,2.4904987694006966e-10,0.558121179518655
0.3474,4.3103687269160167e-10,3.958524362945912e-10,5.901188019806044e-10,5.024632359309223e-10,2.4684356433298105e-10,0.29496902478136844
0.34751,4.225771242464892e-10,3.973529044286155e-10,5.91200435722067e-10,5.036916014063303e-10,2.4913975124485073e-10,0.2187361410491091
0.34762,4.2585282233345e-10,3.957799014802508e-10,5.899401138322077e-10,5.023297891704553e-10,2.468818166402486e-10,0.2501088716691311
0.34773,4.2450319835680356e-10,3.9692847223130476e-10,5.906942930111041e-10,5.032258536273886e-10,2.4873398100014633e-10,0.2384575188148317
0.34783,4.470265955790658e-10,3.9775786451314934e-10,5.9266876656693e-10,5.047114309573121e-10,2.483751432300223e-10,0.4254180510118299
0.34794,4.647246390438326e-10,3.994779045782244e-10,5.938715227802119e-10,5.060954210671908e-10,2.51068013293517e-10,0.5919321479090559
0.34805,4.638909350915219e-10,3.985077236037905e-10,5.934181187942968e-10,5.054464861114755e-10,2.4928265575646063e-10,0.5813064326445434
0.34816,4.4652756308841943e-10,3.971969363234485e-10,5.924500057295216e-10,5.043611410640547e-10,2.472988167570537e-10,0.4186644206083134
0.34827,4.0464126521063504e-10,3.984993384966915e-10,5.93256673892248e-10,5.053486615995845e-10,2.4945277461518085e-10,0.05055835027865002
0.34838,3.901886488688139e-10,3.9904655738573074e-10,5.937010654956381e-10,5.058256644682285e-10,2.502334460586182e-10,-0.06908339796839556
0.34849,3.4631580024068666e-10,3.9858695179251453e-10,5.934571777760753e-10,5.055019746541346e-10,2.4941801394473597e-10,-0.4040954738199194
0.3486,3.537123361126864e-10,3.9868374342842776e-10,5.938690032470081e-10,5.057819036745844e-10,2.4915946824828894e-10,-0.35327762844458865
0.34871,3.6131206920980174e-10,3.9954980372421803e-10,5.945542555918087e-10,5.0652433888098e-10,2.5042784766698684e-10,-0.2979810596825302
0.34882,3.813350522250406e-10,3.988968909830291e-10,5.939909370182645e-10,5.059361382061726e-10,2.495341090774177e-10,-0.1434030365356904
0.34892,3.498862793907621e-10,3.9844985114369415e-10,5.935479821857502e-10,5.055002477490086e-10,2.489878142585077e-10,-0.37974558177112455
0.34903,3.354101424834224e-10,3.9969856502969697e-10,5.942701136908763e-10,5.064158694539339e-10,2.5112572145462234e-10,-0.4813884259817563
0.34914,3.1719486501505797e-10,4.0027542612080215e-10,5.945136306572279e-10,5.067886440286351e-10,2.522200582020644e-10,-0.6033675022561888
0.34925,3.7699664290488524e-10,3.989231771603792e-10,5.938357093543513e-10,5.058557170608118e-10,2.49779649945497e-10,-0.1758420592280517
0.34936,4.6122074062798515e-10,3.9933711787862235e-10,5.944372475290648e-10,5.063726463894584e-10,2.5005241840923434e-10,0.5494396913532422
0.34947,5.388555118077136e-10,3.968244667494435e-10,5.933512307006792e-10,5.046651762067525e-10,2.458870088158378e-10,1.3475296643753656
0.34958,5.306893356569886e-10,3.9788239814797897e-10,5.93543923695874e-10,5.052758795590751e-10,2.476269204386902e-10,1.258371273197253
0.34969,4.5571348421279215e-10,4.0051941337132905e-10,5.952699364863973e-10,5.073289188449899e-10,2.5189000364250745e-10,0.4966051754238483
0.3498,3.643896571710852e-10,3.96848482581084e-10,5.914498151690861e-10,5.036371233138453e-10,2.476594318516221e-10,-0.2638791470247401
0.34991,2.637429485987195e-10,3.9769478445704e-10,5.91263124067349e-10,5.038605155894461e-10,2.499008534583251e-10,-0.9180828893285377
0.35002,3.079824803847668e-10,3.9720519573886204e-10,5.90514565734007e-10,5.032115691627476e-10,2.4969241322669635e-10,-0.65085338564571
0.35013,4.084663978892719e-10,3.9678425446615354e-10,5.901975884371502e-10,5.028714409099798e-10,2.4900852951562316e-10,0.10335315096815442
0.35024,4.731173257310117e-10,3.9688894569825946e-10,5.899137530781809e-10,5.027546891442298e-10,2.495576706176801e-10,0.7050856248897828
0.35035,4.6045597755804166e-10,3.9450388259270685e-10,5.869540223715945e-10,5.000733021342841e-10,2.4737679206472304e-10,0.6002139641004057
0.35046,4.2769857288421074e-10,3.950563838105954e-10,5.870172135945138e-10,5.003285883639763e-10,2.4862612522356604e-10,0.29557442033759573
0.35057,4.0890292420636043e-10,3.9372646548640946e-10,5.858996637165635e-10,4.991484444785896e-10,2.4676440398294247e-10,0.13145049833990793
0.35068,4.4010350786549355e-10,3.9338806920471217e-10,5.856785052575565e-10,4.988856316884628e-10,2.4621288597123174e-10,0.41276129740080986
0.35079,4.472593470096116e-10,3.9451926052703597e-10,5.865296798494841e-10,4.998314989494046e-10,2.479119751508052e-10,0.4789094422750528
0.3509,4.361337303626086e-10,3.9226362996011117e-10,5.851438986582272e-10,4.981285676522288e-10,2.441592464685657e-10,0.37274521667867605
0.351,3.690036026678268e-10,3.9365794854083446e-10,5.856594353452451e-10,4.98980990120848e-10,2.4688219934098764e-10,-0.1965312383500179
0.35111,2.728229678524381e-10,3.94015256835898e-10,5.860948362901243e-10,4.993771190990051e-10,2.4722293666218366e-10,-0.8541054707276509
0.35122,2.419814351127633e-10,3.9029455974835315e-10,5.830206140010837e-10,4.961046552829106e-10,2.419814351127633e-10,-1.1427928719565528
0.35133,2.4693533467620783e-10,3.9100126429537544e-10,5.802721187216533e-10,4.947705193237591e-10,2.4693533467620783e-10,-1.0340617502059861
0.35144,2.939621821701484e-10,3.86435665854266e-10,5.757926855031224e-10,4.903415931214076e-10,2.4130895154187e-10,-0.6963209000757341
0.35155,3.637478411412441e-10,3.8642686817701143e-10,5.759822205399499e-10,4.904496906153804e-10,2.4106342739431724e-10,-0.19419000989338006
0.35166,4.221565044378143e-10,3.8616379936467593e-10,5.752979155974455e-10,4.899440061338923e-10,2.412473204806639e-10,0.31517285303645964
0.35177,4.1841826791421123e-10,3.877691981716453e-10,5.761725610009436e-10,4.91090044571278e-10,2.4405836632428404e-10,0.2829012642406593
0.35188,4.1454382071812316e-10,3.8625875517365484e-10,5.74777945582043e-10,4.896757582977453e-10,2.420953373360848e-10,0.2521988164337327
0.35199,4.746295325785571e-10,3.8498816811190483e-10,5.74191907577387e-10,4.888318675411686e-10,2.397476317563715e-10,0.837590360867712
0.3521,5.024445737379887e-10,3.836738744085508e-10,5.730122600219278e-10,4.876195604117679e-10,2.3801323159162196e-10,1.1422064129889775
0.35221,5.048214584451951e-10,3.867813298643733e-10,5.753555250589132e-10,4.902207585890533e-10,2.4266144064629924e-10,1.164411160119956
0.35232,4.833707373384512e-10,3.8598417999153366e-10,5.752517626789964e-10,4.898455129236207e-10,2.408761010378217e-10,0.9236703164693557
0.35244,4.3157019356947455e-10,3.8381754432893323e-10,5.723373872600033e-10,4.872805253235307e-10,2.39151887830955e-10,0.4215580870962711
0.35255,3.629943939548564e-10,3.814016749086265e-10,5.684266993201388e-10,4.840330188940474e-10,2.380082964521063e-10,-0.16123126286696948
0.35266,2.877439310309172e-10,3.773650808029197e-10,5.628383346787953e-10,4.791628590512452e-10,2.3497435049083937e-10,-0.695262395245622
0.35277,2.671558971838911e-10,3.804743279714289e-10,5.657033375580164e-10,4.820693619809491e-10,2.3902388239693153e-10,-0.8303610559404222
0.35288,2.994560065003492e-10,3.7805864320097176e-10,5.644037250063365e-10,4.803528164998507e-10,2.347926780118873e-10,-0.6235144010851877
0.35299,3.8559084752006715e-10,3.7784010100561065e-10,5.624716053184615e-10,4.791317115262255e-10,2.3656266042147656e-10,0.06804640331171723
0.3531,4.4901820703769547e-10,3.768414996879694e-10,5.621714703864576e-10,4.785628775435855e-10,2.3452678425223753e-10,0.6720699287972713
0.35321,4.306260701551947e-10,3.792325855255029e-10,5.637907280861278e-10,4.804581784485804e-10,2.383126460128746e-10,0.4858360813488756
0.35332,3.8295937076930286e-10,3.776504912054798e-10,5.625593160420065e-10,4.791109304605678e-10,2.359892109023828e-10,0.04199672858130523
0.35343,3.3498204896112365e-10,3.789897140094438e-10,5.63076440138027e-10,4.799420910544659e-10,2.3858775475422466e-10,-0.35066412701527583
0.35354,2.3605370834536995e-10,3.77234486251194e-10,5.616716602714923e-10,4.78424894689119e-10,2.3605370834536995e-10,-1.0245917272884497
0.35365,2.3783446054164165e-10,3.7856403744804466e-10,5.628505391980511e-10,4.796418551185403e-10,2.3783446054164165e-10,-1.3081591347886654
0.35376,2.3551713742405975e-10,3.771713747506295e-10,5.619964152230454e-10,4.785906120739938e-10,2.3551713742405975e-10,-1.168895761893689
0.35387,2.7093376145145373e-10,3.784364750294078e-10,5.62984493117566e-10,4.79669075766057e-10,2.3737493240218256e-10,-0.7998293439084643
0.35398,3.6128603482627596e-10,3.777680118281388e-10,5.626485448948799e-10,4.792059518463377e-10,2.361853830891583e-10,-0.1432036382401257
0.35409,4.568979912376803e-10,3.774077446312398e-10,5.622854265299901e-10,4.788530171216665e-10,2.3574241874015485e-10,0.7584015923997632
0.3542,4.359242138294848e-10,3.778504214590811e-10,5.626798577659059e-10,4.792590521430561e-10,2.3633365926626233e-10,0.541471441048123
0.35431,3.774520124881524e-10,3.778222606750027e-10,5.624751632791201e-10,4.791262906427845e-10,2.3651764254447044e-10,-0.0036214302280064368
0.35443,2.82956820287358e-10,3.7813135475007446e-10,5.644116014194688e-10,4.793009335761515e-10,2.3707420454174014e-10,-0.7222349534082868
0.35454,2.3867826601042715e-10,3.7899439720066324e-10,5.630144891141465e-10,4.799068524923413e-10,2.3867826601042715e-10,-1.5209260994580958
0.35465,2.705938822890418e-10,3.764619241858226e-10,5.616432452180003e-10,4.782007788495811e-10,2.317045286246343e-10,-0.8103141509772931
0.35476,4.485917949491866e-10,3.763333152027125e-10,5.611372498383276e-10,4.777559804617567e-10,2.3453450294079086e-10,0.6781424576070179
0.35487,6.351621268139643e-10,3.7628209981914494e-10,5.612096849406149e-10,4.777751857675075e-10,2.3455823410941083e-10,2.992000691266387
0.35498,6.888017401035975e-10,3.737315942901034e-10,5.592692221464566e-10,4.756292160626105e-10,2.305692123614185e-10,3.8372915587230305
0.35509,6.462223003337458e-10,3.766835035086143e-10,5.610383603065372e-10,4.778344684454546e-10,2.354906994895889e-10,3.1865038959256444
0.3552,5.673946151081959e-10,3.761978163644223e-10,5.613165085639678e-10,4.778065066038047e-10,2.340047721572378e-10,2.0651468236204003
0.35531,3.737243608571043e-10,3.7802450176055647e-10,5.627629058590542e-10,4.793756231741208e-10,2.366566377240558e-10,-0.037522744471804696
0.35542,2.361420519209442e-10,3.778458417517931e-10,5.628503659524242e-10,4.793509323657541e-10,2.361420519209442e-10,-1.5879586001902137
0.35554,2.405681447822394e-10,3.801663946963157e-10,5.637986445045699e-10,4.808288310913577e-10,2.405681447822394e-10,-2.6164369778340872
0.35565,2.383510635645614e-10,3.7881577920010674e-10,5.62801122397305e-10,4.797330792521811e-10,2.383510635645614e-10,-2.854838719312029
0.35576,2.364016856805059e-10,3.7671956079763685e-10,5.603436090792026e-10,4.774444883920886e-10,2.364016856805059e-10,-2.1588332879301406
0.35587,2.353324416403451e-10,3.7552621940734976e-10,5.58834361923142e-10,4.760861701910342e-10,2.353324416403451e-10,-1.032755733167358
0.35598,4.0126766482982934e-10,3.74611323319795e-10,5.583992454560955e-10,4.754631748420991e-10,2.3371936378308033e-10,0.2336014053411004
0.35609,4.5533416207406366e-10,3.7551302302623457e-10,5.591633866940948e-10,4.762729886079522e-10,2.3491629508032765e-10,0.7708994848524643
0.3562,4.148570080322468e-10,3.750814670370963e-10,5.58463039745844e-10,4.756936063796646e-10,2.347029684958836e-10,0.36567802851401876
0.35631,3.8332029209854644e-10,3.7552268449615843e-10,5.589775340033663e-10,4.761681904076237e-10,2.3515689004939524e-10,0.06929454624842238
0.35643,3.84176186962693e-10,3.7496715772699527e-10,5.58595630078583e-10,4.757250789908622e-10,2.342797963518418e-10,0.07690467900229016
0.35654,4.722127095593896e-10,3.7705330158715515e-10,5.602476979762829e-10,4.775191235042376e-10,2.373052338105985e-10,0.9520014666771144
0.35665,5.127753928530453e-10,3.7365470061478674e-10,5.577644097296088e-10,4.747202530539992e-10,2.321277232984933e-10,1.42137168841028
0.35676,5.224359388450701e-10,3.80625624093338e-10,5.637661311401965e-10,4.812172906211969e-10,2.3725598935462054e-10,1.4964860769168276
0.35687,4.599827423022771e-10,3.7653029184578596e-10,5.592771322826721e-10,4.767413088032693e-10,2.3721989935187473e-10,0.8294033320722396
0.35698,3.2588635480565003e-10,3.7421681790684446e-10,5.564931191424988e-10,4.741994610908878e-10,2.3495671284466535e-10,-0.392969580003924
0.3571,2.33012556367615e-10,3.728108354350326e-10,5.554023183596182e-10,4.729814138158784e-10,2.33012556367615e-10,-1.9373731429634684
0.35721,2.3637403928686137e-10,3.746619389345295e-10,5.562281036021648e-10,4.74226515242665e-10,2.3637403928686137e-10,-2.2551799110466306
0.35732,2.2812764713198927e-10,3.6890037546063414e-10,5.515696475963822e-10,4.69206968480151e-10,2.2812764713198927e-10,-1.665439963959726
0.35743,2.617809783075607e-10,3.7193862819303125e-10,5.541174550640545e-10,4.719025664434557e-10,2.3235422712548942e-10,-0.8324106311549748
0.35754,4.225519660101741e-10,3.736485505607672e-10,5.561591760222173e-10,4.73660301323185e-10,2.3414058918379553e-10,0.45479488055633727
0.35765,4.886790429090058e-10,3.769128726734149e-10,5.580289574857553e-10,4.762227637197713e-10,2.39674662839963e-10,1.1689244360574174
0.35777,5.144695753906184e-10,3.6961533994426755e-10,5.518832109346846e-10,4.696740893762542e-10,2.2945157845452203e-10,1.5066738479087074
0.35788,4.984559258134684e-10,3.7259718702338103e-10,5.539698847789992e-10,4.720736280485615e-10,2.3411180335386277e-10,1.3122560641480665
0.35799,4.5980592938329674e-10,3.7152799605259423e-10,5.535178355411389e-10,4.713903502599832e-10,2.3206300226706698e-10,0.8665471939662275
0.3581,4.110762270000081e-10,3.70895449157569e-10,5.53161013426567e-10,4.709299496944096e-10,2.3098776303568778e-10,0.3615375463316052
0.35821,3.762338045810474e-10,3.7443079906345486e-10,5.572503444354404e-10,4.747242464647878e-10,2.3459264266846407e-10,0.017185285599900787
0.35833,3.3145452183538986e-10,3.7276766805145474e-10,5.545236767123782e-10,4.724681360634709e-10,2.338492392135377e-10,-0.3411583708374297
0.35844,3.0831832253532857e-10,3.697048097928234e-10,5.514282905486147e-10,4.694435416497247e-10,2.301946871976772e-10,-0.5090014596776744
0.35855,3.4254572108682406e-10,3.7150998144527505e-10,5.52083462198685e-10,4.705389102254311e-10,2.3374531039019504e-10,-0.2375140223929525
0.35866,3.7342901636421054e-10,3.7004388914130443e-10,5.511446942418286e-10,4.694105375852902e-10,2.313422588244399e-10,0.026726349520800566
0.35877,4.3129199010361124e-10,3.7249671343715814e-10,5.529172903174829e-10,4.714168762868937e-10,2.3512554646417214e-10,0.5830179188633486
0.35889,4.34411073519106e-10,3.6804693033117345e-10,5.492644683059357e-10,4.67519766164711e-10,2.287952705615294e-10,0.6252085725081108
0.359,3.4701487197038543e-10,3.684187144908681e-10,5.491721342616824e-10,4.676114905769918e-10,2.2979736731301616e-10,-0.1926082481990159
0.35911,2.3293891264457425e-10,3.700884655949781e-10,5.498916302402823e-10,4.686930325653634e-10,2.3293891264457425e-10,-1.1585383293904392
0.35922,2.329343373963381e-10,3.6980089842083764e-10,5.493240487104068e-10,4.682452410857417e-10,2.329343373963381e-10,-1.2108653845884556
0.35934,2.7919927460355586e-10,3.665223442402432e-10,5.471443196796842e-10,4.656723667266159e-10,2.2767776618229261e-10,-0.7000054432347075
0.35945,4.2583135347080573e-10,4.161466933591546e-10,5.66408700488189e-10,4.912551443485988e-10,2.3200430248617108e-10,0.10422091515831808
0.35956,4.902874406503189e-10,3.73406082519495e-10,5.524264606929895e-10,4.714961400832127e-10,2.3714457674423665e-10,1.2387671160000027
0.35967,5.4914182653875e-10,3.7119941078104164e-10,5.511209000021384e-10,4.698539921521474e-10,2.3413287931915514e-10,1.9892040432262295
0.35979,4.678183868929146e-10,3.6632031024589295e-10,5.482148151580264e-10,4.661914319597138e-10,2.2707889865572797e-10,1.0009789694752291
0.3599,3.195714813692067e-10,3.687305822146023e-10,5.490864997920285e-10,4.67712741749572e-10,2.30404079556727e-10,-0.4127671031623254
0.36001,2.3470132602653025e-10,3.7066705124945995e-10,5.496127050189581e-10,4.687335748704087e-10,2.3470132602653025e-10,-1.4738844900418573
0.36012,2.2840846945137825e-10,3.6636409307309466e-10,5.46200601618748e-10,4.6505714247205544e-10,2.2840846945137825e-10,-1.71098975815027
0.36024,2.2993403688610736e-10,3.67756816361192e-10,5.477242971849486e-10,4.665002102228585e-10,2.2993403688610736e-10,-1.443612219435201
0.36035,3.217586811318364e-10,3.6735388807315776e-10,5.475755437646108e-10,4.662501408113901e-10,2.2916788682956271e-10,-0.38887349885991185
0.36046,4.3904036403194664e-10,3.6928315336756525e-10,5.491634828357993e-10,4.679490460383659e-10,2.3186733606953028e-10,0.6884254065468457
0.36057,4.532923362018409e-10,3.6832713655237566e-10,5.472153431838691e-10,4.664239556399103e-10,2.3192319518122855e-10,0.8645300213410675
0.36069,3.7047768495366224e-10,3.660889086210605e-10,5.451818896960252e-10,4.6435146270183947e-10,2.2895330128414989e-10,0.03705235260595901
0.3608,2.2561114063393049e-10,3.639643551824916e-10,5.437257429956511e-10,4.6265826809340264e-10,2.2561114063393049e-10,-1.0588194602297132
0.36091,2.281610725956743e-10,3.6572009026796427e-10,5.451057175317862e-10,4.6416116483296426e-10,2.281610725956743e-10,-1.5752323627162181
0.36103,2.2915020641800007e-10,3.6652805331391345e-10,5.458999859706722e-10,4.649464212317456e-10,2.2915020641800007e-10,-1.0377711817575015
0.36114,3.8300389644583473e-10,3.6675729425956885e-10,5.463530514295582e-10,4.653015507649202e-10,2.2916699870868302e-10,0.1441298326312135
0.36125,4.778727839699971e-10,3.6842203844962814e-10,5.467800378763415e-10,4.662073763440772e-10,2.3269130951157556e-10,1.1523019261385978
0.36136,4.4827899236796914e-10,3.6692626821890734e-10,5.455858053454265e-10,4.6491743725445257e-10,2.3048790209940828e-10,0.8204632936540389
0.36148,4.034857122828247e-10,3.6565979505133697e-10,5.440117829072966e-10,4.63494450696517e-10,2.293228036372418e-10,0.3620950920225128
0.36159,3.7547240232143704e-10,3.660444667655808e-10,5.442747644398683e-10,4.6380006914748914e-10,2.2993504196536817e-10,0.09280168848827462
0.3617,4.129983251958361e-10,3.663683136463141e-10,5.452677552969271e-10,4.645113582185339e-10,2.2952496815228534e-10,0.44687932455326895
0.36182,4.5471917374437116e-10,3.652137664718057e-10,5.455236452590988e-10,4.6420524132261644e-10,2.264725496285173e-10,0.8730940636508099
0.36193,4.685245703032194e-10,3.6722171840243213e-10,5.471809184563373e-10,4.65970535075536e-10,2.2929741333140914e-10,1.0231890916271844
0.36204,3.87930672586176e-10,3.676644923223918e-10,5.472797353696469e-10,4.662024179190037e-10,2.3024362513978493e-10,0.1867253781508867
0.36216,2.5424370715765193e-10,3.666727766929477e-10,5.463293846104139e-10,4.652547569633342e-10,2.2898968642137223e-10,-0.8566856263025263
0.36227,2.337096289033666e-10,3.6958551189379844e-10,5.482450405938392e-10,4.675265944343584e-10,2.337096289033666e-10,-1.0594353520347977
0.36238,3.0155026176033384e-10,3.678695922856233e-10,5.469834025058347e-10,4.661111493788856e-10,2.3107831433275495e-10,-0.5349795867424546
0.3625,4.188528025576875e-10,3.6580898271841323e-10,5.445064555560313e-10,4.638446653401442e-10,2.2908562393509976e-10,0.5120899061103027
0.36261,4.429435521782587e-10,3.650756512262896e-10,5.450270882006728e-10,4.638675593078951e-10,2.267006571252922e-10,0.7504901535752576
0.36272,4.0116275010571175e-10,3.6616257211065636e-10,5.459712832981731e-10,4.648435562523164e-10,2.2819479700083226e-10,0.31741445550641345
0.36284,2.439013114363477e-10,3.6952015403088615e-10,5.483066552360625e-10,4.675382168577982e-10,2.334704493978488e-10,-0.9197533001546884
0.36295,2.305657968062257e-10,3.6829515403061855e-10,5.482699400285108e-10,4.670343368893656e-10,2.305657968062257e-10,-1.4954779547932877
0.36306,2.264223732184422e-10,3.6567470376797317e-10,5.464924135804712e-10,4.6495674648675876e-10,2.264223732184422e-10,-1.5762834386396742
0.36318,2.348040333890392e-10,3.711244237832444e-10,5.504205913875727e-10,4.694115681821093e-10,2.348040333890392e-10,-1.0024158197439343
0.36329,3.441442419313701e-10,3.680332753552253e-10,5.485589967650795e-10,4.671000323754636e-10,2.2960055593886168e-10,-0.2132203308737246
0.3634,4.459071870495575e-10,3.6866578382656383e-10,5.49199267261991e-10,4.677254472383168e-10,2.3035290802217147e-10,0.7549627808632088
0.36352,4.843230577239903e-10,3.7124780248720617e-10,5.503432308776516e-10,4.694133275870563e-10,2.3520400999516115e-10,1.1970063044204473
0.36363,4.743657612212502e-10,3.6935359314650167e-10,5.490004190746456e-10,4.678778919288255e-10,2.3224945987852307e-10,1.0831865724649812
0.36375,4.346902101843859e-10,3.683763577651572e-10,5.48319139504202e-10,4.670942136313234e-10,2.307081215516792e-10,0.646229521210795
0.36386,4.054452218596579e-10,3.6782087166096836e-10,5.480561935286171e-10,4.667210724083372e-10,2.2968937306082055e-10,0.3467752851594411
0.36397,3.822488098454666e-10,3.679196001178466e-10,5.475237934134046e-10,4.664480405479476e-10,2.305545867293585e-10,0.13246643901394978
0.36409,3.644821510580279e-10,3.670662033041574e-10,5.467313516048399e-10,4.656466781676404e-10,2.294512108054889e-10,-0.026323588966404462
0.3642,3.614292803096677e-10,3.669729020206322e-10,5.461789170836593e-10,4.652854525194658e-10,2.2988473518205435e-10,-0.04832264004254063
0.36431,3.479599650446042e-10,3.6712183924998836e-10,5.462774795737937e-10,4.654027631725035e-10,2.301199193753296e-10,-0.16512281255164313
0.36443,3.487599518571556e-10,3.6788015929084515e-10,5.467875413643109e-10,4.660008764766422e-10,2.3133603941049869e-10,-0.15813554548133923
0.36454,3.749059492773059e-10,3.669295723162747e-10,5.461805258460873e-10,4.65268699287785e-10,2.297826828987729e-10,0.07266213546409324
0.36466,4.3058186043856164e-10,3.676802581450781e-10,5.468893052966232e-10,4.659798084655634e-10,2.307448047260639e-10,0.6175824008492251
0.36477,4.753138780728532e-10,3.6509681379710614e-10,5.449626309515176e-10,4.638318771796043e-10,2.2684317005101142e-10,1.1151664664129979
0.36488,4.6558255723092986e-10,3.6871597031596814e-10,5.476833994493971e-10,4.668547293002089e-10,2.3228291764337536e-10,0.9984507981986556
0.365,4.149594579083396e-10,3.6857763949683856e-10,5.476808813320691e-10,4.667982993869211e-10,2.319558688205045e-10,0.4536119098235871
0.36511,3.426016082863267e-10,3.69024096324238e-10,5.486414817059931e-10,4.675385876030154e-10,2.3187966814029528e-10,-0.22049488245617171
0.36523,2.4747347375753687e-10,3.6692173696689465e-10,5.473043411773587e-10,4.659251592199584e-10,2.2843260998151652e-10,-0.9020785056048325
0.36534,2.3200149436693272e-10,3.6919805141320765e-10,5.488839307391137e-10,4.677515307749247e-10,2.3200149436693272e-10,-1.2161938195643889
0.36546,2.267183655597029e-10,3.663449057819879e-10,5.476005685408557e-10,4.658704481611463e-10,2.267183655597029e-10,-1.6290381726610004
0.36557,2.2818072165558727e-10,3.673606916345246e-10,5.484391219458514e-10,4.667617770898213e-10,2.2818072165558727e-10,-1.0856740751647376
0.36568,3.046611003594162e-10,3.7042389587184457e-10,5.50336973972193e-10,4.690866058279486e-10,2.3321449267408623e-10,-0.5241797466743716
0.3658,3.6980296895531395e-10,3.690611650457778e-10,5.494383428407109e-10,4.680227071365511e-10,2.3100097366345698e-10,0.005739832768904063
0.36591,4.2065255658451916e-10,3.6786833920323083e-10,5.485732936078574e-10,4.670439662254538e-10,2.2918651457847662e-10,0.4919111938603468
0.36603,4.802602672624734e-10,3.715135474948743e-10,5.511293669057641e-10,4.699807950016179e-10,2.348935896699705e-10,1.1382946250699908
0.36614,5.138667581919718e-10,3.687758135971496e-10,5.494893236278131e-10,4.67938100385904e-10,2.302890103085896e-10,1.537543015895164
0.36626,4.3572541658674976e-10,3.695973495438978e-10,5.500236724024271e-10,4.685747176751581e-10,2.316147740206018e-10,0.6438065060647034
0.36637,3.0743991537648263e-10,3.6897257342470273e-10,5.482910047291998e-10,4.673123289172414e-10,2.3217557310278866e-10,-0.4954572169411625
0.36649,2.34429679661348e-10,3.6988374003679003e-10,5.482425686236555e-10,4.676432711384044e-10,2.34429679661348e-10,-1.5379701376118247
0.3666,2.286668554566206e-10,3.6646936062627635e-10,5.461943423413525e-10,4.650939722214373e-10,2.286668554566206e-10,-1.9386980874768796
0.36671,2.2983393075307777e-10,3.675252098515741e-10,5.473380120984876e-10,4.661845487482015e-10,2.2983393075307777e-10,-1.5019530467873896
0.36683,2.6184478405323416e-10,3.6726265754262723e-10,5.473042044832527e-10,4.660597158565655e-10,2.2927468898424866e-10,-0.8119449086683813
0.36694,4.057201293224778e-10,3.6812387729955183e-10,5.480503138327795e-10,4.668364654759905e-10,2.3042495270200968e-10,0.3523682307873062
0.36706,4.767324833559325e-10,3.6694177465958827e-10,5.472313284670111e-10,4.65889672774055e-10,2.2857244299376268e-10,1.1130943543332976
0.36717,4.752314582564912e-10,3.6498951247974876e-10,5.454772093782242e-10,4.640917684266185e-10,2.2598240079375287e-10,1.1031070498466073
0.36729,4.866922397402665e-10,3.686728602283096e-10,5.477839976172771e-10,4.668963110653326e-10,2.3206349167083847e-10,1.2412342974294863
0.3674,4.890727275864562e-10,3.659880122268697e-10,5.456135486492149e-10,4.6456427090092283e-10,2.282005475732438e-10,1.2765336915749976
0.36752,4.848381348120273e-10,3.662217404264814e-10,5.449901510219881e-10,4.6429023241134905e-10,2.29502543951761e-10,1.2412496517781162
0.36763,4.5758529008479865e-10,3.637677874514865e-10,5.434394244854347e-10,4.624122928738067e-10,2.2548361926736443e-10,0.9238537828503074
0.36775,4.110156086534341e-10,3.6755613918621014e-10,5.460405613740833e-10,4.6543302519845324e-10,2.3145692964279518e-10,0.42696292327347624
0.36786,3.411381111164251e-10,3.652238264000038e-10,5.443325876084845e-10,4.635111738732112e-10,2.2789600424649055e-10,-0.21601975196140008
0.36798,2.5035225734880353e-10,3.6398532916253896e-10,5.436187035001125e-10,4.6260239364830954e-10,2.2579666335835057e-10,-0.8758716926022484
0.36809,2.3122798216695573e-10,3.6728843327003037e-10,5.456988366047639e-10,4.651258922209836e-10,2.3122798216695573e-10,-1.0763164575589415
0.36821,2.2504391128011856e-10,3.634528698504832e-10,5.43184905177786e-10,4.6213753136950093e-10,2.2504391128011856e-10,-1.2625003600843538
0.36832,2.431211500150036e-10,3.6400046562781823e-10,5.433850889490474e-10,4.624723362700942e-10,2.2609981717104608e-10,-0.9185214156479483
0.36844,3.418410639148282e-10,3.6588050712302145e-10,5.44792588532661e-10,4.640401077818284e-10,2.289210151305482e-10,-0.2104011750232982
0.36855,4.0163952279155564e-10,3.66684849513956e-10,5.449522914345861e-10,4.6445135240656e-10,2.306559495622493e-10,0.34010929738467344
0.36867,4.2955452057361667e-10,3.6647662931778873e-10,5.450716414132842e-10,4.644394611952831e-10,2.3001529394544703e-10,0.6219408089430957
0.36878,4.3079834846018105e-10,3.6377572646645504e-10,5.430766508956933e-10,4.622027022560094e-10,2.2592810749694606e-10,0.6375586775100647
0.3689,4.4496233656642835e-10,3.6752240974484954e-10,5.458054531071338e-10,4.652814346419974e-10,2.3165920976501228e-10,0.7868831564029511
0.36902,4.3145894010646327e-10,3.645577857184923e-10,5.439651296740597e-10,4.6303328253831857e-10,2.2673897847333288e-10,0.639063054348427
0.36913,3.2249082498194755e-10,3.679953293131647e-10,5.465721379651301e-10,4.659178499917883e-10,2.3187105540812607e-10,-0.37113398193673747
0.36925,2.559824383020302e-10,3.678805122013166e-10,5.466379866910616e-10,4.659108775133929e-10,2.3153665853307696e-10,-0.8430910136346585
0.36936,2.345553858006282e-10,3.6855375557004967e-10,5.466771555743087e-10,4.662026662220451e-10,2.330989388492076e-10,-0.9698359411046927
0.36948,2.9313361322282693e-10,3.649469747882822e-10,5.439909443331308e-10,4.632026097336988e-10,2.2763236705643098e-10,-0.5888416134224823
0.36959,3.35371146784945e-10,3.675929262691641e-10,5.461415000520655e-10,4.6550706186515607e-10,2.3140978489854578e-10,-0.26592597485555197
0.36971,4.88410201697487e-10,3.651022136911011e-10,5.45259625719356e-10,4.6400702144078624e-10,2.2651369865188714e-10,1.2637621383975888
0.36982,5.561641861493609e-10,3.668027679446589e-10,5.460544476734162e-10,4.6514412418934277e-10,2.2963148121894334e-10,2.1359551169852176
0.36994,5.392134292034962e-10,3.638027703281142e-10,5.433273010307795e-10,4.623608713507544e-10,2.2569411526855386e-10,1.925627457453221
0.37005,4.999308107894316e-10,3.642087209608489e-10,5.433111661298373e-10,4.625111143615857e-10,2.2668289547721857e-10,1.4304271319052841
0.37017,4.1819641888101286e-10,3.6505723714501914e-10,5.440278685346217e-10,4.632665323369875e-10,2.278595176787748e-10,0.5049509665912266
0.37029,3.294335343487007e-10,3.650141770221048e-10,5.437506089215879e-10,4.630870381960826e-10,2.2808401165221782e-10,-0.3085210481917358
0.3704,3.114395381010323e-10,3.651526547392281e-10,5.438636435653632e-10,4.6320765913776323e-10,2.2828385878579442e-10,-0.45067492465212117
0.37052,3.4860768662622656e-10,3.65661579845328e-10,5.445904894094615e-10,4.638342365892377e-10,2.2864307079757636e-10,-0.152420926105566
0.37063,3.0201205177085644e-10,3.64462258385956e-10,5.436296430714876e-10,4.627979727334267e-10,2.2691153759418311e-10,-0.5235304279700146
0.37075,2.256204032012561e-10,3.6373943015849274e-10,5.43270838435816e-10,4.6230103049803033e-10,2.256204032012561e-10,-1.1574925090545254
0.37087,2.3071677951155161e-10,3.6666510614694025e-10,5.44866803445424e-10,4.643930642578718e-10,2.3071677951155161e-10,-1.6863962918097593
0.37098,2.3041077134122593e-10,3.6641346163264457e-10,5.446075622797456e-10,4.641431676975389e-10,2.3041077134122593e-10,-2.119517604892596
0.3711,2.2957440698209165e-10,3.6594476576027686e-10,5.443755349562197e-10,4.6382028087307524e-10,2.2957440698209165e-10,-1.754600067671764
0.37121,2.653416041522985e-10,3.651368595364066e-10,5.438142513866152e-10,4.6317354572948054e-10,2.2829724990193436e-10,-0.7778391706022814
0.37133,3.940996855232513e-10,3.669229712772822e-10,5.453089097312704e-10,4.6475578519143125e-10,2.3080251357324665e-10,0.26370834005601573
0.37145,4.700940353528267e-10,3.638510731405366e-10,5.430563278904043e-10,4.6222114803510834e-10,2.2613680038236878e-10,1.074502584144333
0.37156,4.834644177050191e-10,3.644011380056993e-10,5.434502280749406e-10,4.6266449966894497e-10,2.2702874178501005e-10,1.2305838976641272
0.37168,4.475487727657431e-10,3.6603378985379826e-10,5.444940341809121e-10,4.639282915061322e-10,2.2963573528804636e-10,0.8205482811496528
0.37179,4.286464254799838e-10,3.654118112043802e-10,5.43959096752706e-10,4.6336558328771535e-10,2.2881661868435252e-10,0.6191214770057138
0.37191,4.3267568614051157e-10,3.6599701024371775e-10,5.445999147004154e-10,4.639735759469409e-10,2.2942541406088003e-10,0.6573115095281956
0.37203,3.8281971187465755e-10,3.6656494649612103e-10,5.453104352277982e-10,4.646120722509539e-10,2.2995631436182493e-10,0.15349950029888124
0.37214,3.04588614582319e-10,3.666001670841481e-10,5.472076413646266e-10,4.6426509183331564e-10,2.302078578781575e-10,-0.5051548654755382
0.37226,2.3349449768476166e-10,3.6787950647012855e-10,5.459647094908632e-10,4.65516282949772e-10,2.3232535815771856e-10,-0.9747870934654616
0.37238,2.7285934410918454e-10,3.661421254539871e-10,5.447229094550483e-10,4.641029032788769e-10,2.2962739621391445e-10,-0.7294351838054217
0.37249,3.3556024106899173e-10,3.650791293197355e-10,5.438153041897349e-10,4.631512242967834e-10,2.281590664598828e-10,-0.2585791361724421
0.37261,3.8651128571999566e-10,3.6616655523196455e-10,5.446436128203238e-10,4.640660248490691e-10,2.297806019706825e-10,0.19306653072956304
0.37273,4.260161407697209e-10,3.6637518064175346e-10,5.459290112703538e-10,4.6490271554996087e-10,2.2875305778403468e-10,0.5709805465481542
0.37284,4.3478825436140787e-10,3.684920464010286e-10,5.474786548565172e-10,4.666471793136554e-10,2.3198338851064044e-10,0.6610596371097168
0.37296,4.502430375094234e-10,3.693231912415655e-10,5.482032240320549e-10,4.673857741525177e-10,2.333319688061294e-10,0.8013951500303215
0.37308,4.4234739601909117e-10,3.6886769966091083e-10,5.476823338209976e-10,4.669140760824676e-10,2.326488263040115e-10,0.7426973709038048
0.37319,4.1840678361712607e-10,3.652982044903585e-10,5.451940999373066e-10,4.64046309874537e-10,2.2705463830790427e-10,0.49240787455612756
0.37331,3.887163326911399e-10,3.661791293706829e-10,5.458334511576855e-10,4.647686409188476e-10,2.284017306045071e-10,0.1994042089077807
0.37343,3.323600821224206e-10,3.676576125447019e-10,5.471037892467879e-10,4.660953274747524e-10,2.3044387288539546e-10,-0.29884009657571103
0.37354,2.329586051177794e-10,3.692832355790861e-10,5.485230106714505e-10,4.675284761248373e-10,2.329586051177794e-10,-1.162345198741091
0.37366,2.3271475810114106e-10,3.6920777971485233e-10,5.48278267280133e-10,4.673937286362001e-10,2.3271475810114106e-10,-1.6631499705874628
0.37378,2.287334794667272e-10,3.6639206125574267e-10,5.459753003079443e-10,4.6493662079468414e-10,2.287334794667272e-10,-2.1007973549315615
0.37389,2.337243042826163e-10,3.693338757668472e-10,5.477198004213942e-10,4.671204413370536e-10,2.337243042826163e-10,-2.1139251155931555
0.37401,2.3384814576261103e-10,3.695277103993816e-10,5.479784235324217e-10,4.673531204650726e-10,2.3384814576261103e-10,-1.059225093906916
0.37413,3.933528771904694e-10,3.661207324304979e-10,5.457973772325114e-10,4.647247954833288e-10,2.2830294163406895e-10,0.24360517423316602
0.37424,4.855130812239881e-10,3.671148297639397e-10,5.464536412700209e-10,4.655014542887532e-10,2.299055428793477e-10,1.2327854333548411
0.37436,5.191623376381197e-10,3.6964025556243326e-10,5.481963873988028e-10,4.675192058141065e-10,2.3390259098063337e-10,1.6441641132752896
0.37448,5.246957953676107e-10,3.639743840587676e-10,5.444289341373221e-10,4.630631958142083e-10,2.249031151617959e-10,1.715008281327563
0.37459,5.001782490025983e-10,3.6888265300914714e-10,5.476373370663715e-10,4.668849668619107e-10,2.328013730758127e-10,1.410689131287889
0.37471,4.771467893959047e-10,3.6747987616597944e-10,5.465794816131549e-10,4.657194408119449e-10,2.3063101432867237e-10,1.1366580628925882
0.37483,4.536240187359313e-10,3.687352543976317e-10,5.476877733715509e-10,4.66865881190848e-10,2.323160706449214e-10,0.8643488415405474
0.37495,3.8384018090972436e-10,3.6763053828635916e-10,5.476333961257416e-10,4.663957739680363e-10,2.2974628577633602e-10,0.14379565475434775
0.37506,2.973400252625168e-10,3.683341822708874e-10,5.482364000708728e-10,4.670299469379612e-10,2.3070032653593475e-10,-0.5725185514949702
0.37518,2.2976539675788017e-10,3.684071230978647e-10,5.491649990438053e-10,4.676047923044788e-10,2.2976539675788017e-10,-1.3841583535330069
0.3753,2.357891612743001e-10,3.7200085468873715e-10,5.514068684692699e-10,4.703527635604612e-10,2.357891612743001e-10,-1.4067614834387336
0.37541,2.7175868269112005e-10,3.6982636590163136e-10,5.498643706211568e-10,4.685724889145555e-10,2.3234333329602245e-10,-0.7527869539884975
0.37553,3.533444032614541e-10,3.70180144141045e-10,5.504875164215644e-10,4.690793242881305e-10,2.3245104117030006e-10,-0.14050482414550472
0.37565,4.021951064695439e-10,3.702053589487865e-10,5.505214173960022e-10,4.691086913996013e-10,2.3247101004309877e-10,0.3035732366225504
0.37577,3.5923445236085193e-10,3.7041012805810436e-10,5.508094281658191e-10,4.69359034726591e-10,2.326135491220411e-10,-0.0916464122037243
0.37588,3.7065154078695833e-10,3.6942730618330733e-10,5.49922699002242e-10,4.684516363001064e-10,2.3130853773140248e-10,0.010881622678700124
0.376,3.729186551807023e-10,3.6952885274341405e-10,5.497065957196441e-10,4.683644818424283e-10,2.3181126595005987e-10,0.03414580234060065
0.37612,3.816345979207729e-10,3.69104203061648e-10,5.489688089369509e-10,4.677630451367383e-10,2.3167708647470337e-10,0.11903297570541002
0.37624,3.7850063829436195e-10,3.6757102984895226e-10,5.477855408537343e-10,4.664638130565709e-10,2.294122074031613e-10,0.0918145907879621
0.37635,3.6775898223392986e-10,3.6813897911515594e-10,5.480823067078668e-10,4.668628203163782e-10,2.3041371124054778e-10,-0.004145317659564986
0.37647,3.7858014578777985e-10,3.676529009537074e-10,5.478728729390579e-10,4.665475033703869e-10,2.2950349722861797e-10,0.09218983897892631
0.37659,3.608190569826464e-10,3.689275696463465e-10,5.48691182790592e-10,4.675299990777445e-10,2.3158669176549585e-10,-0.06611899285878944
0.37671,3.153605573269067e-10,3.6850258681325265e-10,5.4856064321554e-10,4.672844983088096e-10,2.3073346430114839e-10,-0.44018483359541305
0.37683,2.6392254714740235e-10,3.687469045051918e-10,5.485716852602011e-10,4.673869182203962e-10,2.3130489171327723e-10,-0.8002695889987802
0.37694,2.3029193522219687e-10,3.6796467811225587e-10,5.478380396498115e-10,4.66649799952296e-10,2.3029193522219687e-10,-1.0288721355812307
0.37706,2.516667021433337e-10,3.648906693806949e-10,5.449610808513361e-10,4.637484619371343e-10,2.2635882473692626e-10,-0.8716211043834576
0.37718,2.7146877573885263e-10,3.65107012484587e-10,5.449339494636119e-10,4.63817766089795e-10,2.2690879602199713e-10,-0.7441187991239682
0.3773,2.863983056567159e-10,3.6780215789587236e-10,5.464078706880932e-10,4.657506999042212e-10,2.316019171606957e-10,-0.6401346311548739
0.37742,4.4765549749498205e-10,3.6616427426510583e-10,5.459370757592427e-10,4.6482373648986286e-10,2.282428601388281e-10,0.7993682034998243
0.37753,4.104066518386667e-10,3.668750595469993e-10,5.461087001198763e-10,4.65204747628215e-10,2.2973918372910064e-10,0.4138136321186018
0.37765,4.2826596478275815e-10,3.649654371063168e-10,5.4351140735778e-10,4.6292701111214195e-10,2.28253298060789e-10,0.6166958147846178
0.37777,4.788975073892569e-10,3.6414137129286365e-10,5.427973631798859e-10,4.6218440784117735e-10,2.2712088290967341e-10,1.185817655517185
0.37789,5.002242521841832e-10,3.627074937851516e-10,5.409023771331887e-10,4.605061727808767e-10,2.2591614401101585e-10,1.463711051922557
0.37801,4.261219142172632e-10,3.624471264434068e-10,5.396773433690504e-10,4.59682915749228e-10,2.2678425283888273e-10,0.6266321947490476
0.37812,3.2464946994839585e-10,3.636671571581087e-10,5.403377098048086e-10,4.6055294801490347e-10,2.2891471561716398e-10,-0.32486716524529524
0.37824,2.5041072224443514e-10,3.64025538051151e-10,5.406788573651531e-10,4.609544686520121e-10,2.2715706050366992e-10,-0.8674101890534658
0.37836,2.823852836075312e-10,3.604905195802069e-10,5.379556658306578e-10,4.579022256817936e-10,2.2414653703739172e-10,-0.6444809056684705
0.37848,3.8518574892683033e-10,3.6242906707678053e-10,5.393639808026871e-10,4.594930955737726e-10,2.2710398312694154e-10,0.2148871592333262
0.3786,4.4913460986369603e-10,3.631980661277867e-10,5.400369993048509e-10,4.6018814860107444e-10,2.2816475824253916e-10,0.8812813657912827
0.37871,4.308184305324016e-10,3.637995082687431e-10,5.407253574106308e-10,4.608451875204233e-10,2.2878310305653143e-10,0.6758048655133299
0.37883,3.755759019870766e-10,3.6283633299468566e-10,5.399139828505077e-10,4.5997606410868305e-10,2.274282467579822e-10,0.11996070942086175
0.37895,3.2646032075480014e-10,3.6233304693468813e-10,5.395290022999145e-10,4.595511096122058e-10,2.2668299227944524e-10,-0.31097708499277693
0.37907,3.2140596457709036e-10,3.638618259245156e-10,5.40638305956368e-10,4.6080578035989466e-10,2.2902602319768727e-10,-0.3525888069917883
0.37919,3.3300416743419736e-10,3.627311274306622e-10,5.402671729926717e-10,4.6014248258492055e-10,2.2675071889242563e-10,-0.2614338430869213
0.37931,3.2200492458442905e-10,3.6439100668926577e-10,5.417172183882465e-10,4.616482555012481e-10,2.2900390897621611e-10,-0.3541939389496401
0.37943,2.475354750215102e-10,3.6205368929562795e-10,5.395904717724832e-10,4.594779369935316e-10,2.259369478716436e-10,-0.8792744632229675
0.37954,2.3093574552577463e-10,3.6500142025215324e-10,5.413330367334682e-10,4.616633737099566e-10,2.3093574552577463e-10,-1.1367522207974838
0.37966,2.511630422605391e-10,3.6454345041583163e-10,5.408769026510847e-10,4.612140600798836e-10,2.3038012698867387e-10,-0.8545382014387113
0.37978,3.697641117489625e-10,3.6167435432193086e-10,5.380712830714683e-10,4.5843761759984246e-10,2.2682753030164396e-10,0.07794882242840133
0.3799,4.5285968543884063e-10,3.628959270239678e-10,5.38807927494509e-10,4.593509310196924e-10,2.288883484277052e-10,0.94066722137691
0.38002,5.034213627170981e-10,3.607108263080982e-10,5.374121134474873e-10,4.5766978296275197e-10,2.2530898556180385e-10,1.5490324335561025
0.38014,4.990282213593493e-10,3.6105621347340947e-10,5.377321652154456e-10,4.5799431600678714e-10,2.257528313827579e-10,1.4916086038568446
0.38026,4.665156785147548e-10,3.5921593609726895e-10,5.366334410065814e-10,4.566245741855091e-10,2.2264992994865028e-10,1.0931144596631244
0.38038,3.288632832246169e-10,3.6166533204131216e-10,5.37972538512623e-10,4.583743388871478e-10,2.2693347592832565e-10,-0.28106027896652097
0.38049,2.459796818903188e-10,3.6099178168112474e-10,5.374928840383346e-10,4.578263070484481e-10,2.2589684046666103e-10,-0.8817196242987846
0.38061,2.2719324815914953e-10,3.635897217851105e-10,5.426971955537899e-10,4.627624343796463e-10,2.2719324815914953e-10,-1.3245128869576204
0.38073,2.2232010102166406e-10,3.656645965826708e-10,5.434801390680895e-10,4.6358610366727324e-10,2.2232010102166406e-10,-1.4616071693087478
0.38085,2.224296958106567e-10,3.589526262723978e-10,5.363009466715918e-10,4.563251205283525e-10,2.224296958106567e-10,-1.6958543494201652
0.38097,2.245546331756454e-10,3.6023804935754033e-10,5.371023409212434e-10,4.5730088004007344e-10,2.245546331756454e-10,-1.335746510485769
0.38109,2.428934409743777e-10,3.5889593937764697e-10,5.36071187407381e-10,4.5616537274466633e-10,2.2256786734114697e-10,-0.9006442739874766
0.38121,3.79223966879137e-10,3.6070557172726996e-10,5.372337029798482e-10,4.5748336826809496e-10,2.2567250617565255e-10,0.17137983058780742
0.38133,4.471476047721124e-10,3.607380183942176e-10,5.371644115197133e-10,4.575313849259161e-10,2.2567782595416136e-10,0.8796153923426161
0.38145,5.06543607098484e-10,3.585010327835887e-10,5.357640962140667e-10,4.5583110567624975e-10,2.2198863286844362e-10,1.591838868483639
0.38157,5.109475597241622e-10,3.5801091140989917e-10,5.354751593172652e-10,4.5546700397239934e-10,2.21172158312912e-10,1.6474551415207397
0.38169,4.828174563494727e-10,3.6354234038668827e-10,5.39280420869395e-10,4.5988033253018873e-10,2.2988536451496688e-10,1.2935557911198454
0.38181,4.878223884501735e-10,3.5824718500980535e-10,5.356810214933842e-10,4.5568110603382355e-10,2.2149056749899053e-10,1.3551962606231878
0.38192,5.179914305844965e-10,3.612448917184108e-10,5.37734152475546e-10,4.580701950616819e-10,2.2620159079864325e-10,1.7373729814313634
0.38204,5.311833074133994e-10,3.592166790978419e-10,5.363684681876904e-10,4.5646831409716624e-10,2.2297623610508537e-10,1.911579315979679
0.38216,4.885137099408211e-10,3.5918797112280817e-10,5.359441653022905e-10,4.562091541697849e-10,2.2340171933112566e-10,1.3712945881417067
0.38228,4.039796612734279e-10,3.5967103882128633e-10,5.372318860819431e-10,4.5662194440424043e-10,2.2412177575249354e-10,0.41724775357314264
0.3824,2.501488532320712e-10,3.59017572637759e-10,5.359840384587355e-10,4.5616499555256986e-10,2.2294797644314533e-10,-0.8546717263318877
0.38252,2.298077918493493e-10,3.630437626871777e-10,5.383335450712099e-10,4.591314260951346e-10,2.298077918493493e-10,-1.658712205121675
0.38264,2.2002379077401403e-10,3.554143774872647e-10,5.311977506418736e-10,4.5193360449841886e-10,2.2002379077401403e-10,-1.7292486692890867
0.38276,2.231651658154765e-10,3.5732232119809875e-10,5.323861445566378e-10,4.5338540096114035e-10,2.231651658154765e-10,-1.588887704179493
0.38288,2.2736093672604615e-10,3.6057383673066755e-10,5.352553908471334e-10,4.5638160235526643e-10,2.2736093672604615e-10,-1.2199348420798384
0.383,2.3678824099498106e-10,3.598014896004155e-10,5.342926251990576e-10,4.554805812550577e-10,2.2685828313154586e-10,-0.9259843059961276
0.38312,3.221656482892182e-10,3.5846840978147595e-10,5.337663183295403e-10,4.5449216546497707e-10,2.2458047228320273e-10,-0.3152809629218604
0.38324,3.4475464467470356e-10,3.5813798826312297e-10,5.328973169729718e-10,4.540018109295894e-10,2.245306593712063e-10,-0.11805133102492453
0.38336,3.5176531757704385e-10,3.574588435083942e-10,5.323110212963161e-10,4.5339260946256144e-10,2.2358627348086065e-10,-0.05404519204678515
0.38348,3.4503915720766925e-10,3.584118770617882e-10,5.330717874917531e-10,4.542151969927851e-10,2.249644880973848e-10,-0.11550792276880924
0.3836,3.737474085873532e-10,3.57079898097989e-10,5.322182389917176e-10,4.5319004936830365e-10,2.2278082924244468e-10,0.1486120552346366
0.38372,3.977871885957641e-10,3.593619527878951e-10,5.338835340486141e-10,4.550665830225992e-10,2.2627498970111484e-10,0.3849862806586253
0.38384,3.767877575607201e-10,3.581434163392982e-10,5.327627263767247e-10,4.5392880705998315e-10,2.2468072516263862e-10,0.18021214324088036
0.38396,3.759540161645985e-10,3.572661678494608e-10,5.318416329602616e-10,4.5304184030352244e-10,2.2367819500122673e-10,0.17639175041527733
0.38408,3.783775914192419e-10,3.5981563905391147e-10,5.354038818525678e-10,4.5613766988982957e-10,2.2555539028533092e-10,0.17657979450533065
0.3842,3.5474743454128626e-10,3.603938518702898e-10,5.364275094339828e-10,4.569665612603608e-10,2.2572153385693169e-10,-0.05051842171032758
0.38432,3.4862864648392684e-10,3.601335923712683e-10,5.364165402588687e-10,4.56857858265288e-10,2.2510871179879935e-10,-0.10673203915853778
0.38444,3.615719102616308e-10,3.6031682746765195e-10,5.364552878064118e-10,4.569527761299527e-10,2.2550231075680765e-10,0.010451187488322217
0.38456,3.7735332030303245e-10,3.6085240271284226e-10,5.367340752765773e-10,4.573275419284382e-10,2.26454984600748e-10,0.1590511017870031
0.38468,3.7700139910295134e-10,3.6048437292827423e-10,5.364211825701236e-10,4.569986710025573e-10,2.2594534456522126e-10,0.15658126036291672
0.3848,3.7963902414722864e-10,3.6114191265347193e-10,5.370192271579458e-10,4.5760926077005976e-10,2.2680876417224385e-10,0.17979525797740342
0.38492,3.499498832158641e-10,3.597997971346421e-10,5.360678888617103e-10,4.565216397857741e-10,2.2472411684089097e-10,-0.09365985490147019
0.38504,2.775743069279827e-10,3.609735914667061e-10,5.37699281016378e-10,4.5756241161267076e-10,2.2645777830574796e-10,-0.6698178912712861
0.38516,2.2160288662120286e-10,3.5798203845631283e-10,5.350439902695683e-10,4.5520364848018897e-10,2.2160288662120286e-10,-1.0460609122164117
0.38528,2.2989375590971666e-10,3.6334432704548716e-10,5.388853292395859e-10,4.595700036141837e-10,2.2989375590971666e-10,-1.4762303788364344
0.3854,2.2531168049403404e-10,3.604349792742797e-10,5.368492154556202e-10,4.5723154388334307e-10,2.2531168049403404e-10,-1.3885771894153665
0.38552,2.5642178741020296e-10,3.587072642860436e-10,5.356342365338666e-10,4.558354946119826e-10,2.2263586181081932e-10,-0.8136734623379824
0.38564,4.4614051777346715e-10,3.594889414999117e-10,5.365302762135734e-10,4.5667725867784124e-10,2.2338798626918893e-10,0.8631422027870151
0.38576,5.63887428510922e-10,3.5867983001148924e-10,5.348354973728778e-10,4.553571359123082e-10,2.235052364521847e-10,2.395267048001326
0.38588,6.150194880530958e-10,3.6044197188793856e-10,5.357762925368196e-10,4.566040228420995e-10,2.2660851191037467e-10,3.1692366497016216
0.386,5.893352298127656e-10,3.622152028523495e-10,5.371318456175863e-10,4.580979360611049e-10,2.2926202426373276e-10,2.7704078615675924
0.38613,5.060883826096938e-10,3.578575226706979e-10,5.340813911649472e-10,4.5458980171344805e-10,2.2243807310959908e-10,1.6139038989329113
0.38625,4.349165338105178e-10,3.5992298762024963e-10,5.352511479964437e-10,4.560908053552695e-10,2.2599048334087807e-10,0.7654975145212377
0.38637,3.5987640662125483e-10,3.591140984971332e-10,5.346519731208315e-10,4.5542068702226657e-10,2.2476086285117175e-10,0.00604712142493668
0.38649,2.7385597134937716e-10,3.5812222901341016e-10,5.34117229584524e-10,4.5471590565411656e-10,2.230225986317915e-10,-0.6896316950289312
0.38661,2.2116325601554648e-10,3.573024662526239e-10,5.340444492403429e-10,4.543490056470329e-10,2.2116325601554648e-10,-1.3602013794682914
0.38673,2.2832737386206903e-10,3.6168071575029564e-10,5.36831791861121e-10,4.5771208267162843e-10,2.2832737386206903e-10,-2.0636629548665475
0.38685,2.2333103510195402e-10,3.58479200066755e-10,5.345795037446658e-10,4.551274657808985e-10,2.2333103510195402e-10,-2.68047068201585
0.38697,2.298731330677764e-10,3.627275870299507e-10,5.376547275812501e-10,4.58606536317183e-10,2.298731330677764e-10,-2.7979947904750846
0.38709,2.2858352565813308e-10,3.6227482871309395e-10,5.378204390255648e-10,4.5852502094832366e-10,2.2858352565813308e-10,-2.4133474706915097
0.38721,2.2508333098996018e-10,3.6037329505244187e-10,5.36925147232599e-10,4.572503750737569e-10,2.2508333098996018e-10,-1.2797496291265413
0.38733,3.5115525267479355e-10,3.625800362487132e-10,5.390879766883457e-10,4.593904128314391e-10,2.2779545761145988e-10,-0.0949973595392527
0.38745,4.897468025078477e-10,3.6086324884343e-10,5.377122287926954e-10,4.5790685899811817e-10,2.2531260375176966e-10,1.3736728427101363
0.38758,5.224160424676302e-10,3.6068010955941467e-10,5.372998759214769e-10,4.575919104876636e-10,2.2536804648445985e-10,1.7967273145045632
0.3877,5.044196559419246e-10,3.621027769522081e-10,5.383200949656302e-10,4.58752374378327e-10,2.275596850860098e-10,1.5621338627075292
0.38782,4.5559603882388007e-10,3.612622966522125e-10,5.379009988174791e-10,4.581731676843062e-10,2.2605718042258248e-10,0.9690378822428476
0.38794,4.3255282452038723e-10,3.6154605807884747e-10,5.381264321451059e-10,4.5841885535001064e-10,2.2645754201994633e-10,0.7106184818299023
0.38806,4.1028777074930024e-10,3.597209059583961e-10,5.366845833460864e-10,4.568542323237117e-10,2.2380400639530392e-10,0.47717227376183435
0.38818,3.5485610216106586e-10,3.696919984505269e-10,5.454096431751111e-10,4.664116918500776e-10,2.2502712653849551e-10,-0.14134827522424462
0.3883,3.3756819481954044e-10,3.6189158413522264e-10,5.378662218030388e-10,4.584022705993335e-10,2.275974322590646e-10,-0.20529848850488844
0.38842,2.9064590149128583e-10,3.5898539888740196e-10,5.352855287283964e-10,4.557413912416404e-10,2.2370447923617593e-10,-0.5731937268363095
0.38855,2.2659710255960443e-10,3.5833442423653215e-10,5.353093043536338e-10,4.554968540583289e-10,2.221362705149567e-10,-0.9954374925798167
0.38867,2.293747964741321e-10,3.600973491531545e-10,5.369270077923759e-10,4.5714178289114343e-10,2.2442761171073668e-10,-0.981423331294438
0.38879,3.35326994939509e-10,3.5980192613344804e-10,5.358700797232818e-10,4.5640787453150307e-10,2.2495468263010435e-10,-0.2188407696124597
0.38891,3.883719163675949e-10,3.607639812182777e-10,5.363123902108808e-10,4.5704515282653834e-10,2.2674314455201822e-10,0.27056877490588294
0.38903,4.732486157772625e-10,3.624039790017474e-10,5.372000763847663e-10,4.582144728506399e-10,2.2962662896308063e-10,1.2028323054277665
0.38915,5.482761192237311e-10,3.6136638587263986e-10,5.361925324440885e-10,4.5721239616262255e-10,2.2833815984172399e-10,2.1861790727709245
0.38927,5.809377543602646e-10,3.5713717293113955e-10,5.340977999780632e-10,4.5432127939692836e-10,2.2075693214605475e-10,2.635578408702618
0.3894,5.677307170327205e-10,3.6105791752413265e-10,5.367913511222188e-10,4.5743142954703854e-10,2.2687182707325435e-10,2.439049696506798
0.38952,4.411423881726718e-10,3.581723578855576e-10,5.345153865766893e-10,4.5496806469334434e-10,2.2267939820250914e-10,0.8274121079254669
0.38964,2.914374371638533e-10,3.596265512184825e-10,5.357105165919019e-10,4.5624939717137645e-10,2.2471412844372173e-10,-0.5674613021295558
0.38976,2.2663806409311538e-10,3.6113052279249626e-10,5.371516144057078e-10,4.5767772401102096e-10,2.2663806409311538e-10,-1.932051754066298
0.38988,2.229293029470315e-10,3.588464136303373e-10,5.356532593042143e-10,4.559038380489134e-10,2.229293029470315e-10,-1.5170914568686513
0.39001,3.3493755839089343e-10,3.59439008087646e-10,5.357321313103115e-10,4.5618309543606894e-10,2.2425482828134863e-10,-0.22305694195955444
0.39013,4.258989709851633e-10,3.621849902703303e-10,5.378119060391559e-10,4.584853308447419e-10,2.2837270018660726e-10,0.6500592589759399
0.39025,4.526793794444832e-10,3.626708972733566e-10,5.383673960279262e-10,4.5899964751113266e-10,2.2889004942130244e-10,0.944484850616745
0.39037,3.942595942866201e-10,3.615684330986354e-10,5.375733295653881e-10,4.5809675152071324e-10,2.2720432622430481e-10,0.3198647195821818
0.39049,2.880223896968858e-10,3.608543697570447e-10,5.386817283121735e-10,4.589720496278676e-10,2.2720357531253345e-10,-0.5894804384739029
0.39062,2.2310176233385062e-10,3.5845073903164574e-10,5.347185075694391e-10,4.551973143626014e-10,2.2310176233385062e-10,-1.295021455493607
0.39074,2.2835432291339154e-10,3.619669007755044e-10,5.373785741987692e-10,4.58143959833682e-10,2.2835432291339154e-10,-1.2636211253237624
0.39086,2.384223397227511e-10,3.6087900039216973e-10,5.368038765519624e-10,4.5737805001269135e-10,2.264406950906866e-10,-0.924918284358446
0.39098,2.523878021140237e-10,3.605811577791272e-10,5.364967190382761e-10,4.570812297929735e-10,2.2608686652333554e-10,-0.8375447262301654
0.3911,2.8583747910478493e-10,3.591128564490939e-10,5.354771781313467e-10,4.559035830107444e-10,2.2378529537680963e-10,-0.6090898543106361
0.39123,3.279308538283973e-10,3.608176800544836e-10,5.365450877071023e-10,4.5720268657800005e-10,2.2659795818972165e-10,-0.2808538542320177
0.39135,3.490089753268558e-10,3.6050178371780893e-10,5.363638316931655e-10,4.5697164117512177e-10,2.260564366742541e-10,-0.10020749591394466
0.39147,3.647412189360946e-10,3.6028257071043874e-10,5.363947167059012e-10,4.5690354699684767e-10,2.2549847188850628e-10,0.040136431970507605
0.39159,3.9541652861239006e-10,3.5985790006916196e-10,5.359655185460496e-10,4.564846347418018e-10,2.2498347423221264e-10,0.3372930663059643
0.39172,4.004676007724776e-10,3.591017530863602e-10,5.352603569364288e-10,4.5577206142971054e-10,2.240143459286022e-10,0.3909347033535784
0.39184,4.0532323420550723e-10,3.611794756502675e-10,5.36276613261122e-10,4.5718821703412606e-10,2.2778598632310672e-10,0.4456913020294009
0.39196,4.1929931144672216e-10,3.5854279155164473e-10,5.341548036091403e-10,4.5490301146997374e-10,2.2398734798330792e-10,0.5981005767802399
0.39208,4.448607577584869e-10,3.5789947087835263e-10,5.3350311241097e-10,4.5426678496845017e-10,2.2322224973389015e-10,0.8836590395399778
0.39221,4.5115184835002e-10,3.607624556747261e-10,5.355399049939876e-10,4.565905884537769e-10,2.2766864019814141e-10,0.9535141710645857
0.39233,3.7019756210753674e-10,3.5901526957128644e-10,5.343354891291749e-10,4.5519659140237725e-10,2.2489630853513398e-10,0.10509317105516588
0.39245,2.380552321311548e-10,3.606365682930652e-10,5.354738771747673e-10,4.565026122360638e-10,2.2744208819284106e-10,-0.9213841455451199
0.39257,2.21434221522513e-10,3.5683889019632485e-10,5.328732007838146e-10,4.5347947751942346e-10,2.21434221522513e-10,-1.418766635887007
0.3927,2.307117841353302e-10,3.6095045497753087e-10,5.357702445710815e-10,4.5680041041793257e-10,2.2784300708967082e-10,-0.9657222182865467
0.39282,3.5520924936242456e-10,3.587343880986835e-10,5.341922306459775e-10,4.550008548178958e-10,2.24399398364883e-10,-0.034118242706699026
0.39294,4.4590333635637473e-10,3.5919453467495314e-10,5.328889549755081e-10,4.5441656283492104e-10,2.270656877718259e-10,0.9211138943004363
0.39306,4.767480164612384e-10,3.5544200285380003e-10,5.304221902905846e-10,4.5148949554938145e-10,2.2100074655242364e-10,1.2875246607995077
0.39319,4.56723519436589e-10,3.574642952448511e-10,5.317237683467431e-10,4.530530760409221e-10,2.2428002098806234e-10,1.047549055900008
0.39331,4.13865152365232e-10,3.562146653096021e-10,5.307438076672528e-10,4.5198399612118546e-10,2.2245699933877066e-10,0.5679774678477314
0.39343,3.319004702381916e-10,3.566106485489607e-10,5.312004817707214e-10,4.520887363104492e-10,2.2351913294134706e-10,-0.21812168339395616
0.39356,3.1283528186752923e-10,3.563138334116837e-10,5.305538599568253e-10,4.5191063301880367e-10,2.229270088648263e-10,-0.37819343611408374
0.39368,3.137418673153867e-10,3.5711005811365543e-10,5.310258141830796e-10,4.5250148339786943e-10,2.242749784376845e-10,-0.37025065240819893
0.3938,3.0751799793390753e-10,3.549472485483527e-10,5.296562135974052e-10,4.508445178972365e-10,2.207275999574306e-10,-0.420883075215845
0.39392,3.2457627109112486e-10,3.550096492125188e-10,5.294664160726854e-10,4.507579280398126e-10,2.2109925215612445e-10,-0.27917245064767426
0.39405,3.4023003501433475e-10,3.556765345131093e-10,5.288546394406278e-10,4.506622049060998e-10,2.2341945737002242e-10,-0.1333402933790236
0.39417,3.5591827448015484e-10,3.546431840245061e-10,5.278618382933339e-10,4.496712712806022e-10,2.221273174805056e-10,0.012542221685063231
0.39429,3.6638462778660724e-10,3.550822781741024e-10,5.281341671640427e-10,4.500047672169654e-10,2.2285329628223116e-10,0.11159041827780608
0.39442,3.613021339076043e-10,3.544099338862071e-10,5.274281373941942e-10,4.4932581895430627e-10,2.2207777249456558e-10,0.06625812551906152
0.39454,3.585468718039106e-10,3.5401021630329257e-10,5.271014917847143e-10,4.489764531281768e-10,2.215086358121391e-10,0.040934272582453086
0.39466,3.8861012300171254e-10,3.553996789893854e-10,5.281196572264429e-10,4.5012045472329537e-10,2.2363741047734634e-10,0.33424625087182175
0.39479,4.384938466054237e-10,3.549051772254563e-10,5.277493878805818e-10,4.4970851884579313e-10,2.2288717757973412e-10,0.8757416151894567
0.39491,4.65653769522108e-10,3.524284933447237e-10,5.262934869181329e-10,4.4787447556613017e-10,2.1871235267008705e-10,1.193793796539567
0.39503,4.612556607622074e-10,3.5235776567479785e-10,5.27042520664551e-10,4.4782511003536174e-10,2.1842472832682495e-10,1.1368846123468501
0.39516,4.1398701861140534e-10,3.563562473397866e-10,5.294613552801913e-10,4.5135290531223133e-10,2.2181454560594866e-10,0.5652878335302179
0.39528,3.16345727678172e-10,3.5324710231490946e-10,5.27800524507156e-10,4.4857066278232185e-10,2.1987495563454597e-10,-0.3355588513091044
0.3954,2.182620420788595e-10,3.519973964188774e-10,5.257903928855048e-10,4.4741266368105466e-10,2.182620420788595e-10,-1.1303865399644264
0.39553,2.2530278396858683e-10,3.565724213177182e-10,5.290795767066991e-10,4.511486603989339e-10,2.2530278396858683e-10,-1.7201470078730934
0.39565,2.249598690456533e-10,3.5655564466030333e-10,5.293582032328115e-10,4.5129902357525913e-10,2.249598690456533e-10,-1.6466407310616273
0.39578,2.2776310477568875e-10,3.5392721390455705e-10,5.278049024325494e-10,4.4935602175988677e-10,2.204801004711345e-10,-0.968101710326094
0.3959,3.223851603980255e-10,3.557849701605432e-10,5.298393427924814e-10,4.5128271620166023e-10,2.2250926606132874e-10,-0.29635019363856685
0.39602,3.969440409793944e-10,3.584284271227081e-10,5.356716942054866e-10,4.565455384144256e-10,2.2582979162726696e-10,0.39050663099880584
0.39615,3.870114433480012e-10,3.565488801483258e-10,5.304885460511718e-10,4.519645439295668e-10,2.235702989456818e-10,0.29668198805101864
0.39627,3.5504227124984636e-10,3.554358638410912e-10,5.290458539085103e-10,4.5067888151503807e-10,2.2261897819759134e-10,-0.002890702517476263
0.39639,3.6912754350821696e-10,3.542680099853937e-10,5.280652529738266e-10,4.496461796448126e-10,2.2096175270484066e-10,0.1316301647838421
0.39652,4.069239927809303e-10,3.558794897965792e-10,5.291955483737483e-10,4.5093030678463915e-10,2.2355429616409717e-10,0.5148034143483653
0.39664,4.267675089696421e-10,3.546041635738955e-10,5.282143551069836e-10,4.498645696017848e-10,2.2160443021349346e-10,0.7316418582025521
0.39677,4.19046355186218e-10,3.541015129673301e-10,5.279984365487954e-10,4.495392784523461e-10,2.2065254276045528e-10,0.6444692162025685
0.39689,3.7646379434740233e-10,3.5554459725323124e-10,5.294132820818088e-10,4.5092968172146313e-10,2.2247557636243337e-10,0.19780041357933556
0.39701,3.70640720866398e-10,3.5584438099675476e-10,5.29682778261953e-10,4.5120577461728383e-10,2.228786485147511e-10,0.14039352714885736
0.39714,3.841313911294559e-10,3.534206732829491e-10,5.267475265950968e-10,4.485447617734808e-10,2.2041838329595029e-10,0.28838776469446864
0.39726,4.340091714476055e-10,3.541824411269461e-10,5.271593035675681e-10,4.490371618154023e-10,2.220273229229739e-10,0.829118584980134
0.39739,4.962316478776483e-10,3.5060674441080056e-10,5.24513706992838e-10,4.461112585458191e-10,2.1647588840633367e-10,1.5907542433676098
0.39751,5.172977237745491e-10,3.5322592632277205e-10,5.263596101152327e-10,4.482314896107452e-10,2.2051348053533582e-10,1.8694772774455453
0.39763,4.828773562376603e-10,3.576669180913274e-10,5.302384438459887e-10,4.522674479530106e-10,2.2676433499338424e-10,1.404026003990548
0.39776,3.8820675714016224e-10,3.5495857563331666e-10,5.276282301848767e-10,4.4966033288612725e-10,2.2315021267304873e-10,0.3326644121693466
0.39788,2.634092260075226e-10,3.546418111758591e-10,5.274698222598583e-10,4.4944193715346555e-10,2.225986389410696e-10,-0.7345467399200364
0.39801,2.2565052729455795e-10,3.565850076940479e-10,5.28842334516949e-10,4.510087918864199e-10,2.2565052729455795e-10,-1.4737136703902565
0.39813,2.237879720571556e-10,3.5543569498002557e-10,5.280661746849412e-10,4.50103464414651e-10,2.237879720571556e-10,-1.7308922261675417
0.39826,2.1930669412077295e-10,3.5268984401170516e-10,5.262921350345807e-10,4.479809982816787e-10,2.1930669412077295e-10,-1.6929985443866196
0.39838,2.1716802770857014e-10,3.512834763754702e-10,5.252805461709382e-10,4.46832702827057e-10,2.1716802770857014e-10,-1.643813652123054
0.3985,2.2517769862822028e-10,3.56612786129364e-10,5.29979600879584e-10,4.5120984491392686e-10,2.2517769862822028e-10,-1.192816671790858
0.39863,3.07171713272639e-10,3.546472777755607e-10,5.279267158662655e-10,4.497065983374805e-10,2.2208256245780315e-10,-0.41070983390813326
0.39875,4.460917485543249e-10,3.544141747772996e-10,5.283050440232908e-10,4.49852575575346e-10,2.2096880085620433e-10,0.9454855264601161
0.39888,4.964079104014609e-10,3.5742583564815524e-10,5.299941128960302e-10,4.520194419148282e-10,2.2627602454821537e-10,1.5729965014205436
0.399,5.069540783464856e-10,3.522880092376194e-10,5.267028035608507e-10,4.480614120334427e-10,2.1788619807214437e-10,1.707421098367446
0.39913,4.966585835015871e-10,3.57773899335097e-10,5.308270101286491e-10,4.526452463578744e-10,2.261178126254894e-10,1.5631741738370806
0.39925,4.92540934420564e-10,3.584587757338362e-10,5.348972901420149e-10,4.5570432733305064e-10,2.269834051794536e-10,1.50283101561095
0.39938,4.876694916752434e-10,3.580389333786503e-10,5.309373957028175e-10,4.528131849132903e-10,2.2666387110901815e-10,1.448969273357319
0.3995,4.722067991637087e-10,3.5529618191002114e-10,5.2925411408231e-10,4.5074563284437644e-10,2.2203913323122417e-10,1.253488511911326
0.39963,4.2637439995923975e-10,3.541309574894437e-10,5.286221914432807e-10,4.4991678841533397e-10,2.2000626345401963e-10,0.7154627766693465
0.39975,3.228987903498647e-10,3.562504486406773e-10,5.30133328533006e-10,4.5164334165990297e-10,2.2323899070216368e-10,-0.29224854833830033
0.39988,2.1875835017576153e-10,3.535890652772457e-10,5.285434721393009e-10,4.496608251571203e-10,2.1875835017576153e-10,-1.810516657926374
0.4,2.2354619132960138e-10,3.5627945605503887e-10,5.300847855456433e-10,4.516309100617447e-10,2.2354619132960138e-10,-2.1938288403565562
0.40013,2.2108976517453423e-10,3.5483923165669384e-10,5.290759718681496e-10,4.5047322868785064e-10,2.2108976517453423e-10,-1.9568043168015123
0.40025,2.2476033257834968e-10,3.572425458122597e-10,5.308925363975545e-10,4.524792762884426e-10,2.2476033257834968e-10,-1.2444860946710918
0.40038,2.823401073117606e-10,3.5633539734759115e-10,5.311732110515988e-10,4.522833607899851e-10,2.2223949559223586e-10,-0.6173801796119068
0.4005,3.4912166516973297e-10,3.5749558997867477e-10,5.31872666512583e-10,4.531504533255584e-10,2.241915873252752e-10,-0.07290028576018334
0.40063,4.1561770481661237e-10,3.582493544953904e-10,5.32520867586521e-10,4.538267188877082e-10,2.2523709455348956e-10,0.5807235643842124
0.40075,4.228888383891552e-10,3.586404931474238e-10,5.329191524355589e-10,4.5421505143451573e-10,2.2569942292010127e-10,0.6570580489966829
0.40088,3.8384617652596076e-10,3.585177339631279e-10,5.327642303906295e-10,4.5407709866725415e-10,2.2558090062267713e-10,0.25230392602736906
0.401,3.47733502314226e-10,3.5764446296154294e-10,5.320942105198694e-10,4.533395430689838e-10,2.2428260871859437e-10,-0.08671108609243833
0.40113,3.445136563832364e-10,3.597762914811735e-10,5.341878314902388e-10,4.555293597559178e-10,2.2451092954060334e-10,-0.13447797227460326
0.40125,3.785576022028655e-10,3.5776085639306914e-10,5.32136778251884e-10,4.5341100793091915e-10,2.2450782981806306e-10,0.20203834727129963
0.40138,4.200730628879344e-10,3.5531594525138975e-10,5.305824703310413e-10,4.5153253290309897e-10,2.205200014358369e-10,0.6278147012077681
0.4015,4.0614851498156017e-10,3.5862897380329585e-10,5.324668895893062e-10,4.5394677475653833e-10,2.262023744670095e-10,0.48448565142385075
0.40163,3.600412482274853e-10,3.574064090876991e-10,5.318380913848225e-10,4.530962702278478e-10,2.2401130777056216e-10,0.026427552941302185
0.40175,3.4972986293869513e-10,3.567125001455391e-10,5.314384787563802e-10,4.525878909294869e-10,2.2282566284189097e-10,-0.06838132312502203
0.40188,3.547891608917888e-10,3.566914648663912e-10,5.312570343431487e-10,4.5247298903987143e-10,2.2299145621978185e-10,-0.020487652286262467
0.40201,4.255510057437309e-10,3.5754610978121193e-10,5.317222758343982e-10,4.53082029604345e-10,2.2449278753217138e-10,0.6935244418707763
0.40213,4.2966318671282213e-10,3.58083873035363e-10,5.317585650048927e-10,4.533159576483494e-10,2.2574374535685422e-10,0.7440767247910456
0.40226,4.3149608202649983e-10,3.5578228516882485e-10,5.303844880037969e-10,4.5160153778497075e-10,2.2185701937634726e-10,0.7617622291512101
0.40238,3.5162557542424754e-10,3.5732132800144106e-10,5.316117535804995e-10,4.529294721437133e-10,2.2407905974194655e-10,-0.04872067280993277
0.40251,2.499462706458241e-10,3.5887643807333466e-10,5.324393783574979e-10,4.5402779133663077e-10,2.2683446910545624e-10,-0.837098895136987
0.40263,2.2324173302812627e-10,3.5658272272334006e-10,5.30825006951719e-10,4.5217695309927406e-10,2.2324173302812627e-10,-1.0953056199089768
0.40276,2.868912992020736e-10,3.559523761945108e-10,5.304561854045709e-10,4.51711881512695e-10,2.2217136599513883e-10,-0.5806611372570443
0.40289,3.3401487871718224e-10,3.5620073978437315e-10,5.308206191077543e-10,4.520238899488037e-10,2.2232960656483973e-10,-0.20426532595347374
0.40301,3.516306837005365e-10,3.5732635485223715e-10,5.315452010812816e-10,4.528909990853629e-10,2.2417854690088713e-10,-0.04774817885280509
0.40314,3.29738804523955e-10,3.571142686542081e-10,5.315296325803228e-10,4.527997578190347e-10,2.2367819460983219e-10,-0.24189542448791346
0.40326,2.671938841143197e-10,3.574618379579953e-10,5.313048416465085e-10,4.528042986572607e-10,2.2478757136192174e-10,-0.7206762766033518
0.40339,3.206940982178838e-10,3.571464692607637e-10,5.313153076500295e-10,4.526878850677748e-10,2.2400338873714913e-10,-0.3157293627981169
0.40352,3.4140682662012017e-10,3.5680238471767584e-10,5.315566559636209e-10,4.5270373499668527e-10,2.2281323216058324e-10,-0.14410468283857417
0.40364,3.3853158848410914e-10,3.560684038238523e-10,5.307505049079858e-10,4.5192828780212046e-10,2.221114890417332e-10,-0.16503253972109322
0.40377,3.165459870034849e-10,3.5645179862878596e-10,5.315206143500164e-10,4.52531122918649e-10,2.2211887136245424e-10,-0.35555493099353586
0.40389,2.602208781499644e-10,3.568231211530546e-10,5.32230805722734e-10,4.530934266687963e-10,2.2217077348237515e-10,-0.776313572120755
0.40402,2.486757974397741e-10,3.579927665773372e-10,5.328290711273896e-10,4.539075707091505e-10,2.2424729877972793e-10,-0.8507353855111941
0.40415,3.2643054123790867e-10,3.567057520302277e-10,5.31396214401609e-10,4.5255989112622565e-10,2.2286271736564816e-10,-0.271170580549596
0.40427,3.4913287380758327e-10,3.5612721645797396e-10,5.3055833615486e-10,4.51844700142394e-10,2.2245882587008741e-10,-0.0685996188041167
0.4044,3.454287325824555e-10,3.5703680552366253e-10,5.310703837975604e-10,4.5249863759488823e-10,2.2404670757931143e-10,-0.10072188657440471
0.40453,3.6340770289033804e-10,3.565562056549702e-10,5.30889899112891e-10,4.5220325353841593e-10,2.2310904501636748e-10,0.06240233156906613
0.40465,3.4643242320600315e-10,3.5486981220117457e-10,5.288541194215509e-10,4.503420428833099e-10,2.2149705232573764e-10,-0.08337663953287654
0.40478,3.217295213655518e-10,3.5519098843493345e-10,5.288394576912467e-10,4.504618900044103e-10,2.2227295473148208e-10,-0.2962846496856519
0.4049,3.0278497685947963e-10,3.5428103642109603e-10,5.280399242157003e-10,4.496341748548157e-10,2.2104259355725996e-10,-0.4488530492349032
0.40503,3.058461156823445e-10,3.5690076636761144e-10,5.300048953874649e-10,4.518206032926337e-10,2.2498583898802255e-10,-0.42616058453987216
0.40516,3.474686049217055e-10,3.558814285257801e-10,5.295679823606898e-10,4.511623494070657e-10,2.2305731527351682e-10,-0.07475567950671168
0.40528,3.9711370370042817e-10,3.553576557046494e-10,5.301795496471035e-10,4.513143332085108e-10,2.2108313338084868e-10,0.3920902159384233
0.40541,3.792747054590463e-10,3.5614051958021945e-10,5.304545436537157e-10,4.5178432573436893e-10,2.226279195191882e-10,0.2166771420525234
0.40554,3.226600599886457e-10,3.5603408215949555e-10,5.29126174422281e-10,4.509622161794887e-10,2.2395674018411528e-10,-0.28570799304389544
0.40566,2.894378715629338e-10,3.541126090212409e-10,5.278588366135417e-10,4.4946043141444226e-10,2.2086099941628318e-10,-0.5514187351670237
0.40579,3.0533927314875234e-10,3.564665233690518e-10,5.299671634965559e-10,4.5162611362974464e-10,2.2399328980547115e-10,-0.4323822885633212
0.40592,3.512257990977681e-10,3.5579795950107925e-10,5.29486321949945e-10,4.510810578033902e-10,2.2295766405079173e-10,-0.04029183207571458
0.40604,4.212289299655572e-10,3.566817140404406e-10,5.301721298941014e-10,4.5183176368583896e-10,2.2426295283721928e-10,0.661469156663052
0.40617,4.544492024674101e-10,3.545538418796487e-10,5.280880260917421e-10,4.4976909459474694e-10,2.2164317928446395e-10,1.0518876998230002
0.4063,4.709691686550923e-10,3.536496479951204e-10,5.271491695133265e-10,4.488615905082729e-10,2.2059388300024677e-10,1.2580813274179776
0.40643,4.807179370157109e-10,3.547461447197986e-10,5.276258955659369e-10,4.495744492163549e-10,2.2264951320500653e-10,1.3848859460867988
0.40655,4.929593283690789e-10,3.5262065027558134e-10,5.259189895881063e-10,4.4773462250809937e-10,2.1958768235715625e-10,1.5471281308182527
0.40668,4.725857096091909e-10,3.557996186482305e-10,5.28204005882739e-10,4.503297279986183e-10,2.2448665584914058e-10,1.285440110447087
0.40681,3.8871466657867884e-10,3.555139886695396e-10,5.279912273143128e-10,4.5009135549649116e-10,2.240599747250078e-10,0.3378730684954854
0.40693,3.16890315530958e-10,3.537348837066513e-10,5.266191529091511e-10,4.485844534431079e-10,2.2142428551725533e-10,-0.3252751113321378
0.40706,2.3603789569994444e-10,3.5429218273186356e-10,5.269506712674855e-10,4.489990226734302e-10,2.223645807581241e-10,-0.9125195545267084
0.40719,2.23867467978172e-10,3.553102726973786e-10,5.277194424165956e-10,4.4985032694742486e-10,2.23867467978172e-10,-1.0480540319560383
0.40731,2.597179041257952e-10,3.5190878463978e-10,5.256798594757505e-10,4.4731231531293246e-10,2.1818210719733187e-10,-0.7600884983525537
0.40744,2.9769384559934e-10,3.535017695546166e-10,5.269547167767263e-10,4.4869035438639247e-10,2.2046091326651078e-10,-0.4842705545263099
0.40757,3.064938551453923e-10,3.5406032457852725e-10,5.274480010356758e-10,4.49199199746469e-10,2.2121687280427398e-10,-0.41564268003444604
0.4077,2.8735932746348326e-10,3.5632970636887724e-10,5.2895705107143e-10,4.5097787364624316e-10,2.2487968950159462e-10,-0.5640018786827219
0.40782,2.640441463769513e-10,3.5511365099661326e-10,5.281226133392573e-10,4.5001081407144183e-10,2.2294299043082727e-10,-0.7323246143848211
0.40795,2.1858129042925348e-10,3.5242981825198995e-10,5.263908412399329e-10,4.479355711661671e-10,2.1858129042925348e-10,-1.0771651734308296
0.40808,2.6987772580776627e-10,3.5508931940709563e-10,5.281528746811306e-10,4.5001963402161867e-10,2.228409678367689e-10,-0.6919076730584851
0.40821,3.5476045721242093e-10,3.5436611445135757e-10,5.275827883888233e-10,4.493996193008527e-10,2.2178700207523966e-10,0.002605467278599369
0.40833,3.8477093421835995e-10,3.5411568515386534e-10,5.273010973583539e-10,4.4913524179086356e-10,2.2152381743140695e-10,0.29483751828540106
0.40846,4.033943547026408e-10,3.5550686355601974e-10,5.282902399424599e-10,4.502637168027237e-10,2.2368736664289185e-10,0.4862514290425733
0.40859,4.292236684709045e-10,3.5302283667115935e-10,5.266238190175091e-10,4.4830590273618516e-10,2.1972029833609958e-10,0.7678834999456402
0.40872,4.6505353898529575e-10,3.573149553042578e-10,5.296567196408312e-10,4.517775621079806e-10,2.2641456351344248e-10,1.184289812717152
0.40884,4.020427893772777e-10,3.5397249768836627e-10,5.272474592605411e-10,4.490467247939706e-10,2.2124849274876856e-10,0.47231067071926774
0.40897,3.086609480698496e-10,3.559379314742189e-10,5.289159503908961e-10,4.5080708718400167e-10,2.2392267032110179e-10,-0.4003148958142011
0.4091,2.386980596880685e-10,3.5606997379349337e-10,5.29469144234215e-10,4.50777846968352e-10,2.2444923180224938e-10,-0.8991535554621676
0.40923,2.763646647792582e-10,3.557940334626951e-10,5.28373877793772e-10,4.5042569915676437e-10,2.2428042175320107e-10,-0.6436770928806415
0.40936,3.9075082944823056e-10,3.5472480580979115e-10,5.276825256431226e-10,4.4959847919720367e-10,2.225351736056273e-10,0.3560328886862488
0.40948,4.94836992521534e-10,3.5524086581140564e-10,5.277449152096712e-10,4.498329483928662e-10,2.2368827071853985e-10,1.5696329079710067
0.40961,5.532261491827294e-10,3.544676570903662e-10,5.2741476776827e-10,4.4932203586080977e-10,2.2226422518844184e-10,2.3691426709020136
0.40974,5.375947744879215e-10,3.538932020632738e-10,5.267494554361993e-10,4.4873477902442805e-10,2.2164776538270661e-10,2.1526836357875165
0.40987,4.5066891977589584e-10,3.550284096271642e-10,5.271973648663487e-10,4.494335547991612e-10,2.2384318065302857e-10,1.0292341008065753
0.41,3.1584339381187974e-10,3.5279731474070793e-10,5.255470518307649e-10,4.475855515041872e-10,2.2045264388614084e-10,-0.32994228005725434
0.41012,2.2580074402718656e-10,3.5625435268737914e-10,5.280376778999713e-10,4.504087288733744e-10,2.2580074402718656e-10,-1.3029226657302941
0.41025,2.2309227770920883e-10,3.544281167090752e-10,5.268958261919614e-10,4.4890618022787533e-10,2.2309227770920883e-10,-1.6770799688014046
0.41038,2.1685643638798178e-10,3.5018351357107917e-10,5.233145726840957e-10,4.4524437039653615e-10,2.1685643638798178e-10,-1.6546661840994612
0.41051,2.1893889244165587e-10,3.5150702961986084e-10,5.242240222417627e-10,4.462998820609955e-10,2.1893889244165587e-10,-1.2902983351974264
0.41064,2.691400874542061e-10,3.545290050894854e-10,5.259970548979427e-10,4.4853109354240707e-10,2.2408360339599724e-10,-0.6851543679070747
0.41076,3.497579583613199e-10,3.524499802884386e-10,5.246010621070642e-10,4.468856032957427e-10,2.2078996904594603e-10,-0.02396201913417678
0.41089,4.309267982954334e-10,3.5039856632997027e-10,5.234582015541071e-10,4.454117733257429e-10,2.1719620517503236e-10,0.8104330898449021
0.41102,4.2292856267250326e-10,3.4997453512508307e-10,5.227665953329113e-10,4.450543367958154e-10,2.1936445015814535e-10,0.7557290805537847
0.41115,3.931554761635391e-10,3.509287651911879e-10,5.216156472804636e-10,4.445387259442487e-10,2.2066610504380432e-10,0.4309712172660273
0.41128,3.4725124285083637e-10,3.473961653160946e-10,5.171646079194002e-10,4.405341097391739e-10,2.1748753187159408e-10,-0.0015994098274261812
0.41141,3.3696520418440397e-10,3.5064597879258897e-10,5.213055166525897e-10,4.4424804090314515e-10,2.20348838940086e-10,-0.11846801523726433
0.41153,3.6838491648031777e-10,3.492923404682081e-10,5.204014294698368e-10,4.4318209007512213e-10,2.181806464706701e-10,0.17903075973864258
0.41166,4.0925987211122066e-10,3.5085348275288337e-10,5.214838301924773e-10,4.4443352356676423e-10,2.2063158523911485e-10,0.6056345583875075
0.41179,4.154043569517807e-10,3.497839525556035e-10,5.2117603814956e-10,4.4383206854676136e-10,2.184282565818188e-10,0.6669947425803694
0.41192,3.7272647352004885e-10,3.4915869106827917e-10,5.201267958193647e-10,4.4296926846715375e-10,2.18179356810818e-10,0.22462646859857036
0.41205,2.7501407715656715e-10,3.464508900189796e-10,5.165207219163687e-10,4.397851872433572e-10,2.159792714349465e-10,-0.6141684895293626
0.41218,2.1695685715678276e-10,3.470872161291686e-10,5.169775022368665e-10,4.4030457046942594e-10,2.1695685715678276e-10,-1.4971693650998892
0.41231,2.2267978192743704e-10,3.5223352112447046e-10,5.225481703787666e-10,4.4560245472296084e-10,2.2267978192743704e-10,-1.8966926191463527
0.41244,2.1665528422140688e-10,3.497680473914294e-10,5.236814137556622e-10,4.448475499837456e-10,2.1665528422140688e-10,-1.6578823805308935
0.41256,2.2746660028356498e-10,3.537364769001691e-10,5.259860098863278e-10,4.4820617254784015e-10,2.22195447459815e-10,-0.9618896082946414
0.41269,4.0514730679283853e-10,3.5384659890776024e-10,5.254996203707248e-10,4.479716142045646e-10,2.2302498437467498e-10,0.5298713360051156
0.41282,4.67209963745281e-10,3.544820755469458e-10,5.257167009017047e-10,4.4834876163471043e-10,2.2430291588208982e-10,1.25122940842168
0.41295,4.979258061837378e-10,3.530004819255298e-10,5.247017384635826e-10,4.471697305335825e-10,2.2194715744750626e-10,1.6454457700835325
0.41308,5.00634266646331e-10,3.5010174743218023e-10,5.227524037384884e-10,4.448822254371898e-10,2.1732569401976116e-10,1.6811248621261374
0.41321,4.962419913764284e-10,3.5062137097041617e-10,5.231902917070132e-10,4.4534334244531626e-10,2.1805276926989753e-10,1.6212386706511654
0.41334,4.404508284113476e-10,3.5240299333262205e-10,5.244553949774254e-10,4.4678940495141446e-10,2.2080472962784904e-10,0.926905164697786
0.41347,3.805764987784283e-10,3.5235830647775393e-10,5.246531521186812e-10,4.468880097557758e-10,2.2046169772159985e-10,0.27217574532709354
0.4136,3.35271394182894e-10,3.5297022474627123e-10,5.258156864611159e-10,4.476411773775176e-10,2.2143672750141579e-10,-0.15697712132362876
0.41373,3.310617221533196e-10,3.511469371297063e-10,5.235968034375532e-10,4.457899616251753e-10,2.1882016783573637e-10,-0.19150556206750824
0.41385,3.348833595411498e-10,3.5260166803017075e-10,5.246083246644842e-10,4.469571004760644e-10,2.21101677953829e-10,-0.15829917574355076
0.41398,3.234626335088636e-10,3.513274782080563e-10,5.239578802141596e-10,4.4607364271237256e-10,2.1882058745218204e-10,-0.2598251577712048
0.41411,2.6804946898337594e-10,3.537017892124555e-10,5.254667986626855e-10,4.478953776613729e-10,2.227162159348742e-10,-0.6932260875350041
0.41424,2.1947769024194617e-10,3.5159032205544487e-10,5.239507093073423e-10,4.4617160848391665e-10,2.1947769024194617e-10,-1.077573785297557
0.41437,2.2461025276177963e-10,3.545726115284673e-10,5.256434396566517e-10,4.4834131553198657e-10,2.2461025276177963e-10,-1.431100612393302
0.4145,2.2250049253248602e-10,3.5343416215410173e-10,5.251098698944239e-10,4.4758011621227565e-10,2.2250049253248602e-10,-1.442151921781699
0.41463,2.2210111072823476e-10,3.535210105497595e-10,5.256205203476523e-10,4.479138310371042e-10,2.2210111072823476e-10,-1.111949930158655
0.41476,2.996699748823672e-10,3.516225311350354e-10,5.244277932365922e-10,4.4646458977511746e-10,2.189763936956858e-10,-0.4583411467444519
0.41489,4.052368934789673e-10,3.5394917035300814e-10,5.261788100181804e-10,4.484136837679831e-10,2.2242228779597683e-10,0.5206812466987923
0.41502,4.925669597152429e-10,3.5207191506537147e-10,5.249452574046466e-10,4.4702611042997024e-10,2.1937072633010683e-10,1.5558303296630909
0.41515,5.205160085296583e-10,3.5522791996295793e-10,5.276227099818308e-10,4.498002278072744e-10,2.235586619880099e-10,1.9167316810464539
0.41528,4.785746900744956e-10,3.5183636282342785e-10,5.249632660076283e-10,4.468639603187756e-10,2.1884333063250827e-10,1.372345913494549
0.41541,3.802353836323841e-10,3.519898460005487e-10,5.250261866099328e-10,4.4696304718678005e-10,2.1913033246988986e-10,0.2600282734584402
0.41554,2.7713124920168643e-10,3.5222252694871234e-10,5.248595190137738e-10,4.46954424544446e-10,2.1989731652943342e-10,-0.6303779649489967
0.41567,2.2078546778538583e-10,3.525887058399209e-10,5.248454909193941e-10,4.470915998933926e-10,2.2078546778538583e-10,-1.0692053970372724
0.4158,2.171898403039114e-10,3.503203603970798e-10,5.233144866474034e-10,4.452973978799324e-10,2.171898403039114e-10,-1.301019711866256
0.41593,2.3959907507494116e-10,3.5174832688465703e-10,5.243093772386318e-10,4.464442727533313e-10,2.1941984981499703e-10,-0.885318272015148
0.41606,3.2801446564884996e-10,3.5299677362417673e-10,5.264695351066187e-10,4.4823982348550736e-10,2.2106171307244986e-10,-0.22401647908734576
0.41619,4.025273341999263e-10,3.545227487871231e-10,5.272443809363877e-10,4.494778142353008e-10,2.2119426406617654e-10,0.4808704879690995
0.41632,3.7608402482487077e-10,3.5274064298616954e-10,5.253692965197153e-10,4.4745931586498015e-10,2.205250863768398e-10,0.2211804933331756
0.41645,3.152511600172464e-10,3.5226721358347757e-10,5.247657107407208e-10,4.4691726709003473e-10,2.2011539412539875e-10,-0.3309659722460122
0.41658,2.7732982338527185e-10,3.523787878759947e-10,5.254944491575681e-10,4.4745190798295246e-10,2.1977359110639134e-10,-0.6311256171520173
0.41671,3.2731374728318947e-10,3.523457416724961e-10,5.250524240245097e-10,4.4711682138315373e-10,2.1996160738500885e-10,-0.23075973095076535
0.41684,3.908780432461733e-10,3.516987494896231e-10,5.24471287479861e-10,4.465214398219858e-10,2.1909910205834114e-10,0.37346276874362316
0.41697,4.1349589023847313e-10,3.5173835735964057e-10,5.245750623494327e-10,4.465976411734621e-10,2.1906918261487918e-10,0.6126147936412061
0.4171,4.0368734578734353e-10,3.521740315610014e-10,5.250302871780437e-10,4.470366449538458e-10,2.1957420005198726e-10,0.504470331759906
0.41723,3.7237029256875167e-10,3.534930369997203e-10,5.258104706180436e-10,4.4801401970914547e-10,2.2180950543614214e-10,0.1853703839050039
0.41736,3.761821460997055e-10,3.528452557850289e-10,5.252735331407874e-10,4.474438336022649e-10,2.208925245936001e-10,0.22438465319483933
0.41749,4.2390824093984686e-10,3.511578162926799e-10,5.244571637526909e-10,4.4630242041198715e-10,2.1790066084371576e-10,0.7182400892286277
0.41762,4.694620120742419e-10,3.516400097887034e-10,5.247019160666161e-10,4.466314922527537e-10,2.1870041447918847e-10,1.2616024493520985
0.41775,4.77073765292343e-10,3.4979205086762046e-10,5.229134877114106e-10,4.448549660650869e-10,2.1639915228692838e-10,1.3673696017697543
0.41788,4.303174416964103e-10,3.5435188325862593e-10,5.258876842422395e-10,4.4839828219588816e-10,2.2378064237561537e-10,0.807469527249805
0.41801,3.694524666835673e-10,3.52581981017863e-10,5.246462748943905e-10,4.469726807264465e-10,2.2100276621744331e-10,0.16366733646388848
0.41814,3.223756436525754e-10,3.5299879730530034e-10,5.249239018011981e-10,4.4729970028991466e-10,2.2167398231505816e-10,-0.26775000807729993
0.41827,2.9953690222013894e-10,3.515091269760252e-10,5.241209048348729e-10,4.4624075587715365e-10,2.1906255437435442e-10,-0.45756153388622034
0.4184,3.00984555981137e-10,3.5274355202465794e-10,5.251118194529096e-10,4.4730712949131677e-10,2.2083839898925988e-10,-0.4474609972455012
0.41853,2.8462366307018343e-10,3.54127245690238e-10,5.259495107374464e-10,4.483458787390976e-10,2.2316643561163141e-10,-0.573313086742161
0.41866,2.2523590837080153e-10,3.555381947971485e-10,5.277442358300041e-10,4.5011644084365097e-10,2.2523590837080153e-10,-1.1458946333538347
0.4188,2.1838271312336224e-10,3.509404320971877e-10,5.235557178212858e-10,4.4568351595899975e-10,2.1838271312336224e-10,-1.5853405118407808
0.41893,2.1625239315266498e-10,3.495543639838438e-10,5.225662480961765e-10,4.4455573637980275e-10,2.1625239315266498e-10,-1.66003089870462
0.41906,2.2288686505472052e-10,3.5412864423891526e-10,5.25790957534331e-10,4.482424017650644e-10,2.2288686505472052e-10,-1.3212463542916457
0.41919,2.6399809869767897e-10,3.5064147370319984e-10,5.236052169910553e-10,4.4559425754920556e-10,2.1761729201736095e-10,-0.7228840950368058
0.41932,3.770055342601979e-10,3.537229711916368e-10,5.259971670954341e-10,4.481690114761175e-10,2.2223834063832248e-10,0.23179081084907732
0.41945,4.5618727354507183e-10,3.5134505266632805e-10,5.242799928274248e-10,4.462691660389523e-10,2.1848493696673755e-10,1.103510265460359
0.41958,4.659593077869489e-10,3.5283208083936506e-10,5.250601368307736e-10,4.4731291374688676e-10,2.2111637617116736e-10,1.227151938533471
0.41971,4.649129960096819e-10,3.514491351744121e-10,5.241781912536216e-10,4.462498119121667e-10,2.188586448053162e-10,1.2132983911529633
0.41984,4.404641227829216e-10,3.524196091599873e-10,5.249297334544041e-10,4.470738835723766e-10,2.202839821395328e-10,0.9188564961422274
0.41997,3.672067788449678e-10,3.5226623163780187e-10,5.247350840093476e-10,4.4689983937325646e-10,2.2014331471376944e-10,0.13797335461323904
0.42011,2.2974468998635465e-10,3.552056507534292e-10,5.272050051169519e-10,4.4950967073591065e-10,2.242480524167116e-10,-0.949306803492827
0.42024,2.182190266086584e-10,3.5126428430633083e-10,5.243349766966723e-10,4.4627639089437206e-10,2.182190266086584e-10,-1.4054311574208995
0.42037,2.207210438121051e-10,3.5253649906512624e-10,5.247925830644886e-10,4.4704029187426744e-10,2.207210438121051e-10,-1.0198903083171684
0.4205,3.6340883280128493e-10,3.5201094947880844e-10,5.239141860637422e-10,4.463173041747744e-10,2.205077518145338e-10,0.10927707107031132
0.42063,4.5080075264780976e-10,3.498652266961171e-10,5.224887692155591e-10,4.4463359725797025e-10,2.170770272227543e-10,1.0538118398968046
0.42076,4.868253686901198e-10,3.505639321379663e-10,5.228713536472288e-10,4.451338478400161e-10,2.1829305585711575e-10,1.5046677733864466
0.42089,4.770077265245638e-10,3.4970196366199065e-10,5.219411472391112e-10,4.4424833622772583e-10,2.1733105831035617e-10,1.3860125049600143
0.42102,4.423804058149192e-10,3.4973130057773183e-10,5.220639771431499e-10,4.4433226406680685e-10,2.172539501886074e-10,0.9599524895588891
0.42116,4.3661790384306214e-10,3.5258477741802926e-10,5.243657945535078e-10,4.468082630024802e-10,2.2134897086587137e-10,0.8860651519772201
0.42129,4.4584606321549603e-10,3.5410487449996436e-10,5.253574005325128e-10,4.4798776211627043e-10,2.238322359584617e-10,0.9945890785083176
0.42142,4.088892622951863e-10,3.5042110704071007e-10,5.228111797427838e-10,4.4504256062314956e-10,2.1801763858545223e-10,0.5761433821301165
0.42155,3.0585366545974996e-10,3.502000842012424e-10,5.225157227300669e-10,4.4478273081651164e-10,2.178346762095177e-10,-0.40062305335198184
0.42168,2.1721677889178387e-10,3.4976293022919816e-10,5.221597545429393e-10,4.444009461900706e-10,2.1721677889178387e-10,-1.5353460748990724
0.42181,2.179302450161023e-10,3.503710497199328e-10,5.22783586680678e-10,4.4500650587509447e-10,2.179302450161023e-10,-1.7795112935658741
0.42195,2.21300921149958e-10,3.498035843754898e-10,5.224604629426707e-10,4.445927320353117e-10,2.1696389216770153e-10,-0.9944175723706765
0.42208,3.737672407839464e-10,3.5268813768648893e-10,5.24483481529075e-10,4.4691779130882593e-10,2.2145844805896163e-10,0.2091825719548316
0.42221,4.524131718634493e-10,3.5194037455782305e-10,5.240030926958687e-10,4.4634757500059853e-10,2.201957517581263e-10,1.0704772737819228
0.42234,4.687895313869198e-10,3.507417004597139e-10,5.214860801171216e-10,4.4438851257838895e-10,2.2031184442875658e-10,1.3054250481441243
0.42247,4.335036874610246e-10,3.487209175729461e-10,5.199077766841187e-10,4.4266920257936917e-10,2.1738989521796052e-10,0.8825615962727699
0.4226,3.591525545894577e-10,3.492843887333081e-10,5.200898471068486e-10,4.4299866059791127e-10,2.1852169568759612e-10,0.0924266381253453
0.42274,2.7957215702394395e-10,3.5008008732815077e-10,5.207616067664571e-10,4.4370565340101566e-10,2.196293132478835e-10,-0.5931631018345214
0.42287,2.1668427725767087e-10,3.4817529315975497e-10,5.194077373790762e-10,4.4215953259209037e-10,2.1668427725767087e-10,-1.1526057721956817
0.423,2.1381497762746184e-10,3.446722840506022e-10,5.14766846158689e-10,4.380537349362008e-10,2.1381497762746184e-10,-1.459408909700991
0.42313,2.175076746079699e-10,3.470116417644221e-10,5.162865364464853e-10,4.398706410185076e-10,2.175076746079699e-10,-1.2646474783203143
0.42327,2.1471101337245468e-10,3.446269414977755e-10,5.139095896106772e-10,4.375336628148164e-10,2.1471101337245468e-10,-1.0203790123152527
0.4234,2.985163368830698e-10,3.471775245963566e-10,5.156597751885308e-10,4.3956613385816615e-10,2.1874710996033172e-10,-0.41874484453502814
0.42353,3.513529405890167e-10,3.455588266970892e-10,5.146124398699904e-10,4.383134720179254e-10,2.1610794174408464e-10,0.05293904227869192
0.42366,3.899628314213484e-10,3.473482110093381e-10,5.157206916433346e-10,4.3966910553377917e-10,2.190864127724614e-10,0.4476946561749459
0.42379,4.2029839515829995e-10,3.4679150376621243e-10,5.151626161706571e-10,4.391220012667316e-10,2.184134801428342e-10,0.7893742324213907
0.42393,4.506557620479724e-10,3.441324357796826e-10,5.133145951257575e-10,4.3697449113678494e-10,2.1437356293820434e-10,1.1403088515456319
0.42406,4.849485035327064e-10,3.4794837474774866e-10,5.160273393827375e-10,4.4008546648050884e-10,2.2016538587510753e-10,1.593533473844359
0.42419,4.971409437895935e-10,3.4508792142223846e-10,5.146202146063801e-10,4.381452298223684e-10,2.149893622658184e-10,1.7472932254006643
0.42432,4.893213748620932e-10,3.4751666358839476e-10,5.159525357709961e-10,4.3987266762754463e-10,2.1920702509108592e-10,1.6472273426029127
0.42446,4.12898275224179e-10,3.4680400714812993e-10,5.154148900870884e-10,4.392749669209925e-10,2.1814385742146517e-10,0.7004368998831885
0.42459,3.186018185962087e-10,3.4426784823301346e-10,5.134537830814097e-10,4.3712323675700687e-10,2.1440229318220186e-10,-0.24561629891984485
0.42472,2.1774123629007007e-10,3.4617080753877707e-10,5.144779500834134e-10,4.384749779549959e-10,2.1774123629007007e-10,-1.1061050477789889
0.42485,2.1309677381457925e-10,3.4325154186048725e-10,5.125056684112523e-10,4.3616647488909304e-10,2.1309677381457925e-10,-1.7207896693350262
0.42499,2.1462161157058467e-10,3.4375112417553587e-10,5.122219535665457e-10,4.3619713737176966e-10,2.1462161157058467e-10,-1.8491551942045215
0.42512,2.1718165087015107e-10,3.4531848976726384e-10,5.132301021980647e-10,4.3740662746249223e-10,2.1718165087015107e-10,-1.3326812542940907
0.42525,3.216521480787489e-10,3.422899530283141e-10,5.097023170553639e-10,4.3414219815341373e-10,2.141153090701595e-10,-0.19414133220584998
0.42539,4.3506803899094407e-10,3.4043467332395007e-10,5.084128738489991e-10,4.326528822019668e-10,2.1121757916053976e-10,1.0097677993813425
0.42552,4.747592263517985e-10,3.4024510485176985e-10,5.083112397839266e-10,4.325198513935602e-10,2.1088056509865608e-10,1.5155264791624987
0.42565,4.4649888996162934e-10,3.4430452786061497e-10,5.112019895326396e-10,4.358164968943249e-10,2.171667634634134e-10,1.1474429633016332
0.42578,3.568959396666665e-10,3.434642021203625e-10,5.107573863097256e-10,4.352253478016165e-10,2.1566977259940282e-10,0.13756077076463716
0.42592,2.3701384668446993e-10,3.4026962261465233e-10,5.084790344629478e-10,4.3262860041191646e-10,2.1088435900690604e-10,-0.8572001612199819
0.42605,2.109501529592435e-10,3.4022190754289475e-10,5.082097328608446e-10,4.324500441961948e-10,2.109501529592435e-10,-1.8287878103176245
0.42618,2.144215007171585e-10,3.423966657780813e-10,5.096406821989389e-10,4.341506372720722e-10,2.144215007171585e-10,-1.933704970674471
0.42632,2.1751054462187716e-10,3.440943860781698e-10,5.132394329761031e-10,4.3735294734585726e-10,2.1751054462187716e-10,-1.063319866940102
0.42645,3.6152837826921934e-10,3.4205330098322347e-10,5.096189861498573e-10,4.34000110902647e-10,2.1364679376902706e-10,0.18674852335625858
0.42658,4.816187194231825e-10,3.4329684212731656e-10,5.10604404089848e-10,4.3506704090868104e-10,2.1545952797425554e-10,1.6023858552665853
0.42672,5.414854694687778e-10,3.441397714047375e-10,5.111638505279397e-10,4.357297393669946e-10,2.1681163853855512e-10,2.4597286114818506
0.42685,5.404100559517813e-10,3.424451739921146e-10,5.0979497953428e-10,4.342583843262517e-10,2.1437334279143264e-10,2.450278001058982
0.42698,5.098584217311413e-10,3.4223855746309615e-10,5.094632554288207e-10,4.3398211291732036e-10,2.1427321603346889e-10,2.0054076823081504
0.42712,4.545137569581935e-10,3.434850165807341e-10,5.104279367221713e-10,4.3503905893600593e-10,2.1611501109665843e-10,1.253157053498556
0.42725,3.591554118524987e-10,3.417770297472407e-10,5.09433985277399e-10,4.3378235538913546e-10,2.132073365584532e-10,0.16266185027288652
0.42738,2.8247856387872577e-10,3.407873448670137e-10,5.085393278344457e-10,4.328664812332986e-10,2.1190709601786397e-10,-0.5246168846956957
0.42752,2.3801698611857254e-10,3.4096908957446225e-10,5.086680206047181e-10,4.3301319319431575e-10,2.1219267676426806e-10,-0.8495774423054144
0.42765,2.265814687734766e-10,3.4301360130603304e-10,5.10108121985184e-10,4.3466471879718836e-10,2.153733808889599e-10,-0.9245385765279548
0.42778,2.1184517277334708e-10,3.4084442827980127e-10,5.08712556994701e-10,4.329889872572248e-10,2.1184517277334708e-10,-1.2029030834692187
0.42792,2.1253741258409483e-10,3.414485255586744e-10,5.101517157076004e-10,4.341764523711902e-10,2.1253741258409483e-10,-1.4865148823334804
0.42805,2.1718273868558912e-10,3.441134898743487e-10,5.108076594188758e-10,4.35509004387568e-10,2.1718273868558912e-10,-1.2829419029335185
0.42818,2.1305611309666935e-10,3.427300300358391e-10,5.114816841681296e-10,4.3535965418201267e-10,2.1305611309666935e-10,-1.3002600251224763
0.42832,2.1320242021767702e-10,3.4307889423923786e-10,5.120648256260156e-10,4.35840099684675e-10,2.1320242021767702e-10,-1.1875673713476078
0.42845,2.5267852268154173e-10,3.467460594047724e-10,5.150917646305982e-10,4.3906206981670293e-10,2.1838944879968048e-10,-0.7646954630073814
0.42858,3.170320920554589e-10,3.45416081068331e-10,5.142336473176085e-10,4.3803393947738e-10,2.1622158146581775e-10,-0.2596701264041622
0.42872,3.9470442917209336e-10,3.456149751349708e-10,5.144487666002294e-10,4.3823608510190417e-10,2.1645054916026341e-10,0.501128763721047
0.42885,4.4258118931427375e-10,3.447039389465368e-10,5.140828392318352e-10,4.3753565817448417e-10,2.1500926387418185e-10,1.0532271536900182
0.42899,4.6083884364534085e-10,3.460416746123486e-10,5.145106175381266e-10,4.3843138879462077e-10,2.1741216258304825e-10,1.284998494252857
0.42912,4.5518340936112397e-10,3.4437063973113614e-10,5.1340547688627e-10,4.371361759807668e-10,2.1470021125881746e-10,1.2129844372363296
0.42925,4.492998448426682e-10,3.4792914601835205e-10,5.159275164666184e-10,4.4001882942408083e-10,2.202466275434846e-10,1.136641185309908
0.42939,4.091809006007381e-10,3.466554921105131e-10,5.152957994212649e-10,4.391469527211985e-10,2.1792942470123466e-10,0.6587045666177186
0.42952,3.519305786578227e-10,3.46146133940782e-10,5.148498847780605e-10,4.386845691829985e-10,2.1723147340708236e-10,0.06025619422749528
0.42966,2.459429776309809e-10,3.465483842268811e-10,5.151868522299057e-10,4.39040718529805e-10,2.1779820132257526e-10,-0.812375720429944
0.42979,2.772258264212523e-10,3.4420287216683004e-10,5.133087731496452e-10,4.370121818738473e-10,2.1441193594470729e-10,-0.5848366633992481
0.42992,3.344445304186341e-10,3.447377513157985e-10,5.135553394706669e-10,4.373694701769714e-10,2.153965164986645e-10,-0.10088146394799415
0.43006,3.671244004103159e-10,3.4564041655766065e-10,5.14204142578626e-10,4.381059093475173e-10,2.1678929587497996e-10,0.21490930732008934
0.43019,3.64991961646939e-10,3.4571205429725536e-10,5.142537768127752e-10,4.3816311554386343e-10,2.1690316147063457e-10,0.19334328282804822
0.43033,3.2152691132750154e-10,3.4451789870235164e-10,5.13395179793683e-10,4.371878052365017e-10,2.1506654026985233e-10,-0.21767145005610644
0.43046,3.1659693554395285e-10,3.450167260631935e-10,5.137396007377691e-10,4.37586045031559e-10,2.158548512420509e-10,-0.261229041335902
0.4306,3.248792843438429e-10,3.453242779999976e-10,5.14246233001709e-10,4.3800441868741624e-10,2.1599121640313841e-10,-0.19095934487153873
0.43073,3.683985081729326e-10,3.44534799853171e-10,5.138464923854828e-10,4.374583350771891e-10,2.1457884346809976e-10,0.22257033645552404
0.43087,3.5965729997386083e-10,3.463326721695659e-10,5.15176163056171e-10,4.389472208897056e-10,2.1730385904215119e-10,0.13368991571522565
0.431,3.0668375524062523e-10,3.446212727069234e-10,5.139687563165218e-10,4.375623206546379e-10,2.1464600675085825e-10,-0.3508877404903587
0.43113,2.1788661277528342e-10,3.4652331598889757e-10,5.150587630650851e-10,4.389559311100629e-10,2.1788661277528342e-10,-1.0523113506037456
0.43127,2.1481007307367007e-10,3.4464867169505413e-10,5.138683243371921e-10,4.3751855776605907e-10,2.1481007307367007e-10,-1.1751523940784143
0.4314,2.142006299842427e-10,3.4429644249654385e-10,5.136740355222542e-10,4.3726539393994384e-10,2.142006299842427e-10,-1.4618784706541879
0.43154,2.168057220603445e-10,3.4595000722151854e-10,5.148125219173391e-10,4.3858519902285113e-10,2.168057220603445e-10,-1.0583617710581994
0.43167,2.8806134030653794e-10,3.4542902476445243e-10,5.14492308827879e-10,4.3819069635535566e-10,2.1594766754165595e-10,-0.5032645093978888
0.43181,3.4496438609931865e-10,3.4536946391812506e-10,5.142282444721304e-10,4.380128287053343e-10,2.161136846554743e-10,-0.00499450064357942
0.43194,4.049811931419651e-10,3.458529893437742e-10,5.146632914055415e-10,4.384581108629794e-10,2.1675933692797225e-10,0.613327628060494
0.43208,4.737984720211182e-10,3.4531157570296647e-10,5.143931037440307e-10,4.3808588754087065e-10,2.1578474818361593e-10,1.4439831212839405
0.43221,5.046677152086345e-10,3.489895377921526e-10,5.168989012848001e-10,4.410060170375031e-10,2.2164384598597705e-10,1.8580421729207102
0.43235,4.931429631272799e-10,3.462213365144972e-10,5.14952841810033e-10,4.387707602172611e-10,2.1729280724015465e-10,1.7024158966943754
0.43248,4.420974692911336e-10,3.4408264812984326e-10,5.134109541723132e-10,4.3702514050726887e-10,2.14010919564997e-10,1.0471985648822737
0.43262,3.7876975381338446e-10,3.446122901612824e-10,5.136909812948345e-10,4.373989255003688e-10,2.149400645203019e-10,0.33221753588734654
0.43275,3.009494733005842e-10,3.459251649985754e-10,5.147151391954922e-10,4.3851790657935324e-10,2.1686531293102792e-10,-0.397900640688141
0.43289,2.1664732289402297e-10,3.457759738147078e-10,5.145994778528072e-10,4.3839083892595317e-10,2.1664732289402297e-10,-1.3885875286631895
0.43302,2.1383324806631358e-10,3.4397605370471854e-10,5.133467262007257e-10,4.3694534208002614e-10,2.1383324806631358e-10,-1.7790666463042049
0.43316,2.165256643200935e-10,3.457421322071945e-10,5.14634032906361e-10,4.3839783723294705e-10,2.165256643200935e-10,-1.5700648310393406
0.43329,2.1290167190018145e-10,3.4355690971111285e-10,5.132940694261738e-10,4.3674854957181106e-10,2.1290167190018145e-10,-1.1330281258558688
0.43343,3.052875087408513e-10,3.4649240374196016e-10,5.15425528564348e-10,4.39157959253304e-10,2.1738327119817268e-10,-0.36464402157049564
0.43356,4.0002095401965133e-10,3.4796527113628897e-10,5.164387506126341e-10,4.4033177422537484e-10,2.1971213924638462e-10,0.5523104648377831
0.4337,4.478940556492825e-10,3.461118811227323e-10,5.15518118952641e-10,4.3896792136227297e-10,2.1662131816796396e-10,1.1075215174621147
0.43383,4.4226159385920094e-10,3.4429351270135974e-10,5.139989212912834e-10,4.3745300152759083e-10,2.1381873566293583e-10,1.0405805145615572
0.43397,4.0377236767791103e-10,3.444367116605913e-10,5.140649067513031e-10,4.3754721067963505e-10,2.1408355869039417e-10,0.5939319912207407
0.43411,3.796009956091923e-10,3.455257153872084e-10,5.147854648827744e-10,4.3840169376954796e-10,2.1582841153490827e-10,0.3343001655924897
0.43424,3.285601537225872e-10,3.4660185575715245e-10,5.155527448556935e-10,4.3927637358616955e-10,2.174910474917222e-10,-0.16257749502398505
0.43438,2.9225891658438305e-10,3.4532822774700554e-10,5.148114769590614e-10,4.383371713026855e-10,2.1533357032524132e-10,-0.4728852725561083
0.43451,3.0060503564229005e-10,3.456255513599872e-10,5.151225112758491e-10,4.3863641395938627e-10,2.156693601353026e-10,-0.4060270584610336
0.43465,3.4481895575852333e-10,3.4613023904924807e-10,5.153278032013518e-10,4.389581346347264e-10,2.166297316778287e-10,-0.013318478011810134
0.43478,3.0820850397988403e-10,3.4597886900671564e-10,5.14711961991762e-10,4.385373985970138e-10,2.1699677122277112e-10,-0.33665956055047286
0.43492,2.953435527005678e-10,3.444532541877931e-10,5.136604559441586e-10,4.3731835811410025e-10,2.1459616492286685e-10,-0.44328237784689867
0.43506,2.8827735699818874e-10,3.456091866955835e-10,5.145095644052342e-10,4.3827246007638726e-10,2.1635370725168915e-10,-0.5007521140223736
0.43519,2.580884115770729e-10,3.4621390217638446e-10,5.149210649147767e-10,4.387526980185113e-10,2.1731237902480901e-10,-0.7278644161805742
0.43533,2.1265353602377944e-10,3.4331606194226856e-10,5.130142597899655e-10,4.364901692850932e-10,2.1265353602377944e-10,-1.1878506204337649
0.43546,3.589732506490434e-10,3.491000163652363e-10,5.195359227536022e-10,4.425950030445905e-10,2.1876881008211317e-10,0.09630971244298936
0.4356,3.8656705382967416e-10,3.469012147674919e-10,5.173627810364754e-10,4.4045691982865277e-10,2.160477353500703e-10,0.3837478223998514
0.43574,4.365852437193913e-10,3.4755950928592054e-10,5.177085104920985e-10,4.409177669357035e-10,2.1717275279730915e-10,0.94454135680887
0.43587,4.5669345026132736e-10,3.4636412756348034e-10,5.173261117607062e-10,4.3957764095521843e-10,2.158887196181129e-10,1.201303175872111
0.43601,4.907545505963212e-10,3.495317487877667e-10,5.184808586772418e-10,4.4214778724034256e-10,2.210494640393652e-10,1.6395179374553808
0.43614,4.841338511319444e-10,3.4681654621371406e-10,5.174449352354524e-10,4.4046945601470725e-10,2.1577345265327987e-10,1.5341513300656766
0.43628,4.4940764917887453e-10,3.4806837461018485e-10,5.202079971122833e-10,4.4258428249382606e-10,2.155012489247992e-10,1.057396370589217
0.43642,4.169892145972872e-10,3.5166466808788275e-10,5.228612513045935e-10,4.455602335563555e-10,2.2093530470394408e-10,0.6780144692038665
0.43655,3.8009326603847324e-10,3.5183631934355116e-10,5.230777539005177e-10,4.45756335385175e-10,2.2109213284651707e-10,0.2836539760169061
0.43669,3.2363325724215383e-10,3.514845755658547e-10,5.234884789775963e-10,4.455991788487364e-10,2.202817990491294e-10,-0.24865164272976917
0.43682,3.258483881802375e-10,3.5892607236997527e-10,5.294912107626583e-10,4.5267663246597007e-10,2.210471679005965e-10,-0.2951544958747004
0.43696,3.026742848715911e-10,3.507591095343019e-10,5.23594770291871e-10,4.459953063321585e-10,2.1840176561082001e-10,-0.42707459338640674
0.4371,2.90329132564912e-10,3.510383595261284e-10,5.22202054674233e-10,4.449287361811717e-10,2.2021361797895734e-10,-0.5169704079712365
0.43723,3.249039491542956e-10,3.50108281379111e-10,5.217343210554065e-10,4.442864731243227e-10,2.1854851636826705e-10,-0.23376956515264913
0.43737,3.2580380634865967e-10,3.5094351788493344e-10,5.22263736750222e-10,4.4492638131737626e-10,2.1992039548033314e-10,-0.2256809404012734
0.43751,3.1088508845834383e-10,3.514342912742557e-10,5.22631275365024e-10,4.4533554497211656e-10,2.206599094408502e-10,-0.3529903465356273
0.43764,2.7291266993204266e-10,3.489130330261184e-10,5.206208433621124e-10,4.4316148024222637e-10,2.1701347288400158e-10,-0.6470527778326934
0.43778,2.7205908639847755e-10,3.52460086819878e-10,5.238911068863706e-10,4.4613398928873436e-10,2.2240251752825887e-10,-0.6548719693967662
0.43792,3.072502692414254e-10,3.514204920722766e-10,5.22836365428059e-10,4.454515561440328e-10,2.2037598158466542e-10,-0.38498495266685406
0.43805,2.9412728841289685e-10,3.5050354799865437e-10,5.222566311117441e-10,4.4474959106126076e-10,2.1886986738677936e-10,-0.490580811608185
0.43819,2.2255018424562815e-10,3.5132646258881425e-10,5.208371309142608e-10,4.4423959274398483e-10,2.2255018424562815e-10,-1.0174248276370526
0.43833,2.1627265656727387e-10,3.469641022365149e-10,5.172914201569569e-10,4.4044463796466164e-10,2.1627265656727387e-10,-1.3808309596646366
0.43846,2.315242749646649e-10,3.462985108072254e-10,5.168875189683067e-10,4.399370592804044e-10,2.1520448895640292e-10,-0.9166725720484326
0.4386,3.950527707244742e-10,3.4961461797423975e-10,5.194336350329595e-10,4.4274256295095923e-10,2.2009478530260575e-10,0.46986671940064156
0.43874,5.069709753487867e-10,3.4525688911269117e-10,5.130613776864505e-10,4.365681510194023e-10,2.181333766443341e-10,2.122223170396473
0.43887,5.371453623841027e-10,3.454146336678137e-10,5.166927261886842e-10,4.394767236671557e-10,2.1331861253520968e-10,2.2620748307928773
0.43901,4.932332662386169e-10,3.463499483186698e-10,5.181922521987434e-10,4.404305155759511e-10,2.1531992888723286e-10,1.6563917892112492
0.43915,4.390061003578581e-10,3.454532159369382e-10,5.158970401805729e-10,4.39024478147518e-10,2.1434264244024428e-10,0.9804170530638544
0.43929,3.891417824237573e-10,3.464261777481193e-10,5.162053939252312e-10,4.395729966222528e-10,2.1637285141946246e-10,0.42410780507064305
0.43942,3.4915169768220575e-10,3.472080868472594e-10,5.167366974726666e-10,4.402074421149336e-10,2.1755178330611725e-10,0.019948944766860353
0.43956,2.6293013048671245e-10,3.454623408156106e-10,5.165494277793623e-10,4.389167550459255e-10,2.1455634475862064e-10,-0.7018506207723889
0.4397,2.2107870431795838e-10,3.49584251876048e-10,5.185098740538333e-10,4.421889249898715e-10,2.2107870431795838e-10,-1.8468680358544451
0.43983,2.1840233920624157e-10,3.486741027731358e-10,5.182080332804674e-10,4.4172350173962693e-10,2.1840233920624157e-10,-2.444658778890113
0.43997,2.177856761115992e-10,3.4875089867446725e-10,5.214878779315408e-10,4.4462147822938587e-10,2.177856761115992e-10,-2.5682424095163388
0.44011,2.179304086813171e-10,3.4770045254769694e-10,5.174080775530475e-10,4.407945535567708e-10,2.179304086813171e-10,-1.3158270211163667
0.44025,3.513643536502019e-10,3.4834324854365647e-10,5.183165855513145e-10,4.4164807976650335e-10,2.1676083055082798e-10,0.04485322157984529
0.44038,4.4227817193238497e-10,3.4960196141859914e-10,5.187440766061202e-10,4.4233116064268264e-10,2.2090281091855498e-10,1.018522157967461
0.44052,4.662231879022253e-10,3.473041558074384e-10,5.169984200092976e-10,4.40401263624188e-10,2.1745715553411924e-10,1.3192463769543807
0.44066,4.685199845059372e-10,3.454794582951666e-10,5.157201584571262e-10,4.3893612261735034e-10,2.145778545984547e-10,1.347867902149838
0.4408,4.816209979152639e-10,3.497558153012269e-10,5.186371187170315e-10,4.4233066994892366e-10,2.2140968327128259e-10,1.5180008386011614
0.44093,5.019907386349843e-10,3.4510738267352024e-10,5.155817852581609e-10,4.3868670150084167e-10,2.139657158630739e-10,1.7910403732769555
0.44107,5.297343834254583e-10,3.495995312612429e-10,5.187069051183851e-10,4.423088272979876e-10,2.2093966479889753e-10,2.177325968900502
0.44121,5.028652129317129e-10,3.4637814189449675e-10,5.157311749922118e-10,4.392918864105717e-10,2.167454285283879e-10,1.819515005784669
0.44135,4.2553528822088124e-10,3.48528963017451e-10,5.170420112337556e-10,4.4090861355452087e-10,2.2035352121448215e-10,0.8376995613294067
0.44149,3.502903469585623e-10,3.4564534010902573e-10,5.148750360633087e-10,4.3850308671196e-10,2.1599319498408958e-10,0.03994612517042202
0.44162,3.051396210333715e-10,3.4636210991110985e-10,5.157750385335375e-10,4.3932688052162343e-10,2.1681372367515958e-10,-0.3684513404693923
0.44176,2.1325722649431503e-10,3.4381280273321535e-10,5.134929715017603e-10,4.36969474499339e-10,2.1325722649431503e-10,-1.0286425885985586
0.4419,2.2009148867216595e-10,3.4829559824722664e-10,5.167875631756231e-10,4.4067024701317775e-10,2.2009148867216595e-10,-1.6615416839741344
0.44204,2.1761461147514874e-10,3.466464263594532e-10,5.155392326527845e-10,4.3928588479366705e-10,2.1761461147514874e-10,-1.9561457548654104
0.44217,2.1153911913268653e-10,3.4243106259909764e-10,5.121760699844805e-10,4.356488722449704e-10,2.1153911913268653e-10,-1.7284323548497496
0.44231,2.1424248374532928e-10,3.4428655638293324e-10,5.136326986325969e-10,4.37238193910624e-10,2.1424248374532928e-10,-1.1785683601778443
0.44245,3.308680201154528e-10,3.467318376101613e-10,5.153963849075232e-10,4.392351176848775e-10,2.1799373001038e-10,-0.13886173749070355
0.44259,3.998318908411222e-10,3.4774792061302965e-10,5.164673493455055e-10,4.402642510539807e-10,2.1915808061297273e-10,0.5477190008673382
0.44273,3.9822167099470965e-10,3.4589532319318466e-10,5.151243305007148e-10,4.3874678299852816e-10,2.163042421565647e-10,0.5317355158267348
0.44287,3.8257270031016826e-10,3.5172591271519334e-10,5.19243452978655e-10,4.4350215466975037e-10,2.2449469658367902e-10,0.31579784874240996
0.443,3.9973536127861476e-10,3.476369290130776e-10,5.161811498441948e-10,4.400598084660543e-10,2.1918241977772854e-10,0.54891229186774
0.44314,4.384292973790118e-10,3.447198978229618e-10,5.143370995771258e-10,4.3782186159612275e-10,2.1442280921820627e-10,0.9931630516955866
0.44328,4.4227108525774275e-10,3.443056915670757e-10,5.144259616266929e-10,4.3762737411275947e-10,2.1451510473511212e-10,1.0491874289096768
0.44342,4.2065728182181024e-10,3.472263740868518e-10,5.155125307955718e-10,4.394989580269967e-10,2.190406653102725e-10,0.7923904992978844
0.44356,3.9659888332062235e-10,3.4402579788187914e-10,5.131457955389882e-10,4.368478060313328e-10,2.1418395774020382e-10,0.5249579389422944
0.4437,3.5095649107326594e-10,3.451557220649532e-10,5.141425896509975e-10,4.3787892089686896e-10,2.1569896793923838e-10,0.05136416695859684
0.44383,3.1527219130221955e-10,3.4652366425264474e-10,5.149208042063341e-10,4.388743374549012e-10,2.180554614188782e-10,-0.27435011490445943
0.44397,3.0280713300355324e-10,3.4430899299251206e-10,5.133783843911295e-10,4.370943258680708e-10,2.1459462743729298e-10,-0.38005156967164483
0.44411,2.934781733866898e-10,3.4636072065145936e-10,5.149921367629003e-10,4.388505108862929e-10,2.1759077652251053e-10,-0.45880917960844836
0.44425,2.944315240213391e-10,3.4367157656154184e-10,5.129449081492285e-10,4.365881753065664e-10,2.135890683247921e-10,-0.44889788870665914
0.44439,3.2021812661281125e-10,3.4576419873317723e-10,5.144117216904198e-10,4.3827590701277524e-10,2.1684292991064234e-10,-0.23112240045552193
0.44453,3.2054469277307536e-10,3.4606665915566473e-10,5.147344396813081e-10,4.3858502252357324e-10,2.1718146419778802e-10,-0.22944240558145
0.44467,3.2830879958940647e-10,3.463635946342063e-10,5.149157096351916e-10,4.388087286375551e-10,2.176771114892846e-10,-0.15974217756031986
0.44481,3.2470487994090487e-10,3.451602043079265e-10,5.138853223929521e-10,4.3772902405951896e-10,2.1601988028577514e-10,-0.1900179479565684
0.44494,3.236295275239934e-10,3.441487740292784e-10,5.129209491374515e-10,4.3676389991750104e-10,2.1474610848440178e-10,-0.19658868102565064
0.44508,3.472843704868891e-10,3.4259861055061065e-10,5.095627895992844e-10,4.3418136302916363e-10,2.1502478308088756e-10,0.05025246273056623
0.44522,3.721921726838736e-10,3.404060223613331e-10,5.075480203779479e-10,4.3213333671564864e-10,2.1217414482022414e-10,0.309893647778636
0.44536,4.086883525554034e-10,3.4178092867412583e-10,5.086134059091403e-10,4.3330188459024405e-10,2.141927467313956e-10,0.7097618655546513
0.4455,4.1218917595788983e-10,3.4153400841939856e-10,5.08429841798882e-10,4.3309676739829743e-10,2.1381924339113075e-10,0.7505825110521848
0.44564,3.844515294251999e-10,3.411491584023153e-10,5.080032023687688e-10,4.32695627634004e-10,2.13397676742165e-10,0.4414305141920732
0.44578,3.705590311414789e-10,3.415141289638472e-10,5.082310297672259e-10,4.329733704820444e-10,2.140011261561475e-10,0.2936102896961362
0.44592,3.6738134825406e-10,3.4083153225226685e-10,5.076941319769963e-10,4.323884835574582e-10,2.13008187471692e-10,0.26160468352700716
0.44606,3.732182841252532e-10,3.4152764786781204e-10,5.081163818095361e-10,4.329113642290804e-10,2.1417025917297858e-10,0.3232666751942232
0.4462,3.589061010851225e-10,3.415150327526337e-10,5.080201085680495e-10,4.3284850379091994e-10,2.1426362576395942e-10,0.17645293343302465
0.44633,3.1653161686692234e-10,3.423528837187819e-10,5.088529038763036e-10,4.3366844595651983e-10,2.1527719668239494e-10,-0.2308358145786954
0.44647,2.6582669395664185e-10,3.4339890859751907e-10,5.104041942307157e-10,4.3499132150039567e-10,2.1594016727131706e-10,-0.653674448806924
0.44661,2.2044378205053416e-10,3.480736861323542e-10,5.16048529982436e-10,4.401472476471348e-10,2.2044378205053416e-10,-1.0371264527133415
0.44675,2.1728824791905482e-10,3.46183581114177e-10,5.147819569892551e-10,4.3865840267099155e-10,2.1728824791905482e-10,-1.2698040667172001
0.44689,2.136770665983192e-10,3.435629084034484e-10,5.128050612812657e-10,4.364662464561818e-10,2.136770665983192e-10,-1.1840643291663544
0.44703,2.134965900556478e-10,3.439382220024834e-10,5.13558773997121e-10,4.3705428530833056e-10,2.134965900556478e-10,-1.129467709253311
0.44717,2.3254180458383404e-10,3.469796241402286e-10,5.158081528007783e-10,4.395742678312229e-10,2.1809905279342908e-10,-0.9023460423917354
0.44731,3.0442572402155363e-10,3.489536584497141e-10,5.182889781848011e-10,4.418080238506398e-10,2.1988662924897595e-10,-0.38249029466826184
0.44745,3.9290879932223454e-10,3.471901698335217e-10,5.172263052015305e-10,4.4048980106590994e-10,2.1691591513198953e-10,0.45581114006935286
0.44759,4.480468873662157e-10,3.516940439843065e-10,5.203059613827997e-10,4.441065487523662e-10,2.2324456819025996e-10,1.0746404178809053
0.44773,4.4604796423228376e-10,3.4914392846816824e-10,5.184558276590714e-10,4.419817549289478e-10,2.20140341132278e-10,1.0638615627247885
0.44787,4.06076928946962e-10,3.471354140135102e-10,5.169593678170787e-10,4.403118351832517e-10,2.1709972586474702e-10,0.6026118952782339
0.44801,3.637100360591683e-10,3.4656012253297376e-10,5.166620316577722e-10,4.399113295257974e-10,2.1607150482991615e-10,0.15660728933912146
0.44815,3.146552460460896e-10,3.459624533716072e-10,5.155954804130646e-10,4.3904926921167455e-10,2.1590916380464203e-10,-0.2899039219539347
0.44829,3.306696435762078e-10,3.465425423526178e-10,5.159223484577175e-10,4.395131026150861e-10,2.1691954036414257e-10,-0.14773589036858278
0.44843,3.2022826020694223e-10,3.4577358364881317e-10,5.152732923017868e-10,4.3878700781454504e-10,2.1583157543184244e-10,-0.23961401907132052
0.44857,3.078893778517008e-10,3.45694612147131e-10,5.154983397555945e-10,4.388882860213228e-10,2.1537447669133737e-10,-0.348337304263365
0.44871,2.9439671318321807e-10,3.4713936003987263e-10,5.166197267194852e-10,4.401167743470219e-10,2.1749195014508137e-10,-0.46089877422804026
0.44885,3.161885283082023e-10,3.47357568957815e-10,5.168315556620636e-10,4.4032557286702846e-10,2.1777630335496452e-10,-0.2796466232891107
0.44899,3.5115216754652923e-10,3.465187134042834e-10,5.157146840076582e-10,4.3933807979703364e-10,2.1710182810545294e-10,0.04561990091163848
0.44913,4.0429421331052487e-10,3.450483072784321e-10,5.145469079067858e-10,4.380716218786976e-10,2.1497745662426263e-10,0.5988636702072565
0.44927,4.4198945548783203e-10,3.439439339812374e-10,5.140273137951865e-10,4.373295660941457e-10,2.1296869515242916e-10,1.032330413918949
0.44941,4.844749680809234e-10,3.4729256486825825e-10,5.15954851763508e-10,4.3978321055658774e-10,2.186795929331198e-10,1.57942149365357
0.44955,4.877401521285829e-10,3.452866628948961e-10,5.149642041849094e-10,4.3841219154307775e-10,2.1513346320649853e-10,1.6085696166414982
0.44969,4.603319104206061e-10,3.453662816599626e-10,5.148496223357712e-10,4.383764490902085e-10,2.1537067143423558e-10,1.2620416008177124
0.44983,4.060903442944851e-10,3.4715110711122414e-10,5.162620850844531e-10,4.399112717837272e-10,2.1795095144188016e-10,0.6136687496767075
0.44997,2.2547957265535808e-10,3.4734723292879887e-10,5.165416935880808e-10,4.4015432732957796e-10,2.1807888745377916e-10,-0.9492680312152398
0.45011,2.174848058468501e-10,3.4721255453032177e-10,5.167655424430031e-10,4.402470532702793e-10,2.174848058468501e-10,-1.2636295131986346
0.45025,2.2059386536874526e-10,3.4419579204515833e-10,5.14425094598886e-10,4.3766237220945864e-10,2.1311267389828194e-10,-0.9788290304975957
0.45039,3.0611319699928955e-10,3.472201207228809e-10,5.163191292723983e-10,4.3996823334873835e-10,2.180719612274552e-10,-0.3613063101076715
0.45053,3.6267825051100777e-10,3.454771216645664e-10,5.150853100166435e-10,4.3855789532635983e-10,2.153542600755802e-10,0.15716278961418914
0.45067,3.5715390380919433e-10,3.4722894140727176e-10,5.163455015139417e-10,4.399885490127154e-10,2.180531525781735e-10,0.10179403838769956
0.45081,3.3175774157692e-10,3.421318055246416e-10,5.088329448827894e-10,4.335826845321833e-10,2.1467677680486233e-10,-0.09407910296055548
0.45096,3.2021703181187633e-10,3.4094171795610513e-10,5.077165839335121e-10,4.3245670273562024e-10,2.131648964850857e-10,-0.19675145407665576
0.4511,2.8082517203590396e-10,3.394181222540371e-10,5.065699985520839e-10,4.3118077209826746e-10,2.108789086232123e-10,-0.5299494631893514
0.45124,2.5910642951363043e-10,3.425610880258641e-10,5.081906890809093e-10,4.3335911109066463e-10,2.1658766863227633e-10,-0.691742176852358
0.45138,2.725387847092157e-10,3.40439198012986e-10,5.067377973170356e-10,4.3167078296985124e-10,2.1321466636752446e-10,-0.5903506158248211
0.45152,3.0076645432886976e-10,3.3936610897850135e-10,5.060682366164483e-10,4.308508213126219e-10,2.1147470066597505e-10,-0.3607144588092025
0.45166,3.214937532867611e-10,3.421411126755464e-10,5.084306116994392e-10,4.336266828661108e-10,2.1398022051036529e-10,-0.18652004832448116
0.4518,3.4627228094325174e-10,3.390747142160257e-10,5.048695833370449e-10,4.300376300722791e-10,2.1215748169716866e-10,0.06900183210710563
0.45194,3.487048774439003e-10,3.385323002282542e-10,5.042085924167415e-10,4.2943500226202814e-10,2.1164817664209041e-10,0.09690698650528395
0.45208,3.416276197086021e-10,3.3884962945165404e-10,5.042655098652015e-10,4.2959501396692805e-10,2.1233241143221958e-10,0.028719867902152904
0.45222,3.589635895339638e-10,3.3934134883720833e-10,5.045410007316375e-10,4.2995056814468337e-10,2.1318420875731893e-10,0.2035187828389231
0.45237,3.709443471571554e-10,3.390412295585453e-10,5.045991265970318e-10,4.298649675515278e-10,2.1240390162938144e-10,0.32555578791413536
0.45251,3.8929325743295023e-10,3.3942210433652616e-10,5.048282694679847e-10,4.301490336087585e-10,2.1304787892631186e-10,0.5257522493204119
0.45265,3.9869591027479173e-10,3.384714940865477e-10,5.026260998292005e-10,4.2848413504191233e-10,2.133802679091001e-10,0.6575411685306619
0.45279,3.6773329054122945e-10,3.324437953980076e-10,4.955617186861658e-10,4.2195797479393844e-10,2.0735285336204455e-10,0.35768471647144046
0.45293,3.4993233898181385e-10,3.3207163393640136e-10,4.950922667060568e-10,4.2153414755108e-10,2.070258054336581e-10,0.171353696573065
0.45307,2.9107971961022183e-10,3.3404180281224014e-10,4.962790763257818e-10,4.2300800253354953e-10,2.1033264205649393e-10,-0.3866609664539523
0.45321,2.6987096311118087e-10,3.343160963497236e-10,4.961383040418772e-10,4.23035886255599e-10,2.1115107272761142e-10,-0.5607550654715449
0.45335,2.8298683644237855e-10,3.3391880855006214e-10,4.956902453195667e-10,4.226163672498332e-10,2.1072651248808426e-10,-0.4512517484193585
0.4535,3.2512134204756777e-10,3.3127310969514526e-10,4.929097850228107e-10,4.199415919006765e-10,2.0768439248360887e-10,-0.05787232667064429
0.45364,3.712955295309383e-10,3.29798022962945e-10,4.913929628342143e-10,4.1846946006813645e-10,2.0595551848240208e-10,0.4328756535676683
0.45378,3.9812404495767854e-10,3.2907565826776356e-10,4.907854745004322e-10,4.1782860057475416e-10,2.049459697210097e-10,0.7459703745330425
0.45392,4.0294023330315273e-10,3.3031256976472553e-10,4.916458896848126e-10,4.188214010860489e-10,2.0688308554448808e-10,0.8037870734338128
0.45406,3.697606066382137e-10,3.3146098316962384e-10,4.924985386571491e-10,4.197734628519261e-10,2.0863083374464713e-10,0.41580755573512806
0.4542,3.0018741551269666e-10,3.3002334174984543e-10,4.912402555557192e-10,4.1846922391141125e-10,2.0667287501760805e-10,-0.28367584673889706
0.45435,2.581751132783686e-10,3.2905295544827936e-10,4.905196988317158e-10,4.1766331521789335e-10,2.0520839146331453e-10,-0.6374622885588584
0.45449,2.5929593922242115e-10,3.299330878681106e-10,4.91442698563836e-10,4.1854914018413543e-10,2.0623400977144774e-10,-0.6311172992797608
0.45463,2.782236605975982e-10,3.298918542721158e-10,4.912919711810168e-10,4.184473135280814e-10,2.0629901796133948e-10,-0.47676575641856495
0.45477,2.845277538502744e-10,3.317373477851645e-10,4.925011234783677e-10,4.1988397116936564e-10,2.0929342085972812e-10,-0.4227205006654075
0.45491,3.182974425030048e-10,3.3085878121786906e-10,4.919664648788008e-10,4.1922483552857255e-10,2.0781231744516135e-10,-0.11618538713429112
0.45506,3.318058183063885e-10,3.2975998641396697e-10,4.910117625919419e-10,4.1823074588789476e-10,2.0631663031225417e-10,0.01876832814670311
0.4552,3.7390958903534113e-10,3.2922355713680387e-10,4.905922040973454e-10,4.1777319513916627e-10,2.0552967993305613e-10,0.46868749284288674
0.45534,3.9050960213183025e-10,3.287891007872607e-10,4.902627841748701e-10,4.174078631297454e-10,2.0488597154659778e-10,0.6611750105750045
0.45548,3.852675164911854e-10,3.3089897947921316e-10,4.915645448575728e-10,4.1900382964345217e-10,2.0839476000058094e-10,0.6015437571454278
0.45562,3.67175117302768e-10,3.285742593518477e-10,4.899646406356369e-10,4.171481951443632e-10,2.0472569551723868e-10,0.396073585107671
0.45577,3.6957086712009573e-10,3.3124930636336935e-10,4.919428520823686e-10,4.193635801984855e-10,2.0878786535910833e-10,0.4199245338086597
0.45591,3.962472080861551e-10,3.312897081257182e-10,4.9206146679672e-10,4.1944991417046246e-10,2.0873927214964663e-10,0.7272145019658667
0.45605,4.3225108569614104e-10,3.313362302494452e-10,4.921033072475991e-10,4.194923529345745e-10,2.088031112674396e-10,1.1778004004873064
0.45619,3.993753912875457e-10,3.3058847054454055e-10,4.915040995847525e-10,4.1884012779274994e-10,2.0772295893970649e-10,0.7667642838561702
0.45634,3.359427071907309e-10,3.2987803255499896e-10,4.910670592147405e-10,4.18310374535521e-10,2.0652984014032671e-10,0.060836336164209796
0.45648,2.1719641447818303e-10,3.318027014134052e-10,4.922560836901562e-10,4.197803758877912e-10,2.0945097209026797e-10,-0.9323654795174625
0.45662,2.0585332534879497e-10,3.2951984292823123e-10,4.909130428196899e-10,4.180791969394599e-10,2.0585332534879497e-10,-1.9390825412360908
0.45676,2.0734976084500902e-10,3.3033230627015255e-10,4.912940081732775e-10,4.1862259047946646e-10,2.0734976084500902e-10,-2.2802029843245752
0.45691,2.1095780587315834e-10,3.3267085172376133e-10,4.929863331274257e-10,4.205378961417967e-10,2.1095780587315834e-10,-1.9804971769157163
0.45705,2.0434938503685958e-10,3.285846002154024e-10,4.903012924678387e-10,4.1735018300077297e-10,2.0434938503685958e-10,-1.1225982204703355
0.45719,2.9604857388743607e-10,3.291304503982592e-10,4.905756678696556e-10,4.1772723220544356e-10,2.0532410964458032e-10,-0.32025706908814805
0.45733,3.937952785451445e-10,3.283530893616482e-10,4.904891179894928e-10,4.1736757481387126e-10,2.035874120996681e-10,0.6908528204120189
0.45748,4.2852656008681875e-10,3.3203399201687337e-10,4.930479515958812e-10,4.2031969978580717e-10,2.0936469915446013e-10,1.1198810325604103
0.45762,3.988775143541336e-10,3.299868257191949e-10,4.915520812822269e-10,4.186347641930133e-10,2.0623348126336416e-10,0.7528300858926463
0.45776,3.630091055267602e-10,3.3034051726674484e-10,4.915123740360972e-10,4.1875102209505077e-10,2.071272060268648e-10,0.34505326375261447
0.4579,3.5955306401939726e-10,3.295395432526429e-10,4.912255035095566e-10,4.182703443578305e-10,2.0552826684302764e-10,0.30320392882939035
0.45805,3.606735505906385e-10,3.307617190925842e-10,4.92175703363368e-10,4.1930828785233613e-10,2.0733646716186512e-10,0.3138174275035606
0.45819,4.124490253134043e-10,3.3242496149171554e-10,4.935228404499234e-10,4.2075500403011195e-10,2.0972570683864342e-10,0.9118591103236661
0.45833,4.3503685078026666e-10,3.293044346879736e-10,4.914629998861987e-10,4.1830957965167126e-10,2.047363260972675e-10,1.200059326521793
0.45848,4.1775403636629047e-10,3.289365686738702e-10,4.907826070707915e-10,4.1777135962388703e-10,2.0462205113733242e-10,0.9858498839631489
0.45862,3.7754070990032487e-10,3.2969785725150065e-10,4.91361595373569e-10,4.184122213745441e-10,2.0574897280362206e-10,0.5026806986554307
0.45876,3.6547900162719827e-10,3.2994848803527743e-10,4.916478511329227e-10,4.186802749150165e-10,2.060010285452565e-10,0.3657654591106191
0.45891,3.5952984532903966e-10,3.2951420971446265e-10,4.914817635811701e-10,4.1841065897647757e-10,2.051663899990245e-10,0.2988894997041725
0.45905,3.5232894771993376e-10,3.298827967368942e-10,4.915974917051843e-10,4.186232148056412e-10,2.0592085888287457e-10,0.22402156322971237
0.45919,2.9585597159620416e-10,3.289572178987873e-10,4.907833292653708e-10,4.1777810820706765e-10,2.0468078285469738e-10,-0.3248863178573952
0.45934,2.1084056117123448e-10,3.27677740503793e-10,4.898614169772934e-10,4.167335870915903e-10,2.0271686899998257e-10,-0.9742128210583713
0.45948,2.107424575677261e-10,3.3281987501895924e-10,4.934694673752277e-10,4.208791576149004e-10,2.107424575677261e-10,-1.3713119438768337
0.45962,2.0731064063612054e-10,3.3085860485393244e-10,4.92385788253719e-10,4.1947096498184717e-10,2.0731064063612054e-10,-1.6472935718757868
0.45977,2.110770036873633e-10,3.336892996701777e-10,4.949159679088859e-10,4.2213027368829824e-10,2.110770036873633e-10,-1.3648289461130154
0.45991,2.0306883152783683e-10,3.282407063465009e-10,4.906944373142838e-10,4.1744555409648953e-10,2.0306883152783683e-10,-1.1283629655694785
0.46005,2.3807515241464823e-10,3.315632774782827e-10,4.92103815179515e-10,4.1958130024526703e-10,2.0936659057772014e-10,-0.7873792183647838
0.4602,3.155913783099378e-10,3.2647954196074676e-10,4.857416506724478e-10,4.1383865446289994e-10,2.0473995760633417e-10,-0.10473431466297328
0.46034,3.5491210960917666e-10,3.2735253760997996e-10,4.862675257278307e-10,4.1449604274307304e-10,2.061883787056581e-10,0.30335112246534224
0.46048,4.1014708153226326e-10,3.245025089061384e-10,4.845008859227398e-10,4.1233386498715343e-10,2.01481071389442e-10,0.9542859395796445
0.46063,4.6047681444668046e-10,3.2679349575516624e-10,4.869503972472964e-10,4.1467935010909645e-10,2.0401154476874264e-10,1.6095956555998903
0.46077,4.915356692471484e-10,3.2850717782576216e-10,4.877510616441207e-10,4.1582394294892984e-10,2.0719241210347464e-10,2.0721171895675545
0.46091,4.989738498966726e-10,3.2580143869420964e-10,4.866822969620123e-10,4.1412625606822793e-10,2.0200451584637203e-10,2.164763416405041
0.46106,4.679472372247997e-10,3.276947657108327e-10,4.878185855920839e-10,4.1554001626299427e-10,2.0517553689833923e-10,1.7093129513167933
0.4612,4.539255615368154e-10,3.281997165827823e-10,4.879307858677804e-10,4.158065856248394e-10,2.0624507176282892e-10,1.5163443313893943
0.46135,4.044334098167808e-10,3.273835504233782e-10,4.875828448503653e-10,4.1513696914415827e-10,2.050065644283561e-10,0.8658342472022891
0.46149,3.8168680906136063e-10,3.267229645564304e-10,4.867374156051695e-10,4.145254681857541e-10,2.0411483855897417e-10,0.5934162100072748
0.46163,3.380136599956172e-10,3.275091771054668e-10,4.879680935606473e-10,4.1556219775474224e-10,2.0451528941309536e-10,0.10093342802283785
0.46178,2.4622051779142336e-10,3.2845627195644443e-10,4.899698406326838e-10,4.170934336912185e-10,2.0475788927068996e-10,-0.7257802639569866
0.46192,2.094984827646805e-10,3.2681550388360954e-10,4.876134866221042e-10,4.150712571599284e-10,2.033141238849453e-10,-0.9744961714603113
0.46207,2.1096032844063218e-10,3.332344639873918e-10,4.94102357030276e-10,4.2141717823484277e-10,2.1096032844063218e-10,-1.025188832908907
0.46221,2.2109201845377324e-10,3.3436571419183854e-10,4.962831526482752e-10,4.2314652864505017e-10,2.1102829211521206e-10,-0.9181200320821192
0.46236,2.9453000684996523e-10,3.338514951422092e-10,4.972560659724499e-10,4.234311083457139e-10,2.0885465703695308e-10,-0.366096048269197
0.4625,2.7024129075599226e-10,3.3461512200192903e-10,4.978729158303142e-10,4.2421244874303095e-10,2.0949111063433074e-10,-0.5721751574940974
0.46264,3.02916845211438e-10,3.3250794995066384e-10,4.959301373507109e-10,4.222056112674817e-10,2.0702613023854215e-10,-0.2894413595108884
0.46279,2.947243520894361e-10,3.340229626660207e-10,4.964504512020568e-10,4.231105687498287e-10,2.1001100999585165e-10,-0.35736690060939397
0.46293,2.497471672273039e-10,3.3110817982060196e-10,4.935478046517817e-10,4.2024902959774837e-10,2.0655387337170434e-10,-0.7134631962619912
0.46308,2.4289180189162437e-10,3.3046694665306786e-10,4.933013123789107e-10,4.1985282197986616e-10,2.052978903593264e-10,-0.7651311425747865
0.46322,2.4717503764121693e-10,3.336277349712381e-10,4.956303309736639e-10,4.22464971615957e-10,2.1010539428773248e-10,-0.7352058617965528
0.46337,2.433576527382834e-10,3.308094821122705e-10,4.927164137982172e-10,4.196443995303918e-10,2.0680835060312597e-10,-0.7564915656019489
0.46351,2.6651180148671157e-10,3.316104114387747e-10,4.928402428631846e-10,4.2003391834439447e-10,2.0857491096597636e-10,-0.5761395506940877
0.46366,3.45111008960788e-10,3.3120168310797786e-10,4.925277538225868e-10,4.1968881465939915e-10,2.0796978294870774e-10,0.14751169208525683
0.4638,3.6715940953006144e-10,3.318088712464989e-10,4.926950096517558e-10,4.2002453968987766e-10,2.0924044157410644e-10,0.387390012614836
0.46394,4.3761022661748445e-10,3.3269664802723805e-10,4.953168596721268e-10,4.224140989625105e-10,2.044623386261156e-10,1.2075187775799112
0.46409,5.294423227902076e-10,3.284873271302895e-10,4.904740232703152e-10,4.174104970583218e-10,2.039314117111419e-10,2.581562754282312
0.46423,5.604131705706138e-10,3.3189827432146295e-10,4.919799323328926e-10,4.1963981863764344e-10,2.1031668518385898e-10,3.117731221552216
0.46438,5.279488149483541e-10,3.309133528621084e-10,4.91169447901876e-10,4.18777149249377e-10,2.0890436066615482e-10,2.586421137187946
0.46452,4.584370217075364e-10,3.3047669973096707e-10,4.913636053535575e-10,4.187205313432433e-10,2.0761222330512448e-10,1.5338660846263696
0.46467,3.3187596641117784e-10,3.305081344648905e-10,4.918885377761735e-10,4.190419575777124e-10,2.0705624718190326e-10,0.014738495889312782
0.46481,2.041132245036334e-10,3.284366325433526e-10,4.902045567661641e-10,4.1723487824856643e-10,2.041132245036334e-10,-1.8079167225347976
0.46496,2.0259154803999143e-10,3.2752154179500903e-10,4.896641881616612e-10,4.1655369595046707e-10,2.0259154803999143e-10,-2.4174021438683897
0.4651,2.0090156907583004e-10,3.2610016957111546e-10,4.882288539156609e-10,4.1515427256562765e-10,2.0090156907583004e-10,-2.7671175505102656
0.46525,2.0652907135838393e-10,3.297086690483891e-10,4.907314745055831e-10,4.180455470348586e-10,2.0652907135838393e-10,-2.3172004624276386
0.46539,2.0403595687089382e-10,3.2845989967339114e-10,4.903307836504913e-10,4.1731507031772294e-10,2.0403595687089382e-10,-1.6711694342188605
0.46554,2.06488862747823e-10,3.3007912245778265e-10,4.916704532053425e-10,4.1866280604428395e-10,2.06488862747823e-10,-1.054578931405888
0.46569,2.917496461956021e-10,3.314011948211819e-10,4.975667510720438e-10,4.2326576609053205e-10,2.080289163325857e-10,-0.36576143516460974
0.46583,3.6278752865472867e-10,3.3009701240715214e-10,4.913802361415766e-10,4.185797781690237e-10,2.066861955158872e-10,0.34193599986512574
0.46598,4.044791896096776e-10,3.3218808285042416e-10,4.92943251519581e-10,4.2032123513896916e-10,2.0985047909977714e-10,0.8216133130466813
0.46612,4.072181675643722e-10,3.308175359715285e-10,4.918639055873441e-10,4.1914693872333514e-10,2.0784318101032233e-10,0.8584358276593825
0.46627,4.1784027732580313e-10,3.236996198826831e-10,4.83572317522081e-10,4.1147289803335025e-10,2.006604615564829e-10,1.0603653421806882
0.46641,4.187568681169999e-10,3.248819047849665e-10,4.833591224964326e-10,4.1182058680683243e-10,2.0368880875042077e-10,1.091926384130953
0.46656,3.883671813883048e-10,3.2624160054151854e-10,4.842333998472225e-10,4.1286425284396794e-10,2.0595447518442408e-10,0.7105946246712642
0.4667,3.9615938005117025e-10,3.220062369293189e-10,4.810335506243465e-10,4.093178806146414e-10,1.9960171817695597e-10,0.8122253205374523
0.46685,3.929360471897562e-10,3.227797559823239e-10,4.809402727590021e-10,4.095682177361092e-10,2.0155812032580147e-10,0.78413476138398
0.46699,3.9342204573696636e-10,3.2337121047297635e-10,4.812209519832958e-10,4.099658015256762e-10,2.0264397501580767e-10,0.7924257878866072
0.46714,3.746564978772067e-10,3.263911330763495e-10,4.849411305501853e-10,4.1307745791000616e-10,2.0597770561189443e-10,0.544198698752926
0.46729,3.7155201071745974e-10,3.228228401343019e-10,4.804358319389545e-10,4.092925534545793e-10,2.0223077005679668e-10,0.535049310104321
0.46743,3.4985009694723026e-10,3.218573731739628e-10,4.79581676708288e-10,4.0840533494691893e-10,2.0097379723616324e-10,0.2916227595315992
0.46758,2.969972273701256e-10,3.217458327376174e-10,4.789929773909566e-10,4.080156087535231e-10,2.0140834228906472e-10,-0.24373061132344628
0.46772,2.2512740754416613e-10,3.2239228821015494e-10,4.792942911673931e-10,4.084490132749912e-10,2.0259652907191892e-10,-0.8389930293074354
0.46787,2.0499791228769618e-10,3.241567160678121e-10,4.808194257218714e-10,4.100405097479723e-10,2.0499791228769618e-10,-1.2004900240873668
0.46802,1.9850485987559927e-10,3.199338043985596e-10,4.777830527246175e-10,4.065925650769798e-10,1.9850485987559927e-10,-1.3640069983279188
0.46816,2.028201988711903e-10,3.235234149699053e-10,4.81379115990836e-10,4.101172176727916e-10,2.028201988711903e-10,-1.1525056789179218
0.46831,2.2133220243260426e-10,3.2461413666363774e-10,4.8292594545844e-10,4.114560151794064e-10,2.0359886620249087e-10,-0.8784800841023767
0.46845,2.8631770534751374e-10,3.204058733451089e-10,4.779614877682349e-10,4.06882084247272e-10,1.9942562481705379e-10,-0.3412221210170089
0.4686,3.3067554349234075e-10,3.2160402081705243e-10,4.7858782191205e-10,4.0773470928213383e-10,2.0126576717546632e-10,0.2401008860692527
0.46875,3.5878524520170874e-10,3.156473142131855e-10,4.7116466195049e-10,4.0101632284392043e-10,1.9610764978222571e-10,0.4587317609813932
0.46889,4.0502952481784e-10,3.2317345437070846e-10,4.793417119052935e-10,4.088047256165863e-10,2.0385551738263995e-10,0.9336550020663579
0.46904,4.326520004897066e-10,3.201941145873293e-10,4.771185537231005e-10,4.063026495777526e-10,1.9992473050376082e-10,1.3475794766230034
0.46919,4.2750455965736764e-10,3.192875271303486e-10,4.768251492099023e-10,4.057724541143247e-10,1.98112626844349e-10,1.2695138068491494
0.46933,4.053519672313892e-10,3.2357744789185907e-10,4.797386589285475e-10,4.0917360174478494e-10,2.0493382127185806e-10,0.9744213690992355
0.46948,4.06726332360441e-10,3.160725783352144e-10,4.71560451482048e-10,4.0141482541166463e-10,1.966692296409033e-10,1.0568817840888067
0.46962,3.9293385120597923e-10,3.180292023600036e-10,4.729329228585439e-10,4.029925150710027e-10,1.9971187751497992e-10,0.8755633124559173
0.46977,3.6169927132651693e-10,3.152874676370832e-10,4.707265929862963e-10,4.006160134873075e-10,1.9577186175071539e-10,0.49641078351153095
0.46992,3.120092901446055e-10,3.171473209248448e-10,4.718618484753568e-10,4.020174037615615e-10,1.9886378627005128e-10,-0.0498095455122873
0.47006,2.5409990081791097e-10,3.1766119524769434e-10,4.717922735850205e-10,4.0217967008167977e-10,2.0017866907965478e-10,-0.5835395926659096
0.47021,2.1751017854867373e-10,3.1712003349220695e-10,4.715949837486452e-10,4.0185121254343136e-10,1.9910896817508634e-10,-0.8682595281601566
0.47036,2.010475527782279e-10,3.1872846393490387e-10,4.732111819287475e-10,4.0343375325248805e-10,2.010475527782279e-10,-1.230842123160491
0.4705,1.9557774768031662e-10,3.151305431147611e-10,4.709987582048988e-10,4.005689593677224e-10,1.9557774768031662e-10,-1.6028661948028964
0.47065,1.955373838172208e-10,3.153705637652533e-10,4.710961440742806e-10,4.0086569514705957e-10,1.955373838172208e-10,-1.5332944443235919
0.4708,2.0232246325235969e-10,3.1960060017623015e-10,4.739113785868875e-10,4.0418674516828044e-10,2.0232246325235969e-10,-1.1751152542120455
0.47095,2.5678898507408294e-10,3.158748209435626e-10,4.714871395911896e-10,4.012927147510423e-10,1.9628466016020996e-10,-0.5682390616364433
0.47109,2.7885870489623555e-10,3.168799940729673e-10,4.720065247278929e-10,4.0199298448366433e-10,1.9807524986935994e-10,-0.37377520134924824
0.47124,2.9171838950250666e-10,3.16879545872587e-10,4.71869939175613e-10,4.019138752368342e-10,1.9822887327344131e-10,-0.2524495366140116
0.47139,3.045871956003007e-10,3.158549239429212e-10,4.708247344602551e-10,4.008973479560817e-10,1.9701205102097265e-10,-0.12253165926358678
0.47153,3.201736570788391e-10,3.172078364716043e-10,4.719590999527401e-10,4.0209861872753327e-10,1.9889147890356933e-10,0.033777136359727025
0.47168,3.423392767177077e-10,3.1651689981646413e-10,4.716155756516572e-10,4.016248231691288e-10,1.9764359705713701e-10,0.2725035421604598
0.47183,3.996461215442184e-10,3.1640036046292255e-10,4.717524455825602e-10,4.0165917205979637e-10,1.972033681711802e-10,0.9638070991408174
0.47198,4.402432997644336e-10,3.180983554556996e-10,4.731107858331382e-10,4.031279325979288e-10,1.996416418626512e-10,1.5150330318936573
0.47212,4.138496755330913e-10,3.1853177455380263e-10,4.734712122992844e-10,4.035067508895146e-10,2.00274601003304e-10,1.146626180285665
0.47227,3.3691326500504047e-10,3.1832291205042867e-10,4.733670530707778e-10,4.033581774489934e-10,1.999219096065197e-10,0.20494019465964158
0.47242,2.0276525196241634e-10,3.2012277634787585e-10,4.74586046905077e-10,4.0478983286464126e-10,2.0276525196241634e-10,-1.000247525899417
0.47256,1.9824063950840926e-10,3.1743248534187743e-10,4.72964345477963e-10,4.027769260446359e-10,1.9824063950840926e-10,-1.6478842185295872
0.47271,1.992238745447869e-10,3.181948471048632e-10,4.736755457504568e-10,4.034951413468959e-10,1.992238745447869e-10,-1.5439407910798646
0.47286,2.792986332851876e-10,3.1726720584115163e-10,4.726502620420794e-10,4.0252469176108503e-10,1.9822951381595468e-10,-0.37359700337712604
0.47301,3.9332285855118795e-10,3.1850970658530224e-10,4.734313647993257e-10,4.034920614488677e-10,2.0040298877341557e-10,0.879959422780089
0.47315,4.5724662659904286e-10,3.153487599950605e-10,4.712787735134743e-10,4.0096355887549533e-10,1.95266935397747e-10,1.7638797572161982
0.4733,4.5283406467543386e-10,3.159332792310007e-10,4.720837975544272e-10,4.0165694103434743e-10,1.9575795856785954e-10,1.6894660096874998
0.47345,3.5396091117894915e-10,3.1714260320711257e-10,4.724689491776911e-10,4.023692750736445e-10,1.9814699379252298e-10,0.3984411838221535
0.4736,2.5605954078103346e-10,3.1923087992951985e-10,4.736010148900919e-10,4.0385810300485125e-10,2.0180705796383113e-10,-0.5731681107083579
0.47375,1.966161594013592e-10,3.1594139668322405e-10,4.713281239815466e-10,4.01228780768626e-10,1.966161594013592e-10,-1.272718551017106
0.47389,1.9779219820141583e-10,3.167703678388892e-10,4.720005446620983e-10,4.0195089055308044e-10,1.9779219820141583e-10,-1.5188219037397732
0.47404,1.989509449832982e-10,3.177505175183166e-10,4.73018165313483e-10,4.029305115062244e-10,1.989509449832982e-10,-1.4805961782972437
0.47419,2.010550357446198e-10,3.190741738620431e-10,4.738950406626905e-10,4.0397214013961213e-10,2.010550357446198e-10,-1.0667257580660765
0.47434,2.611449357829025e-10,3.1942600058697007e-10,4.73981688308117e-10,4.041597227050508e-10,2.0181317985333534e-10,-0.5323845679986483
0.47448,3.125628629614222e-10,3.1769194093635214e-10,4.727317345978799e-10,4.0274277606558125e-10,1.9913425625439504e-10,-0.05039925054205907
0.47463,3.7520521588538737e-10,3.1912698003255545e-10,4.74110493171478e-10,4.041165113212533e-10,2.0096831936342345e-10,0.6459674520317535
0.47478,4.2124027152492736e-10,3.168375967981313e-10,4.727321400460722e-10,4.024055619037248e-10,1.9709486287442988e-10,1.2381522168678276
0.47493,4.4544277965471045e-10,3.188657799920191e-10,4.75010091377727e-10,4.0454878755660065e-10,1.992080782920696e-10,1.5577887818819927
0.47508,4.3586626851342434e-10,3.184000712610346e-10,4.746607160415346e-10,4.0415270033953544e-10,1.9854860620977927e-10,1.4213917240721772
0.47523,4.0457677960031593e-10,3.1743285965493244e-10,4.741890471610715e-10,4.0349877209128987e-10,1.9680180502318203e-10,0.9928870132988945
0.47537,3.7284423759792664e-10,3.204230799106981e-10,4.762859685553741e-10,4.0590519415165364e-10,2.014577822230606e-10,0.5940343661897012
0.47552,3.4549420029984047e-10,3.199265695853482e-10,4.765079871503345e-10,4.0584128819410913e-10,1.999933494158243e-10,0.2693328815673922
0.47567,2.9302707065053526e-10,3.2074615609265135e-10,4.776493036345093e-10,4.0683374182934564e-10,2.0060388550836892e-10,-0.2740013539293735
0.47582,2.024221119991387e-10,3.220073465854063e-10,4.786620226314618e-10,4.079261807774488e-10,2.024221119991387e-10,-0.9948230483227075
0.47597,1.9960506526794209e-10,3.2031428413330307e-10,4.776344275121476e-10,4.0664996100880323e-10,1.9960506526794209e-10,-1.7568433733991486
0.47612,1.9642238698638737e-10,3.1826489510554275e-10,4.761964215936145e-10,4.050006729906837e-10,1.9642238698638737e-10,-1.9960108219334027
0.47626,1.990660554461846e-10,3.2004496471585085e-10,4.775886708869253e-10,4.065112852147424e-10,1.990660554461846e-10,-1.9033678128445728
0.47641,2.0292171332031916e-10,3.2244929943543594e-10,4.791315721615665e-10,4.083757634815225e-10,2.0292171332031916e-10,-1.6650989752769094
0.47656,2.5620188299975705e-10,3.1934509440115505e-10,4.771470838626941e-10,4.0588868969565527e-10,1.980470304506118e-10,-0.5989287625394583
0.47671,3.839034534966998e-10,3.209149187028049e-10,4.780443219991184e-10,4.0713218062580045e-10,2.0055072427748658e-10,0.7032238796772416
0.47686,4.569708273865209e-10,3.218344750135397e-10,4.786977586041182e-10,4.0787695893272245e-10,2.0197329288304135e-10,1.6811977165763252
0.47701,4.747953448768498e-10,3.195463352750284e-10,4.771835723668957e-10,4.060856107607341e-10,1.9829614849030433e-10,1.944767261711725
0.47716,4.396520415564405e-10,3.235630764261007e-10,4.799060125300872e-10,4.09267552822629e-10,2.046792893306288e-10,1.4323799490585287
0.47731,3.870707259311992e-10,3.2025734599983244e-10,4.77630763694508e-10,4.0662965333241426e-10,1.9946165048827648e-10,0.7413716974315468
0.47745,3.55340351140393e-10,3.2189441095070263e-10,4.787846756636879e-10,4.0795264439669113e-10,2.0200728015524662e-10,0.365404307967818
0.4776,3.4567876895458907e-10,3.201258796032937e-10,4.775987708941305e-10,4.0655927649201314e-10,1.9918330880636968e-10,0.2571387192100233
0.47775,3.141533156001781e-10,3.1813370785646856e-10,4.73516485359205e-10,4.033788608597731e-10,1.9925175533318168e-10,-0.04032179307527623
0.4779,2.934976854107513e-10,3.185183184056282e-10,4.745496147788962e-10,4.0413388653260284e-10,1.9896594559356867e-10,-0.2524669544013077
0.47805,3.231488554213839e-10,3.1923100160891437e-10,4.748936281530894e-10,4.046182857988001e-10,2.0025355375099987e-10,0.04449281810510595
0.4782,3.1204129376245397e-10,3.1984777589020195e-10,4.757717390812567e-10,4.053798430297824e-10,2.0066423517681012e-10,-0.07529496666240183
0.47835,3.0645432376045625e-10,3.1948164854416696e-10,4.759701176152873e-10,4.0535325189991724e-10,1.9955547012013864e-10,-0.1360241362276932
0.4785,2.6557889262328595e-10,3.348934257042973e-10,4.8761125035134e-10,4.1837412546396214e-10,2.2020135014015042e-10,-0.5405695786607592
0.47865,1.985731321465705e-10,3.1924202406498993e-10,4.763274315302472e-10,4.054641531614108e-10,1.985731321465705e-10,-1.0207554346893664
0.4788,2.0045633376800338e-10,3.2046326159294885e-10,4.772122045969034e-10,4.0646345011935014e-10,2.0045633376800338e-10,-1.0085519062377173
0.47895,2.6037679034018186e-10,3.2270411884321623e-10,4.791869953898493e-10,4.085660550729563e-10,2.029145500733335e-10,-0.5680169693502796
0.4791,3.493816635737149e-10,3.2134813703208803e-10,4.781352943188148e-10,4.073546714743382e-10,2.0147821371290414e-10,0.3028940092724232
0.47925,3.991386427523365e-10,3.2081967247967475e-10,4.777891910948759e-10,4.069437827513303e-10,2.0062029187583586e-10,0.8969503189898963
0.47939,4.001572179051566e-10,3.2208602135669193e-10,4.786038476764434e-10,4.07920854258173e-10,2.0268241032629357e-10,0.9104111166291993
0.47954,3.710139521393672e-10,3.2220341731003167e-10,4.786773475995089e-10,4.080109302568894e-10,2.0288197742434965e-10,0.5518549090005681
0.47969,3.223339934342649e-10,3.2092549476379965e-10,4.778204304911869e-10,4.0700450116077095e-10,2.008326214003478e-10,0.013250786203562362
0.47984,2.8353582513962855e-10,3.210036097692486e-10,4.779594860196323e-10,4.071174684131233e-10,2.008501956540552e-10,-0.3627334452400717
0.47999,2.8635289901867076e-10,3.2043732313039527e-10,4.783736212005884e-10,4.066292381524313e-10,1.9992727500034122e-10,-0.3372260914886037
0.48014,3.1944878914593814e-10,3.215602296756215e-10,4.784423801901641e-10,4.0761843239798984e-10,2.0162279951918078e-10,-0.01832534464311381
0.48029,3.5624699711167556e-10,3.228949682309533e-10,4.793834448741277e-10,4.0869821398213715e-10,2.0370035702843937e-10,0.37643198121325416
0.48044,4.002686977836503e-10,3.2222451262622413e-10,4.79141190540155e-10,4.082918152260365e-10,2.023729477943302e-10,0.9032251404818834
0.48059,4.015772827003706e-10,3.2384857866435395e-10,4.80287962807974e-10,4.0960451016973854e-10,2.0491886846980824e-10,0.9185137657466848
0.48074,3.578612423805864e-10,3.2148992662994727e-10,4.790433423660331e-10,4.0794373891008915e-10,2.0073532487473622e-10,0.38586093933364124
0.48089,2.7033052801201194e-10,3.23262779444248e-10,4.802947235738327e-10,4.093785953419328e-10,2.0349264252949803e-10,-0.4865005902543742
0.48104,2.1182025094413428e-10,3.2322693742060683e-10,4.800091048127149e-10,4.091970011253722e-10,2.037466503151459e-10,-0.9322662475250532
0.48119,2.3940250236998143e-10,3.233767589857353e-10,4.801422501532339e-10,4.0933506796046824e-10,2.0390849309650683e-10,-0.7350202720511163
0.48134,2.926020387810004e-10,3.2313909507569787e-10,4.800715071751978e-10,4.0919861699083e-10,2.034629464762279e-10,-0.28622676202152625
0.48149,3.2809293228080503e-10,3.218803909223685e-10,4.794508735683444e-10,4.083383290218993e-10,2.0118053098993815e-10,0.060044919270770124
0.48164,3.211759709651955e-10,3.220280991290266e-10,4.795748161689934e-10,4.084696647839039e-10,2.013849212536502e-10,-0.01098793897192652
0.48179,3.0227622987608366e-10,3.2921748383443525e-10,4.849727208888327e-10,4.146319321996688e-10,2.0838587288892873e-10,-0.26877170498587827
0.48194,3.1018160099874206e-10,3.230586584556478e-10,4.803371931142832e-10,4.093228397375745e-10,2.029521512859507e-10,-0.1218033376854892
0.48209,3.648617325073628e-10,3.323752856350731e-10,4.867994873976091e-10,4.168193861072921e-10,2.167719235895129e-10,0.369179343585737
0.48224,3.8179949091365135e-10,3.227218506531197e-10,4.802569194083851e-10,4.0914166365424396e-10,2.0224700426488267e-10,0.6600533806587654
0.48239,3.906206419055612e-10,3.245341217919164e-10,4.814871485438496e-10,4.1057834209253135e-10,2.0513547138781087e-10,0.7670398754349157
0.48255,3.6967325256682853e-10,3.244041836500126e-10,4.815344848999808e-10,4.105573676861583e-10,2.047500694024762e-10,0.5128052192497479
0.4827,3.5915339937376394e-10,3.229276519718967e-10,4.804393335244997e-10,4.0932981879982224e-10,2.0252407903397303e-10,0.39400671030651285
0.48285,3.598604565022282e-10,3.237138432015908e-10,4.811136031992693e-10,4.100364450222395e-10,2.0360288095675733e-10,0.3995699117734932
0.483,3.6236788459671895e-10,3.2319338008290775e-10,4.809946258690796e-10,4.097617633909968e-10,2.0249312069410535e-10,0.42463934430001543
0.48315,3.2622656764364584e-10,3.2331627591000153e-10,4.809732787890664e-10,4.097965741701066e-10,2.0281611334195486e-10,0.03353425774695495
0.4833,3.0263412447064276e-10,3.22131161321292e-10,4.808047265418162e-10,4.0894629808304484e-10,2.007196622212811e-10,-0.20192332397995025
0.48345,2.8706062288568823e-10,3.2412120350078503e-10,4.820371185328375e-10,4.107413599166663e-10,2.034656070744064e-10,-0.35035549708767805
0.4836,2.3710267963206147e-10,3.2167795288059784e-10,4.804198967800793e-10,4.0882618702475423e-10,1.9955389503696955e-10,-0.7617148159807408
0.48375,2.0403084862060445e-10,3.242421805746475e-10,4.818117756757233e-10,4.1064543310349334e-10,2.0403084862060445e-10,-1.3845243566488261
0.4839,2.0173981551610236e-10,3.226731533927346e-10,4.805776712265503e-10,4.093124759646352e-10,2.0173981551610236e-10,-1.5285782265269994
0.48405,2.0476810691938213e-10,3.2477780020703944e-10,4.822504281323821e-10,4.1113542456469835e-10,2.0476810691938213e-10,-1.4948819213939022
0.4842,2.2430849159196468e-10,3.2182097083640307e-10,4.801777776558934e-10,4.087445599576567e-10,2.0016631544245722e-10,-0.8525497618505609
0.48436,3.359311488148339e-10,3.235667868292944e-10,4.816407083265286e-10,4.1028783961006275e-10,2.0262098545446674e-10,0.1284128714264465
0.48451,4.039869200572038e-10,3.218658344759758e-10,4.804629869203805e-10,4.089279104948173e-10,1.9994418877767114e-10,0.919841456156987
0.48466,4.421210449440247e-10,3.206921223360805e-10,4.794674393203502e-10,4.078796537569361e-10,1.9832895244890287e-10,1.431431828386795
0.48481,4.3664843321883136e-10,3.255691343657562e-10,4.827433195922675e-10,4.1174524997725267e-10,2.0617699852308487e-10,1.3565978903508233
0.48496,4.2033620199167436e-10,3.213942780266638e-10,4.817703876923533e-10,4.0910285994920815e-10,1.993824927834993e-10,1.131934966982365
0.48511,3.9201199320522587e-10,3.216542329933995e-10,4.805484237422263e-10,4.088922826266633e-10,1.9937377602102198e-10,0.7651466646651924
0.48526,3.194084207572866e-10,3.223539955063467e-10,4.798411864753186e-10,4.0875396723839865e-10,2.018520595612225e-10,-0.029770363466308913
0.48541,2.845721784319426e-10,3.2191936581196755e-10,4.792117528193197e-10,4.08211358471004e-10,2.0156996372107476e-10,-0.35946117828480784
0.48557,2.4328851479547504e-10,3.218458916811786e-10,4.785337079727706e-10,4.077846132788513e-10,2.0219984463373698e-10,-0.7008484232337913
0.48572,2.594951600984023e-10,3.21993188569288e-10,4.78890323397246e-10,4.080515804762367e-10,2.0213059133858112e-10,-0.5729833143893013
0.48587,2.86348864406897e-10,3.204337176791727e-10,4.781144384331955e-10,4.0697842346837774e-10,1.9933693350597985e-10,-0.342039028259601
0.48602,3.1597951781604446e-10,3.223058203500833e-10,4.792919449243995e-10,4.084115164190913e-10,2.0240042660720922e-10,-0.05760712632903199
0.48617,3.346277053843279e-10,3.2221332996286865e-10,4.79219309017865e-10,4.0833345100405363e-10,2.0225470900659376e-10,0.1348700249056973
0.48632,3.4496280616374567e-10,3.2200358665375947e-10,4.790470981552104e-10,4.0814906716281597e-10,2.019608590294139e-10,0.24705229070938672
0.48647,3.5802643033052666e-10,3.2167379274906985e-10,4.789520894471369e-10,4.079599468906634e-10,2.0130287487919956e-10,0.39151018040632346
0.48663,3.518898059492917e-10,3.2116092578714165e-10,4.785004829380073e-10,4.0749617658080125e-10,2.0059096757570726e-10,0.32346231019938365
0.48678,3.2475249457833304e-10,3.218288731089991e-10,4.788571215963422e-10,4.0796931864568516e-10,2.0176404110082707e-10,0.03265244682540411
0.48693,3.0862222760935257e-10,3.215617368089355e-10,4.78885278990044e-10,4.078818692967913e-10,2.0108212760631172e-10,-0.13221126292584623
0.48708,2.866670804172591e-10,3.2071811653464724e-10,4.783539796320702e-10,4.07235003422665e-10,1.9971012204341554e-10,-0.3398646099709294
0.48723,2.864556637113396e-10,3.205291744066679e-10,4.783244364169087e-10,4.0714590192180285e-10,1.9928373981474602e-10,-0.34275734224516674
0.48739,3.272782184431015e-10,3.223017316646384e-10,4.798613662009675e-10,4.087454897190248e-10,2.0170136707490537e-10,0.05005748552314418
0.48754,3.6701930614344536e-10,3.21376676453143e-10,4.796189147271311e-10,4.0823826068487627e-10,1.9977962191789098e-10,0.4802040543481485
0.48769,4.075007221643315e-10,3.2340449578133786e-10,4.812387666854963e-10,4.099872150598535e-10,2.0271949251353385e-10,0.9704725380853634
0.48784,4.1179453683216635e-10,3.2182496793519754e-10,4.80475647064948e-10,4.08916705589161e-10,1.9984435201269007e-10,1.01940793889542
0.48799,3.6328432973347565e-10,3.242205681704118e-10,4.81980845976646e-10,4.1074480394676263e-10,2.0378820875855254e-10,0.43043940064879577
0.48815,2.4867680460640596e-10,3.216545757358976e-10,4.800273572557382e-10,4.0857962113316254e-10,1.9995335224648748e-10,-0.6706969195513767
0.4883,2.0408266258902495e-10,3.2358001512028953e-10,4.804396116680927e-10,4.0958873097690595e-10,2.0408266258902495e-10,-1.2534154012495393
0.48845,1.9732343654599653e-10,3.1937445147039127e-10,4.776655981503318e-10,4.0630187524611897e-10,1.9732343654599653e-10,-1.3089993787954144
0.4886,2.0553996041997609e-10,3.2473414350672624e-10,4.815494662254103e-10,4.1069438312512307e-10,2.0553996041997609e-10,-1.1956567507240679
0.48876,2.2156991641257646e-10,3.247762641377717e-10,4.824114265652899e-10,4.1123160703066316e-10,2.0451736721038033e-10,-0.8735639027183509
0.48891,2.369684787126685e-10,3.21578992168931e-10,4.800209576427827e-10,4.085513219998115e-10,1.997959813869179e-10,-0.7604845908568973
0.48906,3.031894308243823e-10,3.226529137691223e-10,4.805762313690113e-10,4.093042304514806e-10,2.0168863101497843e-10,-0.19555050444588826
0.48921,3.2705258618325303e-10,3.231820597700843e-10,4.811543296234277e-10,4.0985097138057056e-10,2.0227488412511075e-10,0.03875775937255444
0.48937,3.9496659200373134e-10,3.2524857869400503e-10,4.827161624900788e-10,4.115166672311582e-10,2.055095443857753e-10,0.8093982525092913
0.48952,4.337961423584864e-10,3.217384195487429e-10,4.793521684269446e-10,4.082241995441638e-10,2.0094680049465409e-10,1.3359721207731297
0.48967,4.755736765915398e-10,3.2070166539986507e-10,4.781248012303853e-10,4.0709729582628185e-10,1.9992004989610625e-10,1.9510273147867458
0.48982,4.751250093161389e-10,3.200362578592344e-10,4.778457560902361e-10,4.066726265744359e-10,1.9864913657208744e-10,1.9385249839405982
0.48998,4.5026195735167213e-10,3.1903945905037287e-10,4.748160694030086e-10,4.0451393233319073e-10,1.99872328901759e-10,1.6324713332188747
0.49013,3.9803896117004297e-10,3.1945049807617365e-10,4.749750449863563e-10,4.04753562349984e-10,2.006777229665218e-10,0.9196228480148351
0.49028,3.440201766188058e-10,3.183341859652001e-10,4.745762975880552e-10,4.040795667252617e-10,1.9847680659434853e-10,0.2654753814211015
0.49044,2.596173566242283e-10,3.1817838858701886e-10,4.749884947160432e-10,4.042587580261485e-10,1.9762098029175811e-10,-0.5609218706596025
0.49059,2.0294485363020456e-10,3.212744847289599e-10,4.767523854110055e-10,4.0651552395791345e-10,2.0294485363020456e-10,-1.2192702294739535
0.49074,2.001701548121466e-10,3.200300498598985e-10,4.765751039920608e-10,4.0591971426379897e-10,2.001701548121466e-10,-1.3600827416088388
0.4909,1.9909772651533624e-10,3.1976418441256003e-10,4.769491727557156e-10,4.06033396736817e-10,1.9909772651533624e-10,-1.0709931362444185
0.49105,2.680522883613106e-10,3.2136001539473227e-10,4.784561198300283e-10,4.075388608732747e-10,2.0114816160634062e-10,-0.5009239375618812
0.4912,3.1340805633978896e-10,3.211813202968801e-10,4.782660078691441e-10,4.073658941338027e-10,2.0092198725542537e-10,-0.08043421680646927
0.49135,3.557053021062303e-10,3.2229723641261113e-10,4.790163546810106e-10,4.082541681158227e-10,2.0263248058338866e-10,0.36922020757426993
0.49151,3.473653135199641e-10,3.2194631310615327e-10,4.791447098387983e-10,4.0818613701537646e-10,2.0164819443886388e-10,0.269866572795193
0.49166,3.165339390746333e-10,3.215996900175272e-10,4.790056506085242e-10,4.079702073464743e-10,2.0094646106365724e-10,-0.0560805671054859
0.49181,2.5846710570300226e-10,3.211652535705077e-10,4.78581363553962e-10,4.0754240812992765e-10,2.0036924295108686e-10,-0.5843104600818182
0.49197,2.4154610637757065e-10,3.249669224893725e-10,4.839114604517706e-10,4.1275792398663715e-10,2.035402667005163e-10,-0.7372488176709132
0.49212,2.3528344306853723e-10,3.203393450360327e-10,4.781962595111326e-10,4.06995030800668e-10,1.9898313743130887e-10,-0.7664794105629406
0.49228,2.7961863121741006e-10,3.207732451398432e-10,4.785591129359199e-10,4.073773790530917e-10,1.9959785710802512e-10,-0.40484022569725164
0.49243,3.258405376942859e-10,3.2195544044631636e-10,4.796990430701153e-10,4.083998540537402e-10,2.012859865616179e-10,0.0365481440044818
0.49258,4.0891686024625895e-10,3.2294618637733453e-10,4.80493519508242e-10,4.093721133384741e-10,2.024909520374121e-10,0.9968875892163909
0.49274,4.713038383349446e-10,3.2165157570180444e-10,4.809252429579442e-10,4.09211724863329e-10,1.995554469295855e-10,1.8552988744076588
0.49289,4.853441409789326e-10,3.2341664032691763e-10,4.810070388959041e-10,4.098563924468657e-10,2.0302506968095303e-10,2.0717622693439495
0.49304,4.6214061691936525e-10,3.2240394477392186e-10,4.799587974221094e-10,4.0884153883917944e-10,2.01839102324179e-10,1.7342843781383512
0.4932,4.0635234882266124e-10,3.196927776720947e-10,4.750067817604987e-10,4.0486610521939393e-10,2.0123500865698723e-10,1.030822436022572
0.49335,3.539075091941858e-10,3.170830076460338e-10,4.7312474075979e-10,4.0273204658089034e-10,1.9721967664924694e-10,0.3864918747540692
0.4935,2.979918576186235e-10,3.1551303020933055e-10,4.70463947330443e-10,4.0055138885806875e-10,1.9661925318256087e-10,-0.18630662202462067
0.49366,2.6683259957431657e-10,3.1669112790695635e-10,4.713072801223115e-10,4.0151119034111586e-10,1.984351439962652e-10,-0.4760495340491884
0.49381,2.3841377110288317e-10,3.1378749046435344e-10,4.683574513619193e-10,3.9863412357588933e-10,1.9499324410971812e-10,-0.7044119661331888
0.49397,2.4104225361838467e-10,3.1150969916253133e-10,4.6322938317405635e-10,3.9472540905130404e-10,1.9563323776753805e-10,-0.6561628389691256
0.49412,2.212884717029522e-10,3.1020568485228867e-10,4.6273261225642475e-10,3.938438342038614e-10,1.9377134979949644e-10,-0.810300325667125
0.49428,1.9360144211269938e-10,3.0917494614579283e-10,4.6022020905545243e-10,3.920408427028307e-10,1.9360144211269938e-10,-1.0555334677808559
0.49443,1.9325551888139028e-10,3.0813052782500957e-10,4.5841998412402503e-10,3.905639687975774e-10,1.9325551888139028e-10,-1.0888303219335231
0.49458,1.9246069916872396e-10,3.076734760007337e-10,4.581510578633003e-10,3.9023504114103353e-10,1.9246069916872396e-10,-1.0365082123218652
0.49474,1.8872685811989077e-10,3.053720710434229e-10,4.5667689059535923e-10,3.884606537213679e-10,1.8872685811989077e-10,-1.1186265531351087
0.49489,2.550208506737088e-10,3.06804935712799e-10,4.577095354181416e-10,3.896316642555481e-10,1.9091923777672615e-10,-0.517288501406226
0.49505,3.2514101616947095e-10,3.081677463952329e-10,4.586574068060725e-10,3.9072585560536365e-10,1.9305054914430576e-10,0.18736147696065059
0.4952,3.5532083745925994e-10,3.079491310817137e-10,4.5888529005890877e-10,3.9077343162938504e-10,1.9225648087745926e-10,0.53672243465634
0.49536,3.8614117921699813e-10,3.095974360637881e-10,4.604081850549747e-10,3.9232472784325096e-10,1.9434608710216997e-10,0.9218434716229836
0.49551,3.786187646267681e-10,3.099890154851472e-10,4.6071258628590225e-10,3.9264938194316013e-10,1.9498070615952143e-10,0.823358407927058
0.49566,3.5355355048224984e-10,3.0968771166969496e-10,4.6042177080864523e-10,3.923588008341514e-10,1.945967575324715e-10,0.5089471430784875
0.49582,3.147424028854669e-10,3.0956445878177247e-10,4.607358123912667e-10,3.924952579972646e-10,1.9393331756181385e-10,0.05667843473195373
0.49597,2.663132281874822e-10,3.0924364404347255e-10,4.607986256598923e-10,3.924057008083547e-10,1.9308933872673514e-10,-0.42933115102353564
0.49613,1.9761693665613778e-10,3.08931784608783e-10,4.6045506347600117e-10,3.92081858809252e-10,1.9274656577679682e-10,-0.9748633760442422
0.49628,2.1721409291155006e-10,3.0972103075043286e-10,4.61315873634627e-10,3.9280509389542295e-10,1.9389184875049784e-10,-0.8359481359447802
0.49644,2.726950494399509e-10,3.0829350521266124e-10,4.6011190218026323e-10,3.916285925033732e-10,1.9163168704984517e-10,-0.3697131229972645
0.49659,3.06102202991265e-10,3.113377341559668e-10,4.6319863242433383e-10,3.9444345759199037e-10,1.9438381429955976e-10,-0.06170922258332636
0.49675,2.959723510170247e-10,3.114589638763357e-10,4.63287631200315e-10,3.9451782091154374e-10,1.9588700223424728e-10,-0.15065322598289183
0.4969,3.132314673801972e-10,3.101992794783856e-10,4.6210168718397643e-10,3.9354776320436695e-10,1.9382819852527897e-10,0.02755193827557173
0.49706,3.396247330599903e-10,3.107121459462549e-10,4.6265814755141993e-10,3.94075458744574e-10,1.9440491240938082e-10,0.3184129107868342
0.49721,3.6526612360596665e-10,3.11572568888225e-10,4.6334543047368763e-10,3.9482016467116195e-10,1.956517743712795e-10,0.6240622347495708
0.49737,3.6762176578634314e-10,3.101755248675296e-10,4.6297702226238866e-10,3.9405336884834437e-10,1.9273658919608517e-10,0.6427410883642862
0.49752,3.437278194381975e-10,3.12196602443335e-10,4.643740844486896e-10,3.956696063794034e-10,1.9590419548856566e-10,0.35465420525924535
0.49768,2.958049040188237e-10,3.112998471794698e-10,4.6439574968967633e-10,3.951635630604062e-10,1.9435857496447662e-10,-0.1650269072961888
0.49783,2.477680852266847e-10,3.1261941626747896e-10,4.646902635662289e-10,3.960218784169521e-10,1.9654360185357213e-10,-0.6061447618435003
0.49799,1.9213606810624432e-10,3.09904132817944e-10,4.6295275699026806e-10,3.938807741596634e-10,1.9213606810624432e-10,-1.5190815987028414
0.49814,1.977182731364948e-10,3.1332125351900587e-10,4.651688159959491e-10,3.965859759903159e-10,1.977182731364948e-10,-2.315682972987617
0.4983,1.9623273022895087e-10,3.124672792110217e-10,4.6463719292123724e-10,3.9593277281545033e-10,1.9623273022895087e-10,-2.241189904448274
0.49845,1.9160118764183478e-10,3.094665740703817e-10,4.625051624114958e-10,3.934962063588865e-10,1.9160118764183478e-10,-1.5235400768682585
0.49861,2.50512874292477e-10,3.1079416137065496e-10,4.6354119447554147e-10,3.946275293468777e-10,1.9354282833220557e-10,-0.5835869609490086
0.49877,3.534984457099529e-10,3.1321657637199937e-10,4.659270786985266e-10,3.966864233069755e-10,1.9708394849141043e-10,0.4634126526507171
0.49892,4.169609491968564e-10,3.1112559215377006e-10,4.646592502885763e-10,3.9541660709028105e-10,1.930337708607742e-10,1.272569079608646
0.49908,4.512950218095006e-10,3.137232680802571e-10,4.666834898377238e-10,3.9762971479022423e-10,1.9680503999267428e-10,1.7670689264052288
0.49923,4.5935436504121415e-10,3.132006705053895e-10,4.678090433835118e-10,3.985361304479184e-10,1.939213897556634e-10,1.8824763575504329
0.49939,4.5149305000723214e-10,3.14008067459663e-10,4.674252044035408e-10,3.9817541210170126e-10,1.9661717202606246e-10,1.7557934787208118
0.49954,4.268121992490634e-10,3.122581871847571e-10,4.663625527408467e-10,3.9686060248946866e-10,1.937035977360909e-10,1.391299091796371
0.4997,3.3205363251213537e-10,3.1545252319026495e-10,4.694690760594577e-10,3.9994252407946884e-10,1.9766107916432664e-10,0.17944650812565316
0.49986,2.0088945672720264e-10,3.1781916282323963e-10,4.715554280286765e-10,4.0210288326485514e-10,2.0088945672720264e-10,-1.1302854401774947
0.50001,2.0075012475131763e-10,3.1757424619912295e-10,4.711493192747956e-10,4.0176635268737935e-10,2.0075012475131763e-10,-1.717367757193933
0.50017,1.9740223726076047e-10,3.16176386263334e-10,4.711389014915501e-10,4.0121070778243426e-10,1.9740223726076047e-10,-1.542750697765022
0.50032,2.0098774003581347e-10,3.191820473630768e-10,4.737951471499574e-10,4.0401488753396315e-10,2.0098774003581347e-10,-1.0110474827122649
0.50048,3.299501645094281e-10,3.19180415759592e-10,4.747902255530698e-10,4.0460207345778013e-10,2.0040209135610066e-10,0.11941805269330438
0.50064,3.566256908912028e-10,3.1674210429719835e-10,4.728445852134384e-10,4.0242689922461684e-10,1.9675199606386494e-10,0.41841248515355794
0.50079,3.474860626752267e-10,3.163296975781677e-10,4.723939363339387e-10,4.018396496782724e-10,1.966415643723566e-10,0.3211687639596834
0.50095,3.272594048717061e-10,3.18090487618963e-10,4.731062131648122e-10,4.031201891534726e-10,1.9964122268390173e-10,0.10139178642139365
0.5011,3.047977835521812e-10,3.1789300096627227e-10,4.731592546406325e-10,4.030732430849493e-10,1.9910545067528086e-10,-0.13212081896380395
0.50126,3.235269199062474e-10,3.1849182386798815e-10,4.73888096598878e-10,4.037360626479216e-10,1.9967868330661755e-10,0.05519016454440881
0.50142,3.4274421249802727e-10,3.169548275176058e-10,4.728959977312817e-10,4.025481075736632e-10,1.9718032971733606e-10,0.2622130435691804
0.50157,3.4230678509260223e-10,3.191565561005322e-10,4.742641124554813e-10,4.0421830708459877e-10,2.0083221764151426e-10,0.25923813800419765
0.50173,3.511947094099112e-10,3.1731210277932036e-10,4.731850916307037e-10,4.0285672286094706e-10,1.9770193652339383e-10,0.35711172171915917
0.50189,3.497758457037771e-10,3.1884329530227884e-10,4.743028629359382e-10,4.041175466296377e-10,2.0002886292790754e-10,0.3396284656725942
0.50204,3.32747751221348e-10,3.1829862131414963e-10,4.739963190457335e-10,4.0372203959067486e-10,1.9909600707366454e-10,0.15039278684168741
0.5022,3.0704323040828707e-10,3.1822400694304816e-10,4.743084166640431e-10,4.038776281286757e-10,1.9853720081912778e-10,-0.12040289614759489
0.50236,2.862921354275208e-10,3.2038302402940485e-10,4.759352406299714e-10,4.056808579787132e-10,2.0179667714152738e-10,-0.3211152079476709
0.50251,2.6625983433839e-10,3.198664245910693e-10,4.755506049846104e-10,4.052520586947134e-10,2.010094640706796e-10,-0.49971577938717593
0.50267,2.394380516878529e-10,3.145664301368214e-10,4.692796458712591e-10,3.994912662264159e-10,1.9570557938757307e-10,-0.6996052075850907
0.50283,1.9535947243533602e-10,3.121045968752873e-10,4.646609773896068e-10,3.9579923979897127e-10,1.9535947243533602e-10,-1.0067974481820339
0.50298,,,,,,
0.50314,,,,,,
0.5033,,,,,,
0.50345,,,,,,
0.50361,,,,,,
0.50377,,,,,,
