mass,limit_95,med_limit,2sigma_up,1sigma_up,1sigma_down,test_statistic
0.47357,8.86604649268453e-11,6.122956665434691e-11,9.115917447678974e-11,7.764688436814733e-11,3.833941233164628e-11,1.8052216733189486
0.47372,9.301533278690169e-11,6.116435134772258e-11,9.10946936767032e-11,7.758322027130647e-11,3.826074644992966e-11,2.155054185298484
0.47387,9.51860025199042e-11,6.115422045924099e-11,9.104187877469705e-11,7.754836975406687e-11,3.829818154094512e-11,2.342614980902618
0.47402,7.750221884386871e-11,5.991279703298974e-11,8.921341724776737e-11,7.5988057819501e-11,3.748276026799917e-11,1.104501199349536
0.47417,6.729617558602381e-11,5.9897945363163e-11,8.916094616403617e-11,7.595143040972784e-11,3.750979279117931e-11,0.4317998806795955
0.47431,4.9744650317385236e-11,5.987317040770886e-11,8.912938471039332e-11,7.592376842173721e-11,3.748435897748838e-11,-0.5096078649180847
0.47446,3.7387157171498355e-11,5.974851918185222e-11,8.89563515606658e-11,7.577379886653741e-11,3.7387157171498355e-11,-1.6515117121527423
0.47461,3.736633237557967e-11,5.968246184785874e-11,8.884158360884032e-11,7.568027373937284e-11,3.736633237557967e-11,-2.403285461362023
0.47476,3.734909819049143e-11,5.961510676824132e-11,8.871573412919669e-11,7.558068922348491e-11,3.734909819049143e-11,-2.935739560842008
0.47491,3.7198859472345286e-11,5.941026492519472e-11,8.843329121729963e-11,7.533331010239528e-11,3.7198859472345286e-11,-2.1279233064186975
0.47506,4.831528003992897e-11,5.948471725451047e-11,8.855486510713234e-11,7.543226793318778e-11,3.72432385607803e-11,-0.5597916889089422
0.47521,6.889152629946025e-11,5.944846019627737e-11,8.850350670211547e-11,7.538686570807055e-11,3.7223451345462545e-11,0.5643715373448625
0.47535,8.006202480092742e-11,5.939620415868129e-11,8.842764066121024e-11,7.53216368428955e-11,3.7189011682042643e-11,1.3441911748518385
0.4755,8.519043225561643e-11,5.929716094986102e-11,8.8300657606938e-11,7.520806093520082e-11,3.710270412174461e-11,1.7479614152879148
0.47565,8.362050642712903e-11,5.923272965064184e-11,8.819327436355368e-11,7.511978216183776e-11,3.707512337781565e-11,1.6325482463670637
0.4758,8.017973352484069e-11,5.93413294231348e-11,8.834042927271335e-11,7.52485821976073e-11,3.7162838783983503e-11,1.359544399803911
0.47595,7.063412347292625e-11,5.936761853180943e-11,8.839575411453884e-11,7.529158112561792e-11,3.715918966895926e-11,0.6828731368674127
0.4761,5.971215157046238e-11,5.937643776212972e-11,8.84183815796429e-11,7.530818094143729e-11,3.715451284126861e-11,0.017434234097919055
0.47625,4.6805066414837494e-11,5.932680923531178e-11,8.831713800022392e-11,7.52287053075039e-11,3.715857778651559e-11,-0.6206297344645828
0.4764,3.708355473599205e-11,5.923539778523826e-11,8.818929066324375e-11,7.511893142284071e-11,3.708355473599205e-11,-1.7367022853945833
0.47655,3.716040140082699e-11,5.934775888761406e-11,8.835014746857968e-11,7.525784774737653e-11,3.716040140082699e-11,-1.740137043751938
0.47669,3.7209496331903545e-11,5.942938498463873e-11,8.848313993351385e-11,7.536588591795981e-11,3.7209496331903545e-11,-1.6858248154969395
0.47684,3.7266093415599215e-11,5.95212814626863e-11,8.86082439129717e-11,7.547832694982354e-11,3.7266093415599215e-11,-1.0984375154157335
0.47699,3.894681054368881e-11,5.954905908503432e-11,8.863068231003027e-11,7.550366990196352e-11,3.729829565974699e-11,-0.9409404197946083
0.47714,5.259269995136015e-11,5.946902659594817e-11,8.851567442240623e-11,7.540520727157006e-11,3.723958296781472e-11,-0.3582536389364099
0.47729,6.866990176173061e-11,5.940437394428576e-11,8.841637962828457e-11,7.532026226662868e-11,3.721007445905823e-11,0.554196342230829
0.47744,7.275026196166434e-11,5.927736716746092e-11,8.823938023530797e-11,7.516580368900867e-11,3.711901538541213e-11,0.8329740748450005
0.47759,7.48655302941282e-11,5.920636801870664e-11,8.812212184219544e-11,7.506885903784571e-11,3.708913879266365e-11,0.9868344555907262
0.47774,7.593355455729173e-11,5.910517880341351e-11,8.850572778821858e-11,7.49627041108721e-11,3.698529413017899e-11,1.0681777339050953
0.47789,8.047260828447013e-11,5.896319268508175e-11,8.778028529258289e-11,7.477187986849541e-11,3.691583879860881e-11,1.4189308117717874
0.47804,8.437990664585321e-11,5.894816331957943e-11,8.775755771971521e-11,7.475240552858905e-11,3.690807659192862e-11,1.7257277804540965
0.47819,8.311645231831612e-11,5.889650166325434e-11,8.76809345818601e-11,7.468760268205379e-11,3.687192762518877e-11,1.6304472299190544
0.47834,8.330050486034038e-11,5.876939023629606e-11,8.748624936431115e-11,7.452352718465812e-11,3.679711502341523e-11,1.6597111949190806
0.47849,7.329451882479383e-11,5.881117207170133e-11,8.753436304246431e-11,7.456918233786944e-11,3.683407854590122e-11,0.9105611507076821
0.47864,6.176329347792284e-11,5.874764393177661e-11,8.745526077589616e-11,7.44983459802375e-11,3.677239183836417e-11,0.17232151012955102
0.47879,3.812151157269628e-11,5.881908108624097e-11,8.754011197456513e-11,7.457677961067615e-11,3.683989972290026e-11,-0.9536281193692475
0.47894,3.684308951479251e-11,5.882733105331555e-11,8.755458854894788e-11,7.458842316988666e-11,3.684308951479251e-11,-1.3610830619169674
0.47909,3.678824745214506e-11,5.874126568648252e-11,8.74313267238425e-11,7.448133976342996e-11,3.678824745214506e-11,-1.1983306781635221
0.47924,3.81400587530623e-11,5.865869320406168e-11,8.731963303461668e-11,7.438253807119855e-11,3.6727194684123184e-11,-0.949488833286619
0.47939,4.012528991106378e-11,5.870994352052582e-11,8.739572932199616e-11,7.444753628682208e-11,3.675891642948515e-11,-0.8765690446627254
0.47954,5.756873858922516e-11,5.884445350095679e-11,8.757012307408881e-11,7.460366229162047e-11,3.6868729865687984e-11,-0.06929289887275762
0.47969,6.426665949327217e-11,5.872295448906492e-11,8.744185558964232e-11,7.447928243901694e-11,3.673794433980691e-11,0.32311107550807716
0.47984,6.604353929237313e-11,5.868372693868013e-11,8.737929667095739e-11,7.442495942852434e-11,3.6730689184956864e-11,0.4377867791194502
0.47999,6.672359117164551e-11,5.86731717292567e-11,8.736060783281999e-11,7.440924873776438e-11,3.6731879252032696e-11,0.48241089038058477
0.48014,7.00725279173256e-11,5.858697430874529e-11,8.724374717347378e-11,7.430648919433347e-11,3.6664933436224634e-11,0.7072343402541411
0.48029,5.6949075095223207e-11,5.842028159528106e-11,8.694730088925792e-11,7.406899575528082e-11,3.6604679934834274e-11,-0.0803248094730371
0.48044,4.985770215101868e-11,5.83312640163611e-11,8.683012743446717e-11,7.396650147436945e-11,3.6522488551408835e-11,-0.4432121332535891
0.48059,4.823459678534376e-11,5.832456021115926e-11,8.681688092151153e-11,7.395680726219068e-11,3.6517781543839205e-11,-0.5199420470497808
0.48074,4.5642544065266656e-11,5.825146915806812e-11,8.669977016531364e-11,7.385944606847526e-11,3.6480615740855474e-11,-0.6347483202017723
0.48089,5.172914943636479e-11,5.811302942187211e-11,8.653666773067489e-11,7.370843175895292e-11,3.6346991216731826e-11,-0.34337893317547336
0.48104,4.421283264713347e-11,5.813059206338286e-11,8.652205238365089e-11,7.370657968732422e-11,3.6407651116561e-11,-0.6929970040089016
0.48119,4.860715872947275e-11,5.8072272957282273e-11,8.647075075142545e-11,7.365261879331629e-11,3.633427430924488e-11,-0.4935760563959731
0.48134,6.803126784441098e-11,5.8074007093952995e-11,8.644771279834668e-11,7.36392285507402e-11,3.636930334359222e-11,0.613142281045441
0.48149,7.823238673943237e-11,5.802019803410925e-11,8.639417923537171e-11,7.358657715530458e-11,3.6304650415440324e-11,1.3435663806793936
0.48164,8.340676077137448e-11,5.791523114822017e-11,8.621874491400182e-11,7.344266879618677e-11,3.625820974497315e-11,1.7661874640325426
0.48179,8.182369104408458e-11,5.788757008189385e-11,8.618979090948048e-11,7.341519059562645e-11,3.622378639264312e-11,1.6388408771855976
0.48195,7.556075361281865e-11,5.7918351339864135e-11,8.619897715231695e-11,7.343270938071119e-11,3.6286700945023367e-11,1.156817506084909
0.4821,5.85609964835695e-11,5.7803401573963737e-11,8.604291404272375e-11,7.32959871710678e-11,3.619565008114696e-11,0.04355446426088709
0.48225,3.6167340821468264e-11,5.779061455953485e-11,8.603903908280907e-11,7.328904613739101e-11,3.6167340821468264e-11,-1.4930245409956782
0.4824,3.62510322558833e-11,5.786215720946686e-11,8.611667423315116e-11,7.33620722237331e-11,3.62510322558833e-11,-1.7186386578348014
0.48255,3.6181624136140873e-11,5.778687793576571e-11,8.602332369916652e-11,7.327759994752297e-11,3.6181624136140873e-11,-1.9333520455367705
0.4827,3.6152758886439594e-11,5.7741328750335304e-11,8.59553717820926e-11,7.321983890248737e-11,3.6152758886439594e-11,-1.6753520211987127
0.48285,3.614805287228082e-11,5.7721382599569606e-11,8.591643451817818e-11,7.318963895743597e-11,3.614805287228082e-11,-1.4741663497980135
0.483,3.609632404344161e-11,5.763903906976029e-11,8.579357484114478e-11,7.308515966940717e-11,3.609632404344161e-11,-1.0669109813005937
0.48315,4.516660824104844e-11,5.762514160334196e-11,8.578142635531708e-11,7.307221044205067e-11,3.607954260953745e-11,-0.6344032004622051
0.48331,6.260901158017299e-11,5.765249333206281e-11,8.581339195799488e-11,7.310113275808837e-11,3.611082393490426e-11,0.29590218332413465
0.48346,7.510398215789423e-11,5.764281194342355e-11,8.581330213980333e-11,7.309692872006626e-11,3.608980168595465e-11,1.1474560271653416
0.48361,8.536227682441352e-11,5.771483220353442e-11,8.59234693358567e-11,7.31894910063833e-11,3.6134375044428815e-11,1.9537034017891703
0.48376,8.525623851111438e-11,5.7690050177858294e-11,8.587370630866537e-11,7.315069853677288e-11,3.6132992774806164e-11,1.9495278223694248
0.48391,7.825682467360911e-11,5.76609114556435e-11,8.582331779412411e-11,7.311074430245465e-11,3.6116366832942995e-11,1.3862275623958022
0.48406,7.05540796717886e-11,5.765369259129773e-11,8.582445377857915e-11,7.310869365670153e-11,3.6097018369414714e-11,0.8182164196542251
0.48421,5.7423839456083544e-11,5.7704466103731264e-11,8.587876875055166e-11,7.316070247097989e-11,3.615336909951953e-11,-0.014608793634589686
0.48437,3.6102223300606276e-11,5.765401667507942e-11,8.582012286341278e-11,7.310637993285762e-11,3.6102223300606276e-11,-1.1318110821759848
0.48452,3.605714413406629e-11,5.7583596973474165e-11,8.571415504881262e-11,7.301893824042628e-11,3.605714413406629e-11,-1.6018978306934413
0.48467,3.59893263032179e-11,5.747537868625006e-11,8.555902048029547e-11,7.288191416949734e-11,3.59893263032179e-11,-2.0189659273741727
0.48482,3.5985117528691224e-11,5.7469603920627045e-11,8.556692929517538e-11,7.287588478368046e-11,3.5985117528691224e-11,-1.658091518382238
0.48497,4.589696232506688e-11,5.7515727954910864e-11,8.562350904312383e-11,7.293486025150149e-11,3.601434490419107e-11,-0.5973581694004548
0.48512,6.056137428862022e-11,5.748286258638772e-11,8.558849647241719e-11,7.2901959346838e-11,3.5973576105916635e-11,0.17976600718388436
0.48528,7.29583860838062e-11,5.750712627446295e-11,8.559636949143075e-11,7.291749077539581e-11,3.6014028495940504e-11,1.0030351994893223
0.48543,7.668671360470852e-11,5.744681069802245e-11,8.551478793332046e-11,7.284540009662266e-11,3.596896127551755e-11,1.2860416214103405
0.48558,7.729310280011286e-11,5.73349265173907e-11,8.538039112696875e-11,7.272248108219742e-11,3.586000512238369e-11,1.339939276543895
0.48573,7.089249617939272e-11,5.738934452259819e-11,8.54194496448022e-11,7.276824270642521e-11,3.5934100709307343e-11,0.8642623280524719
0.48589,6.495221550154465e-11,5.743461716914211e-11,8.547911409159033e-11,7.281992625251835e-11,3.598070983075382e-11,0.4600385285928897
0.48604,6.096017493072743e-11,5.735784499463454e-11,8.538334698444908e-11,7.273288753767149e-11,3.591398097393157e-11,0.21311444365693719
0.48619,5.708014892801955e-11,5.736261554337938e-11,8.539265765181692e-11,7.273895945660141e-11,3.591649912747815e-11,-0.016175043780054223
0.48634,5.56478129006148e-11,5.736662131497019e-11,8.540758651781517e-11,7.275064004945293e-11,3.5905842913808174e-11,-0.09782988960748285
0.48649,5.488680800455624e-11,5.733539801295366e-11,8.533914049976843e-11,7.269782050974055e-11,3.5914196548882423e-11,-0.13668902906525718
0.48665,5.4299550809818616e-11,5.7286856371438977e-11,8.525836473607654e-11,7.262723304560031e-11,3.5909062497518355e-11,-0.16487632257606782
0.4868,5.649484993283885e-11,5.711022501695566e-11,8.500798702482721e-11,7.24145005200557e-11,3.576943879680198e-11,-0.03459577135133488
0.48695,5.6505190306748404e-11,5.7174882666115256e-11,8.51056641958258e-11,7.249649960828989e-11,3.581331712049654e-11,-0.037386108655726946
0.4871,5.0116946434225915e-11,5.714838470518957e-11,8.508324983431176e-11,7.247249592557453e-11,3.5779024527433116e-11,-0.3799772943031094
0.48726,4.7923471270078995e-11,5.7132284581837344e-11,8.507053803490096e-11,7.24586197326716e-11,3.5756132387783445e-11,-0.48817001636122426
0.48741,4.6618462001368487e-11,5.718021914422236e-11,8.513121960211142e-11,7.25129513683521e-11,3.5800056071901565e-11,-0.5516020583564085
0.48756,5.3255621717968684e-11,5.7120487841562856e-11,8.501135109806845e-11,7.242005605327127e-11,3.579316738847331e-11,-0.21355695217026444
0.48771,5.854974960718099e-11,5.7105774801809025e-11,8.503449200146073e-11,7.242710279678678e-11,3.57343513513329e-11,0.08302116210369652
0.48787,6.575411016213871e-11,5.698270040016186e-11,8.48350022723774e-11,7.226274402259604e-11,3.566932735300884e-11,0.5446786486251686
0.48802,7.069498472191574e-11,5.7008941062838463e-11,8.483428044980533e-11,7.227517571971379e-11,3.5715862362358025e-11,0.8671810880114179
0.48817,6.382251281719833e-11,5.69865507247031e-11,8.478797234057486e-11,7.224038571006877e-11,3.570585895230541e-11,0.4062989908217162
0.48833,5.790837942891219e-11,5.697268822259368e-11,8.480238565080856e-11,7.22413440772304e-11,3.5673745791216694e-11,0.05442903106530929
0.48848,4.1934087450961355e-11,5.7103451953531925e-11,8.50117652296207e-11,7.241496423601127e-11,3.574295325940973e-11,-0.7581878010372957
0.48863,3.568679465183128e-11,5.701138515524277e-11,8.487009397099574e-11,7.22962111977395e-11,3.568679465183128e-11,-1.0907125549383285
0.48879,3.5538738992608446e-11,5.675251149075049e-11,8.447491589436367e-11,7.196179340925434e-11,3.5538738992608446e-11,-1.192256925077859
0.48894,3.543390622293923e-11,5.659156875242681e-11,8.424199955167387e-11,7.17609661872167e-11,3.543390622293923e-11,-1.13517480709566
0.48909,4.355647271729479e-11,5.653360355381593e-11,8.416203448104043e-11,7.169022072047496e-11,3.5395708589471315e-11,-0.6685404903797497
0.48925,4.782295813253067e-11,5.633332485012132e-11,8.387224021119838e-11,7.144213638898651e-11,3.525230692708161e-11,-0.460329234888186
0.4894,5.320926470009995e-11,5.636852499370716e-11,8.393572628453501e-11,7.148810795810612e-11,3.529190707528851e-11,-0.17914450644379457
0.48955,4.650352214740902e-11,5.610027810627096e-11,8.352794884018222e-11,7.114574650926196e-11,3.512021087534194e-11,-0.5148453747374546
0.48971,3.49671018367715e-11,5.585055442182427e-11,8.315172360444717e-11,7.08268504275565e-11,3.49671018367715e-11,-1.0701282899678837
0.48986,4.1016639557197613e-11,5.5688980381911024e-11,8.301511774431231e-11,7.062909216801782e-11,3.48544038793891e-11,-0.7530493812898981
0.49001,4.990034480057623e-11,5.549686307406171e-11,8.261578319439076e-11,7.037398486426901e-11,3.4749434916249804e-11,-0.3149499324723432
0.49017,6.419547489523058e-11,5.534639545785239e-11,8.239008129548061e-11,7.018260723621243e-11,3.465427502207435e-11,0.5680148322187035
0.49032,6.919106432500294e-11,5.5185055860929136e-11,8.214018812590959e-11,6.997318085563196e-11,3.455986896996597e-11,0.9412812858608361
0.49047,7.495989886191756e-11,5.507154847832178e-11,8.197201789046975e-11,6.982993445123887e-11,3.4486590011690535e-11,1.4025904337821615
0.49063,7.325467620432967e-11,5.5133544911666215e-11,8.207383781778083e-11,6.991381827685464e-11,3.451668762636145e-11,1.258273081247584
0.49078,7.084378381758669e-11,5.513100883989279e-11,8.203866730901403e-11,6.989150046648304e-11,3.455715559778873e-11,1.0751443465609145
0.49093,7.206727961868182e-11,5.501191089329071e-11,8.188488443986759e-11,6.975505556581594e-11,3.444862745960226e-11,1.1781184216079954
0.49109,5.497082861893445e-11,5.5092807006997895e-11,8.199233475781548e-11,6.984976521396554e-11,3.4513459153965504e-11,-0.006219071632764754
0.49124,3.7095611013715274e-11,5.498315898461806e-11,8.184585383784215e-11,6.971995745896651e-11,3.44312889772957e-11,-0.896021818787426
0.4914,3.438133417321551e-11,5.4909579079197086e-11,8.174490509992505e-11,6.963063253294009e-11,3.438133417321551e-11,-1.5817636162959443
0.49155,3.433514882698839e-11,5.487992332909892e-11,8.172586882294592e-11,6.960741046287084e-11,3.433514882698839e-11,-1.8705843329327378
0.4917,3.445680220246674e-11,5.5035116956882025e-11,8.193089246588748e-11,6.979020629932287e-11,3.445680220246674e-11,-1.1851541792834752
0.49186,4.38765523857286e-11,5.4967702437575484e-11,8.182570293025044e-11,6.970295267526487e-11,3.440904440787754e-11,-0.5971426321750538
0.49201,4.4810485122146595e-11,5.48894879029622e-11,8.170600012902557e-11,6.960013271877217e-11,3.437908055950656e-11,-0.5481458364210906
0.49217,4.6466740265788234e-11,5.4867230736977876e-11,8.1673034555029e-11,6.957690989645288e-11,3.433387411453649e-11,-0.4660711920086589
0.49232,5.876600124052541e-11,5.488864352680874e-11,8.170882498631902e-11,6.96022368167938e-11,3.436737214984056e-11,0.24056591243321196
0.49248,6.751198495343536e-11,5.47842554143594e-11,8.15475620761744e-11,6.94666964530963e-11,3.430755341909841e-11,0.8534615882828864
0.49263,7.130876218695784e-11,5.4844177205826456e-11,8.164837649782206e-11,6.954969747838444e-11,3.433009820231558e-11,1.1346288653202141
0.49278,7.701149620319799e-11,5.4702037212439474e-11,8.14371134013963e-11,6.936939257767136e-11,3.424248413169933e-11,1.6141377775166375
0.49294,8.32299648495652e-11,5.473497667714047e-11,8.157174498419602e-11,6.941522958668595e-11,3.427243211388864e-11,2.1600857754438945
0.49309,7.729062528196482e-11,5.466420794935073e-11,8.137514171677887e-11,6.931737707892504e-11,3.422957061109725e-11,1.6439904174587237
0.49325,6.628343295287223e-11,5.47054512656177e-11,8.144235342888807e-11,6.937256209296881e-11,3.4251647664708794e-11,0.7700481260949102
0.4934,3.996099663123279e-11,5.45868899810659e-11,8.1268825846336e-11,6.92244055501363e-11,3.4171138010844565e-11,-0.763607701371813
0.49356,3.4140880135189916e-11,5.4529276629154543e-11,8.117449458796377e-11,6.914707863968309e-11,3.4140880135189916e-11,-1.9652187304414468
0.49371,3.4307147509552224e-11,5.473588068052641e-11,8.140994238247125e-11,6.937127100820657e-11,3.4307147509552224e-11,-2.102904444914117
0.49387,3.412142463066531e-11,5.448928575756447e-11,8.110736270196288e-11,6.909255554958071e-11,3.412142463066531e-11,-2.204816463373875
0.49402,3.407346183759592e-11,5.442657057101437e-11,8.102337270921454e-11,6.901807734903299e-11,3.407346183759592e-11,-1.6868449687026805
0.49418,3.406829138700966e-11,5.440117213589966e-11,8.098068304328439e-11,6.898226665665138e-11,3.406829138700966e-11,-1.283467731958143
0.49433,3.5975966921033564e-11,5.432119618957266e-11,8.087946798384541e-11,6.889205981100123e-11,3.3992144580705864e-11,-0.923941105514532
0.49449,4.988354395942717e-11,5.4414516079061553e-11,8.099056304306022e-11,6.899349650726701e-11,3.40870117503733e-11,-0.26165424054601893
0.49464,5.6294699313431244e-11,5.4426760127752175e-11,8.103085514778396e-11,6.902137575928574e-11,3.407207219985122e-11,0.11451364805278526
0.4948,5.786026375441997e-11,5.4391718718902246e-11,8.099789694629117e-11,6.898800362095803e-11,3.402855071599559e-11,0.21463437286006545
0.49495,6.780643007252362e-11,5.440619935520964e-11,8.098974236590681e-11,6.898862539950305e-11,3.4074667841538365e-11,0.9113208041983113
0.49511,8.352345562982399e-11,5.4323028480850736e-11,8.087277411714785e-11,6.888719602330366e-11,3.40144642804302e-11,2.244840748663203
0.49526,8.232643724563018e-11,5.421649132598409e-11,8.070685056311449e-11,6.874861994320767e-11,3.3951409161559265e-11,2.1488104020081775
0.49542,7.467405956527629e-11,5.412336919571354e-11,8.056893725212049e-11,6.863122494319036e-11,3.389061186012261e-11,1.4866078049243785
0.49557,6.549118498181755e-11,5.407875407044952e-11,8.050293413639339e-11,6.857522370741418e-11,3.386019026832754e-11,0.7674439691673516
0.49573,5.117310493820983e-11,5.490325863475418e-11,8.137378728365739e-11,6.948684847591298e-11,3.383949056432075e-11,-0.22353561035953143
0.49588,4.2370059629363374e-11,5.417988822955297e-11,8.062081373772211e-11,6.868373328104024e-11,3.396586829299192e-11,-0.6373091479422682
0.49604,3.950473055688356e-11,5.421066537163366e-11,8.094105665764635e-11,6.87450308005713e-11,3.3943019779544237e-11,-0.7713820461627398
0.4962,4.163241440727751e-11,5.408095349244575e-11,8.051098679593707e-11,6.858014781550445e-11,3.385992421786154e-11,-0.670159043475476
0.49635,4.421828030417568e-11,5.399127980832819e-11,8.038056112781407e-11,6.846870893022793e-11,3.3797137125030764e-11,-0.5419396952939116
0.49651,4.919836593807982e-11,5.40003487247616e-11,8.038135787729981e-11,6.847371130883135e-11,3.381208901882737e-11,-0.27952736278332957
0.49666,5.25203410529535e-11,5.395863871890679e-11,8.0327063513117e-11,6.842627169406133e-11,3.377147680910856e-11,-0.08745088328105104
0.49682,5.630487900782663e-11,5.3979003553358895e-11,8.033764496435704e-11,6.844075398595617e-11,3.3806259372099414e-11,0.1451529567377776
0.49697,5.1195171071323576e-11,5.3961687280160786e-11,8.030498613746991e-11,6.841429712575486e-11,3.3806381961153915e-11,-0.16332676254636544
0.49713,4.371731906231617e-11,5.393268737549595e-11,8.02781359261605e-11,6.838646827293728e-11,3.377258236066739e-11,-0.5639515200232429
0.49729,4.430232666412147e-11,5.3802772565658636e-11,8.010318249658395e-11,6.823068477688657e-11,3.3680579636048756e-11,-0.529901294239988
0.49744,3.9794560473568443e-11,5.370149152711835e-11,7.995640982386829e-11,6.81034390240226e-11,3.361949153333035e-11,-0.7417977692658178
0.4976,4.302862690469536e-11,5.36687877902551e-11,7.991785484998346e-11,6.806714841248915e-11,3.3591705864588776e-11,-0.5880301110037734
0.49775,4.467770310180582e-11,5.3685241369867714e-11,7.994350573345695e-11,6.808891944512624e-11,3.359929428171631e-11,-0.5062696297212571
0.49791,4.563590520204492e-11,5.361032312369243e-11,7.981155032093173e-11,6.798315170435034e-11,3.3568778375090567e-11,-0.45284761869043116
0.49807,5.041474397131459e-11,5.3443715247519424e-11,7.958003387480754e-11,6.778240166877597e-11,3.3440118795717906e-11,-0.18241024523839655
0.49822,5.22149927706095e-11,5.329475741347971e-11,7.935105965478802e-11,6.758952638852829e-11,3.335398880214247e-11,-0.06689265466581057
0.49838,5.5496465219550805e-11,5.3267659005477764e-11,7.930412717043608e-11,6.755174448821098e-11,3.334214862711094e-11,0.13979554876909822
0.49854,7.087694230676781e-11,5.3237492275702944e-11,7.925126265453483e-11,6.750871183271172e-11,3.3333346660271355e-11,1.2705134501699353
0.49869,6.388734125879433e-11,5.327292300540287e-11,7.928849458829847e-11,6.75459617441775e-11,3.33652800460041e-11,0.7212524514109395
0.49885,6.409941202643716e-11,5.317612245824643e-11,7.913629961892621e-11,6.741840395035481e-11,3.331468973812728e-11,0.7466087368547111
0.49901,6.30564540788675e-11,5.3056128076785816e-11,7.898424543602238e-11,6.72755510610305e-11,3.322145958481592e-11,0.6783328196510202
0.49916,6.004955322763758e-11,5.30520305080041e-11,7.897294296094456e-11,6.727247987046221e-11,3.3218174754172393e-11,0.46251223033113686
0.49932,6.058780360193596e-11,5.302142645686978e-11,7.892887686370176e-11,6.723387420227551e-11,3.320254312737006e-11,0.5034694179882324
0.49948,5.128675917195903e-11,5.303036113564164e-11,7.894161125659513e-11,6.724548765355614e-11,3.3203589012079134e-11,-0.1064395032552724
0.49963,3.9377553208755416e-11,5.2848040521703727e-11,7.867409036213628e-11,6.701642466116839e-11,3.308618108299042e-11,-0.731785489958868
0.49979,3.304620996112768e-11,5.2766655083955204e-11,7.854095351778653e-11,6.690674104258825e-11,3.304620996112768e-11,-1.2032398153674733
0.49995,4.0611206422406017e-11,5.272065631208999e-11,7.848601158067478e-11,6.685605119920477e-11,3.300315798631199e-11,-0.6691035897326597
0.5001,4.801651264347161e-11,5.2752725818640685e-11,7.853686785983533e-11,6.689815038780467e-11,3.302182281724045e-11,-0.2825356542705818
0.50026,4.736908578423992e-11,5.279946739509863e-11,7.8679029592795e-11,6.69584974736443e-11,3.3053917565132254e-11,-0.3211937339602512
0.50042,4.8753349112460666e-11,5.2738447709859304e-11,7.852075169851867e-11,6.68815752972874e-11,3.301454818862289e-11,-0.23950431026384797
0.50057,4.909209458630607e-11,5.266737778024694e-11,7.842032082725084e-11,6.679518801555004e-11,3.29612515710139e-11,-0.21655588660219413
0.50073,5.140852728134957e-11,5.2690071190742935e-11,7.843703259160146e-11,6.681398833055699e-11,3.299577919412329e-11,-0.07866914229194795
0.50089,4.859968644972353e-11,5.264905661968692e-11,7.837918590787527e-11,6.676434947579448e-11,3.296321580385255e-11,-0.2433790767201984
0.50104,5.038385933003252e-11,5.262203883318947e-11,7.833900436162822e-11,6.673044457288422e-11,3.2944235605658846e-11,-0.13717755174526206
0.5012,5.509199181332787e-11,5.259812100620062e-11,7.829181868040902e-11,6.66932345461976e-11,3.2943587644740475e-11,0.1604299282373468
0.50136,4.864324968310345e-11,5.256731203263654e-11,7.825113099183304e-11,6.665813688261096e-11,3.29124036867311e-11,-0.23652908317971094
0.50152,5.083635348645478e-11,5.2576494172532886e-11,7.82603805722191e-11,6.666725815379045e-11,3.292301232333786e-11,-0.10693431986272786
0.50167,4.9432975406711184e-11,5.2634060445166616e-11,7.834737308702237e-11,6.674111223483125e-11,3.295695999074517e-11,-0.19396925378478375
0.50183,5.400558269475712e-11,5.2683755652796886e-11,7.841402561085078e-11,6.680006916287494e-11,3.299523692462865e-11,0.08402154434817656
0.50199,6.713106327995796e-11,5.2630302998418066e-11,7.834611961601222e-11,6.673803913149859e-11,3.295456853880246e-11,1.0313506190512836
0.50215,6.194718219622561e-11,5.2595675628137844e-11,7.82797288264911e-11,6.668535308813497e-11,3.2950976548908235e-11,0.6386363513280352
0.5023,6.343683574968092e-11,5.262592151150692e-11,7.83452241100241e-11,6.673499658887673e-11,3.2950011143766924e-11,0.7453622298688818
0.50246,6.438228074926366e-11,5.2645801097467015e-11,7.83804369858992e-11,6.676297656243411e-11,3.295896922683706e-11,0.8151031847085031
0.50262,6.378499321735546e-11,5.262679334233172e-11,7.834819247737933e-11,6.673669006497819e-11,3.295113054683219e-11,0.7717830336130698
0.50278,6.71170764933952e-11,5.250674854899209e-11,7.815767947610079e-11,6.657833170358515e-11,3.2885098785047324e-11,1.0438477870429947
0.50294,6.15457702410406e-11,5.2381683868138376e-11,7.797471710121991e-11,6.642218307786742e-11,3.279951324647801e-11,0.6259942136308374
0.50309,5.6818579190643196e-11,5.235723860680708e-11,7.793823404306716e-11,6.639138229535898e-11,3.27827580892569e-11,0.29221993475194685
0.50325,5.603784311585455e-11,5.240586692215937e-11,7.801151273466969e-11,6.64530102711084e-11,3.281548259330961e-11,0.23609787639200353
0.50341,5.2372065698635904e-11,5.238167585798494e-11,7.798091380049846e-11,6.642544758355995e-11,3.2794605091066414e-11,-0.0007640347062677303
0.50357,4.523857616185849e-11,5.238911526774217e-11,7.798493549321819e-11,6.64307227262412e-11,3.2807560212458414e-11,-0.41811784764456805
0.50373,3.27662521379105e-11,5.232343207287285e-11,7.787667092624937e-11,6.634316315387058e-11,3.27662521379105e-11,-1.241923284997164
0.50388,3.273701885816717e-11,5.229832362234506e-11,7.786110592798104e-11,6.632240190683765e-11,3.273701885816717e-11,-1.2734338668716556
0.50404,3.268307384657224e-11,5.220814504019091e-11,7.771579426059788e-11,6.620316298021626e-11,3.268307384657224e-11,-1.1353483409725669
0.5042,4.337614103875979e-11,5.217169063189598e-11,7.765159361854211e-11,6.61503697346879e-11,3.267663063050447e-11,-0.5074073279580483
0.50436,5.292569329369275e-11,5.216464923151521e-11,7.765923822200441e-11,6.615170683495203e-11,3.265315279219945e-11,0.04772633144548586
0.50452,6.309447502632234e-11,5.2134221960958154e-11,7.760665739884265e-11,6.610828819046556e-11,3.264606056915397e-11,0.7646627380416355
0.50467,5.891198997305748e-11,5.2143017335258794e-11,7.760800666388733e-11,6.611234742730807e-11,3.26668028858125e-11,0.4563845066199583
0.50483,5.693642470404493e-11,5.215160115305237e-11,7.763773697731141e-11,6.613296329981135e-11,3.265337528295465e-11,0.31574502165511253
0.50499,4.6462936797212805e-11,5.217919542024299e-11,7.768649931007489e-11,6.617212362280145e-11,3.2663552653224196e-11,-0.3410044973998062
0.50515,5.12208284995715e-11,5.2222318583853896e-11,7.775141574746436e-11,6.622651702240411e-11,3.269389838302332e-11,-0.0626199061303061
0.50531,4.775413595968975e-11,5.2165023235501534e-11,7.765861766353611e-11,6.61503833823921e-11,3.2661386517316815e-11,-0.26641736297252916
0.50547,5.6631396625689575e-11,5.211511271008497e-11,7.758231849836392e-11,6.608598559277242e-11,3.263195488101683e-11,0.29761132887479474
0.50563,5.323074077538038e-11,5.207417052041226e-11,7.752750822273425e-11,6.603857047735173e-11,3.259368150538665e-11,0.07306140550544345
0.50579,5.242666859939774e-11,5.2102447055877766e-11,7.753534740057432e-11,6.605575846390208e-11,3.2641699612074894e-11,0.021497301833051843
0.50594,5.213842559753071e-11,5.261038747664897e-11,7.794455635797591e-11,6.65227114131285e-11,3.2580884528768226e-11,-0.030690618113814263
0.5061,5.183187844091009e-11,5.2074616619948466e-11,7.763398619511647e-11,6.604472071844568e-11,3.257837353043599e-11,-0.01706796261334944
0.50626,4.08756726667302e-11,5.2051983589487825e-11,7.795938508849828e-11,6.627467255886331e-11,3.2591499448420284e-11,-0.6305158392713152
0.50642,3.666781727220244e-11,5.2000719968282655e-11,7.741004504499516e-11,6.594007782877299e-11,3.256104879137147e-11,-0.8269471181664517
0.50658,3.259295235544827e-11,5.203871995415168e-11,7.746906192178534e-11,6.598716791295957e-11,3.259295235544827e-11,-1.1518116759941004
0.50674,3.255171331211445e-11,5.1987484376940675e-11,7.739002470354559e-11,6.592330620261268e-11,3.255171331211445e-11,-1.435759026308298
0.5069,3.256539625749959e-11,5.201094780077894e-11,7.742411992445055e-11,6.595289758078167e-11,3.256539625749959e-11,-1.371827025495863
0.50706,3.573962633142511e-11,5.2015427425595465e-11,7.742825002420802e-11,6.595734537292778e-11,3.256963760524133e-11,-0.8682786942825137
0.50722,5.0940921260802204e-11,5.191615479427316e-11,7.728056559105398e-11,6.583165836734745e-11,3.2506551061691736e-11,-0.0612470029588667
0.50738,6.402488329944965e-11,5.1852972713992045e-11,7.718995667020808e-11,6.575313672848973e-11,3.246547690124327e-11,0.8626744795846438
0.50754,7.097343601600682e-11,5.1821474475590614e-11,7.71534087802405e-11,6.571881478499724e-11,3.243616292922591e-11,1.4392424431371238
0.50769,6.867936222872269e-11,5.168063721207273e-11,7.693229430449552e-11,6.55336936623659e-11,3.236053543854983e-11,1.2602401916623538
0.50785,6.871851971348375e-11,5.175657012287073e-11,7.705573592380164e-11,6.563569199865314e-11,3.239779368592609e-11,1.2539385232374098
0.50801,6.758372830638322e-11,5.1656817871307425e-11,7.689816627145532e-11,6.550441502872366e-11,3.234321927324938e-11,1.1705683409827266
0.50817,6.733279851844385e-11,5.183493031085845e-11,7.715801772611549e-11,6.572716664129118e-11,3.246106657415418e-11,1.1312352341540874
0.50833,7.163900339460874e-11,5.16546543750906e-11,7.689633701163268e-11,6.550215633454659e-11,3.234228971430381e-11,1.519093712850332
0.50849,6.529722415261433e-11,5.168128295277016e-11,7.695256454851667e-11,6.554358446546809e-11,3.2351350647978215e-11,0.9807918080990952
0.50865,6.028549126998519e-11,5.2099328000924245e-11,7.695247509785743e-11,6.571639400825674e-11,3.314654901945719e-11,0.5728829431393097
0.50881,5.1331827869302116e-11,5.1341632741396425e-11,7.643870229734445e-11,6.510816875994358e-11,3.214722040476962e-11,-0.00037208363757895566
0.50897,4.0137218896990094e-11,5.1300186982514285e-11,7.637296193255454e-11,6.505478796739597e-11,3.2117260643770414e-11,-0.638100551268315
0.50913,3.210512423075459e-11,5.129025791785971e-11,7.652373609094341e-11,6.517729342016059e-11,3.210512423075459e-11,-1.200884721068921
0.50929,3.195763114485525e-11,5.103951576634032e-11,7.59751334475691e-11,6.471986858356801e-11,3.195763114485525e-11,-1.2214006747367407
0.50945,3.1879802628711426e-11,5.0911743820815264e-11,7.57831874261205e-11,6.455682613511394e-11,3.1879802628711426e-11,-1.3787370290583334
0.50961,3.187271131066716e-11,5.090150876053436e-11,7.575961178254087e-11,6.454131665056862e-11,3.187271131066716e-11,-1.248534233910938
0.50977,3.172113931562457e-11,5.066459724031232e-11,7.541792243831667e-11,6.424508642172919e-11,3.172113931562457e-11,-1.2078958289424981
0.50993,3.6464869736259293e-11,5.068103290851583e-11,7.544417765292074e-11,6.426637806841646e-11,3.173296789497778e-11,-0.7933554724810584
0.51009,3.777979604297915e-11,5.063330373567141e-11,7.537377716390118e-11,6.420654422345545e-11,3.170075098800916e-11,-0.7291999725904865
0.51025,4.300709757641465e-11,5.052723949763128e-11,7.520914680446936e-11,6.406816415933164e-11,3.164107420377218e-11,-0.45298753744952713
0.51041,4.524483103233862e-11,5.0134817873367393e-11,7.461611516638228e-11,6.356467038626152e-11,3.1410530131039665e-11,-0.30413839092173756
0.51057,5.072100473869382e-11,4.983141598069068e-11,7.418108253675082e-11,6.318961275733115e-11,3.1201263846425213e-11,0.05928895582944741
0.51073,5.6726821339769956e-11,4.9721300020942996e-11,7.401180333513535e-11,6.304715043228905e-11,3.113388762804348e-11,0.4949956411466864
0.51089,5.949801972782215e-11,4.969024776307389e-11,7.397460282971722e-11,6.301228292988789e-11,3.1111429507725936e-11,0.7134657509439419
0.51105,6.519251036691356e-11,4.975598716868644e-11,7.407111258029551e-11,6.309496693695292e-11,3.1153579475647995e-11,1.1791818160809349
0.51122,6.040873970927649e-11,4.969458997295778e-11,7.397613349552292e-11,6.301530342237139e-11,3.11163535172083e-11,0.7858298806498577
0.51138,5.87108840998823e-11,4.9540745340822725e-11,7.374062558775578e-11,6.281770090125929e-11,3.102074727723081e-11,0.6651623695702104
0.51154,5.121459619106062e-11,4.9273658704673904e-11,7.335446021194294e-11,6.248535073095383e-11,3.084237568850439e-11,0.13135251529311312
0.5117,4.8805478374206406e-11,4.84756116787097e-11,7.217284830696437e-11,6.147698504868784e-11,3.033600773916234e-11,0.021236703633358243
0.51186,5.0598110624062684e-11,4.8435702932839556e-11,7.209517931299805e-11,6.141581410673739e-11,3.0331824403440373e-11,0.15042306944652273
0.51202,5.518410772397528e-11,4.8571062929459355e-11,7.231059617397256e-11,6.159424332227459e-11,3.040739023088475e-11,0.4780341957088116
0.51218,5.0495371582671694e-11,4.8379799172851356e-11,7.201931789892787e-11,6.134822975545138e-11,3.02938153765364e-11,0.14714699055790004
0.51234,4.95191975572429e-11,4.831232904380164e-11,7.19217622550042e-11,6.126416183567308e-11,3.02496111595081e-11,0.08323540299075961
0.5125,5.2897671239848126e-11,4.835610426553008e-11,7.199940925821575e-11,6.132644573653404e-11,3.0265662073992074e-11,0.3226755899980681
0.51266,4.991741119415649e-11,4.839625433140075e-11,7.204840977861116e-11,6.137069881893725e-11,3.0305651852686494e-11,0.10542302137590066
0.51282,5.3502661227406575e-11,4.8321857010947244e-11,7.19419794999304e-11,6.12787957417386e-11,3.0254492179294655e-11,0.3717576731565001
0.51299,5.347137751160481e-11,4.819034202357625e-11,7.174889290913241e-11,6.111343698296908e-11,3.016995825268595e-11,0.3802517565354296
0.51315,5.1210431225228014e-11,4.827015218935327e-11,7.185849664801122e-11,6.120727480896041e-11,3.023365383063993e-11,0.20741674779981145
0.51331,4.7103366888260426e-11,4.8075288636207244e-11,7.156502600892143e-11,6.096088868640269e-11,3.0108148066207695e-11,-0.06531754284416501
0.51347,4.6997100615468826e-11,4.7987856611565236e-11,7.144558102766075e-11,6.085729484908049e-11,3.0034598938004025e-11,-0.06805143068811832
0.51363,4.801400419581608e-11,4.715758970360478e-11,7.02066700262454e-11,5.98034087165625e-11,2.9514172397257736e-11,0.059237621509902375
0.51379,4.8698704140983215e-11,4.70582574522248e-11,7.004539768219592e-11,5.966970698936752e-11,2.94672125381638e-11,0.11675706840636257
0.51395,4.615339702330124e-11,4.702887568960756e-11,7.001016020973869e-11,5.9637373356224e-11,2.943890784787078e-11,-0.06126118165838631
0.51412,4.088207578601383e-11,4.704641786705629e-11,7.001963824584243e-11,5.965009597043872e-11,2.946825079454023e-11,-0.40223700670756096
0.51428,3.600260324754143e-11,4.699384379614661e-11,6.994733414727789e-11,5.958707989464158e-11,2.9427166622598136e-11,-0.6793205376366713
0.51444,4.4080408540744996e-11,4.720302145424173e-11,7.002048193687791e-11,5.97334438049343e-11,2.9315435806106826e-11,-0.21381643045825655
0.5146,4.9790549103356835e-11,4.6773520921015225e-11,6.961429379249231e-11,5.930317136288326e-11,2.9304907704017956e-11,0.22058467995573178
0.51476,5.375071248251987e-11,4.677131607425624e-11,6.961805142739813e-11,5.930426586127553e-11,2.9296601068349974e-11,0.5287353675417485
0.51492,6.252492317325629e-11,4.669803528853111e-11,6.951353351076662e-11,5.92144041486455e-11,2.9242823557996346e-11,1.3043273686099965
0.51509,6.878201566887318e-11,4.669593558941289e-11,6.95099869161037e-11,5.92104622081555e-11,2.9248635244739533e-11,1.9265224276377668
0.51525,6.994149261154728e-11,4.6719665644296364e-11,6.956486569635307e-11,5.92522116792777e-11,2.923916567890119e-11,2.040124086651889
0.51541,6.155757444444011e-11,4.671829109593461e-11,6.955588086268095e-11,5.924687993159818e-11,2.92436512281651e-11,1.2100837785406173
0.51557,5.104854148072825e-11,4.666592952393286e-11,6.9470636442725e-11,5.917649852864066e-11,2.9217628591614894e-11,0.32337228410286967
0.51573,4.273496963804105e-11,4.666807615772149e-11,6.946796872783991e-11,5.917594148872054e-11,2.922487945725796e-11,-0.2652934569960123
0.5159,3.934254085675772e-11,4.666735110633733e-11,6.948458191825669e-11,5.918523670250968e-11,2.920441926980379e-11,-0.4766210656497757
0.51606,4.425462240062245e-11,4.684676916492577e-11,6.973286100630076e-11,5.940115257456329e-11,2.9342382335276495e-11,-0.17629549503977096
0.51622,2.9316342402641334e-11,4.6796092830495987e-11,6.964845958908856e-11,5.933247442650124e-11,2.9316342402641334e-11,-1.3978703448271563
0.51638,2.9227839365895956e-11,4.6678844596166935e-11,6.948610015925476e-11,5.91910358476552e-11,2.9227839365895956e-11,-1.6546876704796396
0.51654,2.919879218102078e-11,4.668096154933098e-11,6.953438846733138e-11,5.922284603121061e-11,2.919879218102078e-11,-2.0344201145035736
0.51671,2.9230976864518705e-11,4.6672082258803273e-11,6.948132454752379e-11,5.918228915157135e-11,2.9230976864518705e-11,-1.601820080816027
0.51687,2.966327787811714e-11,4.671488407882959e-11,6.954522946515176e-11,5.923910967529049e-11,2.924894193442012e-11,-0.9816762920853304
0.51703,3.667694561427734e-11,4.664341090196271e-11,6.944592598533555e-11,5.915261993725641e-11,2.91959863626393e-11,-0.6282290048975584
0.51719,3.993112845855107e-11,4.657988237264318e-11,6.934166927679914e-11,5.906677923418746e-11,2.916536646347151e-11,-0.43603925785765457
0.51736,5.00283728923635e-11,4.658957486538716e-11,6.935829397757907e-11,5.907994146205733e-11,2.917105156385738e-11,0.2518527169445589
0.51752,5.7750591612504405e-11,4.6564049961209156e-11,6.93191584026911e-11,5.904736389601446e-11,2.91538775701651e-11,0.8851688944997101
0.51768,5.857720956401635e-11,4.649954054488319e-11,6.922058799783688e-11,5.896452294938694e-11,2.9113797555857486e-11,0.9652160765093564
0.51785,6.153964408695996e-11,4.648233630939107e-11,6.918714138195787e-11,5.893836023926397e-11,2.911082898702967e-11,1.2388769049354507
0.51801,6.490509787496174e-11,4.628369227612593e-11,6.889968967500633e-11,5.869083164147225e-11,2.8978956625400815e-11,1.5896754204341228
0.51817,6.539161463707205e-11,4.632170485946335e-11,6.898169931222537e-11,5.875399673608236e-11,2.8980177624416112e-11,1.5824918609737582
0.51833,6.134108836747708e-11,4.617578042698186e-11,6.873029779756848e-11,5.854959569331288e-11,2.8917617747280894e-11,1.2580973857483757
0.5185,5.941699750101192e-11,4.610709530595754e-11,6.862699048992271e-11,5.846198280760391e-11,2.887530831787869e-11,1.0870652067075608
0.51866,5.604469511626722e-11,4.6135186253663195e-11,6.866194457560892e-11,5.849356603103031e-11,2.8901161962544093e-11,0.7837746210470108
0.51882,4.8350625008362536e-11,4.603878793373902e-11,6.853623753930424e-11,5.838113132235902e-11,2.8823510952364925e-11,0.16907670973010838
0.51899,4.457888037593464e-11,4.6155001100102336e-11,6.870947368209772e-11,5.85279956839702e-11,2.8899763272929614e-11,-0.11035130077079934
0.51915,3.232452850040566e-11,4.5966630813182756e-11,6.844043847833012e-11,5.829599910468968e-11,2.876740413538079e-11,-0.8319593251637996
0.51931,3.144533432058785e-11,4.587099106981014e-11,6.82968360940661e-11,5.8173407613889494e-11,2.8712434951715894e-11,-0.8722069079390515
0.51948,2.8655593126500133e-11,4.5779688446928234e-11,6.815635852611633e-11,5.805643325247591e-11,2.8655593126500133e-11,-1.3849991500861876
0.51964,2.853890906945025e-11,4.598394518674872e-11,6.844011669574456e-11,5.835177980623477e-11,2.853890906945025e-11,-1.9687111847389032
0.5198,2.856965677652165e-11,4.5633047465640384e-11,6.79347001529061e-11,5.786742387233969e-11,2.856965677652165e-11,-2.033954875069904
0.51997,2.858631807333432e-11,4.56532197440155e-11,6.795879732875104e-11,5.789015110635887e-11,2.858631807333432e-11,-1.6886965084854515
0.52013,2.8545512682757758e-11,4.560016351296474e-11,6.788575983637602e-11,5.782642104486692e-11,2.8545512682757758e-11,-1.5619760076557094
0.52029,2.8467578861717785e-11,4.546360143267053e-11,6.767413993446568e-11,5.764874784240742e-11,2.8467578861717785e-11,-1.5517344850411552
0.52046,4.199797551298598e-11,4.52045863979199e-11,6.729711819999084e-11,5.7324065662448844e-11,2.8302839907116432e-11,-0.22513039046415154
0.52062,5.4589262155036436e-11,4.505133152037536e-11,6.707221896357919e-11,5.713170595539167e-11,2.820271234134949e-11,0.7697505288692286
0.52079,6.819287386345646e-11,4.498910206954434e-11,6.698473780843557e-11,5.7055283835963454e-11,2.8160849076277667e-11,2.133679333411593
0.52095,7.297294664971605e-11,4.500915543010674e-11,6.699954042081868e-11,5.707217653795033e-11,2.8189480898844192e-11,2.6810213441224415
0.52111,7.196337530270344e-11,4.50305206109251e-11,6.703762722786607e-11,5.7103233246663333e-11,2.8193713494279254e-11,2.556053412488054
0.52128,6.645056161309936e-11,4.5026800830531127e-11,6.70278011428349e-11,5.709629466753053e-11,2.819461265077285e-11,1.9378953970082828
0.52144,5.925168089088883e-11,4.502016365007487e-11,6.700666592250077e-11,5.708140176539041e-11,2.8203109056054927e-11,1.2061540472088128
0.52161,5.201577558323146e-11,4.494958408021438e-11,6.692249087539001e-11,5.700391831173706e-11,2.8135533501901494e-11,0.5569586966467809
0.52177,4.452042701255382e-11,4.499812395003633e-11,6.69926965510198e-11,5.7064165735403135e-11,2.8168886173523976e-11,-0.035139816454175035
0.52193,2.80792504876653e-11,4.482383084957889e-11,6.671527093621424e-11,5.683300446659383e-11,2.80792504876653e-11,-1.003921024580845
0.5221,2.8081973776198915e-11,4.4855049023522166e-11,6.677158539592582e-11,5.687895228502101e-11,2.8081973776198915e-11,-1.6785020444259497
0.52226,2.8036558062488052e-11,4.4775421950639696e-11,6.66557726831929e-11,5.677851057551602e-11,2.8036558062488052e-11,-1.6494917842956958
0.52243,2.8059992934252154e-11,4.481955102963772e-11,6.672296938597747e-11,5.683575584918445e-11,2.8059992934252154e-11,-1.078602974814791
0.52259,4.3921591450504737e-11,4.4665784906622084e-11,6.648674233436186e-11,5.6636404958694617e-11,2.7972750299508955e-11,-0.05389575426692595
0.52276,4.967138538105432e-11,4.466158006175694e-11,6.647959181135714e-11,5.663137665753807e-11,2.7966229235512046e-11,0.38978143415846955
0.52292,5.340727707067089e-11,4.471111550854957e-11,6.654936194918149e-11,5.669244938546626e-11,2.7998201281124432e-11,0.701986664821736
0.52308,5.086241149975835e-11,4.4725240245188595e-11,6.6578041225094e-11,5.671440343490879e-11,2.8000820970613736e-11,0.481889753686344
0.52325,4.2679118757108634e-11,4.4719729074408606e-11,6.656504370344949e-11,5.67042949158462e-11,2.8004991876251476e-11,-0.14641025482761302
0.52341,3.8916482682965813e-11,4.466895798326346e-11,6.649669784622937e-11,5.664362486934205e-11,2.796787701419581e-11,-0.3964155712366478
0.52358,3.414281986251471e-11,4.471679319798686e-11,6.656767062604042e-11,5.670412671995391e-11,2.7998126857485157e-11,-0.6859534724179632
0.52374,3.508700196785759e-11,4.473962855679452e-11,6.659488286319704e-11,5.672894286714088e-11,2.8021487373676502e-11,-0.6327957926930743
0.52391,3.830745083658725e-11,4.479177847712487e-11,6.668350129788317e-11,5.680137822711413e-11,2.8041904746648167e-11,-0.4419632274403578
0.52407,4.446095844382531e-11,4.48230196001588e-11,6.672745180636542e-11,5.683901676060678e-11,2.806748041807247e-11,-0.02621139469457237
0.52424,5.111202813635823e-11,4.488648733942796e-11,6.682656522448204e-11,5.692124389145757e-11,2.8107603602562205e-11,0.4885743072169991
0.5244,5.389228133544454e-11,4.4857389999759316e-11,6.679279628046074e-11,5.6889971175017394e-11,2.8077878771599033e-11,0.7288870742056397
0.52457,5.5647687397915504e-11,4.487469467013373e-11,6.681391494573378e-11,5.690923776900633e-11,2.8093941236675473e-11,0.8847402026661759
0.52473,5.280349481711143e-11,4.4770253472283134e-11,6.666582084073006e-11,5.6781030250923627e-11,2.8020060417174386e-11,0.6424232612343445
0.5249,4.11957563869952e-11,4.478909328852177e-11,6.668019559314056e-11,5.6798219236230633e-11,2.8040451622859143e-11,-0.253533407548935
0.52506,2.7910343585826724e-11,4.457633111269276e-11,6.635479332947288e-11,5.6524532577137686e-11,2.7910343585826724e-11,-1.2307418166050073
0.52523,2.780477856363993e-11,4.441774108446763e-11,6.611860346212812e-11,5.6324425879525255e-11,2.780477856363993e-11,-1.494992766569093
0.52539,3.183593406575848e-11,4.437253830673342e-11,6.604145446082961e-11,5.626147148119994e-11,2.7787011908252363e-11,-0.7979703546921351
0.52556,4.625519033039306e-11,4.4268330803308876e-11,6.589224542386653e-11,5.613193150478414e-11,2.772001616651565e-11,0.150999294028093
0.52573,5.7761996518677604e-11,4.416785813609773e-11,6.574481914140406e-11,5.6004812089423193e-11,2.7660601660854456e-11,1.1690283193221889
0.52589,5.937252732897258e-11,4.414836462440864e-11,6.572371486127462e-11,5.598432566768835e-11,2.7641531877365753e-11,1.3300324804517492
0.52606,5.4262568783235445e-11,4.418005511163014e-11,6.57700313632575e-11,5.6024088172868746e-11,2.7661896411345972e-11,0.836438936595592
0.52622,5.291291547928021e-11,4.425251758947364e-11,6.587840293390656e-11,5.611573046781886e-11,2.7709839007241703e-11,0.7072426249694431
0.52639,4.769280714038229e-11,4.431550815490566e-11,6.597025082650848e-11,5.619475869738885e-11,2.77498074225986e-11,0.2605544082941025
0.52655,4.7383545417718177e-11,4.431421964963589e-11,6.596186663940286e-11,5.619049212664766e-11,2.774971298684987e-11,0.23594153716571192
0.52672,4.548233337626415e-11,4.424880922864492e-11,6.586678239039197e-11,5.6108386705467673e-11,2.7709023969575705e-11,0.09324158504798165
0.52688,4.2598485687196907e-11,4.406904319393034e-11,6.560299696865339e-11,5.588275341518851e-11,2.7591613209048515e-11,-0.10805977191107347
0.52705,3.481802801253506e-11,4.406312800994047e-11,6.561841806684681e-11,5.588870884482661e-11,2.7569613433083843e-11,-0.6187601824993962
0.52722,3.4775536678592224e-11,4.4121591306433555e-11,6.57536653357008e-11,5.597712560333327e-11,2.7621192955925773e-11,-0.6232637294937518
0.52738,4.041078989603752e-11,4.420459656378555e-11,6.581553488678824e-11,5.606138168881568e-11,2.7661116492775058e-11,-0.27132233237167064
0.52755,4.4093081303651464e-11,4.41957025081549e-11,6.578348643447838e-11,5.6038882267803635e-11,2.7678900433629018e-11,-0.0071588796895238884
0.52771,4.137950408360017e-11,4.40314761469277e-11,6.554285915040398e-11,5.5832297411952615e-11,2.7575078183035184e-11,-0.1917844460395524
0.52788,3.780419603245886e-11,4.3798072177176955e-11,6.519113475207092e-11,5.553401552425244e-11,2.7432485512267702e-11,-0.41888128119587065
0.52805,3.850034525059452e-11,4.366561250523392e-11,6.500702678588878e-11,5.5372327888383626e-11,2.734256139803795e-11,-0.36595922099049544
0.52821,2.725552514611804e-11,4.353519873950923e-11,6.481240010083299e-11,5.520772149872627e-11,2.725552514611804e-11,-1.0394433077258378
0.52838,2.7240312824352996e-11,4.3493480384850274e-11,6.474107578477938e-11,5.514940141998413e-11,2.7240312824352996e-11,-1.0044220844773624
0.52855,3.561090329141433e-11,4.3522354766456486e-11,6.479215796265632e-11,5.519084217226253e-11,2.72483591718077e-11,-0.5437716138595439
0.52871,4.76564713372453e-11,4.359090337860636e-11,6.489761733970004e-11,5.527916285752354e-11,2.7290775225481986e-11,0.32100234758707846
0.52888,5.4867575557903935e-11,4.3590802815561626e-11,6.503181939059486e-11,5.5345131214203785e-11,2.7293853098641205e-11,0.961447480769089
0.52905,6.354968378348696e-11,4.358788078591759e-11,6.489444617254451e-11,5.527525794927598e-11,2.7292480613811894e-11,1.8529508043928251
0.52921,6.272119383248751e-11,4.34064700766702e-11,6.462508672594979e-11,5.504589196158064e-11,2.7176525924230774e-11,1.7903048860342194
0.52938,5.456016283377121e-11,4.3140095299547286e-11,6.422659517108671e-11,5.47075044456046e-11,2.7008638584276852e-11,0.9860880644384725
0.52955,4.350691210869013e-11,4.299435074714051e-11,6.400393769072656e-11,5.451997124056988e-11,2.6919926303171626e-11,0.03943118566405262
0.52971,2.6790031052185468e-11,4.279115702253581e-11,6.370861247167316e-11,5.426559516259827e-11,2.6790031052185468e-11,-1.0861516125218342
0.52988,2.678885861925979e-11,4.278595325365255e-11,6.369656049613151e-11,5.425638460957544e-11,2.678885861925979e-11,-1.7914716531256858
0.53005,2.6800401447645047e-11,4.279218069059167e-11,6.36926153692297e-11,5.425845844021592e-11,2.6800401447645047e-11,-2.199611548700439
0.53021,2.6770405127963496e-11,4.27620062154958e-11,6.388786423714743e-11,5.434394528622924e-11,2.6770405127963496e-11,-1.6558850267394805
0.53038,3.466625393345794e-11,4.264512023977315e-11,6.348349273909948e-11,5.407734137696027e-11,2.6699051586490077e-11,-0.558054415235669
0.53055,5.02213430122515e-11,4.255009403026709e-11,6.333847367268839e-11,5.395403541470421e-11,2.6648069510490864e-11,0.6473205993043774
0.53071,5.6704741267728164e-11,4.249735702990165e-11,6.326469592262447e-11,5.3890197744723796e-11,2.660787872952379e-11,1.2834793765857448
0.53088,6.018558051390447e-11,4.248585703220534e-11,6.32406986605815e-11,5.387232610188059e-11,2.660472008635219e-11,1.6561139032917218
0.53105,5.9870947461546e-11,4.251582764875559e-11,6.329175020868433e-11,5.391335485178589e-11,2.6619924131545314e-11,1.616835873839877
0.53122,5.7086370966893614e-11,4.256596816407161e-11,6.336640911203324e-11,5.397614769068842e-11,2.6656082726017682e-11,1.3146314669168242
0.53138,5.0916962448177204e-11,4.265988897932643e-11,6.351313644250939e-11,5.409865704730338e-11,2.671124901945689e-11,0.6989302427021751
0.53155,4.4897277723417693e-11,4.278532161425558e-11,6.370605367461311e-11,5.426131895305573e-11,2.678462767003966e-11,0.16637205606254216
0.53172,4.7485206342836696e-11,4.283850812080477e-11,6.379318476762647e-11,5.4332195137009513e-11,2.681601131472418e-11,0.3762859291861517
0.53189,4.576538594737571e-11,4.26772567434722e-11,6.354807312516643e-11,5.412364833696962e-11,2.672304991466333e-11,0.24727088926547727
0.53205,4.384318608352104e-11,4.2458734231351703e-11,6.321331241389466e-11,5.384361005106615e-11,2.658348691073035e-11,0.10906200150472878
0.53222,3.5645248652287345e-11,4.237599371417967e-11,6.308604249173285e-11,5.3735813106146925e-11,2.653891656882135e-11,-0.48065730410740914
0.53239,2.655009616134194e-11,4.24026895948405e-11,6.312367560929454e-11,5.37698380198363e-11,2.655009616134194e-11,-1.4105949567271405
0.53256,2.6577084239686084e-11,4.244390879084676e-11,6.31742832753979e-11,5.3817706959797176e-11,2.6577084239686084e-11,-2.044617842657127
0.53272,2.7752518848122277e-11,4.3533691252626745e-11,6.401513203371686e-11,5.475814212203211e-11,2.7752518848122277e-11,-1.2480639276648144
0.53289,4.010186597889273e-11,4.2794140227759394e-11,6.365490935599272e-11,5.429561717365153e-11,2.6598687098766336e-11,-0.2037746412100896
0.53306,5.088697043925579e-11,4.327776146758605e-11,6.382476292132098e-11,5.4543902208383486e-11,2.7369602619653768e-11,0.6525052230665751
0.53323,5.69806420212498e-11,4.237905644853491e-11,6.308558685716474e-11,5.373815261640364e-11,2.6538625476024048e-11,1.3279085299294453
0.5334,6.041771192033285e-11,4.23324934315438e-11,6.302856619949452e-11,5.368598861596011e-11,2.6497149051309918e-11,1.7046353314228262
0.53356,5.955161800200999e-11,4.230259091463595e-11,6.298437320113059e-11,5.364737809297704e-11,2.648340084431377e-11,1.6153090142260427
0.53373,5.1541498937846137e-11,4.2324115177141865e-11,6.302078540391017e-11,5.367697318860253e-11,2.649330507932823e-11,0.7941988806528454
0.5339,4.241062848582112e-11,4.234596185624033e-11,6.304482092477665e-11,5.370011563536761e-11,2.6514682733913135e-11,0.005218985190424834
0.53407,3.966526001357548e-11,4.238334490977908e-11,6.309949068286776e-11,5.374699806179971e-11,2.653906566881831e-11,-0.20401172275303273
0.53424,2.6479950884461382e-11,4.2591784088588905e-11,6.348438652185147e-11,5.413015798484302e-11,2.6479950884461382e-11,-1.3103813486994924
0.53441,2.651009801765134e-11,4.2334624080281644e-11,6.30233400840037e-11,5.3683669869453103e-11,2.651009801765134e-11,-1.1641588434634638
0.53457,2.654480210972128e-11,4.238892737384452e-11,6.309943181683599e-11,5.375040618856746e-11,2.654480210972128e-11,-1.0458662162113526
0.53474,2.9474192669097356e-11,4.229980875270431e-11,6.296414614119604e-11,5.363683287517059e-11,2.6486287141056166e-11,-0.8461963788067458
0.53491,4.139585680797709e-11,4.227554827953296e-11,6.29277335239663e-11,5.3605519194193865e-11,2.6473749927700585e-11,-0.06749552505362227
0.53508,5.402903119235003e-11,4.216749365022242e-11,6.27771768095203e-11,5.347397700486367e-11,2.6397309891953628e-11,1.0549105118625397
0.53525,5.683133892531713e-11,4.2124021459624084e-11,6.271616925180387e-11,5.342110082511917e-11,2.6365182845516563e-11,1.3476128666677136
0.53542,5.81558505765636e-11,4.211171286709983e-11,6.268867072048809e-11,5.3400441893721755e-11,2.63664327504864e-11,1.3733239828615023
0.53559,5.777600166970289e-11,4.204619944479358e-11,6.25960951783834e-11,5.33196363558835e-11,2.6323351724147792e-11,1.4606404874295105
0.53575,5.331926724155988e-11,4.202668805760686e-11,6.255693285492579e-11,5.328923669692906e-11,2.63214531911815e-11,1.0036661901697337
0.53592,4.257459475499244e-11,4.2097698951712645e-11,6.26669342433099e-11,5.338282669209629e-11,2.6356984063477757e-11,0.03737280014020789
0.53609,3.21305055390288e-11,4.209704220927265e-11,6.26679906498717e-11,5.338263353622817e-11,2.6355307479468504e-11,-0.6867896448082755
0.53626,2.6376967615265496e-11,4.21306285150703e-11,6.272038576810057e-11,5.3426024898226046e-11,2.6376967615265496e-11,-1.029531253488447
0.53643,2.6385793781674657e-11,4.2146112444708624e-11,6.274526859322796e-11,5.3446519188380885e-11,2.6385793781674657e-11,-1.2835207491639717
0.5366,2.6365957326124336e-11,4.211463075667853e-11,6.269466601634732e-11,5.340500032894005e-11,2.6365957326124336e-11,-1.1169719471265014
0.53677,2.8430127541519282e-11,4.1959366357983095e-11,6.246732710803587e-11,5.320933886308851e-11,2.627133465858801e-11,-0.8897634854736522
0.53694,2.806779858515793e-11,4.193290857904078e-11,6.241958228861763e-11,5.317129029194253e-11,2.6262200502877508e-11,-0.9076826060367117
0.53711,3.755161704342986e-11,4.178095361699719e-11,6.219873031802828e-11,5.2981900529152006e-11,2.6159645318961744e-11,-0.3161890011912691
0.53728,4.4012832421241997e-11,4.175238011232453e-11,6.215237760649792e-11,5.294362572871642e-11,2.6145200924885112e-11,0.1831847154288862
0.53745,5.089088378600461e-11,4.179423257657914e-11,6.221942859703114e-11,5.299939450017992e-11,2.6166278303458948e-11,0.7937006893007754
0.53762,5.3267596729098527e-11,4.178229127550162e-11,6.219820150090442e-11,5.298280987764733e-11,2.615950265395832e-11,1.0281878839011989
0.53779,5.565114302877213e-11,4.183563409418735e-11,6.228016215052833e-11,5.305175593926188e-11,2.6191032528461695e-11,1.2651223743773898
0.53795,5.880034042790493e-11,4.1848543624894106e-11,6.22952795216937e-11,5.3065633575005656e-11,2.6204449578728023e-11,1.6026375947912843
0.53812,4.964671832113359e-11,4.183851828623625e-11,6.227436008836017e-11,5.304952827596035e-11,2.6204570459909363e-11,0.6721013835415774
0.53829,4.640319441979314e-11,4.225054231815188e-11,6.284510862512493e-11,5.3610364431686336e-11,2.6288634741667812e-11,0.3447041774165605
0.53846,4.043233599701784e-11,4.189563341586911e-11,6.23656922363307e-11,5.3125513417555936e-11,2.6233539411634503e-11,-0.11280324894857466
0.53863,3.653786791439177e-11,4.179568581539609e-11,6.22187835151409e-11,5.30000973554592e-11,2.616741373943972e-11,-0.38795704207528514
0.5388,3.105141974899067e-11,4.176891447317863e-11,6.217542890323269e-11,5.296424655508476e-11,2.615375335823546e-11,-0.7357708681219106
0.53897,2.6142316596292043e-11,4.17616604817106e-11,6.217359454812777e-11,5.2959716549413817e-11,2.6142316596292043e-11,-1.0892901081554223
0.53914,2.615520540654032e-11,4.177296723242441e-11,6.218659524244524e-11,5.297159824099699e-11,2.615520540654032e-11,-1.1440413189879002
0.53931,2.6165248975696577e-11,4.178476089315302e-11,6.220346216956964e-11,5.2985841280504596e-11,2.6165248975696577e-11,-1.0491827311011068
0.53948,2.9779774396979826e-11,4.179462708146354e-11,6.222143285737505e-11,5.300039974372066e-11,2.6166683826804307e-11,-0.8098754587049327
0.53965,4.1275578581232906e-11,4.1827815128688997e-11,6.228580344153921e-11,5.30493053455667e-11,2.618154484868873e-11,-0.0435716915896881
0.53982,4.821754113931671e-11,4.1860480236867916e-11,6.228318445438488e-11,5.3066099211252636e-11,2.622565813119801e-11,0.5376162229390727
0.53999,5.334439371089356e-11,4.175216194271747e-11,6.214842977677055e-11,5.2942142824646896e-11,2.6143352314525236e-11,1.0397901802416465
0.54016,4.861184237211631e-11,4.179870916114334e-11,6.221168393109999e-11,5.2998412447832494e-11,2.617491926234953e-11,0.5797932945563621
0.54033,4.230923358711294e-11,4.1925252491811933e-11,6.238845682456626e-11,5.3152757429469254e-11,2.626344040022536e-11,0.0310048884854641
0.5405,3.65443121291716e-11,4.2937329184040357e-11,6.322848739917513e-11,5.409344109754866e-11,2.6491365706052623e-11,-0.5029814284103352
0.54068,3.992546874451365e-11,4.2767004622591105e-11,6.36777277510877e-11,5.3928881297344044e-11,2.621632946860376e-11,-0.2243851101887039
0.54085,4.435568714160287e-11,4.178009168530332e-11,6.218757431826207e-11,5.297516615389257e-11,2.6169447710930064e-11,0.20990304276087937
0.54102,4.6987777504241004e-11,4.1798724625362166e-11,6.245555017113765e-11,5.3199610980037194e-11,2.6170680695636775e-11,0.43402822176354955
0.54119,4.54380952730267e-11,4.183799947479538e-11,6.228425221844948e-11,5.305353564621759e-11,2.6199481601926237e-11,0.29565805002532575
0.54136,4.305633791973966e-11,4.181791370235896e-11,6.22582026656154e-11,5.3030714322577163e-11,2.6181764463303206e-11,0.09884721546747686
0.54153,3.8518312277920434e-11,4.1826465269845775e-11,6.227118814413211e-11,5.304195984955944e-11,2.6185395034036046e-11,-0.25009697148951693
0.5417,3.1683530832420423e-11,4.1854860602451386e-11,6.230154318565909e-11,5.3072317389107774e-11,2.6209088726738316e-11,-0.7021956395769338
0.54187,3.367716804183644e-11,4.165745517525658e-11,6.202965913270306e-11,5.2826450900243685e-11,2.6079112638335363e-11,-0.5700548676474335
0.54204,3.5467407093805865e-11,4.158079396935184e-11,6.189736011659111e-11,5.272588979134928e-11,2.603973191638672e-11,-0.44782386377104194
0.54221,4.1540749028522796e-11,4.1527316194737845e-11,6.182032622356641e-11,5.265889251042916e-11,2.600740068257305e-11,0.0015566759197209582
0.54238,4.273785255574922e-11,4.150592216429784e-11,6.179166166191959e-11,5.2634017403580635e-11,2.5987928909942506e-11,0.09918066571733884
0.54255,4.7802743700922283e-11,4.169282859745799e-11,6.206875783301996e-11,5.287052023723763e-11,2.610508856195003e-11,0.5175456566863851
0.54273,4.551175305761405e-11,4.1666356003522206e-11,6.203724711897944e-11,5.2841311351181845e-11,2.6080971080445486e-11,0.3170515569311746
0.5429,4.563664274332916e-11,4.169533666134963e-11,6.207535145772011e-11,5.2874893714476855e-11,2.610596323610516e-11,0.3257648014657706
0.54307,4.4280740923080884e-11,4.167937176809766e-11,6.205383405131404e-11,5.285568342894587e-11,2.6095085030572e-11,0.21177678799962457
0.54324,4.152002495384379e-11,4.167789364544643e-11,6.205262636701832e-11,5.285179061488059e-11,2.6103512388384685e-11,-0.011560960577475674
0.54341,3.645386502243239e-11,4.1551882105681334e-11,6.18561960251676e-11,5.269078670517379e-11,2.601625876936506e-11,-0.378903057453006
0.54358,3.835871463261994e-11,4.151508501051596e-11,6.180334595934411e-11,5.2644684671812456e-11,2.5993894662422165e-11,-0.24059200631699057
0.54375,4.0573435731609606e-11,4.1447184013551105e-11,6.169459792812085e-11,5.255550964702334e-11,2.5952622473006363e-11,-0.06859803866462379
0.54393,4.398479073840002e-11,4.1477142435217486e-11,6.173429586629148e-11,5.259140945330682e-11,2.5972442641207482e-11,0.20486125390992593
0.5441,4.63754584119542e-11,4.1527561115206574e-11,6.180701747353095e-11,5.2653634376192015e-11,2.600883875676798e-11,0.4069018800245127
0.54427,4.6101119164706233e-11,4.148650251738192e-11,6.17443338408661e-11,5.260063798147795e-11,2.5985065349652373e-11,0.38691796113050303
0.54444,4.474695681047967e-11,4.141378572551767e-11,6.164688656088006e-11,5.2514127149970274e-11,2.5930668354173495e-11,0.2753408713675852
0.54461,3.777923661451221e-11,4.133193136577721e-11,6.153111247335496e-11,5.241347951345664e-11,2.5874740230768233e-11,-0.27093106637008985
0.54478,3.02689952051661e-11,4.13430210318939e-11,6.155027510299354e-11,5.2428694242973774e-11,2.58809745516132e-11,-0.7633931275193835
0.54496,2.5937315570837067e-11,4.115779710853206e-11,6.127252930909728e-11,5.219221651586908e-11,2.5769804862891126e-11,-0.9916456172797352
0.54513,2.5776207119909483e-11,4.117139462076759e-11,6.129160148719466e-11,5.220945658667595e-11,2.5776207119909483e-11,-1.4559445665284128
0.5453,3.3485396201274e-11,4.105084746295382e-11,6.112395407975431e-11,5.20626414951604e-11,2.5691181387669517e-11,-0.5510658113187861
0.54547,4.358132056505668e-11,4.103654077707011e-11,6.10934016187057e-11,5.2039105976391286e-11,2.569295252084318e-11,0.2103091502765585
0.54564,5.138558466615373e-11,4.0862659699065715e-11,6.084055364579412e-11,5.182103121615755e-11,2.5583415954695277e-11,0.9566231885091065
0.54582,5.272461580316491e-11,4.060850835057262e-11,6.045951844076905e-11,5.149766996983323e-11,2.5425045032390873e-11,1.1284620422399503
0.54599,5.796423435683854e-11,4.0485649957198176e-11,6.027183553935538e-11,5.13385833814162e-11,2.5356724273095213e-11,1.7295551553683848
0.54616,5.290987127435259e-11,4.021423801076275e-11,5.98724691759181e-11,5.099761985862618e-11,2.5178529786568624e-11,1.2031538028336277
0.54633,5.007097284291733e-11,4.006288357252186e-11,5.964712453971359e-11,5.080599405517325e-11,2.508180524864889e-11,0.9245358713216685
0.54651,4.5912189738980745e-11,3.9560390624277295e-11,5.888975840656659e-11,5.0163573256306603e-11,2.477650279177593e-11,0.5715568212491331
0.54668,3.9563720282742533e-11,3.955099572023851e-11,5.887188362175335e-11,5.01503662497049e-11,2.4769023902634384e-11,0.0013938986205811123
0.54685,3.225539408260272e-11,3.95491357236842e-11,5.884667691692241e-11,5.013586152671825e-11,2.478290575574216e-11,-0.5497131986449786
0.54702,2.4769657083424963e-11,3.9557926896383055e-11,5.88763128490579e-11,5.015753587484937e-11,2.4769657083424963e-11,-1.1677394215022114
0.5472,2.4867857037273764e-11,3.971669223290279e-11,5.911436137900917e-11,5.035979698447213e-11,2.4867857037273764e-11,-1.5515604467277189
0.54737,2.4839146595996986e-11,3.941654239762026e-11,5.86542392505861e-11,4.997269146715251e-11,2.468799966027632e-11,-0.9913173897539559
0.54754,3.454824631761698e-11,3.99134620980264e-11,5.907598329629878e-11,5.04400357691551e-11,2.4926248041967186e-11,-0.4184722801560786
0.54771,4.069004196432271e-11,3.9299816435685315e-11,5.84912666529797e-11,4.9830439629446065e-11,2.4604131758287455e-11,0.11775598996943895
0.54789,5.1907460855390715e-11,3.915192047730069e-11,5.8282692396166e-11,4.9646553538515076e-11,2.4516492717318433e-11,1.246617724370896
0.54806,5.679776694842838e-11,3.900529403794436e-11,5.807721529751683e-11,4.946650057410709e-11,2.4419756924449775e-11,1.8438704138444562
0.54823,6.465329078961184e-11,3.90894846690516e-11,5.82062394476227e-11,4.95746530984979e-11,2.4473578080981297e-11,2.859234048483383
0.54841,5.5367464892121575e-11,3.9030948323106536e-11,5.8116938601015105e-11,4.9499759783780236e-11,2.4435857022812883e-11,1.6664723644476498
0.54858,4.8898402713379924e-11,3.916277960000011e-11,5.822378273228886e-11,4.9623094727548176e-11,2.4471244760719492e-11,0.9249976082843914
0.54875,3.805607377233677e-11,3.9051782427981386e-11,5.818156648868585e-11,4.953650823225805e-11,2.4443841452521564e-11,-0.08295924656272495
0.54893,2.434760873613293e-11,3.8887406815934074e-11,5.789862394286365e-11,4.9315167653692274e-11,2.434760873613293e-11,-1.032698610211669
0.5491,2.4344953119472345e-11,3.887347773828375e-11,5.787370206090914e-11,4.9295182172749095e-11,2.4344953119472345e-11,-1.2786333028629067
0.54927,2.4268044724829367e-11,3.875459185599267e-11,5.7692664027138364e-11,4.914323717116648e-11,2.4268044724829367e-11,-1.5994106398984902
0.54945,2.415190815478973e-11,3.857233217195485e-11,5.741584363372954e-11,4.891036627901946e-11,2.415190815478973e-11,-1.9288582397849685
0.54962,2.4215535870652023e-11,3.867258918720061e-11,5.756123976354505e-11,4.903591288373805e-11,2.4215535870652023e-11,-2.1927906728981736
0.54979,2.4266527746765886e-11,3.874166073293428e-11,5.776471820442543e-11,4.911782220585729e-11,2.4266527746765886e-11,-1.9762066426994571
0.54997,2.423911062141138e-11,3.870228479656734e-11,5.7591844689465946e-11,4.9067199189566794e-11,2.423911062141138e-11,-1.590266546050198
0.55014,2.4194289865468254e-11,3.8985340549315844e-11,5.7903741289302306e-11,4.938897035613166e-11,2.4194289865468254e-11,-1.4762841691457729
0.55031,2.7274040521966966e-11,3.861759004561977e-11,5.771960706318326e-11,4.9028946569712915e-11,2.4173146449308724e-11,-0.824831324161522
0.55049,3.417671240411459e-11,3.871278950553177e-11,5.7623974944115184e-11,4.9087840004906844e-11,2.4240735776809975e-11,-0.36282942377949345
0.55066,3.740401192364072e-11,3.864057795012551e-11,5.751465241864426e-11,4.8994582557605616e-11,2.4202093639289888e-11,-0.1029550951821396
0.55084,4.341009032228963e-11,3.858886380914114e-11,5.744285541743874e-11,4.8932224235977436e-11,2.416247246928369e-11,0.436657692026905
0.55101,5.006520868481657e-11,3.857940115838639e-11,5.743145759830482e-11,4.89215289411709e-11,2.4154843232085156e-11,1.1248739876671354
0.55118,5.07987554650053e-11,3.857508227102749e-11,5.7422629709119017e-11,4.891479137926289e-11,2.4153861766794742e-11,1.2073545088681124
0.55136,4.930068182665901e-11,3.8658750164688934e-11,5.7541395632598077e-11,4.901873349014034e-11,2.4205733317049926e-11,1.0294078438589387
0.55153,4.961403852876599e-11,3.860562320628229e-11,5.7465730735007916e-11,4.89526664276115e-11,2.417281060476412e-11,1.0713771478236016
0.55171,5.0966395282540805e-11,3.860145090912005e-11,5.745733529514125e-11,4.894538795553106e-11,2.4177164125003626e-11,1.2235385407355162
0.55188,4.9362557032692415e-11,3.864056831709814e-11,5.752975963998355e-11,4.9002586820126926e-11,2.4189175636219384e-11,1.0389814804776534
0.55206,5.4753145369684985e-11,3.869729101532953e-11,5.762283333723225e-11,4.9077882446595703e-11,2.4225293397225472e-11,1.6491791697132931
0.55223,5.364527587186627e-11,3.87252258832065e-11,5.766826289316211e-11,4.9115218111875925e-11,2.424019722626929e-11,1.512479065094427
0.5524,4.9478415540390344e-11,3.969535439156235e-11,5.861288434771894e-11,5.001724698067831e-11,2.501711872427501e-11,0.9546265195660252
0.55258,4.459315900594847e-11,3.873428790680598e-11,5.7759160111723914e-11,4.9160225415561796e-11,2.4249685570550195e-11,0.5357502583726681
0.55275,3.308511120177338e-11,3.871493204724671e-11,5.804618118298102e-11,4.9444115949182996e-11,2.419059941275303e-11,-0.4454931442332731
0.55293,2.7885060332472466e-11,3.854974381909866e-11,5.740229082416633e-11,4.889053486419695e-11,2.4132467207531438e-11,-0.7844545210336782
0.5531,2.5448275031368042e-11,3.8466749173174625e-11,5.727624621313599e-11,4.878486123875665e-11,2.4076905223397588e-11,-0.9253041346333442
0.55328,3.1717393602865724e-11,3.84192173767134e-11,5.719319968270622e-11,4.871793693608248e-11,2.4058375529106923e-11,-0.5236237220491173
0.55345,3.617414279711954e-11,3.8398022308834014e-11,5.7163531873447554e-11,4.869251351965571e-11,2.404063822468884e-11,-0.1851222990322953
0.55363,3.803041427517532e-11,3.845330753222877e-11,5.7245560222324266e-11,4.87632479753143e-11,2.4070320057345095e-11,-0.036623130098434674
0.5538,3.934965271646721e-11,3.841226749030083e-11,5.716936400649591e-11,4.8703549646778477e-11,2.40540048471467e-11,0.08114625959476308
0.55398,3.592096008013884e-11,3.8394803217372735e-11,5.715224627974881e-11,4.868614834901717e-11,2.403690599396107e-11,-0.20548486409253292
0.55415,3.299113967265081e-11,3.823146971658655e-11,5.692633989248177e-11,4.847565617018338e-11,2.3941308666965256e-11,-0.4198331948941004
0.55433,2.3962738804274952e-11,3.826324509183933e-11,5.6948052781183025e-11,4.8514786306173904e-11,2.3962738804274952e-11,-1.2124890161841015
0.5545,2.3997665078726964e-11,3.832569994258912e-11,5.7043077855523035e-11,4.859546934321181e-11,2.3997665078726964e-11,-1.4487992898596862
0.55468,2.3947955914697385e-11,3.824842138406458e-11,5.692751668804071e-11,4.8497495388372014e-11,2.3947955914697385e-11,-1.2917717786683625
0.55485,3.4927188457397495e-11,3.812930068707113e-11,5.67519871595583e-11,4.8346611215521497e-11,2.3876314158718748e-11,-0.2645765670249981
0.55503,4.5352134989374686e-11,3.809303047356887e-11,5.671156642313884e-11,4.8306880901924285e-11,2.3847786341801028e-11,0.6862671461101273
0.5552,5.1848402537967945e-11,3.8084974866485096e-11,5.6699137167651637e-11,4.8295589648052916e-11,2.3848538075109437e-11,1.4048568590711628
0.55538,5.032217639437961e-11,3.802277262350595e-11,5.66103135554658e-11,4.821892745304489e-11,2.380534225745987e-11,1.2367208424408096
0.55555,4.5612310138829225e-11,3.7960694343616465e-11,5.651833107671517e-11,4.814008056104436e-11,2.376824299270255e-11,0.7305058775803026
0.55573,4.395789381671052e-11,3.79171919475147e-11,5.6449056596831983e-11,4.808307478044023e-11,2.3741091305603448e-11,0.5660349048280512
0.55591,4.981176966659442e-11,3.789942868493879e-11,5.643073274253388e-11,4.806480801064143e-11,2.3723643721001557e-11,1.196154551679277
0.55608,4.950791518900394e-11,3.788964783709629e-11,5.6411123929063025e-11,4.804891561447787e-11,2.37270993675453e-11,1.1576555070770336
0.55626,4.83831403106841e-11,3.787747720783282e-11,5.640154389810658e-11,4.803666881539444e-11,2.37184556243534e-11,1.0407171511277469
0.55643,5.036181636242215e-11,3.7942270768348347e-11,5.64926326689276e-11,4.811759502522928e-11,2.3755243478104062e-11,1.2537991651259672
0.55661,4.4038037032961856e-11,3.7866635737844935e-11,5.63895929325081e-11,4.8027202699518496e-11,2.3696873904444375e-11,0.5788174354045458
0.55678,3.136091499651731e-11,3.776105697843849e-11,5.621555701970976e-11,4.7884612077895876e-11,2.3643515801329795e-11,-0.5103088594618443
0.55696,2.3560639010514465e-11,3.7619307839656515e-11,5.5992330689552544e-11,4.769913706501658e-11,2.3560639010514465e-11,-1.263390526504652
0.55714,2.3548747687033792e-11,3.760433427918269e-11,5.597054380021896e-11,4.7680742570579544e-11,2.3548747687033792e-11,-1.3229079181944516
0.55731,2.3493982564251254e-11,3.751823646541522e-11,5.5838906120016126e-11,4.75703425052251e-11,2.3493982564251254e-11,-2.01254853128235
0.55749,2.344369064793858e-11,3.744974789724247e-11,5.5746139020398954e-11,4.748831174429917e-11,2.344369064793858e-11,-1.563259920597929
0.55767,2.3463415387385608e-11,3.7472066261032124e-11,5.577262216941472e-11,4.751304386476768e-11,2.3463415387385608e-11,-1.5085470489258104
0.55784,2.3480979702680662e-11,3.749761805884489e-11,5.5809001405193955e-11,4.7544537098231284e-11,2.3480979702680662e-11,-1.090923838640147
0.55802,2.992279840609305e-11,3.74107895596357e-11,5.5689331745366826e-11,4.743898644433333e-11,2.342170735621055e-11,-0.5927035068985572
0.55819,3.487915623493275e-11,3.743019552558682e-11,5.572103788220476e-11,4.74642021294086e-11,2.3436862893895404e-11,-0.21650402835026902
0.55837,3.889853092708549e-11,3.751998015751953e-11,5.586075994582402e-11,4.75807123228461e-11,2.3490935214871756e-11,0.12308430318678655
0.55855,4.438669542205425e-11,3.7488535155949685e-11,5.581721073931957e-11,4.754241677062129e-11,2.346987429558527e-11,0.66113869280936
0.55872,5.099864571378379e-11,3.756426132307067e-11,5.593048535477805e-11,4.763875539845551e-11,2.351716809139501e-11,1.3875200493422855
0.5589,5.130758703891739e-11,3.715316768726158e-11,5.531440504693944e-11,4.7115295612534875e-11,2.3262721670785906e-11,1.492901777426453
0.55908,4.5789626401062696e-11,3.683878559985404e-11,5.48399856010735e-11,4.671387386634965e-11,2.3067226677906277e-11,0.8966466341124456
0.55925,4.255317905847967e-11,3.676198740694862e-11,5.472295323011658e-11,4.661548005547933e-11,2.301876053170702e-11,0.5590215248623089
0.55943,3.254543188661213e-11,3.671290544783321e-11,5.463988952354537e-11,4.6548096222055637e-11,2.2995671518500266e-11,-0.3516638468614328
0.55961,3.492198874164204e-11,3.6664486749848244e-11,5.45745226964244e-11,4.649081485199328e-11,2.2956164389908923e-11,-0.152795890701284
0.55978,3.4728736307040435e-11,3.6454398174624386e-11,5.42586137591915e-11,4.6222763239727554e-11,2.2826980881261037e-11,-0.15203219457471476
0.55996,3.619167953953588e-11,3.653797150233854e-11,5.438890187831324e-11,4.6331759264478616e-11,2.2874749483974613e-11,-0.031426985210550824
0.56014,3.5623082485036007e-11,3.6550784136104045e-11,5.4412415761094653e-11,4.634891285365072e-11,2.2886002691838258e-11,-0.08243208776847662
0.56032,3.7361423467537205e-11,3.6505701053834354e-11,5.4347008599341445e-11,4.629243759142577e-11,2.28591464852522e-11,0.07827959684672939
0.56049,3.904160470268743e-11,3.634824657740743e-11,5.4121568605840816e-11,4.609707258356604e-11,2.2756140149795183e-11,0.2528515310891823
0.56067,4.134198309747164e-11,3.629285019457132e-11,5.404177891403589e-11,4.6028160133393355e-11,2.2720107276121077e-11,0.4896211901382067
0.56085,4.267548283369238e-11,3.619224499321657e-11,5.388922928217861e-11,4.5899224708321876e-11,2.2658854192175337e-11,0.6424342136097209
0.56103,4.646514322872237e-11,3.6089207558981435e-11,5.374441693149966e-11,4.577319162625795e-11,2.2586424729487703e-11,1.0813858733192883
0.5612,4.0254729079829637e-11,3.595544402985975e-11,5.3520803691444834e-11,4.55915130635856e-11,2.2517516677374136e-11,0.41796931535218734
0.56138,3.917609261251321e-11,3.5847474431336775e-11,5.3356768363353404e-11,4.545385284098417e-11,2.2446824361307473e-11,0.3195531722753113
0.56156,3.427904615206046e-11,3.5966803125764097e-11,5.3484332279172544e-11,4.5582811650323006e-11,2.2533722106552817e-11,-0.1504384794735306
0.56174,3.085298590586201e-11,3.5822318998844306e-11,5.3294333324060036e-11,4.540929373633649e-11,2.244107870217665e-11,-0.42412750929177484
0.56191,2.988553591863409e-11,3.573250581414919e-11,5.331829851854028e-11,4.5307011724031904e-11,2.237623710009323e-11,-0.49408153587348164
0.56209,2.3443152555512963e-11,3.615090512983539e-11,5.354028533980191e-11,4.5701666886174966e-11,2.238283779070102e-11,-0.9531280244687903
0.56227,2.2402819811221772e-11,3.577987518445051e-11,5.326056944667365e-11,4.5370150684951e-11,2.2402819811221772e-11,-1.1800158001952938
0.56245,2.7977824533779747e-11,3.5833018485957564e-11,5.333958801686548e-11,4.5436050211915034e-11,2.2444928619398294e-11,-0.6416128611627321
0.56262,2.5739266056816632e-11,3.5824397937041614e-11,5.333835702295819e-11,4.543109837265003e-11,2.2432290464489364e-11,-0.7957132377967183
0.5628,3.4793852600786853e-11,3.5735167089023574e-11,5.320105498849451e-11,4.5316664431179505e-11,2.2372310839396728e-11,-0.08570738143445847
0.56298,3.905249838786054e-11,3.57525543174368e-11,5.3231233983763306e-11,4.534083004266498e-11,2.238044166281508e-11,0.3172109133899742
0.56316,3.584837117067156e-11,3.5721523264794855e-11,5.317860981689959e-11,4.529762775142811e-11,2.2369303531511482e-11,0.012090297731353757
0.56334,3.4451683074092464e-11,3.5762604144913143e-11,5.323946344759575e-11,4.5350012155578887e-11,2.2392382221690206e-11,-0.11831879609371694
0.56351,3.092373673518124e-11,3.574782980495588e-11,5.322162362361678e-11,4.533358141513214e-11,2.2379112418918153e-11,-0.4142328956926591
0.56369,2.451572793826023e-11,3.5695922107753905e-11,5.3134030369743195e-11,4.5262380786143276e-11,2.2354431254101688e-11,-0.8688175484218446
0.56387,2.57047520539724e-11,3.565718513878952e-11,5.307759067447259e-11,4.5214318341476794e-11,2.232649382439493e-11,-0.7900380026146865
0.56405,3.000462364254354e-11,3.567634014589571e-11,5.310560373241168e-11,4.523849449242872e-11,2.233788877563577e-11,-0.4814517181611161
0.56423,3.5358006129880217e-11,3.6107671599217706e-11,5.3679678027142966e-11,4.579363648554478e-11,2.2465655603365084e-11,-0.06845104961328723
0.56441,3.462834838711563e-11,3.5621946959832454e-11,5.301958861082881e-11,4.516645902753402e-11,2.2310673750370488e-11,-0.08995170539738917
0.56459,3.166813027988091e-11,3.5582585635475044e-11,5.2965125512076604e-11,4.5119355960768554e-11,2.2278784826990243e-11,-0.34209179778363796
0.56476,2.9341046259090845e-11,3.5621989373726644e-11,5.302057038305148e-11,4.5167845555927056e-11,2.2304987538644528e-11,-0.5288743796002637
0.56494,3.071069152026589e-11,3.5505317968727197e-11,5.285044876971905e-11,4.5021762807671486e-11,2.2228962849617016e-11,-0.4144341069889636
0.56512,3.861896905188542e-11,3.542537945073889e-11,5.2734698524520325e-11,4.4921308730918894e-11,2.218115853747551e-11,0.3099111367268125
0.5653,3.994382640838997e-11,3.5490223712366326e-11,5.282499591733958e-11,4.500103682299928e-11,2.222308910173519e-11,0.4387208734750803
0.56548,4.1626729971378596e-11,3.549973571504258e-11,5.285452141511534e-11,4.5020121690483377e-11,2.2221912503047147e-11,0.6162413866052111
0.56566,4.3079152835802183e-11,3.5539013646858974e-11,5.291330908773562e-11,4.506948091601096e-11,2.2250250001782015e-11,0.7722909697819731
0.56584,4.353791974764629e-11,3.5534953187888113e-11,5.2908052615121755e-11,4.506456593399643e-11,2.2247989955637597e-11,0.8247310497316087
0.56602,4.205205654662814e-11,3.5536703816666976e-11,5.290896926848816e-11,4.506614013723864e-11,2.2248959302690028e-11,0.6586075501582805
0.5662,3.856383316304979e-11,3.546581553084577e-11,5.279284105396196e-11,4.497066156252093e-11,2.221326740701881e-11,0.3008119393924367
0.56637,3.305244723904138e-11,3.5470591710843753e-11,5.2798027539610225e-11,4.497653894926889e-11,2.221271067081943e-11,-0.21637338990978466
0.56655,3.117611429893413e-11,3.5446009733182135e-11,5.276695257984051e-11,4.494817568098082e-11,2.219352347364996e-11,-0.37244118450224856
0.56673,2.5977648286728078e-11,3.551447851216485e-11,5.286579776440489e-11,4.503323316417033e-11,2.2239872495049123e-11,-0.7646309845285626
0.56691,2.7875482351187983e-11,3.555477341248536e-11,5.293068731728229e-11,4.508708586368821e-11,2.2260107803719928e-11,-0.6339078082044617
0.56709,3.372651081494791e-11,3.5510182308733626e-11,5.286042127123543e-11,4.502846361137102e-11,2.2235686184719577e-11,-0.1609489561165893
0.56727,3.317810271190032e-11,3.549801720406094e-11,5.2841794039093794e-11,4.501301960379939e-11,2.2226862268891245e-11,-0.20795491978052358
0.56745,3.7194062849480764e-11,3.5477328400352785e-11,5.281036663002617e-11,4.498643495342585e-11,2.2214282863416316e-11,0.16304977439011026
0.56763,3.740032025901797e-11,3.546002671983896e-11,5.278083174173285e-11,4.4962672176571554e-11,2.2205453167734016e-11,0.18507288365702115
0.56781,4.032373708198409e-11,3.544452660075476e-11,5.275778845488111e-11,4.494311925739866e-11,2.219539260540531e-11,0.4840773678569057
0.56799,4.032822720289874e-11,3.534816810234168e-11,5.261671055327865e-11,4.4822132682364e-11,2.213306713541402e-11,0.495933823248448
0.56817,3.779581382921622e-11,3.534812824358389e-11,5.2619397323297955e-11,4.4823521902142295e-11,2.2131003236158717e-11,0.23539870352717993
0.56835,3.4327926206766135e-11,3.5385085779525225e-11,5.267587256248525e-11,4.487089642981881e-11,2.2154737139259646e-11,-0.09691470514879899
0.56853,3.409856548881442e-11,3.544061115256079e-11,5.27547932721122e-11,4.493881656393227e-11,2.2195868696776818e-11,-0.12171530150935522
0.56871,3.261396079259595e-11,3.556987942156126e-11,5.295149537782699e-11,4.510554267724397e-11,2.2269841505943357e-11,-0.26215460759113496
0.56889,3.01825877205279e-11,3.5636624714483705e-11,5.3050462028430924e-11,4.5189934413070664e-11,2.2311948605854576e-11,-0.46504072570413263
0.56907,3.320110714648008e-11,3.5634795112823364e-11,5.3045919136835264e-11,4.518648007650506e-11,2.2313360068897782e-11,-0.21690395244288246
0.56925,3.228796601685727e-11,3.567386141421328e-11,5.3111124964790936e-11,4.523900230660728e-11,2.2335927001544613e-11,-0.2974238083945704
0.56943,3.2166963468341225e-11,3.561290147088594e-11,5.29893754892623e-11,4.514765468978547e-11,2.2301289867046593e-11,-0.3031459139820163
0.56961,2.659427252205088e-11,3.555376566251357e-11,5.291710330669954e-11,4.507996030982557e-11,2.2265699258939827e-11,-0.7243081291671641
0.56979,2.2416874436171662e-11,3.5752584689040453e-11,5.315977996899797e-11,4.5304713785051614e-11,2.2416874436171662e-11,-1.3026629106429113
0.56997,2.2287881094496722e-11,3.559313491252322e-11,5.2980055290420167e-11,4.5132096858982655e-11,2.2287881094496722e-11,-1.8007058222278312
0.57015,2.2255144888054395e-11,3.554344816518295e-11,5.2911350660146667e-11,4.5071334355700924e-11,2.2255144888054395e-11,-1.1790031849260891
0.57033,3.26729096132381e-11,3.550551238372906e-11,5.286052558655328e-11,4.502612290696155e-11,2.22280670465389e-11,-0.2521861750570016
0.57051,4.0583783517254096e-11,3.543529528327978e-11,5.2756982557025735e-11,4.4937112092712234e-11,2.218549392444724e-11,0.5127401089967664
0.57069,4.4979936694814006e-11,3.533967602766617e-11,5.262825975965108e-11,4.481530811703742e-11,2.2128783761437856e-11,1.0208301193679383
0.57087,4.626423219889089e-11,3.530406655973245e-11,5.257014222852368e-11,4.477482281396489e-11,2.2098982309005047e-11,1.1800257307048265
0.57105,4.659285599111121e-11,3.524400465487136e-11,5.247290447310357e-11,4.469441879557753e-11,2.20683428289874e-11,1.2309692409369473
0.57124,4.209900887025745e-11,3.513814165261031e-11,5.221473445380832e-11,4.4510836891824746e-11,2.19621197112578e-11,0.7245717374834649
0.57142,4.0329472531516506e-11,3.481323916257406e-11,5.182830675447905e-11,4.414720363308129e-11,2.1796625629875032e-11,0.5625994569397694
0.5716,3.2639996095026025e-11,3.4687593690230973e-11,5.163839153073176e-11,4.3986920174519115e-11,2.1716429861421086e-11,-0.18871412654552513
0.57178,2.6323274907343974e-11,3.4599250177876217e-11,5.150416200994449e-11,4.387332313054206e-11,2.166445891649943e-11,-0.69273180553704
0.57196,2.1680629997189083e-11,3.4625416636501424e-11,5.153881095663099e-11,4.390486836887817e-11,2.1680629997189083e-11,-1.587143235717862
0.57214,2.1699550385138998e-11,3.465408484266415e-11,5.1580481922016124e-11,4.394066846629673e-11,2.1699550385138998e-11,-1.943475438861723
0.57232,2.172700827399797e-11,3.469676119471544e-11,5.1643606959517254e-11,4.399450081332346e-11,2.172700827399797e-11,-1.2969952181112787
0.5725,2.8853150937058482e-11,3.4747039017027235e-11,5.171980442630185e-11,4.4059806962876314e-11,2.1752506266533767e-11,-0.5109686883682057
0.57268,3.723722228353849e-11,3.477835028073334e-11,5.1764574230783147e-11,4.4098005673822994e-11,2.1776727569689995e-11,0.2406197057281573
0.57287,4.071935328792869e-11,3.476216959232734e-11,5.174691081662799e-11,4.408046750092096e-11,2.1764010108950378e-11,0.6114766721253643
0.57305,3.924812078081091e-11,3.459983178406448e-11,5.151843614682838e-11,4.387961982821708e-11,2.1660714072749347e-11,0.4715219833194545
0.57323,3.333231910062438e-11,3.4406261783417356e-11,5.1216620154092386e-11,4.3628758348251564e-11,2.154238445993929e-11,-0.10117043785985264
0.57341,3.363243462124198e-11,3.4102164181346514e-11,5.076439250130662e-11,4.3242644571990255e-11,2.1356017100432547e-11,-0.04462052981133403
0.57359,2.9592365585315515e-11,3.423224727730639e-11,5.106110573516329e-11,4.3429702131593263e-11,2.1436768605623e-11,-0.4154355126947776
0.57377,2.6501408526556373e-11,3.437663842115818e-11,5.1158166893703604e-11,4.358244230478565e-11,2.1541970471461446e-11,-0.6662704414675605
0.57396,2.7420074235454827e-11,3.4295212019316725e-11,5.1164909780943366e-11,4.3567632987069333e-11,2.1470095518757614e-11,-0.5935755547594561
0.57414,3.257477460053363e-11,3.4163901173783303e-11,5.086119879461988e-11,4.3322969446979155e-11,2.139379945666949e-11,-0.1491264246740526
0.57432,3.5288905641710586e-11,3.407408514297643e-11,5.073823114453367e-11,4.321425566055951e-11,2.1331360038621052e-11,0.11934319249377374
0.5745,3.474436060330725e-11,3.396128108546569e-11,5.056942926392072e-11,4.307076802503727e-11,2.126144221939238e-11,0.07674623124341441
0.57468,3.870811496123711e-11,3.393343859113422e-11,5.052600228429892e-11,4.303440040162949e-11,2.1245674913160277e-11,0.49586394196911315
0.57487,4.1462707356931094e-11,3.3884228418671484e-11,5.045030563550885e-11,4.297141271520373e-11,2.121258759424326e-11,0.8179730276148252
0.57505,4.6263015577268766e-11,3.4052197835649304e-11,5.060707074304647e-11,4.315032483533953e-11,2.1218858801800387e-11,1.4047789361670933
0.57523,4.8523797582053366e-11,3.3737915336017376e-11,5.0224246930492916e-11,4.278201518671436e-11,2.1124843334165772e-11,1.7382130103236997
0.57541,4.2099970963957387e-11,3.3866262654750784e-11,5.040975251810092e-11,4.294244046450104e-11,2.1205697609280907e-11,0.8966267805414994
0.57559,4.145396778168542e-11,3.389012522406079e-11,5.043638910976998e-11,4.2969251406636175e-11,2.1222642447961482e-11,0.8161393967725095
0.57578,3.8549423335700106e-11,3.371446813630121e-11,5.0179078392424666e-11,4.27473078319608e-11,2.1116026863912098e-11,0.5061254252745514
0.57596,3.44060467996637e-11,3.3663737405167135e-11,5.010904895238855e-11,4.268620604202302e-11,2.1077715212107012e-11,0.07316833575453906
0.57614,3.454590983989024e-11,3.356110513031076e-11,4.995139800996173e-11,4.2553075409860486e-11,2.1020006344284025e-11,0.09848679476680545
0.57632,3.05689796726835e-11,3.361543613698481e-11,5.004217980520316e-11,4.262604575527409e-11,2.1051181680039306e-11,-0.2843192747818669
0.57651,3.159847155150345e-11,3.3198444713487816e-11,4.94286495312207e-11,4.210162302635325e-11,2.0782314254416538e-11,-0.1550544238355056
0.57669,2.478349308882545e-11,3.291386140630523e-11,4.900188062356169e-11,4.173891895569356e-11,2.060781504163982e-11,-0.7123002530871521
0.57687,2.056206416151525e-11,3.2844073397075495e-11,4.890024558176616e-11,4.16516610468364e-11,2.056206416151525e-11,-1.1272464631219155
0.57706,2.05352261453971e-11,3.279458140557029e-11,4.8823297682405946e-11,4.1586940260143714e-11,2.05352261453971e-11,-1.2632872972764317
0.57724,2.0510911086243222e-11,3.275749393114156e-11,4.876576988305739e-11,4.1539190960688194e-11,2.0510911086243222e-11,-1.2663066089137418
0.57742,2.236244438804707e-11,3.277118887522376e-11,4.878855995101929e-11,4.155781510562425e-11,2.051751119526622e-11,-0.8790276938002539
0.5776,2.565067438869684e-11,3.269664683564102e-11,4.8673114528735896e-11,4.146174064774896e-11,2.0470146628717112e-11,-0.6326807044809336
0.57779,2.4661410411286057e-11,3.2700188523017144e-11,4.867556176004532e-11,4.146482970668087e-11,2.047403922580559e-11,-0.7093461591235241
0.57797,2.5681604151196484e-11,3.258316368076936e-11,4.8501096976537546e-11,4.131594657181672e-11,2.0402881375168957e-11,-0.6229147514083632
0.57815,2.2897282345557112e-11,3.258911500992762e-11,4.851003703707576e-11,4.1323416555904954e-11,2.0406791906334368e-11,-0.8327706431515354
0.57834,2.8583196292444167e-11,3.2589679051393135e-11,4.851764274522063e-11,4.1327056429369404e-11,2.0405297574616842e-11,-0.37956429606566305
0.57852,3.5767840770655817e-11,3.2713904817122685e-11,4.8866362463272075e-11,4.159656446298071e-11,2.0480494455325395e-11,0.32169954114114413
0.5787,4.0897623750064774e-11,3.263162634574427e-11,4.858348554214234e-11,4.1381832082106084e-11,2.0430759278967886e-11,0.9392590932601904
0.57889,4.589882500642545e-11,3.261124843708243e-11,4.855125778831046e-11,4.135481722328797e-11,2.042074387663903e-11,1.614914394229561
0.57907,4.582356514309369e-11,3.253431715118144e-11,4.8437979200886757e-11,4.125823565370276e-11,2.0370136153920367e-11,1.6191598132619731
0.57925,4.3008171829841516e-11,3.24276779492595e-11,4.827443953497115e-11,4.111880351587542e-11,2.0308740104751075e-11,1.2494196824765047
0.57944,3.7226822215324204e-11,3.248113045875679e-11,4.835483358443798e-11,4.1189069398810444e-11,2.033709886205872e-11,0.5157832218684153
0.57962,3.195806723337619e-11,3.251280073614806e-11,4.839960366294439e-11,4.122819155382521e-11,2.0357652751226394e-11,-0.055621922147701286
0.57981,3.086156432226747e-11,3.2505953090949674e-11,4.8390228808358295e-11,4.1219756595084126e-11,2.0353616708329185e-11,-0.16214485938242193
0.57999,3.378924960396961e-11,3.257785505627458e-11,4.85084647537795e-11,4.1315411973869235e-11,2.039727933091166e-11,0.12483145948947981
0.58017,3.0193334100795544e-11,3.253495977767251e-11,4.8442321024488286e-11,4.1261054034629634e-11,2.0365619372319174e-11,-0.2286836477576669
0.58036,2.3859583799938635e-11,3.250398578746444e-11,4.838838868053644e-11,4.1217742666112e-11,2.03519810455837e-11,-0.7585515071972454
0.58054,2.476497372836182e-11,3.251551459492991e-11,4.8406245778050615e-11,4.1232416141515146e-11,2.036074685394586e-11,-0.6905943666942168
0.58072,2.2669730661768272e-11,3.250929586661355e-11,4.839997945874859e-11,4.122643731791936e-11,2.0352485119997223e-11,-0.8451597223376776
0.58091,2.038445609119091e-11,3.255403452465121e-11,4.845983264270109e-11,4.127987896097107e-11,2.038445609119091e-11,-1.0393563194289759
0.58109,2.498156182307577e-11,3.2570172773850436e-11,4.8482911692240866e-11,4.130014351818222e-11,2.039352129824981e-11,-0.6771693327811847
0.58128,2.4786812206893572e-11,3.260491667969181e-11,4.852907975200407e-11,4.1341645544693033e-11,2.0417556498538243e-11,-0.6940852554675918
0.58146,2.562778945101589e-11,3.253876059056369e-11,4.8430824546680105e-11,4.125796169324398e-11,2.0375372838534783e-11,-0.6243966455972256
0.58165,2.9479396112485013e-11,3.256311383563698e-11,4.846827726886631e-11,4.1289358683277673e-11,2.0390409838258193e-11,-0.29671081169173785
0.58183,3.5709625806812365e-11,3.257318303014531e-11,4.8490490218241094e-11,4.130551991798053e-11,2.0393478973044273e-11,0.33177738643478416
0.58202,4.1253827028931507e-11,3.262926459843473e-11,4.857439224285821e-11,4.1376455315817357e-11,2.043080104860719e-11,0.9847285130246375
0.5822,4.308405252618109e-11,3.258656635962353e-11,4.85123959110013e-11,4.132313863383019e-11,2.0402698153385773e-11,1.230560599659166
0.58238,4.6594111260845453e-11,3.255342548036387e-11,4.846863840966055e-11,4.1283583608522816e-11,2.038042789429349e-11,1.7255948332946753
0.58257,4.455789453074747e-11,3.248615885460551e-11,4.835930865233414e-11,4.119388997105366e-11,2.0342222497631382e-11,1.4339138427516884
0.58275,3.9236386118350074e-11,3.2479742478809246e-11,4.8348986428487295e-11,4.118569053914631e-11,2.0337226564344877e-11,0.755489588179315
0.58294,3.2354297140375984e-11,3.252641680472441e-11,4.841388749079323e-11,4.124274993218687e-11,2.036850537930574e-11,-0.017191871375753665
0.58312,2.646832440907994e-11,3.2472105233939317e-11,4.8332430104077684e-11,4.117337098755645e-11,2.033620479674317e-11,-0.5517137699338003
0.58331,2.0389052670354383e-11,3.2558615431095197e-11,4.8461023786501895e-11,4.128319637056937e-11,2.0389052670354383e-11,-1.3305538371571026
0.58349,2.174862321457648e-11,3.256288394547479e-11,4.846888505192232e-11,4.1289034861331015e-11,2.039270051774631e-11,-0.9109144796253902
0.58368,2.748311811027633e-11,3.255289040199086e-11,4.845531097176291e-11,4.1277056949199975e-11,2.0385207790074314e-11,-0.4722455865936624
0.58386,2.8143628702275842e-11,3.250272603276067e-11,4.8519437643334864e-11,4.125599103875579e-11,2.0348557682611126e-11,-0.41181239656240537
0.58405,3.129021601339359e-11,3.251406234793896e-11,4.8402015487343774e-11,4.123008200665614e-11,2.0358181939469374e-11,-0.12148104700857
0.58423,2.469114445501347e-11,3.250178307128958e-11,4.838039618616209e-11,4.1213295566450693e-11,2.0350128094111287e-11,-0.6955879727557908
0.58442,2.3345753931148184e-11,3.252605381531441e-11,4.8414356669613005e-11,4.124280078368965e-11,2.036751954335191e-11,-0.7973544324702342
0.58461,2.1557970649429534e-11,3.247192321210494e-11,4.8332814277595266e-11,4.1173781196047734e-11,2.0333700853070864e-11,-0.9197619278077444
0.58479,2.7275372103526768e-11,3.247863786908467e-11,4.83509782979121e-11,4.118622839423026e-11,2.0333418909891476e-11,-0.48500039497560177
0.58498,3.7498246237138906e-11,3.249059741409341e-11,4.837321044120814e-11,4.120306578329401e-11,2.0341352702749884e-11,0.5461118799440833
0.58516,4.211558588710834e-11,3.245732831662025e-11,4.83240736840936e-11,4.1160905878693766e-11,2.0321328387188266e-11,1.1250160767484285
0.58535,4.175935673055716e-11,3.2461900629565964e-11,4.8326105712575304e-11,4.116428169475918e-11,2.0327612263873828e-11,1.077951499431303
0.58553,4.145037086241054e-11,3.2478183729583994e-11,4.843367311469207e-11,4.119543957007442e-11,2.033799978272582e-11,1.0352933097030768
0.58572,4.068284537780318e-11,3.2511008707410585e-11,4.840071344357206e-11,4.12274020924444e-11,2.0357298887311666e-11,0.9314989279023401
0.58591,3.8732217921790415e-11,3.248971579409943e-11,4.839502672522421e-11,4.121107755235897e-11,2.0337911715164774e-11,0.6931289025617148
0.58609,3.856250866090863e-11,3.2374841916978703e-11,4.819659353753824e-11,4.105442113366243e-11,2.0269836929704942e-11,0.6887298313842891
0.58628,3.95615172866108e-11,3.2427663374805293e-11,4.842434386319675e-11,4.1140323859642364e-11,2.0302192826554552e-11,0.8035039692748653
0.58646,3.53341269753058e-11,3.241195802665047e-11,4.824438336510301e-11,4.109747399658826e-11,2.0299577938213087e-11,0.310564782483545
0.58665,2.8747931645892086e-11,3.2409040449283534e-11,4.8291698013360305e-11,4.10965734916678e-11,2.0291878471866573e-11,-0.35068541365783706
0.58684,2.4680137966775668e-11,3.2450947222935275e-11,4.830819327688167e-11,4.115034093857547e-11,2.0317183598007238e-11,-0.6935303701657892
0.58702,2.609851020477707e-11,3.246245711112458e-11,4.832415937105244e-11,4.11644083434511e-11,2.032479382182702e-11,-0.5817724264020251
0.58721,2.3299225783590212e-11,3.240081398186852e-11,4.8229735221286905e-11,4.108505692761886e-11,2.0286982094083925e-11,-0.7943096511848531
0.58739,3.070463815005955e-11,3.239225940830594e-11,4.8412713123182276e-11,4.1213185096297086e-11,2.028282800116631e-11,-0.1668680196263117
0.58758,3.8141826010704355e-11,3.240420049923948e-11,4.82384809673055e-11,4.1090818254013754e-11,2.0288983543978944e-11,0.6339886310864544
0.58777,4.133373637168059e-11,3.2466751982857436e-11,4.832924418918327e-11,4.1168341931200155e-11,2.033391365381405e-11,1.0224193340773695
0.58795,4.1583139428289e-11,3.245244921018162e-11,4.831841999718533e-11,4.115566100088238e-11,2.0315826363877186e-11,1.0556488553927585
0.58814,3.92777230796384e-11,3.2371219082514394e-11,4.8193870505076206e-11,4.105133919350874e-11,2.026479203436746e-11,0.7762339794303029
0.58833,4.0853002484107015e-11,3.225962559004053e-11,4.802470633045092e-11,4.0908002722354134e-11,2.0198843824062277e-11,0.9932068428956614
0.58851,3.92362984129682e-11,3.222644825040738e-11,4.797842195098025e-11,4.0867572374167425e-11,2.0175563560040914e-11,0.79323830140715
0.5887,4.0138556392487937e-11,3.222662556356551e-11,4.797882501542266e-11,4.0867716807481187e-11,2.0176381213401958e-11,0.9068271600101636
0.58889,3.576622508606501e-11,3.2281740895652465e-11,4.806049266301603e-11,4.09373505756229e-11,2.02115065059295e-11,0.3742850104160976
0.58907,2.996740086231604e-11,3.2385487511162156e-11,4.846140549230118e-11,4.127425797549465e-11,2.0246048725783286e-11,-0.23696371396291677
0.58926,2.3014390808360064e-11,3.2335366538230885e-11,4.8149649724326003e-11,4.1009711878736166e-11,2.0243341683630977e-11,-0.8118154767678227
0.58945,2.0181054789632118e-11,3.2233554391537966e-11,4.81190019895014e-11,4.08765085717047e-11,2.0181054789632118e-11,-1.6025554165392089
0.58964,2.0193263672629525e-11,3.225562675819313e-11,4.802293093134626e-11,4.090484391153925e-11,2.0193263672629525e-11,-1.809749581907511
0.58982,2.017123916054641e-11,3.221347572512429e-11,4.7954549171455214e-11,4.0848672762265354e-11,2.017123916054641e-11,-2.281222722724622
0.59001,2.0137766147192742e-11,3.216269212157989e-11,4.7878507079401744e-11,4.078427813159992e-11,2.0137766147192742e-11,-2.4032510262996576
0.5902,2.0096169369363068e-11,3.2094924872506266e-11,4.7775878649268617e-11,4.069762220135441e-11,2.0096169369363068e-11,-2.1325228356892927
0.59038,2.004559877507739e-11,3.201398030290161e-11,4.7653282521279205e-11,4.0594135964530426e-11,2.004559877507739e-11,-1.9354952081134071
0.59057,2.439674551942321e-11,3.195121168956314e-11,4.756220267057826e-11,4.051545729803325e-11,2.000630682434987e-11,-0.6858214529618196
0.59076,3.83280288894041e-11,3.2034809134308026e-11,4.795086202318652e-11,4.073575006629156e-11,2.0056653287746508e-11,0.7097175273656365
0.59095,4.5691687373459746e-11,3.2110141111744026e-11,4.7804130210199136e-11,4.071916060524088e-11,2.0104996967367085e-11,1.6860130074930888
0.59114,4.544319584173779e-11,3.212418618252242e-11,4.7821053529069557e-11,4.073535785609037e-11,2.0114209486177763e-11,1.6464302928790422
0.59132,4.576457014924535e-11,3.2129734938067726e-11,4.782607900426913e-11,4.0741194729191644e-11,2.0118090929809645e-11,1.6915409731959783
0.59151,4.11215916067735e-11,3.20864432310345e-11,4.77642061814997e-11,4.06880887176118e-11,2.0085269707016316e-11,1.0550875731023073
0.5917,4.485198123490374e-11,3.200673422063514e-11,4.772047599760202e-11,4.0646983066077514e-11,2.0029458842538343e-11,1.5865179340518687
0.59189,5.0494332973130226e-11,3.2123742596905294e-11,4.782699001225337e-11,4.0737351276722717e-11,2.011345259094058e-11,2.420040525059718
0.59207,4.699969709915909e-11,3.21338081173755e-11,4.783747254236878e-11,4.0748301307027326e-11,2.0120174517532527e-11,1.8737560768236405
0.59226,4.356549690779494e-11,3.212534643381003e-11,4.782368068022141e-11,4.073712077668332e-11,2.0114841250425413e-11,1.3798532078188595
0.59245,3.5707009188663306e-11,3.197822372492348e-11,4.760064301741729e-11,4.054888195640169e-11,2.0023500181832684e-11,0.40585142470588514
0.59264,3.49391400534208e-11,3.185495480774397e-11,4.74186692819968e-11,4.039317624249287e-11,1.9946178978387723e-11,0.3338866176841296
0.59283,2.7334379936317e-11,3.1846309269323184e-11,4.7406387841660496e-11,4.0382193428462264e-11,1.9942249292374862e-11,-0.43289301609091374
0.59302,2.0005098446203102e-11,3.195201761047348e-11,4.756819076773905e-11,4.051849080852033e-11,2.0005098446203102e-11,-1.212921084577161
0.5932,2.006371543049484e-11,3.204180974882713e-11,4.770483292583526e-11,4.063320085908108e-11,2.006371543049484e-11,-1.4227044982568773
0.59339,2.0011927927538754e-11,3.196647271806096e-11,4.7602091016639185e-11,4.054211569492435e-11,2.0011927927538754e-11,-1.4723655881508921
0.59358,1.992928350032832e-11,3.1831894934836466e-11,4.7398061668790807e-11,4.036970444754356e-11,1.992928350032832e-11,-1.131923781007223
0.59377,2.3580528482508018e-11,3.1829690427247915e-11,4.738630557148906e-11,4.0363085920059535e-11,1.993101908862304e-11,-0.7420274374606893
0.59396,3.103010258544807e-11,3.186415282909179e-11,4.744050395491575e-11,4.040885819553427e-11,1.9946839410525803e-11,-0.08539007870720147
0.59415,3.551184309745541e-11,3.186167281652292e-11,4.7434011534388894e-11,4.0404318960118317e-11,1.994697967849753e-11,0.3980846249057093
0.59433,3.43732385031793e-11,3.1858556056129007e-11,4.742320275214403e-11,4.039755178593758e-11,1.9947663841682673e-11,0.2697259526953696
0.59452,3.009260411853962e-11,3.187654199604582e-11,4.744162035438585e-11,4.041628494262488e-11,1.9963907862044832e-11,-0.1786222429282522
0.59471,2.8093610741996445e-11,3.187153711046723e-11,4.7441012455733875e-11,4.041356241521991e-11,1.995485000504887e-11,-0.36697364357844586
0.5949,2.8270252837618523e-11,3.1742310711273875e-11,4.725049319773232e-11,4.025027231547817e-11,1.9874660117352996e-11,-0.34021853778942135
0.59509,2.9392560738517675e-11,3.165492702866299e-11,4.712092455129638e-11,4.01395297836098e-11,1.982069390031765e-11,-0.22671268645625023
0.59528,3.237769558772113e-11,3.165074909177346e-11,4.712177265449286e-11,4.0137470561361214e-11,1.9815177664862916e-11,0.07620059092388919
0.59547,3.3574638401249523e-11,3.16720273952119e-11,4.714771799814171e-11,4.016130117074587e-11,1.9834052110951148e-11,0.20394615244481135
0.59566,3.3792216226360185e-11,3.1637343865535e-11,4.709806369796052e-11,4.0118684069196174e-11,1.9808938604042324e-11,0.23165524330140053
0.59585,3.460473196702445e-11,3.166272111118289e-11,4.713648246313143e-11,4.015149772180129e-11,1.982266577045447e-11,0.3195010658881801
0.59604,3.649442377950592e-11,3.161286740884363e-11,4.7059867655132484e-11,4.00875626723901e-11,1.9792862086284623e-11,0.547134950945988
0.59623,4.182470027943389e-11,3.1637682226464836e-11,4.70948237424199e-11,4.011748130770317e-11,1.9810093860314882e-11,1.229360389726307
0.59642,4.4814269174048236e-11,3.1688450346189665e-11,4.717337551466492e-11,4.01830208159511e-11,1.984199991014033e-11,1.6448120782293976
0.59661,4.624347178090708e-11,3.1735337710248844e-11,4.7247265528566715e-11,4.0243954709185576e-11,1.9871943556507243e-11,1.848654010268544
0.59679,4.3586162891964935e-11,3.172063897749401e-11,4.7227263278811886e-11,4.0226453746468536e-11,1.9860321688482904e-11,1.4610311841225494
0.59698,4.1179292027352205e-11,3.1805333703950623e-11,4.735421088621531e-11,4.033438606140857e-11,1.991239953228294e-11,1.1125929634918057
0.59717,3.517750316015068e-11,3.183745532360925e-11,4.740727405936744e-11,4.037714933807084e-11,1.9932976675888172e-11,0.36358270456330355
0.59736,2.467213053541928e-11,3.176666154729961e-11,4.7307022747100426e-11,4.028979545404256e-11,1.9886256158633408e-11,-0.6529125169059509
0.59755,1.9718931118477138e-11,3.150062378503286e-11,4.6913117296596594e-11,3.995337933255467e-11,1.9718931118477138e-11,-1.5067318337656357
0.59774,1.9638295154322302e-11,3.1369209253361285e-11,4.671513820435642e-11,3.9785399672952366e-11,1.9638295154322302e-11,-1.6555049618398487
0.59793,1.961365026963757e-11,3.132730377846973e-11,4.664405627907266e-11,3.972858333081227e-11,1.961365026963757e-11,-1.7110891137699638
0.59812,1.9611908470568795e-11,3.132259325669571e-11,4.662906410912058e-11,3.971933935941915e-11,1.9611908470568795e-11,-1.5666116303164042
0.59831,1.950659232655767e-11,3.115031933934287e-11,4.635986655646412e-11,3.9495426241356855e-11,1.950659232655767e-11,-1.6382407661292195
0.5985,1.9368588000173397e-11,3.092889245682627e-11,4.602996762448015e-11,3.9214448963926585e-11,1.9368588000173397e-11,-1.1808230227815453
0.59869,2.3337942066004413e-11,3.0969790018139456e-11,4.6087629951150327e-11,3.9264667829713325e-11,1.939654580515172e-11,-0.7104410707148313
0.59888,2.8231260852079925e-11,3.103899868711998e-11,4.618676960969653e-11,3.935103327086218e-11,1.9438963923689583e-11,-0.28394777690168216
0.59907,3.288227786595885e-11,3.110651823365604e-11,4.628189256944542e-11,3.943431311902809e-11,1.9482385182076034e-11,0.19292851934064997
0.59927,4.072781116258444e-11,3.0937502710274787e-11,4.604984028176015e-11,3.9229192158867554e-11,1.9368697982741847e-11,1.2040274181905504
0.59946,4.4838467207634015e-11,3.0836082976766204e-11,4.590291269866493e-11,3.910121651264435e-11,1.9309131877926296e-11,1.8319355546819576
0.59965,4.799328949390421e-11,3.072877371348108e-11,4.575888932420736e-11,3.897225548829841e-11,1.9235926697061745e-11,2.367863638588129
0.59984,4.6297036508988225e-11,3.0845295520163197e-11,4.593506442793024e-11,3.912091730480529e-11,1.9309725416727963e-11,2.0620488219923168
0.60003,4.296453264218456e-11,3.0897552631101856e-11,4.6014408676334524e-11,3.918781775741838e-11,1.934254776618952e-11,1.536997271975482
0.60022,3.2120702457528214e-11,3.0753099708124884e-11,4.579072469985166e-11,3.9001070876654917e-11,1.925311415018617e-11,0.1494405066232651
0.60041,2.10037392701587e-11,3.081886500361184e-11,4.587318247676183e-11,3.9078256499537503e-11,1.9297574320701225e-11,-0.880811249904473
0.6006,1.914567447346632e-11,3.0575127634010194e-11,4.551647756383137e-11,3.877097135830718e-11,1.914567447346632e-11,-1.814129099452498
0.60079,1.9041942426547483e-11,3.04136828836344e-11,4.5288641425281674e-11,3.857077546260075e-11,1.9041942426547483e-11,-2.238505920909111
0.60098,1.8995649243240173e-11,3.03436141195023e-11,4.5192881286300765e-11,3.848621698491252e-11,1.8995649243240173e-11,-2.0144213607680794
0.60117,2.0184743545006416e-11,3.0338312869843063e-11,4.518118229516287e-11,3.84780396180747e-11,1.89933618511504e-11,-0.9169457993832683
0.60136,2.40533663213028e-11,3.020966281438743e-11,4.4979168995121497e-11,3.8310390477617705e-11,1.8914434628559212e-11,-0.6021440858383103
0.60156,2.614963251705586e-11,3.012812187806841e-11,4.4846005286347646e-11,3.8201714892793e-11,1.8866927823566814e-11,-0.4055610712609163
0.60175,3.126552912854665e-11,3.0025511624825563e-11,4.470760070570777e-11,3.80779376392251e-11,1.8798699239080194e-11,0.1386208698674705
0.60194,2.737755346897558e-11,2.9971268702579756e-11,4.461367370961805e-11,3.800364824246271e-11,1.8767260178544236e-11,-0.2723490290782084
0.60213,2.986488675461314e-11,2.991364378472157e-11,4.4540225961196353e-11,3.793594133015905e-11,1.872802989571348e-11,-0.005492721067334969
0.60232,2.965264330825899e-11,2.973345013907404e-11,4.4271478362619075e-11,3.770688156555804e-11,1.8616452609060174e-11,-0.008943571668286429
0.60251,2.937774419872343e-11,2.970664465166765e-11,4.42241172332492e-11,3.766980743924826e-11,1.860109092138412e-11,-0.03623636981661902
0.6027,2.7567313899807553e-11,2.976891075790925e-11,4.4292117695883614e-11,3.7738089928346603e-11,1.8646006711299368e-11,-0.23401909696717726
0.6029,2.3874923879836716e-11,2.993509999118757e-11,4.45130853171935e-11,3.7937647323937944e-11,1.875520587756332e-11,-0.5977759322268879
0.60309,2.260949950585706e-11,3.009419456555697e-11,4.476470413704012e-11,3.814601151265778e-11,1.885014837229493e-11,-0.7159204640757406
0.60328,2.5989947148461854e-11,3.013009937351787e-11,4.483486997362448e-11,3.819822898124959e-11,1.8871271498918787e-11,-0.4206321061027872
0.60347,2.9874276904051155e-11,3.008645286736249e-11,4.479287339151425e-11,3.815284724481743e-11,1.8838295190104646e-11,-0.02312370028880477
0.60366,3.2793784226737254e-11,3.0169181585569185e-11,4.493361225853647e-11,3.8265097713919916e-11,1.888739947401507e-11,0.2989891969706174
0.60386,3.3862949922133085e-11,3.0201864006563756e-11,4.498723916686906e-11,3.8309011101344765e-11,1.890503575945663e-11,0.42319531978152053
0.60405,3.5831419425356445e-11,3.033208378715664e-11,4.519683178803818e-11,3.84807857933173e-11,1.898335847043213e-11,0.651486342202739
0.60424,3.485047299514407e-11,3.0398284202415824e-11,4.5293304713244297e-11,3.856374988079422e-11,1.902561472997053e-11,0.5178190905725978
0.60443,3.3865360542752774e-11,3.0441027485520645e-11,4.536077300024469e-11,3.8619427328406216e-11,1.905195233966195e-11,0.39145897098444155
0.60462,3.353276187312307e-11,3.0499704937992644e-11,4.544397159033014e-11,3.869190768655909e-11,1.9090498396504925e-11,0.3440108348762802
0.60482,3.158284564257334e-11,3.046087431567902e-11,4.537487876488133e-11,3.863804893066114e-11,1.9067754039674297e-11,0.12350562302650125
0.60501,2.3027645165232337e-11,3.0373692009620646e-11,4.522184948425539e-11,3.851767923358351e-11,1.9017546744750725e-11,-0.6994492477578791
0.6052,2.301921508750421e-11,3.027674828537402e-11,4.507727689969099e-11,3.839466334883493e-11,1.8957158157577796e-11,-0.6940623015846004
0.60539,2.3417371227882568e-11,3.020027676007714e-11,4.496656927292242e-11,3.829910760380312e-11,1.8908337324852905e-11,-0.6559600828114358
0.60559,2.931045233178847e-11,3.017490733296645e-11,4.493975850095768e-11,3.827152240476333e-11,1.8890723679873103e-11,-0.09289926940760453
0.60578,3.4624805806510475e-11,3.024424902808276e-11,4.505579739054032e-11,3.836505157686225e-11,1.8930681804069963e-11,0.5115116903341012
0.60597,3.9976112558294134e-11,3.0381070713925854e-11,4.5267739183236864e-11,3.8542201506851154e-11,1.90141687050461e-11,1.2052673694241045
0.60617,4.043480384984191e-11,3.041446743980939e-11,4.5311260807116546e-11,3.858177154338205e-11,1.903715671768025e-11,1.2644905809687177
0.60636,4.238265757908784e-11,3.033708763668427e-11,4.5185206215334765e-11,3.84780471721874e-11,1.8990787973052976e-11,1.5665416456797525
0.60655,4.100444828454382e-11,3.018726764481632e-11,4.494365129736433e-11,3.8281145721002343e-11,1.8901011553125125e-11,1.3897034433248636
0.60674,3.943770302832896e-11,3.009718604151975e-11,4.480160465519164e-11,3.816364223713389e-11,1.884609217306877e-11,1.1786095722474772
0.60694,3.885867971783812e-11,3.009309370534916e-11,4.4791909855203693e-11,3.815678322330598e-11,1.8844779391241834e-11,1.0969183787756573
0.60713,3.70118047039554e-11,3.01126955156686e-11,4.482456198182021e-11,3.818312253201673e-11,1.8856215938297587e-11,0.8395854687019247
0.60732,2.828823601396265e-11,3.03648797105389e-11,4.518521143614669e-11,3.849630034916498e-11,1.901879313252394e-11,-0.21695927024371098
0.60752,2.806107888489344e-11,3.0452671248589274e-11,4.532460861233348e-11,3.861155209216681e-11,1.90702407264013e-11,-0.24812538303277137
0.60771,2.1513278445657605e-11,3.070263306541052e-11,4.568759942418539e-11,3.892440526118471e-11,1.92294420437029e-11,-0.8368928924201127
0.6079,2.3794417309079674e-11,3.063234952685584e-11,4.5565562284616384e-11,3.8827314460655303e-11,1.9186733884718864e-11,-0.6519263781828019
0.6081,2.4004264051941295e-11,3.083332964102441e-11,4.587648320947241e-11,3.908816939745073e-11,1.931174685353702e-11,-0.6475279423127
0.60829,1.9326130357349138e-11,3.085996090796187e-11,4.592316969905833e-11,3.912512036026879e-11,1.9326130357349138e-11,-1.0708723495727932
0.60848,2.424794673882625e-11,3.089561146321507e-11,4.6001082446702754e-11,3.9180565104727215e-11,1.934465293177854e-11,-0.6316872799607874
0.60868,1.9780787504638345e-11,3.0778254487253244e-11,4.5845749436096595e-11,3.904093155786046e-11,1.9265096840272085e-11,-0.9658700637986768
0.60887,1.9223075332442354e-11,3.0711113175899776e-11,4.5755637310639434e-11,3.895885653837632e-11,1.9223075332442354e-11,-1.358241982572711
0.60907,1.9257524419989374e-11,3.076820406642543e-11,4.584271433603685e-11,3.903248447353733e-11,1.9257524419989374e-11,-1.0990686231731044
0.60926,3.0169418833209626e-11,3.0848479834686136e-11,4.596761637954769e-11,3.9136688421379415e-11,1.9307726591200904e-11,-0.07153866137673065
0.60945,3.201288736692004e-11,3.131049312337328e-11,4.6438829346754804e-11,3.9653233419395303e-11,1.9259067269161276e-11,0.07744000321504906
0.60965,3.163048087990111e-11,3.081578933615581e-11,4.588408078631719e-11,3.9080464911838036e-11,1.929235129859539e-11,0.08796582651772383
0.60984,3.1395450991011416e-11,3.084257630151572e-11,4.591459342939269e-11,3.911032856769454e-11,1.9312133062421036e-11,0.059491175566742306
0.61004,2.6481484320823835e-11,3.0843228323607295e-11,4.590931172687128e-11,3.910832633837761e-11,1.931561761281164e-11,-0.43205700551030546
0.61023,2.239732291435657e-11,3.077541468042385e-11,4.583432116496307e-11,3.90346060449372e-11,1.9265030407968514e-11,-0.7739853161888078
0.61042,2.419451744647697e-11,3.064250096225018e-11,4.573594142917945e-11,3.892943179092809e-11,1.9174816803210422e-11,-0.6201613237945033
0.61062,2.994476428506043e-11,3.0584158511964624e-11,4.555457462699661e-11,3.8793256798408326e-11,1.9145043471825034e-11,-0.06808425751811821
0.61081,3.5009284424667234e-11,3.059747575190966e-11,4.556973014629916e-11,3.8807184927770114e-11,1.9159858082045218e-11,0.5093156924155791
0.61101,3.515366575781172e-11,3.0667685856738416e-11,4.567434572292931e-11,3.889746676057324e-11,1.919736180488021e-11,0.5166885562768824
0.6112,2.9220612787806526e-11,3.063045130585568e-11,4.5603359195886686e-11,3.8843362192045515e-11,1.9179139043933103e-11,-0.14780816066514735
0.6114,2.819700407933253e-11,3.0574177180242505e-11,4.551580336189153e-11,3.87709468966097e-11,1.914157572980192e-11,-0.2460359663260058
0.61159,3.646472176731238e-11,3.041074137841253e-11,4.526339074642371e-11,3.855949789047391e-11,1.904256451890073e-11,0.7195238785441874
0.61179,4.661296357908897e-11,3.038076114361616e-11,4.538457829793214e-11,3.8618726683701624e-11,1.899306298599536e-11,2.2386878822328544
0.61198,5.093038656754332e-11,3.014372960442602e-11,4.4885661429900404e-11,3.823040334695626e-11,1.8866314850243487e-11,3.046075442193028
0.61218,5.3113342051256694e-11,3.0121579559363533e-11,4.482638053858795e-11,3.8189614309148604e-11,1.8866107348184105e-11,3.4646045020459204
0.61237,4.81304003896886e-11,3.016357925956798e-11,4.489413888009072e-11,3.8245556630048813e-11,1.8888705841131183e-11,2.5404832124108996
0.61257,3.821512940497023e-11,3.0090803484382014e-11,4.478771250689765e-11,3.8154073759812856e-11,1.8842715818509207e-11,1.007627925903764
0.61276,3.1118988033162106e-11,2.997559429496922e-11,4.461624607199444e-11,3.800846857405536e-11,1.8767027891402295e-11,0.12727767190443612
0.61296,2.6753215582545746e-11,2.9911668931474895e-11,4.452386921571605e-11,3.792808059427032e-11,1.8730017743530247e-11,-0.3289538364333188
0.61315,2.546932784298347e-11,2.998923614652149e-11,4.464468425084782e-11,3.80289243796008e-11,1.8776087666361678e-11,-0.458552532038309
0.61335,2.924496468640824e-11,2.994074441910301e-11,4.458274302072516e-11,3.797172853298051e-11,1.8742782677912428e-11,-0.07584971495057498
0.61354,2.6348980810930518e-11,2.9963671752846226e-11,4.461875931921416e-11,3.8002104688020526e-11,1.875524740655926e-11,-0.3733709826237367
0.61374,2.6392979575893317e-11,2.995446134383017e-11,4.4597353026846305e-11,3.798621447529573e-11,1.8756942502243922e-11,-0.36769153185404146
0.61393,2.6263148586183166e-11,2.9920054886058395e-11,4.454521844795917e-11,3.7942689475201344e-11,1.873271215650198e-11,-0.37757936489603683
0.61413,3.0027897272003875e-11,2.989095579367149e-11,4.450291049958177e-11,3.7906050451574216e-11,1.871522666603081e-11,0.015195277794395865
0.61432,2.7178084650377386e-11,2.9996786810024356e-11,4.465926205826601e-11,3.803971596597086e-11,1.8781554172398638e-11,-0.29459768933729763
0.61452,1.86610595433594e-11,2.979821911169889e-11,4.435033884766831e-11,3.778090373319545e-11,1.86610595433594e-11,-1.1804909804757457
0.61472,1.850130061859281e-11,2.955225450415024e-11,4.399771497140276e-11,3.747638542181462e-11,1.850130061859281e-11,-1.01098355046564
0.61491,1.850201136325821e-11,2.955182236169277e-11,4.399926208727391e-11,3.74765169104559e-11,1.850201136325821e-11,-1.1320329073731417
0.61511,2.0030300151449105e-11,2.963421132250395e-11,4.4119101626062196e-11,3.759381578267353e-11,1.8547541112163002e-11,-0.8939987439048221
0.6153,2.391600273741054e-11,2.956380892546266e-11,4.402465135046247e-11,3.749502617194319e-11,1.8507579371036385e-11,-0.5686520477911134
0.6155,3.452070270806231e-11,2.963144124566214e-11,4.412185123586189e-11,3.7579185906774764e-11,1.8551766365418705e-11,0.5880358052560444
0.6157,3.796992624165497e-11,2.95555842326468e-11,4.40049697299451e-11,3.748169801213528e-11,1.8502978835676178e-11,1.0697577719586637
0.61589,4.3931279819795284e-11,2.9374404758726054e-11,4.3728694913783466e-11,3.724889405162713e-11,1.8392363793270994e-11,2.0339828327659535
0.61609,4.6266580698266364e-11,2.9318285509776846e-11,4.364992681632598e-11,3.7179915913331e-11,1.8355037766679853e-11,2.451247213282383
0.61628,4.2336853594273234e-11,2.9326541136434715e-11,4.3660667243460843e-11,3.718962755995598e-11,1.8361528898492197e-11,1.7834341103887905
0.61648,3.666516142037374e-11,2.92756675244094e-11,4.3585774446065596e-11,3.712567351871091e-11,1.8327957736532826e-11,0.9348397236897569
0.61668,2.8905909156263078e-11,2.92912903407506e-11,4.3604833016833444e-11,3.714316897585955e-11,1.8342087126417772e-11,-0.042742080008202746
0.61687,1.8277664974894393e-11,2.919818518252842e-11,4.3482134031256886e-11,3.703086713412845e-11,1.8277664974894393e-11,-1.0112300526554532
0.61707,1.8133391891389476e-11,2.914678275444633e-11,4.331993274498499e-11,3.692985125377346e-11,1.8133391891389476e-11,-1.2125018285686786
0.61727,1.8825715289298725e-11,2.8777584590154087e-11,4.284033580757616e-11,3.649195815297828e-11,1.8019824649870433e-11,-0.9408868955743239
0.61746,1.8001958171022136e-11,2.8750196613512695e-11,4.280005106466855e-11,3.6457511169277117e-11,1.8001958171022136e-11,-1.3754226119424435
0.61766,1.7951448485379714e-11,2.8670683847536955e-11,4.2680027957256894e-11,3.635613715037563e-11,1.7951448485379714e-11,-1.7896664546651808
0.61786,1.7932349894726658e-11,2.864087134929801e-11,4.2635507195652887e-11,3.6318364647811424e-11,1.7932349894726658e-11,-1.7656452710220587
0.61805,1.7952971836537837e-11,2.867189440277212e-11,4.267909547614497e-11,3.63565152218531e-11,1.7952971836537837e-11,-1.5684788706528219
0.61825,2.3472212855076792e-11,2.8654685652735468e-11,4.2655209491329934e-11,3.633548845055132e-11,1.7941526902690684e-11,-0.5411868061245976
0.61845,3.070870800113148e-11,2.858628819202357e-11,4.2557588503743684e-11,3.6250574190092185e-11,1.7897503553544478e-11,0.25318941586677324
0.61865,3.1221729264651797e-11,2.858842950952785e-11,4.2676518904405084e-11,3.634595193620317e-11,1.7898313355317703e-11,0.31720491433429154
0.61884,3.176656279323642e-11,2.8589818213932355e-11,4.255916660000226e-11,3.625398244861154e-11,1.7900218369444075e-11,0.3860659797243075
0.61904,3.112065989520852e-11,2.8636628319610636e-11,4.263843708329797e-11,3.6317061767072215e-11,1.7927130224752495e-11,0.29758424401829997
0.61924,2.967009369620558e-11,2.8660033510512488e-11,4.268251758685194e-11,3.635104676365583e-11,1.7937777544543432e-11,0.11751525289569244
0.61944,2.485157391609962e-11,2.8580598812145027e-11,4.255843820889799e-11,3.624718983148496e-11,1.7893032353818153e-11,-0.40133136386523655
0.61963,3.018517100025972e-11,2.8518169064252936e-11,4.246329846360154e-11,3.616702280228651e-11,1.785477501593063e-11,0.19811014881865954
0.61983,3.434823789156114e-11,2.8544895965756214e-11,4.249938810305727e-11,3.6199016524565687e-11,1.7874303857876708e-11,0.7377053129626554
0.62003,4.2408963174824604e-11,2.855852006660409e-11,4.252376372379901e-11,3.6218449982992284e-11,1.7879512720145186e-11,1.983813004873469
0.62023,3.806735938416556e-11,2.838579429882708e-11,4.2256590482571406e-11,3.599516079799348e-11,1.777334062287976e-11,1.3133413690942797
0.62042,3.4778643400062905e-11,2.8325744918539602e-11,4.21642834702476e-11,3.591774298216633e-11,1.7735739464404245e-11,0.8348151628875092
0.62062,2.7781297195089422e-11,2.825584277408875e-11,4.205649228039675e-11,3.5827586611030534e-11,1.7692656078610454e-11,-0.054864472133591226
0.62082,2.5585945745023898e-11,2.8328999423524727e-11,4.2170745377800294e-11,3.592270895301456e-11,1.773742886167215e-11,-0.303159059446554
0.62102,2.8984145303493583e-11,2.827898190266452e-11,4.2095410399191304e-11,3.5858604270801453e-11,1.770825036533641e-11,0.08327962434179911
0.62122,2.8069988264034177e-11,2.8285283202187574e-11,4.210882681828753e-11,3.5868563543836814e-11,1.7709913642332107e-11,-0.02492644961285414
0.62141,2.997577104371935e-11,2.8283720720979918e-11,4.2107920456779414e-11,3.586724809612903e-11,1.7708153218019748e-11,0.202647909067161
0.62161,2.8638099297992034e-11,2.828098410222347e-11,4.210794328936462e-11,3.586515050433978e-11,1.7706361103072196e-11,0.04181120997402779
0.62181,2.2665392356774527e-11,2.823887669976897e-11,4.2041376466101726e-11,3.5810471769807486e-11,1.7680945750393756e-11,-0.5852317536290529
0.62201,2.3437749415572536e-11,2.8162840237740617e-11,4.1926715300989784e-11,3.571332203455974e-11,1.7633464609514995e-11,-0.5056448967629246
0.62221,1.7618633095253084e-11,2.8140057209283177e-11,4.1891671469435905e-11,3.5684074263593865e-11,1.7618633095253084e-11,-1.02993431599167
0.6224,2.0055916938616444e-11,2.8149767423908088e-11,4.191126302692441e-11,3.5698732125537694e-11,1.762264982534642e-11,-0.8100989239295734
0.6226,2.5628716437047644e-11,2.8175418045081732e-11,4.195145785243184e-11,3.5732029026234134e-11,1.7638849177540397e-11,-0.28408853886216234
0.6228,2.999528824671708e-11,2.8205495787025882e-11,4.199755194776548e-11,3.57704662891383e-11,1.7659054498204663e-11,0.21559815649521388
0.623,2.9040564150073346e-11,2.8152368423621995e-11,4.191655456103142e-11,3.570234197171198e-11,1.7625899341600444e-11,0.10553823997265424
0.6232,2.8858914344720306e-11,2.836340871234379e-11,4.211815033728088e-11,3.592050383618589e-11,1.7629325060365237e-11,0.05889164800871394
0.6234,2.6040295882785196e-11,2.812572944092293e-11,4.188467711819905e-11,3.566708319471241e-11,1.7611273737825728e-11,-0.2347182453337261
0.6236,2.7677262882622346e-11,2.812792552782621e-11,4.189485458291394e-11,3.566833718031884e-11,1.7613244069030652e-11,-0.05206020538614027
0.6238,2.921219660227382e-11,2.8084715882884764e-11,4.1798998201598976e-11,3.5609219536056304e-11,1.7587065750636246e-11,0.13466150879586203
0.62399,3.1734115387339045e-11,2.805629394598235e-11,4.176117796986183e-11,3.557488150910448e-11,1.7570508446723542e-11,0.45994871410374233
0.62419,3.1618049482463e-11,2.806256768820784e-11,4.177593354324956e-11,3.559002790089853e-11,1.756145239563702e-11,0.44394641550581243
0.62439,2.958648914583724e-11,2.7998791772069572e-11,4.167930465590618e-11,3.550400840115756e-11,1.7531064857097858e-11,0.19182875345279646
0.62459,2.5212038021748546e-11,2.7943055601764307e-11,4.159321104040829e-11,3.5431766023065627e-11,1.7498173891710274e-11,-0.3056249303193624
0.62479,2.2422376193830312e-11,2.786945792060316e-11,4.148411392874589e-11,3.533843795541509e-11,1.7453251094857287e-11,-0.579882997094811
0.62499,1.8135262280466224e-11,2.7886443491230078e-11,4.150828906131907e-11,3.535944327838218e-11,1.7464497330685488e-11,-0.9490039244185484
0.62519,2.4013745346286032e-11,2.7895223369915665e-11,4.152724429153571e-11,3.537356215158264e-11,1.7465916094689375e-11,-0.42590575851887097
0.62539,2.9002483397067983e-11,2.794403201636195e-11,4.159355796061626e-11,3.543204634203953e-11,1.7502141461930825e-11,0.12767868279953923
0.62559,3.263371525469899e-11,2.790026850613056e-11,4.153374569368864e-11,3.5379839270212767e-11,1.746697696258268e-11,0.6049275418454628
0.62579,3.5053608840388225e-11,2.783029852123124e-11,4.142807204090897e-11,3.5290133950662374e-11,1.7425769628835402e-11,0.9645824678686356
0.62599,3.13080499292512e-11,2.7855605917162984e-11,4.145792927340727e-11,3.531843530771244e-11,1.7440756622430586e-11,0.4326535088497122
0.62619,3.282015865139224e-11,2.788147821674753e-11,4.150709531088932e-11,3.535669052426044e-11,1.7454649517803722e-11,0.6338005537259782
0.62639,3.077471955695511e-11,2.786003035968839e-11,4.147513365111872e-11,3.5329054524730906e-11,1.744330891663806e-11,0.3621956339762928
0.62659,2.950230178918399e-11,2.782609654685787e-11,4.142527465855206e-11,3.528655969999119e-11,1.7420934308026786e-11,0.20430158779934138
0.62679,2.758676106026208e-11,2.7826085991523148e-11,4.141949273582936e-11,3.528308751938944e-11,1.7428104626969244e-11,-0.027496547963664103
0.62699,2.620074700730221e-11,2.785826531239999e-11,4.147274742360821e-11,3.532683704403986e-11,1.744301608128576e-11,-0.1898648504150065
0.62719,2.664244979369978e-11,2.7906205412219016e-11,4.154531404647233e-11,3.538818453843111e-11,1.7472439471544003e-11,-0.14560713739974998
0.62739,2.8784753311538162e-11,2.7961730669639357e-11,4.1630132935343384e-11,3.5459622593734916e-11,1.750704086423474e-11,0.09826529664147149
0.62759,3.3562501718708704e-11,2.803631724420703e-11,4.174298284176934e-11,3.5555123106074805e-11,1.7551709093464428e-11,0.7121729899422984
0.62779,3.1887703200841053e-11,2.804454564115082e-11,4.175233329799109e-11,3.556410073610187e-11,1.755872957249498e-11,0.4818079713378676
0.62799,3.3667979807531604e-11,2.8117977018253124e-11,4.1868339219564816e-11,3.566060667307114e-11,1.7600196894480695e-11,0.7131103282289093
0.62819,2.9244122402866254e-11,2.8281771317482695e-11,4.198586590215368e-11,3.580283265918616e-11,1.7687447260019723e-11,0.11575469574522139
0.62839,2.5660982649274823e-11,2.7925488468898394e-11,4.157285714666589e-11,3.541188459592773e-11,1.748637306851717e-11,-0.25576502043543253
0.62859,2.2847292722808483e-11,2.785747994738291e-11,4.14719909411289e-11,3.532613086208589e-11,1.7441763135165687e-11,-0.5385046060773007
0.62879,2.2477290054086783e-11,2.7817149328290455e-11,4.140839831254328e-11,3.5273303824427366e-11,1.7418371003968008e-11,-0.5707995246814827
0.62899,1.741687322645735e-11,2.7814532604070282e-11,4.1400883739974023e-11,3.526856346951443e-11,1.741687322645735e-11,-1.0297312416930375
0.62919,1.815190835549e-11,2.7847402523737682e-11,4.145071591170511e-11,3.531078709174471e-11,1.7436462505949807e-11,-0.9459507972559371
0.62939,2.484779739337103e-11,2.7839978657582803e-11,4.1442034546542935e-11,3.5302415571674184e-11,1.7430985030870973e-11,-0.33464117752204753
0.62959,2.9000021880058523e-11,2.7887516172417082e-11,4.151276566074236e-11,3.536276388101718e-11,1.7460549810661952e-11,0.13366070274609793
0.6298,3.053435880310938e-11,2.78857683890433e-11,4.150872406666178e-11,3.535979986241083e-11,1.7460074769188086e-11,0.32710357580719185
0.63,3.025041126737863e-11,2.7940729823232386e-11,4.158509513713325e-11,3.542671700567338e-11,1.749734719457214e-11,0.2830941837409057
0.6302,3.05072510178001e-11,2.7949414105079476e-11,4.160586704830074e-11,3.544119233824142e-11,1.7501210870619144e-11,0.3150148220566929
0.6304,2.939237907113259e-11,2.795268760460421e-11,4.161292919008805e-11,3.544635877231415e-11,1.7502732383244224e-11,0.1740278388815162
0.6306,2.3660771621797665e-11,2.7899612716542722e-11,4.1537494794116866e-11,3.5380784109894116e-11,1.746738584308553e-11,-0.4619465824581129
0.6308,2.0750309634022663e-11,2.7974727916543774e-11,4.165068582489804e-11,3.547618506043709e-11,1.751610444454263e-11,-0.7398655942353622
0.631,2.5951969303600547e-11,2.7977286394666624e-11,4.165410586130337e-11,3.547956512405355e-11,1.7514902882018812e-11,-0.22975038756302768
0.63121,2.7839752094363662e-11,2.7945678968657533e-11,4.160412398838181e-11,3.543829508390951e-11,1.749700973747769e-11,-0.012444400106128014
0.63141,2.8639537410744933e-11,2.796505352682354e-11,4.16355605360461e-11,3.54675177381304e-11,1.750659118330855e-11,0.08007221357248234
0.63161,2.8254326088459398e-11,2.8213954871468134e-11,4.1787077431803064e-11,3.5656861478940787e-11,1.7792161319891013e-11,0.004825325304889643
0.63181,2.7146771280025603e-11,2.7978559170649333e-11,4.165270401717805e-11,3.547991609135008e-11,1.751719499620404e-11,-0.09642442728880685
0.63201,3.231351586142038e-11,2.8010285990805967e-11,4.16994389287525e-11,3.55194365983745e-11,1.7539940921907655e-11,0.5440169018744355
0.63221,3.377161319125882e-11,2.800947418186229e-11,4.1695507939168124e-11,3.5517093305300886e-11,1.7537944595465484e-11,0.7472401544468665
0.63242,3.5168340492399905e-11,2.7932130597837627e-11,4.1575337633696e-11,3.541691261917736e-11,1.749340954967738e-11,0.9631278134262281
0.63262,3.6630064588313204e-11,2.784293403244406e-11,4.1445999656032905e-11,3.5305804696279617e-11,1.7433829740980695e-11,1.20188611401673
0.63282,3.900827773449363e-11,2.7837742679470133e-11,4.1439074688743545e-11,3.5299604784939615e-11,1.743007866655904e-11,1.5846245404366306
0.63302,3.850368933670712e-11,2.782713379383994e-11,4.14238867276564e-11,3.528609034087318e-11,1.7425420040738614e-11,1.5049768344743164
0.63322,3.580988708631044e-11,2.7806818902906245e-11,4.1396811909788434e-11,3.5262448281267116e-11,1.7407364784046997e-11,1.082357679386142
0.63343,3.1141847026115994e-11,2.7790517272031947e-11,4.137103533757582e-11,3.5240914688622177e-11,1.739883812797281e-11,0.42036935926759017
0.63363,2.1017694943936415e-11,2.7892116517040415e-11,4.160417139055573e-11,3.539699252621235e-11,1.745852298605311e-11,-0.7113138671357156
0.63383,1.8115845167938942e-11,2.78497827836621e-11,4.146016293397989e-11,3.531598498632387e-11,1.7438469489976227e-11,-0.9488462010814619
0.63403,1.7430202135765983e-11,2.783985250107402e-11,4.1446576434041175e-11,3.530422306914489e-11,1.7430202135765983e-11,-1.4597357181120392
0.63424,1.742186790512663e-11,2.7826099248055393e-11,4.142591562097454e-11,3.5286662103100936e-11,1.742186790512663e-11,-1.1777046055926952
0.63444,2.4331963982043606e-11,2.7893548755494565e-11,4.152663275128729e-11,3.5372088359441144e-11,1.7465033890029153e-11,-0.3932032215817476
0.63464,2.8472471221577298e-11,2.78641435120406e-11,4.1604064158870626e-11,3.53349290381775e-11,1.7444895842724773e-11,0.07246527246903633
0.63484,3.1923194571690397e-11,2.7880796752948503e-11,4.1505255413647706e-11,3.5354892023256796e-11,1.745748550806686e-11,0.5116367693359706
0.63505,3.1037406629210396e-11,2.7872262152020885e-11,4.1487388418788595e-11,3.534212514230508e-11,1.7452135845940158e-11,0.3946166014219709
0.63525,2.5859539439333738e-11,2.7861017024324005e-11,4.1471596754975355e-11,3.5328365349122966e-11,1.7444242825421212e-11,-0.2279455307378197
0.63545,2.3247810279229537e-11,2.782592888961185e-11,4.142261574951894e-11,3.52851700007864e-11,1.7422200823291048e-11,-0.49676758538127347
0.63566,2.585505869657208e-11,2.788065211592626e-11,4.1462828633778944e-11,3.5329752390303506e-11,1.750923751823155e-11,-0.22455880307613021
0.63586,2.4748102998641406e-11,2.787944563506575e-11,4.151508832835485e-11,3.5361898886455365e-11,1.7453096497491157e-11,-0.3489218786031408
0.63606,1.8901266260117356e-11,2.7839613086743035e-11,4.144704584187009e-11,3.530405153567531e-11,1.7431116799364683e-11,-0.8866902888024623
0.63627,1.7353626033024484e-11,2.7788193273825252e-11,4.1400703410590865e-11,3.5257731808971555e-11,1.7353626033024484e-11,-1.2046124712949264
0.63647,1.7690187976111367e-11,2.770389616105929e-11,4.1242069953577736e-11,3.513076486035016e-11,1.7346213927894652e-11,-0.9741959633832974
0.63667,2.120320815089198e-11,2.7648549130362245e-11,4.1153927479843195e-11,3.5057357424789084e-11,1.7316614922676286e-11,-0.6771339820297002
0.63688,2.59298616082677e-11,2.763055591299899e-11,4.1132088997035496e-11,3.503745228719052e-11,1.7300357095948592e-11,-0.19624944210641157
0.63708,2.8966109508627065e-11,2.7772769841693487e-11,4.126702530857048e-11,3.5180576586112004e-11,1.7418766248991544e-11,0.14236237482799063
0.63728,3.0790110820712826e-11,2.7598227935073074e-11,4.1085160014345905e-11,3.499724191335493e-11,1.7278365447025186e-11,0.40222462246771157
0.63749,2.5015468739106656e-11,2.7620751101420464e-11,4.111579276842304e-11,3.5024637876335575e-11,1.7292695074908185e-11,-0.295851133939132
0.63769,2.9141241710149576e-11,2.7644288091369328e-11,4.1151616870445245e-11,3.5054894744494183e-11,1.7306827719930423e-11,0.1825777112326147
0.63789,3.2110101808064106e-11,2.7631908314380133e-11,4.113239577627836e-11,3.503844168092579e-11,1.730172336543541e-11,0.5763783536926709
0.6381,3.289283159262851e-11,2.7619033247814498e-11,4.115818241143949e-11,3.502405661039739e-11,1.729445225826965e-11,0.6885523787094243
0.6383,3.37947050485734e-11,2.7574879842128965e-11,4.105067789298768e-11,3.496776220455039e-11,1.7263539387895047e-11,0.8253777609765881
0.63851,3.2153140841070154e-11,2.752332003475833e-11,4.093364347597068e-11,3.4882013083896754e-11,1.7249595299964778e-11,0.5961719403775972
0.63871,2.6040430621652035e-11,2.7569377174176928e-11,4.1251090922471576e-11,3.513680158590972e-11,1.7262384242922102e-11,-0.17737084544237605
0.63891,2.69301506924037e-11,2.7366533185939387e-11,4.073435176776617e-11,3.470020988979887e-11,1.7138677115641265e-11,-0.05164242804775157
0.63912,2.4983984546635545e-11,2.7321177853213886e-11,4.067228945209116e-11,3.4646175647006006e-11,1.7102420606545605e-11,-0.2698538146785956
0.63932,2.5777527260134775e-11,2.7296945322635668e-11,4.064196978436163e-11,3.4615299871511787e-11,1.70939236065598e-11,-0.1776877401511698
0.63953,2.879939686964036e-11,2.7313797952874376e-11,4.0679488333696205e-11,3.464689087847001e-11,1.7100821149697334e-11,0.1841129733498456
0.63973,3.1737122125237967e-11,2.7182677773632976e-11,4.046374962288027e-11,3.4469059237793305e-11,1.7018704005475562e-11,0.5969230895171616
0.63994,3.2873035061281475e-11,2.7196097321740277e-11,4.048634260433249e-11,3.448715840633976e-11,1.702687517299187e-11,0.7580913375714935
0.64014,3.188986455829241e-11,2.7159528014979283e-11,4.056277277280788e-11,3.4475757410176803e-11,1.700289150279933e-11,0.6227028599530047
0.64035,3.139098510930244e-11,2.7104741440692005e-11,4.0351346213244005e-11,3.437148353480285e-11,1.697105802101943e-11,0.5614978044893183
0.64055,2.8534678419930972e-11,2.705958828554307e-11,4.028254738883119e-11,3.431339166968443e-11,1.694431973291202e-11,0.18452624195961734
0.64076,2.198303070894178e-11,2.677533953581958e-11,3.986187757153763e-11,3.395385866053761e-11,1.6764429729467754e-11,-0.5361420814347974
0.64096,1.6746283095327234e-11,2.6744610596087208e-11,3.981463607841959e-11,3.3914484296377785e-11,1.6746283095327234e-11,-1.3252721129115677
0.64117,1.673169217065289e-11,2.6726085917567274e-11,3.978868035413514e-11,3.389205201859117e-11,1.673169217065289e-11,-2.497439924104233
0.64137,1.6733442787067283e-11,2.672427566262249e-11,3.9780758120571735e-11,3.38874975949312e-11,1.6733442787067283e-11,-3.2166172400243163
0.64158,1.6740665672596506e-11,2.673369236028604e-11,3.979294531327041e-11,3.3898170805052404e-11,1.6740665672596506e-11,-2.739363788765289
0.64178,1.6753348073389523e-11,2.6904104695157646e-11,4.0017453300803426e-11,3.411157984474727e-11,1.6753348073389523e-11,-1.6828501609369906
0.64199,1.914534356056173e-11,2.7066902892220346e-11,4.010356551208207e-11,3.421799923872749e-11,1.7016955432178625e-11,-0.8147718558048535
0.64219,2.42307669440442e-11,2.682162405282256e-11,3.992314309695457e-11,3.400929269306582e-11,1.6797101662808864e-11,-0.3021140838115233
0.6424,2.3613995549169457e-11,2.6789321962864642e-11,3.987434811843614e-11,3.3968037289640676e-11,1.6776966566578914e-11,-0.36651950614009365
0.6426,1.9811479754997977e-11,2.6844693731854467e-11,3.9987336191314516e-11,3.408144360150725e-11,1.6726697247618678e-11,-0.7563151859979792
0.64281,1.6873155056585094e-11,2.694567433782488e-11,4.02845705877682e-11,3.424407126771846e-11,1.6873155056585094e-11,-1.0902908998975975
0.64301,2.2472507283844003e-11,2.702309798126376e-11,4.022521874900517e-11,3.4266085684693275e-11,1.6920557524068707e-11,-0.5072945808607571
0.64322,2.42293385399328e-11,2.7043666163181294e-11,4.025809589900862e-11,3.42930467298026e-11,1.6933329439145482e-11,-0.32448590610263117
0.64343,2.3561051267356826e-11,2.7037253326066867e-11,4.02469945426924e-11,3.4284367180421234e-11,1.692911736646224e-11,-0.3957602516919063
0.64363,2.835769817047172e-11,2.7120911251159442e-11,4.037153682824585e-11,3.4390366986027086e-11,1.698198224157582e-11,0.1535086637035061
0.64384,3.060436180603416e-11,2.707505887150307e-11,4.030263441458575e-11,3.4331972939396885e-11,1.695323895807248e-11,0.45678327836513954
0.64404,3.69882614403413e-11,2.697614174306222e-11,4.015632151942503e-11,3.420695896795466e-11,1.6890793865095148e-11,1.4475054053873946
0.64425,3.8380338712845074e-11,2.693199912302963e-11,4.009184831496621e-11,3.415167058072878e-11,1.6861931929316103e-11,1.6951549309844332
0.64446,3.827301251343425e-11,2.692519708757929e-11,4.008209216817591e-11,3.414304512896596e-11,1.6858971962468168e-11,1.6789190712762658
0.64466,3.684058129899774e-11,2.6932580481261555e-11,4.0124938010954876e-11,3.415404463458717e-11,1.6862188589620693e-11,1.4326777956220726
0.64487,3.324149506104953e-11,2.6962694052709016e-11,4.0136798796066404e-11,3.4190095617425326e-11,1.6882527912120606e-11,0.8552824788167221
0.64507,3.037038566896332e-11,2.6973811683563923e-11,4.021476432202961e-11,3.4255477906454255e-11,1.686077503991185e-11,0.44173101904609136
0.64528,2.7477164534168556e-11,2.6897710975790083e-11,4.0038946958015625e-11,3.410704850618747e-11,1.6842501195916732e-11,0.07167294023589407
0.64549,2.335984103966902e-11,2.688366057272337e-11,4.0019970932748146e-11,3.4090130112942775e-11,1.683345733160787e-11,-0.40286786885218
0.64569,2.1512001098306206e-11,2.6908278692104893e-11,4.0059650651680455e-11,3.412312787680318e-11,1.6845272922938035e-11,-0.5938085447012482
0.6459,1.7609695916414895e-11,2.6965094647349428e-11,4.014280540251007e-11,3.419395317859762e-11,1.6884552447956625e-11,-0.9433294251866869
0.64611,1.6706352866919274e-11,2.6681864066859786e-11,3.9720933453223737e-11,3.383483887479484e-11,1.6706352866919274e-11,-1.1152634208602938
0.64631,1.671434789934802e-11,2.6693177353278143e-11,3.9734987567448e-11,3.3847886923343796e-11,1.671434789934802e-11,-1.001952759626788
0.64652,1.923155154120241e-11,2.6678625661339637e-11,3.972219215619716e-11,3.3835009779228905e-11,1.6700904873397565e-11,-0.7905123640471549
0.64673,2.5740499549980525e-11,2.667364348582959e-11,3.97088667515922e-11,3.3825081714259956e-11,1.6700552211305724e-11,-0.11301534030697416
0.64693,2.8975906892248215e-11,2.6683899636286256e-11,3.972233449517729e-11,3.383687765398823e-11,1.6706772125499423e-11,0.29453066683326556
0.64714,3.119590555132946e-11,2.6687403877618216e-11,3.973146823501882e-11,3.384336556462386e-11,1.6706160407085784e-11,0.6020731121889119
0.64735,3.7756771441390727e-11,2.6687173174984042e-11,3.9724748801083646e-11,3.383984189634136e-11,1.6710658263105375e-11,1.6472589093034886
0.64756,3.587152873871781e-11,2.671556073039816e-11,3.976569964233094e-11,3.387531388176753e-11,1.6728580897105286e-11,1.3203143303583667
0.64776,3.679657241802527e-11,2.6591150728103242e-11,3.958146656064552e-11,3.371797897328159e-11,1.6650267291479162e-11,1.504373388427308
0.64797,3.846949609910349e-11,2.647977938687707e-11,3.9419344049125624e-11,3.357839238898184e-11,1.6579664307181488e-11,1.8268096930640167
0.64818,3.579266675699409e-11,2.621695208442312e-11,3.9055656360295006e-11,3.32456010219534e-11,1.6415808969832714e-11,1.4216290585391707
0.64839,3.691369028921721e-11,2.6265276041837897e-11,3.907727523728849e-11,3.329455367101292e-11,1.6447846985387913e-11,1.6030890408766534
0.64859,3.24786838452411e-11,2.6250282480538697e-11,3.921226443342378e-11,3.337407412247132e-11,1.641714034156481e-11,0.8502272525530954
0.6488,3.047376848773875e-11,2.6190284671119175e-11,3.907618196377208e-11,3.321362557311171e-11,1.63959692527571e-11,0.5820841027678135
0.64901,3.085895251543681e-11,2.6168099713538834e-11,3.896541392775589e-11,3.318740114650241e-11,1.638205864501222e-11,0.6427852602445739
0.64922,2.8396543282066416e-11,2.585438830356311e-11,3.849234248934848e-11,3.278693417270844e-11,1.6187365570982238e-11,0.33943366535856406
0.64942,1.8621919274899772e-11,2.5866525550132924e-11,3.850665939818752e-11,3.2800858280715435e-11,1.619530460718639e-11,-0.7923861348728448
0.64963,1.6141444119113202e-11,2.5781450252145366e-11,3.838056573862573e-11,3.2693276237082394e-11,1.6141444119113202e-11,-1.46572437232793
0.64984,1.6125880052415967e-11,2.5757942305096604e-11,3.835482770638083e-11,3.266717344595659e-11,1.6125880052415967e-11,-1.920093469019889
0.65005,1.6080475816227717e-11,2.5686213903261547e-11,3.8249089110611026e-11,3.2575752603596474e-11,1.6080475816227717e-11,-1.8838124165268006
0.65026,1.6088486176556536e-11,2.5686010525319014e-11,3.822920974416512e-11,3.256659293902511e-11,1.6088486176556536e-11,-1.8132016135249052
0.65046,1.6071863921639978e-11,2.5671252817767154e-11,3.822017537768772e-11,3.255507221316598e-11,1.6071863921639978e-11,-1.452402996017161
0.65067,1.6072477649646952e-11,2.5668424797495558e-11,3.821324916806933e-11,3.255003425937117e-11,1.6072477649646952e-11,-1.1783402704963555
0.65088,1.6063313795253832e-11,2.5656817464507567e-11,3.823655130195989e-11,3.253590693468693e-11,1.6063313795253832e-11,-1.400342576251171
0.65109,2.393518808937478e-11,2.617996004895036e-11,3.899896899275731e-11,3.3291353525202285e-11,1.6101322119629537e-11,-0.27978772337312424
0.6513,3.1992360675558706e-11,2.5724039651215235e-11,3.8296641495153493e-11,3.262125892571269e-11,1.6104695448723976e-11,0.8993028521280368
0.65151,3.442264808070355e-11,2.577024706524491e-11,3.835288776406889e-11,3.267454917127816e-11,1.6134186606143658e-11,1.2894057992586558
0.65172,3.7909742144490864e-11,2.5792039624988177e-11,3.8393276113841e-11,3.2705353380568166e-11,1.6148155385270193e-11,1.9073854605817675
0.65192,3.699137427711323e-11,2.5820578775339732e-11,3.844586725961679e-11,3.274367649010905e-11,1.616677910171644e-11,1.731287561667828
0.65213,3.467800763875592e-11,2.6020273023767675e-11,3.873914489836203e-11,3.299738747811505e-11,1.6290122531695508e-11,1.2408130967909998
0.65234,3.647259030864765e-11,2.6042972022674182e-11,3.876323235837237e-11,3.302094538012744e-11,1.6308044449978232e-11,1.5699956978927478
0.65255,3.490160797035253e-11,2.6047153229221055e-11,3.8776680726655004e-11,3.3030317065778705e-11,1.630853071885913e-11,1.308530916995474
0.65276,3.128358637598352e-11,2.600945224575824e-11,3.872047353190267e-11,3.298278977385971e-11,1.6283948527637722e-11,0.7348562353762118
0.65297,2.9049574733540225e-11,2.604312312218119e-11,3.8769035087282416e-11,3.302434381118842e-11,1.6307386432483118e-11,0.4019176513797396
0.65318,2.4573015027600714e-11,2.6032489553646423e-11,3.875504407964769e-11,3.3011972232422396e-11,1.6298467713793245e-11,-0.17936828584161862
0.65339,1.848997680794085e-11,2.6067503757560937e-11,3.8806158334640665e-11,3.305607758483767e-11,1.6319746148003375e-11,-0.8174215037366835
0.6536,1.636161631387271e-11,2.6133376904419702e-11,3.8917659347473145e-11,3.314103150808019e-11,1.636161631387271e-11,-1.2710082432281005
0.65381,1.6342803164332102e-11,2.6101590120408358e-11,3.885312640413602e-11,3.309752972121535e-11,1.6342803164332102e-11,-1.298915126465564
0.65402,2.1546814691252083e-11,2.608297490815668e-11,3.882701615145352e-11,3.3074417300968133e-11,1.633188787473723e-11,-0.5223336160902131
0.65423,2.6777794813586413e-11,2.6107546086185873e-11,3.886747580967089e-11,3.310761669644689e-11,1.6344529535060437e-11,0.08529792009620094
0.65444,3.1111371616650066e-11,2.6124254777192582e-11,3.889393488437605e-11,3.3129349050808036e-11,1.6354967335040765e-11,0.6877435455556999
0.65465,3.158012489376352e-11,2.6176902107260735e-11,3.8973200636514655e-11,3.319608170319111e-11,1.6389197184497123e-11,0.7493006849153525
0.65485,3.317806758193391e-11,2.6169146761703335e-11,3.8963481555801285e-11,3.318747085802573e-11,1.6382375665403427e-11,0.9990780045521666
0.65506,3.2800630117489136e-11,2.614821286189528e-11,3.8928710730004416e-11,3.315918613287819e-11,1.6371258922016566e-11,0.9432331365873243
0.65527,3.054876839059794e-11,2.6033828765685236e-11,3.8752621456848075e-11,3.3011974402548686e-11,1.6299562733513537e-11,0.6194887942511301
0.65548,3.370472495114618e-11,2.597681372118419e-11,3.8666979283192774e-11,3.293893827445443e-11,1.6265942863432794e-11,1.1241313617812763
0.65569,3.43908738583816e-11,2.5952349901102e-11,3.863328704315766e-11,3.290941410566978e-11,1.624801569334856e-11,1.242900212560908
0.65591,3.388280168712188e-11,2.5944674822738656e-11,3.8620605305136645e-11,3.289859994517502e-11,1.6246921317820794e-11,1.1610418529868374
0.65612,2.7561143357447455e-11,2.593515018794065e-11,3.860516702547997e-11,3.288630088224786e-11,1.6239251466592477e-11,0.21265874561126044
0.65633,2.0668949273531124e-11,2.5995992909853144e-11,3.877956687453716e-11,3.2964285883852876e-11,1.6277561927884823e-11,-0.6049998839870613
0.65654,1.6946124331878124e-11,2.601802943092947e-11,3.873252146352052e-11,3.299305737859145e-11,1.6290549996332443e-11,-0.9470942785866164
0.65675,1.627843376000737e-11,2.6002256673731042e-11,3.871246427111419e-11,3.297475776277575e-11,1.627843376000737e-11,-1.4516041883682387
0.65696,1.627485623989882e-11,2.5995058077756752e-11,3.8700502492318796e-11,3.2965007956795365e-11,1.627485623989882e-11,-1.510170831218341
0.65717,1.6256583032098465e-11,2.5963190144686206e-11,3.865011426545591e-11,3.29231625309813e-11,1.6256583032098465e-11,-1.3676012099338077
0.65738,2.0907000980611636e-11,2.5964836192871926e-11,3.86512040178084e-11,3.2924721658092984e-11,1.6257534865571815e-11,-0.5784000374888846
0.65759,2.9077906733004876e-11,2.5898218354453857e-11,3.85532956353682e-11,3.284072517562064e-11,1.6215909184438355e-11,0.4287723441943624
0.6578,3.255992380099394e-11,2.5919581945597117e-11,3.858491498507143e-11,3.286778713942359e-11,1.6229050080840564e-11,0.9507736364940695
0.65801,3.251523511664723e-11,2.59200117978995e-11,3.8580604198993525e-11,3.2865979948890414e-11,1.622982718586613e-11,0.9432848848663693
0.65822,3.237491739425483e-11,2.596210044237835e-11,3.864569263970279e-11,3.292055871619371e-11,1.625692341896172e-11,0.9130702006774616
0.65843,3.013305531746882e-11,2.5919766825644412e-11,3.858200853008872e-11,3.2866693475044284e-11,1.6229668192917147e-11,0.578078868158746
0.65864,2.8200599003973718e-11,2.592276383328328e-11,3.8585713589406085e-11,3.287034983000427e-11,1.6231000982981626e-11,0.3015835177224997
0.65886,2.897934470094079e-11,2.5951126872380888e-11,3.862985789011746e-11,3.2906907388499124e-11,1.6249210708571425e-11,0.40622002906326143
0.65907,2.6786369366484483e-11,2.6253783684408014e-11,3.903372597067244e-11,3.327244172497605e-11,1.6408309987855688e-11,0.0677266159854541
0.65928,2.5475569822731793e-11,2.6168921717292068e-11,3.895836989481208e-11,3.31847121791457e-11,1.6385538173089104e-11,-0.08591022852684109
0.65949,2.7048604993887548e-11,2.618603773095354e-11,3.8986760462329594e-11,3.3207599314004124e-11,1.639503752964703e-11,0.11016713396963569
0.6597,2.795618238015088e-11,2.6163540171956165e-11,3.895047837696502e-11,3.317836289696018e-11,1.638013394085391e-11,0.2329435175280166
0.65991,2.8028850938476372e-11,2.6143568729827743e-11,3.891949299664441e-11,3.315235154773469e-11,1.6368845762886548e-11,0.24578103374095497
0.66012,2.7421440181274998e-11,2.6108828892349937e-11,3.8868627922758e-11,3.310871514112977e-11,1.6346638893209764e-11,0.16949392331238985
0.66034,2.690451278987745e-11,2.6106326611562902e-11,3.886299579970616e-11,3.310461311922574e-11,1.634609138234503e-11,0.10215412406265598
0.66055,2.6306519674586406e-11,2.6104622951838112e-11,3.886254389576494e-11,3.310324960753201e-11,1.6345014693819014e-11,0.025638358784297245
0.66076,2.6371416613541753e-11,2.6097864754623806e-11,3.885288886085526e-11,3.309509913817716e-11,1.6339250124070774e-11,0.03452828985869752
0.66097,2.4280802769923067e-11,2.6115824772646096e-11,3.887674409468367e-11,3.311645825982503e-11,1.635228792809185e-11,-0.22298631255998622
0.66118,2.5664604195959672e-11,2.5962962935125916e-11,3.86481562535321e-11,3.29221656679861e-11,1.6256844563667466e-11,-0.03752455492959326
0.6614,2.6121872194698688e-11,2.592334679754074e-11,3.8588500813994254e-11,3.2871704628519734e-11,1.6231763733548347e-11,0.025280767964417576
0.66161,2.6072858785974286e-11,2.5936147505892485e-11,3.860698146539222e-11,3.288773614122476e-11,1.6240299841865997e-11,0.017446158132182872
0.66182,2.4513422852368148e-11,2.5845973917142684e-11,3.8475640498659075e-11,3.277464671546347e-11,1.6182560967519976e-11,-0.1652822148409759
0.66203,2.004835749494097e-11,2.5798249323172426e-11,3.840423359705714e-11,3.2714037123353903e-11,1.6152405293779482e-11,-0.651557807644751
0.66224,1.6929464029769562e-11,2.5794405310662312e-11,3.839728068617659e-11,3.2708615126853935e-11,1.615042168622057e-11,-0.9363300258078424
0.66246,1.858424811660588e-11,2.5776136752559557e-11,3.8374254008212016e-11,3.2687483476472505e-11,1.613877023720363e-11,-0.7898703023656036
0.66267,1.8997001942898424e-11,2.574087924384477e-11,3.8320970901415757e-11,3.264200345257714e-11,1.6116837700720802e-11,-0.749002489432014
0.66288,1.9664178069136484e-11,2.5668846820263046e-11,3.8212529928718056e-11,3.2550296444361635e-11,1.607136843130201e-11,-0.6796046946566607
0.66309,1.952972039358677e-11,2.5688697187070984e-11,3.824094092644421e-11,3.257472166302417e-11,1.6085200174334693e-11,-0.6941220186952222
0.66331,2.498217878132267e-11,2.5705022404998135e-11,3.826468341769363e-11,3.259544762933311e-11,1.609447233980744e-11,-0.09126449933936155
0.66352,2.580980381136791e-11,2.5699158955513152e-11,3.8254198668700016e-11,3.258693585573012e-11,1.6093059601444617e-11,0.014439260037861288
0.66373,2.7352175282434732e-11,2.5716268026025733e-11,3.8281851776145635e-11,3.2609790042859264e-11,1.6101960071000943e-11,0.21596402670727638
0.66395,2.8300567727577843e-11,2.5768356504170932e-11,3.836298235086512e-11,3.267758141883091e-11,1.6132482165485238e-11,0.3389733886311606
0.66416,2.7498574244885492e-11,2.5788122260216116e-11,3.8392989627143864e-11,3.270294206756873e-11,1.6144378348573292e-11,0.22518401464952806
0.66437,2.5658846560347687e-11,2.5858982114391746e-11,3.854813178125348e-11,3.27914915695645e-11,1.6190488255702034e-11,-0.02538458886652325
0.66459,2.1116351685083944e-11,2.5910301680092148e-11,3.857969151998494e-11,3.2859918446073483e-11,1.6219933380687837e-11,-0.552633447831645
0.6648,1.931710547316415e-11,2.591090145062794e-11,3.85713256969894e-11,3.285642095693273e-11,1.6224188802442452e-11,-0.7306068342905886
0.66501,1.9171344047450874e-11,2.5968054596034697e-11,3.868816626948807e-11,3.29286138029618e-11,1.6260993161852297e-11,-0.7482447754915869
0.66523,2.259365400910758e-11,2.596513300505754e-11,3.865226104674827e-11,3.2925381700285005e-11,1.625727328555916e-11,-0.39946463024943174
0.66544,2.735325954888686e-11,2.5958402604165028e-11,3.864357693993389e-11,3.2917455704802704e-11,1.6252789430982244e-11,0.18147078487581073
0.66565,2.724341148225473e-11,2.5906168829560688e-11,3.856710954258692e-11,3.28516183637674e-11,1.622066518730498e-11,0.17430734344989665
0.66587,3.1138692110527934e-11,2.5839422971446434e-11,3.84680655835067e-11,3.276720115091802e-11,1.6178261602071364e-11,0.7439587430342746
0.66608,3.285630173484092e-11,2.5793265629369982e-11,3.839949582416171e-11,3.2708731272788844e-11,1.614925892671436e-11,1.0243013675364392
0.66629,3.11303624263628e-11,2.570168689428978e-11,3.826037230077066e-11,3.2591387603486024e-11,1.6092668014139333e-11,0.7682275177409302
0.66651,3.22339459924718e-11,2.5701717308070493e-11,3.825948672461415e-11,3.259079228407629e-11,1.609435816323679e-11,0.9427543420638644
0.66672,3.151453115417213e-11,2.5673994837430277e-11,3.821933263253804e-11,3.2556385041696813e-11,1.607511392787756e-11,0.8334535277505765
0.66694,2.965570754293667e-11,2.566878594465131e-11,3.820965028489922e-11,3.2548781757837216e-11,1.6073070321198452e-11,0.5506696343971965
0.66715,2.64625981531065e-11,2.5687955340897586e-11,3.823263858855385e-11,3.257043767110783e-11,1.6088257105922767e-11,0.10113443102572212
0.66736,2.384692295687202e-11,2.5704503653350297e-11,3.826109831169131e-11,3.2593801858021445e-11,1.60932063108892e-11,-0.2293672720752989
0.66758,1.9399550833922743e-11,2.5774913092510937e-11,3.836276893665035e-11,3.2681398674563356e-11,1.6140039106037703e-11,-0.7129455564041695
0.66779,2.2222487519520764e-11,2.557543830318249e-11,3.806987458297227e-11,3.2430072048588396e-11,1.6014856558405785e-11,-0.40290298823311316
0.66801,2.469631386852975e-11,2.53041437561004e-11,3.7668693127773264e-11,3.2087047580185914e-11,1.5845015742775355e-11,-0.07790008861482002
0.66822,2.4205854225681144e-11,2.514591486989284e-11,3.74348845839664e-11,3.1887383395848304e-11,1.5744251426168286e-11,-0.12070752208343459
0.66844,2.5712527838911018e-11,2.5145863628899317e-11,3.743700088034817e-11,3.1890459370990116e-11,1.572717305918826e-11,0.0747003488164322
0.66865,2.324793797756701e-11,2.5171116663978272e-11,3.756566141819239e-11,3.191742995029642e-11,1.5761105390005416e-11,-0.24172246121677549
0.66887,2.3431436406247788e-11,2.5267533117604447e-11,3.760677011233426e-11,3.2037308089806835e-11,1.582312565550689e-11,-0.23024657036117852
0.66908,2.339289558939475e-11,2.5288597565510875e-11,3.7644702818130286e-11,3.206699978480665e-11,1.5834891920355928e-11,-0.23728023355305622
0.6693,2.250552218601129e-11,2.529809022322836e-11,3.7657158538715575e-11,3.207837944964871e-11,1.5841271677410225e-11,-0.3429794732741655
0.66951,1.863681488165738e-11,2.5243513008004233e-11,3.757009345009942e-11,3.2005151184897046e-11,1.5815058246099125e-11,-0.7476022244649393
0.66973,1.6706826320624928e-11,2.522692430992062e-11,3.7553263070257767e-11,3.198907039209376e-11,1.5794937940508927e-11,-0.9234464621366064
0.66994,1.8308736786969017e-11,2.522862471868847e-11,3.7590087890689816e-11,3.1995025705852083e-11,1.5793936585204972e-11,-0.7787787926526768
0.67016,1.965522943854966e-11,2.5239188205246123e-11,3.7617139854873396e-11,3.2008836684112134e-11,1.5801188886417447e-11,-0.6474643054623251
0.67037,2.0785955782653323e-11,2.5131579765506e-11,3.741585939356717e-11,3.187024965804845e-11,1.5734472825113443e-11,-0.5197591299064619
0.67059,2.2832352689246802e-11,2.5284419395560946e-11,3.765307636116747e-11,3.20810245186326e-11,1.5753139643284197e-11,-0.3066494428502093
0.6708,2.8457912589275004e-11,2.5198506002226335e-11,3.7520781002978246e-11,3.195737800441367e-11,1.577485050799004e-11,0.4529905671752544
0.67102,3.053465106200389e-11,2.5172586783247928e-11,3.74739951420515e-11,3.1920905134326975e-11,1.5761838693063946e-11,0.7754478348413231
0.67123,3.1854840277898947e-11,2.519353373678223e-11,3.7502916091043004e-11,3.194639895464999e-11,1.577556693613303e-11,0.9850734421510768
0.67145,2.9781611472425723e-11,2.5176364858428335e-11,3.747767411734175e-11,3.192483127512294e-11,1.5764620343131585e-11,0.6569549941657148
0.67166,2.9035656298845496e-11,2.5143968600897287e-11,3.743020466398623e-11,3.188390613983652e-11,1.5745129050125914e-11,0.548982950286767
0.67188,2.595706325886074e-11,2.5155478527454668e-11,3.74531676305823e-11,3.190112960352413e-11,1.5749931290955513e-11,0.10668471389412532
0.6721,2.5924712230068667e-11,2.5098371135518227e-11,3.7365746934988344e-11,3.182708915135012e-11,1.571513759469013e-11,0.11020985271750902
0.67231,2.4751047147648804e-11,2.5070106377524657e-11,3.732458008793456e-11,3.179250192888324e-11,1.5695688995359715e-11,-0.04168047936238528
0.67253,2.319493504766056e-11,2.504112728461936e-11,3.758118187551945e-11,3.190827052245546e-11,1.5678976119167243e-11,-0.2335439074481618
0.67274,2.891521176377711e-11,2.5130928117768273e-11,3.74148254709444e-11,3.186929534078687e-11,1.57346137489613e-11,0.5327919025013631
0.67296,2.5929816329358797e-11,2.5154813029288234e-11,3.7440685172145116e-11,3.189485410982331e-11,1.57542275527244e-11,0.10277526926426371
0.67318,1.7458319322160094e-11,2.516538603235276e-11,3.7454356394308065e-11,3.190806443121514e-11,1.5758010847978154e-11,-0.8531091571901441
0.67339,1.5802855334010268e-11,2.5236313578196452e-11,3.7556702294865564e-11,3.19966601229114e-11,1.5802855334010268e-11,-1.8713855521730802
0.67361,1.5787210490245085e-11,2.5208870917063777e-11,3.751597189942045e-11,3.196176043429978e-11,1.5787210490245085e-11,-2.4894500006261473
0.67383,1.5768864856038787e-11,2.518460330469087e-11,3.748363347923349e-11,3.193299504694863e-11,1.5768864856038787e-11,-2.198082695786621
0.67404,1.575176818730838e-11,2.5152790563379894e-11,3.7431168913593744e-11,3.189010662884122e-11,1.575176818730838e-11,-1.8163325138266604
0.67426,1.5706265706049704e-11,2.508123351307707e-11,3.732714814777955e-11,3.180048963823659e-11,1.5706265706049704e-11,-1.08988397829851
0.67448,2.1288454361830776e-11,2.507883732487065e-11,3.7326584725335726e-11,3.1798514712050666e-11,1.5705406713069897e-11,-0.4593961034170846
0.67469,2.9566715788825797e-11,2.5060716547994304e-11,3.730881127048354e-11,3.177998140515826e-11,1.5689072422369714e-11,0.6443040492126384
0.67491,3.134569068776891e-11,2.508426968581819e-11,3.7345884603583244e-11,3.181059444552917e-11,1.570383450339163e-11,0.9234219008372816
0.67513,2.8845234220537723e-11,2.5035520224829856e-11,3.727316274277234e-11,3.1748308329036537e-11,1.5676095308168262e-11,0.539205134786314
0.67534,2.424567968888559e-11,2.5075409824659998e-11,3.730984157051234e-11,3.179066829913322e-11,1.5673176557850783e-11,-0.1075246110508447
0.67556,1.9769827637072433e-11,2.5001825912036714e-11,3.7224521212028487e-11,3.170645643496675e-11,1.5653210477921894e-11,-0.616491238905593
0.67578,2.2208524685215072e-11,2.5083955440320933e-11,3.734700457257956e-11,3.181057387324328e-11,1.570524878757037e-11,-0.35549071623356604
0.67599,2.6648865814613132e-11,2.5040227626486792e-11,3.727995057421393e-11,3.175420183107623e-11,1.5678220281019298e-11,0.2182538869955994
0.67621,3.0969242741964775e-11,2.4978758478362792e-11,3.718473706684829e-11,3.1674333595585266e-11,1.5643277247275742e-11,0.8846216046733903
0.67643,3.244713323450832e-11,2.4919631967460573e-11,3.7098285152223345e-11,3.160054397613916e-11,1.5602880842457283e-11,1.1441157529011772
0.67665,3.076087638707966e-11,2.4916116091933163e-11,3.7091486662922443e-11,3.159529539016707e-11,1.56017326769547e-11,0.8625575371884185
0.67686,2.8677621925097385e-11,2.49300985611293e-11,3.711265386917998e-11,3.161337045913673e-11,1.560923178601024e-11,0.5316810208985361
0.67708,2.5728455478340914e-11,2.495309337584255e-11,3.714594479528866e-11,3.164203732525537e-11,1.5624372377556296e-11,0.10388636830643914
0.6773,2.3897753603239344e-11,2.49500417332945e-11,3.714208985915453e-11,3.163864122681391e-11,1.5621298503217752e-11,-0.13591021133971415
0.67752,2.1257273270381776e-11,2.5087553673237586e-11,3.730279969219485e-11,3.179362641951853e-11,1.5672382606914327e-11,-0.46596842591129856
0.67774,2.2903381173810473e-11,2.521194424777058e-11,3.7501631324515334e-11,3.1987022914415885e-11,1.5696587066319276e-11,-0.2907873820301375
0.67795,2.3062677554657307e-11,2.5019145311418038e-11,3.7246016799895195e-11,3.1726549770757965e-11,1.566509949102258e-11,-0.247190703536261
0.67817,2.7447522305135917e-11,2.5015984428682743e-11,3.724079841109984e-11,3.172246886516393e-11,1.5662483640742412e-11,0.3351891394613936
0.67839,3.123164186551808e-11,2.4990823841044366e-11,3.7206355914855963e-11,3.169181675243018e-11,1.5646211112186683e-11,0.9241860971656706
0.67861,3.142572414286304e-11,2.5024063364880103e-11,3.7370629175440656e-11,3.173326102236035e-11,1.5669209241603235e-11,0.9496337994430352
0.67883,3.2828932091014594e-11,2.505263813442676e-11,3.7297601923654624e-11,3.176993300534734e-11,1.5684861407974114e-11,1.1796578927723804
0.67904,3.28933185261837e-11,2.5077216519545882e-11,3.7331752203978447e-11,3.1800355016130934e-11,1.5701115638320362e-11,1.1854218146097677
0.67926,3.5299050795002134e-11,2.5066086048300213e-11,3.7383112982914286e-11,3.184259558370494e-11,1.569153340169577e-11,1.614821636449261
0.67948,3.4882150047192315e-11,2.5456837711826416e-11,3.761719863021587e-11,3.212251176375323e-11,1.6151634451739676e-11,1.4891121213781608
0.6797,3.185741935244089e-11,2.5070032314601185e-11,3.7319350098936107e-11,3.178983407937925e-11,1.5698573042158683e-11,1.0113148106164547
0.67992,2.808097903477462e-11,2.5336085328304478e-11,3.758811412193145e-11,3.2059719465390724e-11,1.5973168877897128e-11,0.38022989030927706
0.68014,2.121049376563158e-11,2.510765995944415e-11,3.7372776807274675e-11,3.183658027738498e-11,1.572220452933139e-11,-0.4708649280880584
0.68036,1.573631751467304e-11,2.513124359567318e-11,3.7564597715446976e-11,3.197608932234598e-11,1.573631751467304e-11,-1.2877588056699536
0.68057,1.5692133409618204e-11,2.535135090251158e-11,3.758362344525165e-11,3.207493390631579e-11,1.5692133409618204e-11,-1.71889851682319
0.68079,1.5725870396379893e-11,2.53290673776542e-11,3.765677911464607e-11,3.209116363522881e-11,1.5725870396379893e-11,-2.021698837624654
0.68101,1.5692882274504303e-11,2.506183860344626e-11,3.7304623405094266e-11,3.1778613899905976e-11,1.5692882274504303e-11,-2.26477142618122
0.68123,1.568271879691139e-11,2.5046616970851143e-11,3.72844335236138e-11,3.176046745112917e-11,1.568271879691139e-11,-2.04765630545463
0.68145,1.5695574028486254e-11,2.5068751075831812e-11,3.7316760313119467e-11,3.1788343174378295e-11,1.5695574028486254e-11,-1.3671072289501012
0.68167,2.4567544384849266e-11,2.5129490110125852e-11,3.740405251752052e-11,3.186380886705944e-11,1.5735441221668546e-11,-0.07272720908670523
0.68189,2.9730016025202054e-11,2.507995548044965e-11,3.733224755672434e-11,3.180179600523847e-11,1.570430266013514e-11,0.6664395495466834
0.68211,3.144138955307371e-11,2.4997751194954966e-11,3.721050817148546e-11,3.1697936690591136e-11,1.5652178733708566e-11,0.9570828932173597
0.68233,2.8695090402584634e-11,2.495612558520806e-11,3.715166451085525e-11,3.164658037811625e-11,1.5624718394488948e-11,0.5296116525009006
0.68255,2.654875899356153e-11,2.4940564136877146e-11,3.7128361206890075e-11,3.16266866839474e-11,1.56158508968094e-11,0.21897519335529964
0.68277,2.0986949500538472e-11,2.4944577326249093e-11,3.713475664715052e-11,3.163197535130626e-11,1.5618299048844095e-11,-0.48055228442728065
0.68299,2.027900498653499e-11,2.4937598605628376e-11,3.712320756203993e-11,3.162268081342488e-11,1.5613706456810046e-11,-0.557198148800526
0.68321,2.1672485525712752e-11,2.4956500296456565e-11,3.714481233170396e-11,3.164349117229742e-11,1.5627905238175417e-11,-0.4043210023407755
0.68343,2.462090356220114e-11,2.4941075106106173e-11,3.7127074601918435e-11,3.162653238953516e-11,1.561637658637931e-11,-0.0419805869560846
0.68365,2.6565840262391517e-11,2.505639284622139e-11,3.721795428573115e-11,3.1728008468001036e-11,1.5755760242022614e-11,0.20279448746353587
0.68387,2.441108994747764e-11,2.4914682379075817e-11,3.7088346120797424e-11,3.1593088495027326e-11,1.5600729855125773e-11,-0.06570568027999041
0.68409,1.9735727222816627e-11,2.4907545089922988e-11,3.7080799138238927e-11,3.1583576664223465e-11,1.5596174104074496e-11,-0.612098352363689
0.68431,1.74472311513257e-11,2.4968524509177107e-11,3.7251066558600026e-11,3.171009421279907e-11,1.5633005566905898e-11,-0.8418166549776668
0.68453,1.6173348330325535e-11,2.496555591379589e-11,3.7171430223772025e-11,3.166053902520679e-11,1.5630791243597326e-11,-0.9546341520419579
0.68475,2.1543308590302853e-11,2.4911032323248553e-11,3.708907031734044e-11,3.159154960179773e-11,1.5594424732846398e-11,-0.4149689818592479
0.68497,2.615608837717566e-11,2.4967715970595996e-11,3.720515286183087e-11,3.166688477915326e-11,1.5632363559962112e-11,0.16030937941412968
0.68519,2.535723907816978e-11,2.506536866539587e-11,3.731044168700438e-11,3.178342889807492e-11,1.569409494952975e-11,0.0383527263804704
0.68541,2.159052240916933e-11,2.4993864816306716e-11,3.7216283404801805e-11,3.1698232811423104e-11,1.5645117946911808e-11,-0.41784194398732755
0.68563,2.4680517972201252e-11,2.4971962359312825e-11,3.731758791670703e-11,3.175211806817493e-11,1.5634493756009674e-11,-0.038225719351858055
0.68585,2.610710464064278e-11,2.5146080509773767e-11,3.7456349311550125e-11,3.193771775388247e-11,1.5651246774553887e-11,0.12945362520974935
0.68607,2.3572227526280593e-11,2.502700348604751e-11,3.744452565310661e-11,3.188236093414783e-11,1.566901435220436e-11,-0.1857312719520355
0.68629,2.1565771051801592e-11,2.510841132432779e-11,3.737556675700728e-11,3.1838326028570915e-11,1.5721923191363388e-11,-0.4313478807195297
0.68651,2.0481713521855873e-11,2.5067939831401744e-11,3.7315115021934294e-11,3.1786956659391466e-11,1.5696418355592643e-11,-0.5467571385746198
0.68674,2.5481784824118798e-11,2.5431147187041068e-11,3.783876969986484e-11,3.229542588900045e-11,1.572290367351561e-11,0.006752053031011869
0.68696,2.411575153546631e-11,2.505558690662074e-11,3.729642588292482e-11,3.177144190493299e-11,1.568755051001848e-11,-0.12115364293565091
0.68718,2.8779709484646714e-11,2.5031980212770705e-11,3.72611033233155e-11,3.174104161955039e-11,1.5674692144436514e-11,0.5295542616382624
0.6874,3.236310336615395e-11,2.4990530449484967e-11,3.7200199260936764e-11,3.1688850976449455e-11,1.5648318982786602e-11,1.1137570534298373
0.68762,3.598046888790349e-11,2.501007321420721e-11,3.726610770705813e-11,3.1722604028691146e-11,1.565826728987096e-11,1.7609901509181953
0.68784,3.506838235088973e-11,2.4945205708339457e-11,3.7158313627664e-11,3.163293773305662e-11,1.5618552027904387e-11,1.6056695220801684
0.68806,3.0316328180022953e-11,2.4973871815531464e-11,3.721850615539847e-11,3.16746304753855e-11,1.563472292330372e-11,0.7789307390765828
0.68828,2.295075653833622e-11,2.500756347664362e-11,3.722212911355794e-11,3.1709007436267497e-11,1.5658740118032082e-11,-0.25943881071221747
0.68851,1.885274712685725e-11,2.5003108927320027e-11,3.721760943976237e-11,3.170417084597575e-11,1.565689415533271e-11,-0.7095617850496803
0.68873,1.565330053422931e-11,2.500050815242554e-11,3.721535392078573e-11,3.1701841412052106e-11,1.565330053422931e-11,-1.0644379262680128
0.68895,1.7872413516228236e-11,2.4993660104927426e-11,3.721179172166131e-11,3.1693868006485354e-11,1.5649105660700642e-11,-0.8037990109855084
0.68917,2.4860767936147656e-11,2.5040146651919357e-11,3.733044914294923e-11,3.175134300073147e-11,1.5680241699904123e-11,-0.02326047637091151
0.68939,3.017955689656138e-11,2.5049972391541975e-11,3.7288269248068665e-11,3.176409397653033e-11,1.568506373441742e-11,0.7424651238420912
0.68962,3.2032548293523104e-11,2.498627799558642e-11,3.719587232620856e-11,3.1684307342418115e-11,1.5645276975074376e-11,1.058786910626981
0.68984,3.177463052689463e-11,2.5003244602002982e-11,3.7222987821438674e-11,3.17068126329309e-11,1.5653921995215372e-11,1.0112899109783147
0.69006,2.7863227309854034e-11,2.504301908160486e-11,3.7281380088672496e-11,3.175674205110701e-11,1.5680574811441637e-11,0.3914869048431034
0.69028,2.2951780575049356e-11,2.5004397726761777e-11,3.722073248781456e-11,3.1706236795544196e-11,1.565791344632295e-11,-0.25875868707506555
0.69051,2.0108896144276682e-11,2.5033687630647713e-11,3.7264361763012903e-11,3.174360770138364e-11,1.5674417336114492e-11,-0.5835155453718387
0.69073,2.207313191667883e-11,2.5028924605475053e-11,3.725359458838252e-11,3.173628911958895e-11,1.5669040608133206e-11,-0.36606026091309957
0.69095,2.0285376000415107e-11,2.5468088851786982e-11,3.760864360651457e-11,3.21380318101194e-11,1.576624488792166e-11,-0.6189211481540478
0.69117,1.7809742384386266e-11,2.4995231297113716e-11,3.721015324219715e-11,3.169707369358846e-11,1.5648903375478143e-11,-0.8099000977108207
0.6914,1.919473444305782e-11,2.5007346681720516e-11,3.721577642301225e-11,3.1706029635166855e-11,1.5660297700615805e-11,-0.6755815178849097
0.69162,1.5756359902040294e-11,2.509946019501034e-11,3.736441571752556e-11,3.1827948413545573e-11,1.5715301315367417e-11,-0.9966715668533962
0.69184,1.5739496338597015e-11,2.5330771948937282e-11,3.77394925399541e-11,3.2181656231694904e-11,1.5739496338597015e-11,-1.958037481208026
0.69206,1.5749923119801077e-11,2.5148718547943897e-11,3.742809821205563e-11,3.188601973141459e-11,1.5749923119801077e-11,-2.7995454447699197
0.69229,1.57792740023137e-11,2.5303834529658664e-11,3.759947126154314e-11,3.205981399650662e-11,1.57792740023137e-11,-3.2639793253033136
0.69251,1.5759605216093575e-11,2.516245723636132e-11,3.744495641472745e-11,3.190238170068504e-11,1.5759605216093575e-11,-2.065987948447912
0.69273,1.9259179160198943e-11,2.5077838809634446e-11,3.736817844287653e-11,3.18251991164561e-11,1.5680099154555376e-11,-0.6766046574660521
0.69296,2.6751134114214288e-11,2.506766164272112e-11,3.7319030254068366e-11,3.178841005907364e-11,1.5695757053502502e-11,0.22851866415489358
0.69318,3.2026787589728697e-11,2.5103390900954617e-11,3.7377302816229515e-11,3.1835941519385646e-11,1.5716454044674997e-11,1.0328868719121322
0.6934,3.018988218886804e-11,2.5039951452026254e-11,3.727606626733136e-11,3.17526396691542e-11,1.567791105039738e-11,0.7461300741470034
0.69363,3.3356582273979796e-11,2.5007949799531656e-11,3.722912614347406e-11,3.1712466092492675e-11,1.5657304318079453e-11,1.2815886770642688
0.69385,3.027199062375783e-11,2.508071069563249e-11,3.731390635408606e-11,3.1804699665224013e-11,1.5676812354140803e-11,0.7548412133593428
0.69407,2.7528830441959697e-11,2.4833349304171392e-11,3.6975930843508525e-11,3.1491706887924144e-11,1.5548441348523625e-11,0.3766283452806811
0.6943,2.6688121944210612e-11,2.4786003104271647e-11,3.7001076159334776e-11,3.143110502629078e-11,1.5519061810674775e-11,0.2622229414530328
0.69452,2.5679417170813538e-11,2.477169969507969e-11,3.687566145908549e-11,3.141168712836748e-11,1.5512238738561567e-11,0.12309362204896113
0.69475,2.725160522599567e-11,2.4616139617812167e-11,3.6641915367199215e-11,3.1213557291727215e-11,1.541399183411885e-11,0.3708683537185159
0.69497,2.8855772480822412e-11,2.4634754317518814e-11,3.6675019307710254e-11,3.123984335627816e-11,1.542318962681288e-11,0.6118704259318852
0.69519,2.7239570691974386e-11,2.4837823538077604e-11,3.685202937777801e-11,3.143869048176192e-11,1.5421893316186303e-11,0.33905244346844615
0.69542,2.7395422480010558e-11,2.463251601714302e-11,3.667278135179003e-11,3.123710088653281e-11,1.5423295850196046e-11,0.38980930730943375
0.69564,2.8249956554007285e-11,2.4636474389241643e-11,3.666936408659439e-11,3.123814715121007e-11,1.5427337922629332e-11,0.5176986836693015
0.69587,2.571626781280552e-11,2.46276688071029e-11,3.666201883056644e-11,3.122955733826281e-11,1.542074241558701e-11,0.14875832933095212
0.69609,2.3270831553381845e-11,2.4666532251993893e-11,3.672001061544738e-11,3.1279044516580656e-11,1.544426025180028e-11,-0.1808964602418605
0.69632,2.3909554785908202e-11,2.461273016571443e-11,3.663912029830914e-11,3.12104683618028e-11,1.5410806120650042e-11,-0.0926493211326262
0.69654,1.9675489021334523e-11,2.4627731925734147e-11,3.666213091129941e-11,3.122977777883162e-11,1.54200151319991e-11,-0.5950174992944238
0.69677,1.5426323668390698e-11,2.4636112307158153e-11,3.667296984119646e-11,3.123958358740772e-11,1.5426323668390698e-11,-1.184461706925814
0.69699,1.543666185330776e-11,2.465431637286113e-11,3.670061423324508e-11,3.1263067987417346e-11,1.543666185330776e-11,-1.6167651114762576
0.69721,1.5456644111096743e-11,2.4685929888605597e-11,3.6749146949079066e-11,3.130369580068146e-11,1.5456644111096743e-11,-1.6272683372873329
0.69744,1.779215552350483e-11,2.4741377888813585e-11,3.683132811885166e-11,3.137390641320975e-11,1.5491447781289028e-11,-0.7942171821193371
0.69766,2.4905130525118268e-11,2.4786520294566813e-11,3.7174725141311975e-11,3.143030619968833e-11,1.551969632327599e-11,0.015798396352087376
0.69789,2.7750982049776746e-11,2.5177076663462363e-11,3.7882351629361664e-11,3.236254995899186e-11,1.5453816925693453e-11,0.3680892203770393
0.69811,3.430458733968688e-11,2.4551306500291352e-11,3.6547197390293556e-11,3.1132007991931734e-11,1.5373703857036045e-11,1.5664920114200955
0.69834,3.7561738167740963e-11,2.453146358025552e-11,3.65181340132172e-11,3.1107311211163405e-11,1.5360357441808385e-11,2.211228563864576
0.69857,3.788262301452311e-11,2.4807597878248584e-11,3.6899716315873225e-11,3.1489821221677166e-11,1.528692038362894e-11,2.183145972485846
0.69879,3.737249834416714e-11,2.4599630893742596e-11,3.661819206559547e-11,3.1192731489278254e-11,1.5403402921775726e-11,2.1215141967730826
0.69902,3.866942802256465e-11,2.463908036439266e-11,3.668193115787022e-11,3.124551350890953e-11,1.542571225848583e-11,2.406639937398371
0.69924,3.718764626052119e-11,2.4637422761531862e-11,3.668092899764254e-11,3.124375498005709e-11,1.5425369619311373e-11,2.1033829029208073
0.69947,3.3884059390505654e-11,2.460195424329581e-11,3.661922022587241e-11,3.1195082086830555e-11,1.5404951901304052e-11,1.474742407084723
0.69969,3.360145761575661e-11,2.45517105336742e-11,3.654360496470619e-11,3.1130941410195435e-11,1.5374435726829337e-11,1.4357876521821256
0.69992,3.302062744240308e-11,2.4563598261389558e-11,3.6559237052326e-11,3.114478725027919e-11,1.53834016767384e-11,1.3264729415045349
0.70014,3.145711630974399e-11,2.459343888973039e-11,3.660556016839395e-11,3.1183755570016815e-11,1.5400705389833982e-11,1.0461198761704156
0.70037,3.226070363804278e-11,2.4645371366351324e-11,3.668977357392502e-11,3.125279934334756e-11,1.5430240005669294e-11,1.1734479125228081
0.7006,2.8870097652347754e-11,2.464530250371387e-11,3.6692441729665736e-11,3.125354915667124e-11,1.5430418825137836e-11,0.6124296123231863
0.70082,2.4612970956402944e-11,2.4690717943444154e-11,3.6765668017790264e-11,3.1313944461165155e-11,1.5457317619370712e-11,-0.010375897615378396
0.70105,2.531161705521028e-11,2.4703796888733435e-11,3.677073054513184e-11,3.1324719984767856e-11,1.5462124953530763e-11,0.08187096611095525
0.70128,1.5414854680087058e-11,2.4639086253871476e-11,3.669525668762239e-11,3.125255853549801e-11,1.5414854680087058e-11,-1.4562679428158776
0.7015,1.534972265774108e-11,2.4520973850458246e-11,3.652565631183903e-11,3.110416511488514e-11,1.534972265774108e-11,-2.3085982397982603
0.70173,1.5318842912250338e-11,2.4466244901475817e-11,3.642148841226639e-11,3.102489959762162e-11,1.5318842912250338e-11,-2.920174433001247
0.70195,1.5328714395059833e-11,2.4483500975461853e-11,3.644869012551967e-11,3.104752821126716e-11,1.5328714395059833e-11,-2.2894133868623974
0.70218,1.532128541233296e-11,2.4467792165010253e-11,3.641768606830696e-11,3.102324017073926e-11,1.532128541233296e-11,-1.5039963066824147
0.70241,1.5308545991728573e-11,2.4448503973916726e-11,3.6576502134215904e-11,3.107233373167394e-11,1.5308545991728573e-11,-1.2086344485022367
0.70263,1.730170260180328e-11,2.49440472620599e-11,3.6854926952684624e-11,3.1478275095611594e-11,1.5707181888436398e-11,-0.8432427418935279
0.70286,2.222855448262284e-11,2.453276375949053e-11,3.6521456796251755e-11,3.1109669002295064e-11,1.5360026859911143e-11,-0.29454852307503776
0.70309,2.4420503263217984e-11,2.4451889992335938e-11,3.6443904807677546e-11,3.1021292232821974e-11,1.53103445830158e-11,-0.004117306556427443
0.70332,2.462842902727249e-11,2.444379706617789e-11,3.6389373652632265e-11,3.099685876194993e-11,1.5305452154487238e-11,0.025076584254739555
0.70354,2.494339840780823e-11,2.442401314923453e-11,3.635998483435593e-11,3.0971884448539746e-11,1.5292517224255797e-11,0.07074740389836766
0.70377,2.1920736990641834e-11,2.4333540174770015e-11,3.622482697391671e-11,3.0856960176547446e-11,1.5235943186152206e-11,-0.31000890507408274
0.704,1.8995225738178288e-11,2.418068317510207e-11,3.599644991515989e-11,3.066304531766168e-11,1.5138678535658023e-11,-0.629967420671404
0.70422,2.187055084279757e-11,2.4080951021490406e-11,3.584389600147379e-11,3.0534313751655706e-11,1.5078706643391447e-11,-0.28807940573887925
0.70445,2.685675648983209e-11,2.3946840813654656e-11,3.5646372371384366e-11,3.0365302531457504e-11,1.4994885931646173e-11,0.4242074467649775
0.70468,2.984536341144213e-11,2.3892955471840324e-11,3.556683257847242e-11,3.0297514965442496e-11,1.4959641701319026e-11,0.9213611109699473
0.70491,3.1913247374171644e-11,2.3910463454237497e-11,3.559062792884561e-11,3.0318480646178004e-11,1.4972727062046458e-11,1.2852449042114595
0.70513,3.3371172228565e-11,2.3951359601743094e-11,3.5655691773121054e-11,3.037225001618303e-11,1.4996331457976354e-11,1.5482509405490144
0.70536,3.342181556913616e-11,2.3968683908522683e-11,3.567536336172932e-11,3.039173407694188e-11,1.5009309297404705e-11,1.5525783319127566
0.70559,3.006054710303993e-11,2.3926482914498693e-11,3.561442394928791e-11,3.033903712752427e-11,1.498114917606142e-11,0.9510639666961102
0.70582,2.8783429004616067e-11,2.3936999451459003e-11,3.5632742825628605e-11,3.0353415405594944e-11,1.4987528933468697e-11,0.7333463305587545
0.70605,2.4969914313638364e-11,2.4147810652472003e-11,3.570831273987218e-11,3.048094337195064e-11,1.5402458607218512e-11,0.11449775932770016
0.70627,2.6216386843364565e-11,2.380980313305337e-11,3.5446433086597855e-11,3.0193437352331056e-11,1.4907244275466388e-11,0.3492866265643009
0.7065,2.5588860793630096e-11,2.3834286946772207e-11,3.548454757886849e-11,3.022528076928343e-11,1.492106376865174e-11,0.22367394367649282
0.70673,2.7520068346655746e-11,2.3713397234016156e-11,3.530364151089515e-11,3.007146028658956e-11,1.4847037520924795e-11,0.5705966207685966
0.70696,2.5717572549509965e-11,2.3708592271348767e-11,3.534055282238394e-11,3.0063709342857846e-11,1.484432407061108e-11,0.2906732435480277
0.70719,2.5235351513673638e-11,2.3693798795993754e-11,3.527342159530877e-11,3.0046149430016745e-11,1.483498068081514e-11,0.2210191058212873
0.70741,2.230820657789645e-11,2.36619360686447e-11,3.52257089961079e-11,3.000568728213433e-11,1.4814801810408305e-11,-0.1828807684474952
0.70764,2.0794099394308637e-11,2.3658528409045555e-11,3.522011377274564e-11,3.000118230345697e-11,1.4812553123238142e-11,-0.37426740723354907
0.70787,2.065861365833967e-11,2.3693360187135463e-11,3.5272837268910796e-11,3.004582306478375e-11,1.483345676594274e-11,-0.3945552282881942
0.7081,1.9878481381502037e-11,2.3701662081941535e-11,3.5282950684607765e-11,3.00552477491748e-11,1.4840065059494645e-11,-0.4878807581065154
0.70833,1.7815555160085375e-11,2.3716329807856078e-11,3.5305156175057494e-11,3.007403188734828e-11,1.4848987106402523e-11,-0.7167249856837351
0.70856,1.4868357367732206e-11,2.3747419083100424e-11,3.5357924993807725e-11,3.011564735675175e-11,1.4868357367732206e-11,-1.2741655368558924
0.70879,1.488197071928638e-11,2.377048655084912e-11,3.53889025495028e-11,3.0144683178948616e-11,1.488197071928638e-11,-1.92207675730498
0.70902,1.4837148832588385e-11,2.371980949865149e-11,3.532845090207249e-11,3.009004757105108e-11,1.4837148832588385e-11,-2.4688189937218565
0.70925,1.4826077523323578e-11,2.3678039008450844e-11,3.524828235644003e-11,3.002536108686115e-11,1.4826077523323578e-11,-2.295312840984586
0.70947,1.4799805567953195e-11,2.38014063653241e-11,3.550098621120943e-11,3.023950566971181e-11,1.4799805567953195e-11,-1.660278130734094
0.7097,2.014402638706268e-11,2.3740097305357573e-11,3.533734098768797e-11,3.01026141576175e-11,1.4865613262141472e-11,-0.4604688165178246
0.70993,2.8385585677867244e-11,2.3759961557628233e-11,3.540719721713017e-11,3.012849370548706e-11,1.4877966135661117e-11,0.7029035031773956
0.71016,3.427814064040904e-11,2.4200847954828e-11,3.594258340859114e-11,3.069426800974358e-11,1.4944763447469807e-11,1.7145739562924034
0.71039,3.7019401978203444e-11,2.376937912228714e-11,3.538336583779463e-11,3.014073879057357e-11,1.4883368741733663e-11,2.34438312949701
0.71062,3.4776965456458115e-11,2.3762743743299966e-11,3.537519583421541e-11,3.0133369361760775e-11,1.4878032489101236e-11,1.8781947455997416
0.71085,3.2305243656204755e-11,2.3730329670353955e-11,3.532588125893279e-11,3.0091711742688974e-11,1.4858623391146164e-11,1.4034737213104846
0.71108,2.69620978570811e-11,2.370736806608621e-11,3.528959804906488e-11,3.006156637530011e-11,1.484482963053477e-11,0.48271163221075064
0.71131,2.368766605787816e-11,2.3677869990089637e-11,3.524777464278683e-11,3.0025154677335073e-11,1.4825377228440718e-11,0.0013607391908605293
0.71154,1.9674537179567143e-11,2.3662392957091777e-11,3.5221148335773936e-11,3.000386168929441e-11,1.481653920644373e-11,-0.5076486643839029
0.71177,1.4867492293330927e-11,2.358524225026287e-11,3.5105021129186694e-11,2.9904626503826886e-11,1.4774883273110293e-11,-0.9908463895772043
0.712,1.4773077313127845e-11,2.3593987198165676e-11,3.512557875004493e-11,2.9919788994366415e-11,1.4773077313127845e-11,-1.6630367518464073
0.71223,1.9321157197161035e-11,2.36515752023485e-11,3.5213090723506836e-11,2.9993681250293993e-11,1.4808021387156338e-11,-0.5472625341803744
0.71246,1.9311599611048165e-11,2.3723175642310393e-11,3.5337995160774084e-11,3.009340300532095e-11,1.4849772984916443e-11,-0.555190155298965
0.71269,2.210444526246375e-11,2.3663843346174696e-11,3.5228840292790084e-11,3.0008207826676324e-11,1.4816125605836547e-11,-0.20968121120501337
0.71292,2.3282793386738126e-11,2.3603162879747893e-11,3.513821352347864e-11,2.993141499044142e-11,1.4776488518612147e-11,-0.04464673985628072
0.71315,2.8671627147844642e-11,2.363356169554301e-11,3.518111003949956e-11,2.996862312673961e-11,1.4797847835407445e-11,0.7759848043697785
0.71338,3.101479643376636e-11,2.369947382152072e-11,3.525843399127456e-11,3.004272516934459e-11,1.4844835809808828e-11,1.1631663127082417
0.71361,3.1126861225458116e-11,2.3657604013575348e-11,3.520650289723416e-11,2.999467809615012e-11,1.4815103505581874e-11,1.2016946869086294
0.71385,2.5531183954914272e-11,2.408630553650023e-11,3.563076601181679e-11,3.044577991124094e-11,1.5329075525897012e-11,0.20709905410856103
0.71408,2.3955261594167794e-11,2.3540403799098464e-11,3.5041424261512276e-11,2.984999229053843e-11,1.4740318184063992e-11,0.058597681597919504
0.71431,2.4632519845428908e-11,2.3535678031302705e-11,3.5035249841326364e-11,2.9844521521332884e-11,1.4736214198809452e-11,0.15681077378195582
0.71454,2.3888833637929394e-11,2.377536979995507e-11,3.540040435899074e-11,3.018572918338417e-11,1.475599831363589e-11,0.01574266096363157
0.71477,2.4052602663627706e-11,2.3544130362978882e-11,3.5049822486279144e-11,2.985594294458325e-11,1.474186721091883e-11,0.07189604928627016
0.715,2.542547503284136e-11,2.358987064004805e-11,3.5109034772156526e-11,2.9909928860749644e-11,1.4773281305279236e-11,0.26602974276810093
0.71523,2.6673472614313234e-11,2.3592788676046443e-11,3.520277317037981e-11,2.9980535158614126e-11,1.477096168517516e-11,0.4574851580826125
0.71546,2.7762130382694327e-11,2.3579755327480063e-11,3.5098888552717534e-11,2.989916383419246e-11,1.476653972455921e-11,0.635661036208411
0.71569,2.3318112553164768e-11,2.3533874909860878e-11,3.503032797195649e-11,2.9841842746831326e-11,1.473542854724245e-11,-0.03005250749150806
0.71593,1.4747348799402975e-11,2.3551379138157897e-11,3.5053716155722254e-11,2.986225157650159e-11,1.4747348799402975e-11,-1.126965571497097
0.71616,1.5192155581383187e-11,2.4026388204372065e-11,3.549168626522152e-11,3.03137660154392e-11,1.5192155581383187e-11,-1.4550785986757684
0.71639,1.4761822815246407e-11,2.359469929818461e-11,3.520216369546874e-11,2.9968322046132446e-11,1.4761822815246407e-11,-2.265198707535196
0.71662,1.479015064231579e-11,2.3619446611061565e-11,3.516492241120945e-11,2.9950627539961885e-11,1.479015064231579e-11,-2.104751217861411
0.71685,1.4776443452536446e-11,2.3599224818792645e-11,3.522543462979247e-11,2.992595338408328e-11,1.4776443452536446e-11,-1.8495263214045168
0.71708,1.475347203730782e-11,2.3561557538934255e-11,3.5157014895639023e-11,2.9890480531284426e-11,1.475347203730782e-11,-1.0605243589276054
0.71732,2.08952753478224e-11,2.361341981412028e-11,3.515796931293772e-11,2.99454780947398e-11,1.4785064898148352e-11,-0.35682778000362614
0.71755,2.926004666032624e-11,2.3617385672510395e-11,3.515802258886874e-11,2.9948622360276593e-11,1.4787381110340386e-11,0.8797768053771838
0.71778,3.185875392124074e-11,2.3576679359063342e-11,3.5098373715510213e-11,2.989722386549594e-11,1.4761428564893153e-11,1.3585831646970623
0.71801,2.988916984100697e-11,2.375045069353619e-11,3.5382075300755556e-11,3.013518476321272e-11,1.4871273965525592e-11,0.959914673323721
0.71825,2.8932398110868367e-11,2.3787401607379396e-11,3.542485794053056e-11,3.0168673627683713e-11,1.4893078214768143e-11,0.7892093708211387
0.71848,2.575387333376621e-11,2.3796986840136933e-11,3.541990375732884e-11,3.017384667871562e-11,1.4901427284391863e-11,0.28159155103623446
0.71871,2.0393812777197552e-11,2.374274382134556e-11,3.53473618302203e-11,3.010871226432882e-11,1.486507661904144e-11,-0.4313800865523591
0.71894,1.966278767185215e-11,2.3700766615805308e-11,3.527815880897201e-11,3.005249115079543e-11,1.4841145837722295e-11,-0.5126157660404451
0.71918,2.0139979980332123e-11,2.369846524627766e-11,3.527612790334534e-11,3.005008961900714e-11,1.4839850136118604e-11,-0.4567399831285185
0.71941,2.069386250083127e-11,2.3726201862340263e-11,3.5311149264577276e-11,3.008344066068034e-11,1.4856859089343016e-11,-0.39348188555555563
0.71964,2.4412308650802174e-11,2.3736391355908166e-11,3.5340106544039565e-11,3.010148511329632e-11,1.4860672477593204e-11,0.0949611539731368
0.71987,2.5511279380639033e-11,2.37666560597779e-11,3.538966044040921e-11,3.0140925485441544e-11,1.4880360261189108e-11,0.25054850050831484
0.72011,2.4457832388042756e-11,2.3736042826873247e-11,3.533367401462691e-11,3.0098604250680975e-11,1.4861852228505866e-11,0.10152000460740987
0.72034,2.2375625267259357e-11,2.3772082018429347e-11,3.538614894918409e-11,3.014374792349516e-11,1.4884862621852067e-11,-0.18756101391170268
0.72057,2.419983568728524e-11,2.3884957202959266e-11,3.571588011692499e-11,3.038240072209515e-11,1.4955352718238016e-11,0.04366626197444508
0.72081,2.6781458112690297e-11,2.4196324128557333e-11,3.597586076808446e-11,3.0692854611968366e-11,1.495394347102933e-11,0.3800959201383953
0.72104,2.541227576213216e-11,2.395182873691494e-11,3.5811234556016983e-11,3.039130227388046e-11,1.4996814794218876e-11,0.20662010184803517
0.72127,2.98881473497995e-11,2.437497979843632e-11,3.631635198995921e-11,3.089728795125273e-11,1.5123582875712034e-11,0.8408980851398428
0.72151,3.4542352920710265e-11,2.4169290185107217e-11,3.5982836355475004e-11,3.0649848585868565e-11,1.513200829186426e-11,1.7154558360962044
0.72174,3.3728140675926116e-11,2.4167718583098006e-11,3.607444825097748e-11,3.066029256460237e-11,1.5129817487257165e-11,1.5597959470593878
0.72198,3.1050486871103064e-11,2.4242755186873383e-11,3.619058765726322e-11,3.0834556973144294e-11,1.5155616165288495e-11,1.0567832495947667
0.72221,2.789589101359629e-11,2.4279552767251648e-11,3.6141651870807495e-11,3.078706811607022e-11,1.5204007648032068e-11,0.5267869421435061
0.72244,1.5312100398428868e-11,2.4455396930665544e-11,3.640616538600129e-11,3.1011524277884495e-11,1.5312100398428868e-11,-1.5885819644447907
0.72268,1.529182058899017e-11,2.4423075580524074e-11,3.6381987185104963e-11,3.097446519955685e-11,1.529182058899017e-11,-3.228472864042355
0.72291,1.5321268661275262e-11,2.4471820301411107e-11,3.6439161401906444e-11,3.103541906419715e-11,1.5321268661275262e-11,-3.02354991409551
0.72314,1.52893720464975e-11,2.4411750838435457e-11,3.6335321369314334e-11,3.095328307549754e-11,1.52893720464975e-11,-2.3226442570538723
0.72338,1.5252879672243932e-11,2.4360182866818318e-11,3.6264217745801353e-11,3.089059480971579e-11,1.5252879672243932e-11,-1.1777787273742102
0.72361,2.0606178288341317e-11,2.4421547529146442e-11,3.642664546145567e-11,3.09923044621873e-11,1.528993994209027e-11,-0.47387685947215197
0.72385,2.8778552366662428e-11,2.4432856475405023e-11,3.637844530000051e-11,3.098413119502708e-11,1.529698623155786e-11,0.6372147041829694
0.72408,3.3685367017768166e-11,2.4687657762327445e-11,3.663775411464663e-11,3.124316972101696e-11,1.5504888150483165e-11,1.4391759848347767
0.72432,3.4102075432815644e-11,2.4607971508071132e-11,3.656866809017222e-11,3.116875190380952e-11,1.546730965334017e-11,1.5119922668458012
0.72455,3.086510559446529e-11,2.4397887201621306e-11,3.632538873173412e-11,3.093836134376622e-11,1.527685429126292e-11,0.9877515814743272
0.72479,2.8309571913524495e-11,2.441996624521096e-11,3.6349463444661727e-11,3.0964737866485996e-11,1.529149906464571e-11,0.5658225335289607
0.72502,2.5953826987117512e-11,2.473613249786738e-11,3.6542288235316334e-11,3.120393581783629e-11,1.5787849417871254e-11,0.1723360962576762
0.72526,2.180714573793005e-11,2.4412746506741078e-11,3.633886043926761e-11,3.0956075201104336e-11,1.5284407847895553e-11,-0.3325813484435754
0.72549,1.9850341271429435e-11,2.445306146896791e-11,3.6392880648519066e-11,3.100417952130045e-11,1.531170876866778e-11,-0.5608869517274585
0.72573,1.5299299409200388e-11,2.4433934406386364e-11,3.63817311582499e-11,3.098246697054669e-11,1.5299299409200388e-11,-1.044221460170651
0.72596,1.5285058541523698e-11,2.444778748290883e-11,3.6419392841316405e-11,3.101622305885364e-11,1.5285058541523698e-11,-1.3244897037242431
0.7262,1.5335651729539517e-11,2.449226877752164e-11,3.645998172487211e-11,3.105766323929184e-11,1.5335651729539517e-11,-1.5574850594397283
0.72643,1.5376980272733065e-11,2.4563100481939574e-11,3.669752827809883e-11,3.121037683330895e-11,1.5376980272733065e-11,-1.4065623582658748
0.72667,2.0275394109220912e-11,2.4854740378409542e-11,3.740987978909079e-11,3.1797349635712913e-11,1.5356679115308998e-11,-0.5656117358033856
0.7269,2.6287261423165357e-11,2.4648285211565567e-11,3.6533964071114613e-11,3.1170346838223965e-11,1.5416120350348988e-11,0.22953462216083478
0.72714,2.8385946042160514e-11,2.4743366199616248e-11,3.6625185424855834e-11,3.1269055636866164e-11,1.5348863030147606e-11,0.5308592901441574
0.72737,3.271640307392337e-11,2.4402624224720387e-11,3.63296876346786e-11,3.094570483103335e-11,1.5276903378892817e-11,1.3012788339467647
0.72761,3.239849221909133e-11,2.4400793170433344e-11,3.632212818494911e-11,3.09422033459193e-11,1.5277885603674804e-11,1.25491531915875
0.72785,3.045863248936015e-11,2.4426666104775673e-11,3.63809560981651e-11,3.098423865740203e-11,1.5291972463507258e-11,0.9130000646101937
0.72808,2.9186769054342827e-11,2.442577697314423e-11,3.6363487280105684e-11,3.097449735352712e-11,1.529365444534884e-11,0.7039849534897618
0.72832,3.110364851124109e-11,2.4422305471133462e-11,3.6357049736490676e-11,3.0969593966852704e-11,1.529157376360968e-11,1.023369279685545
0.72855,3.156979664381379e-11,2.4426886587726287e-11,3.636336318414595e-11,3.0974991881725286e-11,1.529553678057496e-11,1.1032232575908045
0.72879,3.107910490734005e-11,2.440592079718576e-11,3.633369180755234e-11,3.09492901262003e-11,1.5280723121057487e-11,1.0226292031873139
0.72903,2.8855475142464296e-11,2.4413552153410504e-11,3.6341736885654787e-11,3.0957246501617454e-11,1.5287591244897443e-11,0.6533879209073213
0.72926,2.1733279284170947e-11,2.439071571034647e-11,3.6314132902066407e-11,3.093122462378998e-11,1.527088494770226e-11,-0.33894006377336156
0.7295,1.5231385432625642e-11,2.432605831092406e-11,3.6212517306848034e-11,3.084699120607464e-11,1.5231385432625642e-11,-1.2637961749363085
0.72973,1.5236529689517163e-11,2.4334431796856152e-11,3.6223603573496705e-11,3.0857077033934086e-11,1.5236529689517163e-11,-1.4915122273683092
0.72997,1.522872488869154e-11,2.432219534058108e-11,3.620658802869752e-11,3.0842079088514095e-11,1.522872488869154e-11,-1.3012192442611223
0.73021,1.681831364679496e-11,2.43044225109148e-11,3.6266841062902097e-11,3.084647442776167e-11,1.5218012894872026e-11,-0.8571803990769774
0.73045,2.0557369646214534e-11,2.4247752471445016e-11,3.6095442681714817e-11,3.0747407245442537e-11,1.5182228364014703e-11,-0.4625893811193454
0.73068,2.4973684422459297e-11,2.4279601310538935e-11,3.61389648672489e-11,3.078603431056848e-11,1.5203576114078953e-11,0.09528989471688505
0.73092,2.4600007042106755e-11,2.4151516647712506e-11,3.595437245367259e-11,3.062651688019523e-11,1.5121586288274692e-11,0.06168227107883118
0.73116,2.5530578736633916e-11,2.394806557478874e-11,3.5648895702437314e-11,3.036728578516761e-11,1.4994943624007637e-11,0.22459170840433207
0.73139,2.2942640992490596e-11,2.396098395542355e-11,3.566562735294089e-11,3.0382616282504126e-11,1.500258746993106e-11,-0.1368499621205042
0.73163,1.8691379894370713e-11,2.3989273557801662e-11,3.570857838159369e-11,3.0418855383538506e-11,1.5020672654266623e-11,-0.6462739352774003
0.73187,1.516116486041037e-11,2.426196040383639e-11,3.614262086037798e-11,3.0792085731771396e-11,1.516116486041037e-11,-1.478522798159655
0.7321,1.517734775853899e-11,2.4238144761842595e-11,3.607634654554891e-11,3.07331766865967e-11,1.517734775853899e-11,-1.5485133217627822
0.73234,1.5177839423144484e-11,2.4243412047905865e-11,3.609383830611408e-11,3.074409681300714e-11,1.5177839423144484e-11,-1.0435047549081289
0.73258,1.548382236847047e-11,2.4266160036213373e-11,3.61240564807599e-11,3.0771088437831625e-11,1.5194695506943255e-11,-0.9751143328348039
0.73282,1.8676480002172264e-11,2.4308104588118784e-11,3.61529261154823e-11,3.080952843292614e-11,1.5206072279904874e-11,-0.6751393659312463
0.73306,2.0311859057650252e-11,2.4268256515957612e-11,3.612585800045739e-11,3.077349106968266e-11,1.5194959683971516e-11,-0.4926195472289764
0.73329,2.287668243166489e-11,2.4283720909557343e-11,3.6147834452698096e-11,3.079258591464508e-11,1.520524456454844e-11,-0.1850658087894587
0.73353,1.7462757613378705e-11,2.426272256459251e-11,3.6117208134745975e-11,3.076627195593338e-11,1.51917490125866e-11,-0.7927806606892867
0.73377,2.3596601594350596e-11,2.4584834451600063e-11,3.6416508149325904e-11,3.1089328039307454e-11,1.5178485537756023e-11,-0.1331441293490037
0.73401,2.5174038048417492e-11,2.4233160242074912e-11,3.6073241601460143e-11,3.072892248877121e-11,1.517260169056792e-11,0.130066974121374
0.73425,2.7804259253608435e-11,2.426409471380391e-11,3.6111893425470345e-11,3.076531817275334e-11,1.5192657203012805e-11,0.5149830469143364
0.73448,3.176304305523574e-11,2.4231564996464393e-11,3.607086895638633e-11,3.072694128289233e-11,1.517126193431844e-11,1.180845452802388
0.73472,3.1680990380736777e-11,2.4348415444018796e-11,3.627149595902482e-11,3.091170471031507e-11,1.5189814605258546e-11,1.1471614001739572
0.73496,3.0681237498942254e-11,2.4234849983085302e-11,3.6074763313464036e-11,3.073063524733064e-11,1.5173821384368826e-11,0.9910144165208385
0.7352,2.934745290564816e-11,2.4437848984625437e-11,3.6220548511940496e-11,3.0901266837219437e-11,1.5349976102929893e-11,0.7404144200760633
0.73544,2.4210473577626853e-11,2.425991019122676e-11,3.61064614748335e-11,3.0759604709947383e-11,1.5192700036163874e-11,-0.006483482869598634
0.73568,2.3172751089223085e-11,2.429953883330601e-11,3.6158358422113546e-11,3.0806553000634915e-11,1.5218381781450665e-11,-0.1490030320488058
0.73591,2.3048115984727178e-11,2.4216461352430967e-11,3.605157705088868e-11,3.070897792826222e-11,1.516233042978806e-11,-0.15487959558752012
0.73615,1.7588981560016064e-11,2.4636540325002896e-11,3.635434314695519e-11,3.1056028648182976e-11,1.573820847511107e-11,-0.7826898239142324
0.73639,1.518005399434771e-11,2.4255853005104757e-11,3.6215347440550624e-11,3.081281336935661e-11,1.518005399434771e-11,-1.4092196692493408
0.73663,1.5171099321239635e-11,2.421325187593721e-11,3.6092654591475783e-11,3.073292348835962e-11,1.5171099321239635e-11,-1.2620827155671197
0.73687,1.6533663638737955e-11,2.4150413867096143e-11,3.595588660434483e-11,3.062656428140683e-11,1.5118925153206088e-11,-0.8740946493282729
0.73711,1.9091815587215213e-11,2.4145724455915147e-11,3.5950162555532237e-11,3.0621188567663844e-11,1.5117324729020238e-11,-0.6165966980827553
0.73735,2.2156655540068373e-11,2.4093201335301714e-11,3.5891118770023406e-11,3.055435762736085e-11,1.5084856526487538e-11,-0.2538220800759039
0.73759,2.679325420098291e-11,2.413167266664935e-11,3.5932332057882236e-11,3.06064579273338e-11,1.509281367816401e-11,0.3629732792203109
0.73783,2.8387228647947477e-11,2.4176285396090246e-11,3.590705087179598e-11,3.061257388892723e-11,1.51476341534564e-11,0.627568802326806
0.73807,2.9049626672996582e-11,2.4126568691651966e-11,3.5917306068626496e-11,3.0594875525922174e-11,1.5105543975971592e-11,0.7397095488719557
0.73831,3.231326350461727e-11,2.416811437996493e-11,3.5980907397918104e-11,3.064749657618733e-11,1.5132233000484272e-11,1.2956899136233264
0.73855,3.299274530840626e-11,2.4422301640316294e-11,3.6330100702529844e-11,3.097151687012305e-11,1.515341046732736e-11,1.3775057695124817
0.73879,3.1647944359329905e-11,2.4356407696521245e-11,3.621577206685137e-11,3.086467884958666e-11,1.5243821451453887e-11,1.1205025428757738
0.73903,2.6822806543571922e-11,2.4133791145805578e-11,3.592617986753092e-11,3.0603140219696456e-11,1.5110977014016412e-11,0.386961550146354
0.73927,2.1507956234101078e-11,2.4051629929427717e-11,3.580287706587127e-11,3.049870104696254e-11,1.5058800750656867e-11,-0.3296181158027767
0.73951,2.2072355987343246e-11,2.4076408619245217e-11,3.583945614459524e-11,3.0529771655263576e-11,1.5075634707301638e-11,-0.26236956950494106
0.73975,2.0579562282939915e-11,2.4131527956988616e-11,3.593610508301757e-11,3.060715887848995e-11,1.5098425039484982e-11,-0.4495601389742583
0.73999,2.3055615564777908e-11,2.4214964448264928e-11,3.604335370804332e-11,3.0734475747006944e-11,1.5080303578409392e-11,-0.15540053770057494
0.74023,2.2421721941023865e-11,2.4101627727265862e-11,3.590306369954263e-11,3.057501803827792e-11,1.508742967575423e-11,-0.22133971446367798
0.74047,2.1613552105695832e-11,2.4008755623899098e-11,3.5737258234280334e-11,3.0443337310560406e-11,1.5033687207404896e-11,-0.31173386877959364
0.74071,2.6463188653311436e-11,2.400484191156002e-11,3.5736419877710696e-11,3.044079884015812e-11,1.5030285134122398e-11,0.35442803940667666
0.74095,3.033392013220166e-11,2.4309749169456962e-11,3.608458615001475e-11,3.0773250768836555e-11,1.512422870769954e-11,0.930903458086367
0.74119,3.038564642169938e-11,2.422125919371089e-11,3.6077990779535516e-11,3.07278562444322e-11,1.51347201570762e-11,0.9027880763798808
0.74143,3.058808462632923e-11,2.455680075787303e-11,3.635648139147519e-11,3.1032722967736024e-11,1.5331499066151097e-11,0.9316130531716568
0.74167,2.3840726666726732e-11,2.4259678746546837e-11,3.611636803456981e-11,3.076389964032051e-11,1.5189496433481943e-11,-0.05628398189318349
0.74191,1.9248000972642563e-11,2.4227067093197884e-11,3.606674608428456e-11,3.072233626582697e-11,1.516793514705509e-11,-0.6067424878397996
0.74215,1.518583023103845e-11,2.425420761644643e-11,3.610542868192106e-11,3.075589009877292e-11,1.518583023103845e-11,-1.0039328349805807
0.74239,1.8410406523186134e-11,2.4363932760654888e-11,3.625469474431749e-11,3.088856173481019e-11,1.525784321090274e-11,-0.7054025790616032
0.74264,1.9235789204259155e-11,2.4332758646752172e-11,3.62197957893656e-11,3.085434520028362e-11,1.523579071295011e-11,-0.6169029746784171
0.74288,2.317579489073536e-11,2.431217744627997e-11,3.6194149869055633e-11,3.083042972755044e-11,1.5221671691417603e-11,-0.15026462633594026
0.74312,2.085980925782472e-11,2.4331098804284646e-11,3.621894849337403e-11,3.0852880093205145e-11,1.5235153873006364e-11,-0.43579405681029554
0.74336,1.6322629584160116e-11,2.4348412003061628e-11,3.6242976968192826e-11,3.087409428203596e-11,1.5246421188715603e-11,-0.9055713797348616
0.7436,1.521837051612231e-11,2.4305941486384825e-11,3.618121523278951e-11,3.0821042498489485e-11,1.521837051612231e-11,-1.2911962514943056
0.74384,1.5238428193177296e-11,2.4337660778186983e-11,3.622874754934385e-11,3.0861305534630755e-11,1.5238428193177296e-11,-1.3719047801894377
0.74408,1.5275925013737768e-11,2.439754201673747e-11,3.631985737105029e-11,3.0938102795686623e-11,1.5275925013737768e-11,-1.2895728449815378
0.74433,2.1751158705778373e-11,2.445891925766519e-11,3.64119177201397e-11,3.1016150520226056e-11,1.5314361368727862e-11,-0.3440275182528729
0.74457,2.3463896879656433e-11,2.4482847604468063e-11,3.6444675211516076e-11,3.10451344866848e-11,1.533088049447951e-11,-0.13389416399881637
0.74481,2.225396959250079e-11,2.4639698370592145e-11,3.6596694796669945e-11,3.1208434566343645e-11,1.5312247424919835e-11,-0.30788446677952075
0.74505,2.0781936302766407e-11,2.439347273441053e-11,3.631341686691912e-11,3.0932820549300203e-11,1.527287091354982e-11,-0.45106518868150564
0.74529,1.874740723942936e-11,2.440227890297083e-11,3.6319248633661e-11,3.094045767601996e-11,1.5281109810331275e-11,-0.6738382119066865
0.74554,2.1442685187281114e-11,2.4378409823818837e-11,3.629102407151172e-11,3.091426609210074e-11,1.5264919867813043e-11,-0.37223741181242376
0.74578,2.096919010168767e-11,2.4336878672340623e-11,3.6228274155702856e-11,3.0860621357292284e-11,1.5237991216875154e-11,-0.42374140464033055
0.74602,2.491690171877928e-11,2.445628358418573e-11,3.638936501883991e-11,3.1021054217685245e-11,1.52107220695213e-11,0.06353723210155483
0.74626,2.491554677867231e-11,2.4275167060732652e-11,3.6137060845156165e-11,3.078261196653322e-11,1.5199416628577952e-11,0.08794437150094526
0.74651,1.9715158081464922e-11,2.42765244556628e-11,3.61395994150369e-11,3.0784591343899794e-11,1.5199978300518003e-11,-0.5600713295071486
0.74675,1.5199948444039457e-11,2.427515576754603e-11,3.61366044155917e-11,3.0782321510587015e-11,1.5199948444039457e-11,-1.4799490371346526
0.74699,1.522384072498643e-11,2.431478759549384e-11,3.6198880915331384e-11,3.08338201059976e-11,1.522384072498643e-11,-2.0303137939363918
0.74723,1.5212216862274352e-11,2.4296173743327285e-11,3.61681424794634e-11,3.0809226829207593e-11,1.5212216862274352e-11,-2.6020484038174603
0.74748,1.522939262779491e-11,2.432372517990102e-11,3.6209409942431815e-11,3.0844268367951044e-11,1.522939262779491e-11,-2.2069661089647674
0.74772,1.5284574098801566e-11,2.440607648275899e-11,3.632689698519777e-11,3.094583141690765e-11,1.5284574098801566e-11,-1.2686574156948662
0.74796,1.9043494996670557e-11,2.4730332057180142e-11,3.6647854900841957e-11,3.128299734145427e-11,1.5235242245037455e-11,-0.6908758983701959
0.74821,2.7844364206629962e-11,2.4526109474736807e-11,3.647462095369238e-11,3.10902747632898e-11,1.527685436090766e-11,0.47994662151450956
0.74845,3.1447382864213075e-11,2.436041009343981e-11,3.626342595761556e-11,3.0890483155472555e-11,1.525288697645247e-11,1.0962819490438682
0.74869,3.271447734681594e-11,2.435468365522011e-11,3.625223808045827e-11,3.0881934275183796e-11,1.5250581153620983e-11,1.3229616124658785
0.74894,3.15193286051509e-11,2.4351007386193924e-11,3.62504500204863e-11,3.087922810167931e-11,1.524619717593356e-11,1.1110706163203354
0.74918,2.9918258655979204e-11,2.437241696566622e-11,3.6278480424283934e-11,3.090434278661409e-11,1.526174557338417e-11,0.8337466165204992
0.74942,2.5143613445828632e-11,2.4395728835665324e-11,3.6313038208479136e-11,3.093402340045372e-11,1.5275388474324244e-11,0.10234298381820132
0.74967,1.9198521046992067e-11,2.4377102818110756e-11,3.6286467139596365e-11,3.091095715480673e-11,1.526316488325365e-11,-0.6246370148545147
0.74991,1.726442072450375e-11,2.4361384903286555e-11,3.626415486272841e-11,3.089153091952805e-11,1.5252816939417812e-11,-0.8188047125769451
0.75016,1.5243471725774397e-11,2.434639717206485e-11,3.624250672872311e-11,3.0872768371887564e-11,1.5243471725774397e-11,-1.1475310555356621
0.7504,1.5271874553492196e-11,2.4390795366642297e-11,3.630744910860076e-11,3.0928518185012975e-11,1.5271874553492196e-11,-1.2720534564528998
0.75064,1.5262591724899433e-11,2.4376945494156507e-11,3.6289674026380144e-11,3.091230480052497e-11,1.5262591724899433e-11,-1.2654084253233113
0.75089,1.6975907278559868e-11,2.4368123397278832e-11,3.627646233130494e-11,3.090067737550758e-11,1.5258614298036188e-11,-0.8465364063961325
0.75113,1.8730165491424652e-11,2.42998593382209e-11,3.623097254866348e-11,3.081544946964276e-11,1.521359819040072e-11,-0.6677241008576674
0.75138,2.3522932957256208e-11,2.4235978939966647e-11,3.6082686897761064e-11,3.073450208741306e-11,1.5174553022883912e-11,-0.09529780819046368
0.75162,2.7255398864242134e-11,2.417464440857042e-11,3.59940040426417e-11,3.065800398055209e-11,1.5134421225929747e-11,0.44596342192836885
0.75187,2.830200462763451e-11,2.4248083535944318e-11,3.6104393771557013e-11,3.0773280581926906e-11,1.5124821339358982e-11,0.6007990553731712
0.75211,2.6320477686215498e-11,2.413218230106806e-11,3.603476298944585e-11,3.066193846188559e-11,1.510853374374753e-11,0.3119842240126476
0.75236,2.508884308299735e-11,2.405794635334418e-11,3.5815293580961045e-11,3.0507550114459444e-11,1.506464829908533e-11,0.14430771422180624
0.7526,2.387772659314094e-11,2.4033474603980027e-11,3.577890650416789e-11,3.0476803018856226e-11,1.50476105065417e-11,-0.021258275598985202
0.75285,2.6112966564141023e-11,2.407675044500684e-11,3.5842171749989005e-11,3.053124163064275e-11,1.5074382875181673e-11,0.28989664480692917
0.75309,2.7348435572291637e-11,2.4160268881869468e-11,3.598466335045582e-11,3.06428271465599e-11,1.5126081304513453e-11,0.46317551799136114
0.75334,3.3929665000603124e-11,2.4019831332622486e-11,3.580373270525783e-11,3.0459538798757726e-11,1.5038681535379758e-11,1.6367957842890462
0.75358,3.6147573550804914e-11,2.3989411178397948e-11,3.5703598602371565e-11,3.0415640962721756e-11,1.5028917289510022e-11,2.0712447438386725
0.75383,3.1801157010368585e-11,2.4005973576867835e-11,3.573413366187828e-11,3.044027354191219e-11,1.5031432785804794e-11,1.2414976104439266
0.75407,2.5914307274836913e-11,2.397387238520854e-11,3.568854027185684e-11,3.040065981994363e-11,1.5010047564488345e-11,0.27690961226798294
0.75432,1.836708134421881e-11,2.393390453248652e-11,3.562852097334233e-11,3.034978032561049e-11,1.4985003928168352e-11,-0.6762409305344343
0.75456,2.1413290419079315e-11,2.3913141434037053e-11,3.55948518482729e-11,3.0321854914295665e-11,1.497504191568096e-11,-0.3256882326228404
0.75481,1.7744716207198313e-11,2.3894319149177154e-11,3.5568930258357213e-11,3.0299247887594976e-11,1.4960739849250547e-11,-0.7377321830335357
0.75505,2.228318246940521e-11,2.3931826210095897e-11,3.5625700040184353e-11,3.034721052490179e-11,1.498387897821985e-11,-0.2189008667276487
0.7553,3.069437107346218e-11,2.392613209364084e-11,3.562398501969566e-11,3.034404743541501e-11,1.4969163556607006e-11,1.0130466511946674
0.75555,2.8650534842435536e-11,2.3943501222113215e-11,3.5644230044228506e-11,3.036245516833396e-11,1.4991337713328876e-11,0.7103130198742311
0.75579,2.6935733739056802e-11,2.3901945219599215e-11,3.557985863424243e-11,3.030838947580239e-11,1.4967645386246273e-11,0.44442390205825555
0.75604,2.2476694722852736e-11,2.386465834677869e-11,3.5617648698786253e-11,3.033216303601334e-11,1.4940908321348834e-11,-0.1858278645598752
0.75628,1.4936981918592088e-11,2.3855794963691425e-11,3.551261948237682e-11,3.025073351719078e-11,1.4936981918592088e-11,-1.1992896240875492
0.75653,1.492388199834478e-11,2.3834132631227365e-11,3.5479316951337103e-11,3.022277245704412e-11,1.492388199834478e-11,-1.1031856765844648
0.75678,1.5589468970675493e-11,2.378317114048342e-11,3.5405094580264236e-11,3.0159112309605903e-11,1.4890480646189406e-11,-0.9382056622710871
0.75702,1.7616925577732342e-11,2.3777135854014854e-11,3.539495088779156e-11,3.015079172460347e-11,1.4887556707979464e-11,-0.7419019116220179
0.75727,2.4636075500769845e-11,2.3791743053495874e-11,3.541935490210364e-11,3.017053533386786e-11,1.4895403096673177e-11,0.11865705401636077
0.75752,2.823549011385815e-11,2.3809207911427304e-11,3.544381598701686e-11,3.019194552075853e-11,1.4907327826463946e-11,0.6684021016317889
0.75776,3.135924609685559e-11,2.3848422938511362e-11,3.5506577611720655e-11,3.0243762378985364e-11,1.4931896444209062e-11,1.1993299843737455
0.75801,3.2506762405219e-11,2.3885535298109936e-11,3.5555598227818714e-11,3.028795151882164e-11,1.4955612151960936e-11,1.401547120132634
0.75826,2.996267974999993e-11,2.3826891750340744e-11,3.5468500755859996e-11,3.0213507673285165e-11,1.4919779449278552e-11,0.9564652195541816
0.7585,2.5770515901887118e-11,2.378501441137273e-11,3.540654915089184e-11,3.0160650286311046e-11,1.4892907227536298e-11,0.28612521604989305
0.75875,2.081561671594259e-11,2.367606412243626e-11,3.524705453814972e-11,3.002401431252412e-11,1.4822221107551987e-11,-0.3736321795081311
0.759,1.4819020589468104e-11,2.366699349642795e-11,3.523018363831524e-11,3.001073218442175e-11,1.4819020589468104e-11,-1.5556416999808766
0.75925,1.4727474439332247e-11,2.3519282105585207e-11,3.501044467879707e-11,2.982333403874921e-11,1.4727474439332247e-11,-1.3383187493477129
0.75949,1.6148543680003096e-11,2.3449558412113062e-11,3.4907274113461846e-11,2.9735221546893066e-11,1.4682809324343826e-11,-0.8647744927006906
0.75974,2.0523953915212115e-11,2.346911380391334e-11,3.4938857031114473e-11,2.976137113959481e-11,1.4693334294246198e-11,-0.3870735612951141
0.75999,2.3436531652896536e-11,2.345644807914973e-11,3.4918879019243226e-11,2.974437951888649e-11,1.4688677977606446e-11,-0.0023932833022187712
0.76024,2.0751639695119084e-11,2.3466759509696228e-11,3.493594948173561e-11,2.9758432161214434e-11,1.4692788870272044e-11,-0.3586321064153033
0.76048,2.114234214341489e-11,2.377068671824368e-11,3.517241281669977e-11,3.002360002195766e-11,1.497552677942659e-11,-0.3540680354923562
0.76073,2.2320769425322928e-11,2.3446663562381477e-11,3.490384989263077e-11,2.9732174585338474e-11,1.4679930693402437e-11,-0.15428191031609212
0.76098,2.535318819420844e-11,2.3423083825820567e-11,3.4866159522407115e-11,2.970080221027353e-11,1.4668004936114086e-11,0.28258513683551556
0.76123,2.714324269072586e-11,2.3450521105208948e-11,3.4908270261885074e-11,2.9736503449044963e-11,1.468262920567652e-11,0.558611203658225
0.76147,2.273089698181512e-11,2.3525780324527384e-11,3.5210631071672676e-11,2.989355819753777e-11,1.4732997615055032e-11,-0.10915459844971355
0.76172,2.297409600584817e-11,2.345680288581954e-11,3.49177382836499e-11,2.9744427076850916e-11,1.468699760289912e-11,-0.06703434979269113
0.76197,2.108764274902159e-11,2.342235596684399e-11,3.4868986215393574e-11,2.970159954945519e-11,1.4665677457758205e-11,-0.3115091748228347
0.76222,2.0107945186983795e-11,2.3270429870054534e-11,3.464068706434128e-11,2.950822397412679e-11,1.4570559316006657e-11,-0.41667746665088606
0.76247,2.0134854776769366e-11,2.3176266552428266e-11,3.450140035888094e-11,2.938920219666342e-11,1.4511342718082013e-11,-0.4033823955931325
0.76272,2.4853735583462806e-11,2.3156032479472225e-11,3.4475575198437784e-11,2.936570482039891e-11,1.4495787142498355e-11,0.24968167778092965
0.76297,2.8776163754259712e-11,2.315194546745617e-11,3.446673157421288e-11,2.935903310045235e-11,1.4495692067005856e-11,0.8963531385859211
0.76321,2.9050431584799057e-11,2.3153086315060087e-11,3.4468573346000456e-11,2.9360556509504794e-11,1.4495743593762175e-11,0.944538010883872
0.76346,3.0070933547073154e-11,2.3299107362202636e-11,3.454735157490316e-11,2.946778149401385e-11,1.466613812736354e-11,1.1095289957926686
0.76371,2.816520739594167e-11,2.3104623638183048e-11,3.439659385523475e-11,2.9299303171648943e-11,1.4465157109058284e-11,0.7993212525160792
0.76396,2.400890990427914e-11,2.3093223178542073e-11,3.437790686796575e-11,2.928403350318571e-11,1.4458831108461692e-11,0.1329518595978718
0.76421,1.6754113470991025e-11,2.3031362849211203e-11,3.428411695615539e-11,2.9204813108220957e-11,1.4420830855810482e-11,-0.7744180078606744
0.76446,1.4449198012895318e-11,2.3075559048657864e-11,3.434768045619881e-11,2.925976994849103e-11,1.4449198012895318e-11,-1.8672060674191917
0.76471,1.4493388053501967e-11,2.3146854812341007e-11,3.44537333532017e-11,2.935047251367477e-11,1.4493388053501967e-11,-2.7968367689618807
0.76496,1.4501890890116165e-11,2.316367454542728e-11,3.448536928804113e-11,2.937447416493972e-11,1.4501890890116165e-11,-2.310812935025966
0.76521,1.4447324198552842e-11,2.307392450596456e-11,3.4346624592682896e-11,2.925846322561168e-11,1.4447324198552842e-11,-1.776560538773347
0.76546,1.4428518487201217e-11,2.30434235060348e-11,3.430213943887523e-11,2.922008787195499e-11,1.4428518487201217e-11,-1.025261387072647
0.76571,2.1682160686021604e-11,2.305198229857361e-11,3.4317775171019933e-11,2.923224199196252e-11,1.4432844203148984e-11,-0.1897435189226601
0.76596,2.6233653118031793e-11,2.307508933779816e-11,3.4349934322593534e-11,2.926027721959206e-11,1.4449310081645163e-11,0.4809070379581159
0.76621,2.6805743158121937e-11,2.3074151379259987e-11,3.4350360225393525e-11,2.925992309082274e-11,1.4448376131806635e-11,0.5754314624529545
0.76646,2.7652568508689554e-11,2.3068096474212057e-11,3.43429565129144e-11,2.925314689177189e-11,1.4443038337218754e-11,0.7189230256888336
0.76671,2.7737101763309877e-11,2.307442932909636e-11,3.434508461265807e-11,2.925784806055467e-11,1.4449086216319826e-11,0.7319357327685191
0.76696,2.6537095400828037e-11,2.3047556971458646e-11,3.4309385071604543e-11,2.9225787288705495e-11,1.4429924069347353e-11,0.5364858476423721
0.76721,2.50388231326448e-11,2.3062492028907313e-11,3.432881074829091e-11,2.9243491842795126e-11,1.4441014022102786e-11,0.2940262634459285
0.76746,2.8347479123892983e-11,2.33499658412859e-11,3.453486853234974e-11,2.948176493013629e-11,1.4780299605167318e-11,0.8010487327064035
0.76771,3.0824674072261975e-11,2.3039998683393452e-11,3.4298594987280874e-11,2.9216521365238916e-11,1.4425431378485895e-11,1.2991222314830708
0.76796,3.199779456522017e-11,2.302385790766077e-11,3.4273926075710755e-11,2.9196253227814745e-11,1.441424291719445e-11,1.5319689554196099
0.76821,3.217523479451865e-11,2.2972884836505672e-11,3.419778511534664e-11,2.913095934205623e-11,1.4384066701071953e-11,1.5816339101628354
0.76846,3.1964232754423194e-11,2.3011416842976605e-11,3.4254922637640714e-11,2.917965651477217e-11,1.4408788314941391e-11,1.528944587390275
0.76871,2.5878812747005273e-11,2.3028686465728167e-11,3.427943785642207e-11,2.9201014310820286e-11,1.4419943777464269e-11,0.4325059073074055
0.76896,2.5194594285741902e-11,2.3022696223817943e-11,3.427193079546673e-11,2.919411676193161e-11,1.44152238143426e-11,0.324954574551674
0.76921,1.922196289279971e-11,2.2945977864008897e-11,3.415709116896439e-11,2.909638792891222e-11,1.4368420575321335e-11,-0.4904547407900537
0.76946,1.4352779318058758e-11,2.2923122261244122e-11,3.4124089569109667e-11,2.906801911466922e-11,1.4352779318058758e-11,-1.0757599803827775
0.76971,1.4353481424398926e-11,2.292441670064901e-11,3.412831989198469e-11,2.9070572177276696e-11,1.4353481424398926e-11,-1.077977006893605
0.76996,1.435364481466304e-11,2.2925595513004286e-11,3.413095155251725e-11,2.9072508532520047e-11,1.435364481466304e-11,-1.2680524605681562
0.77022,1.4250349077448546e-11,2.2760456382979333e-11,3.388382878141314e-11,2.8862541667023483e-11,1.4250349077448546e-11,-1.4703393358835335
0.77047,1.4211673007449034e-11,2.269600022459957e-11,3.378462133660571e-11,2.8779302174217844e-11,1.4211673007449034e-11,-1.2871527873345827
0.77072,1.4149845512802134e-11,2.2675199569022174e-11,3.37913444888223e-11,2.8775376473977373e-11,1.4149845512802134e-11,-1.0825160237803513
0.77097,2.079597018576379e-11,2.2692292444949353e-11,3.377584110629427e-11,2.8773283339578527e-11,1.4209282487460809e-11,-0.26338864691015235
0.77122,2.133313275038257e-11,2.268514668098444e-11,3.3754328501148825e-11,2.875922823697709e-11,1.4207889212232508e-11,-0.19005383602908998
0.77147,2.6971155607954085e-11,2.2706953047672697e-11,3.378903104634389e-11,2.8787817612769596e-11,1.4221394769978797e-11,0.6748183769102334
0.77173,3.027788935889106e-11,2.2651351208375254e-11,3.376757047710356e-11,2.8723854141745237e-11,1.4183093825506249e-11,1.2938014579488482
0.77198,2.841403515597108e-11,2.2596338947254106e-11,3.3633513906226344e-11,2.8651671691625337e-11,1.414948268055715e-11,0.9554441700498538
0.77223,2.5323445508100416e-11,2.2571604827118178e-11,3.367942946655868e-11,2.866423106959694e-11,1.4124259465292125e-11,0.4262764790753574
0.77248,2.3047540024572604e-11,2.2501391862944808e-11,3.350108897741986e-11,2.8534950150531328e-11,1.408649854918384e-11,0.08050193768854932
0.77273,2.1589362627752957e-11,2.249640839795634e-11,3.348375440650889e-11,2.852469535409767e-11,1.4086827395918318e-11,-0.1299754250539046
0.77299,1.7272669809297796e-11,2.249183464775296e-11,3.347780991091868e-11,2.8519238024149026e-11,1.4083812090642426e-11,-0.6747131025053552
0.77324,1.5979223774889618e-11,2.2532882305439215e-11,3.352306310594723e-11,2.8562728466998383e-11,1.4121794602114609e-11,-0.816590443084693
0.77349,1.670920833018087e-11,2.246145075627633e-11,3.343587551657595e-11,2.848191986161901e-11,1.4064030552223172e-11,-0.734586095973701
0.77374,1.8434770618602296e-11,2.2435884702571906e-11,3.340094593074833e-11,2.8451235510517335e-11,1.4046187789259797e-11,-0.5345281681436559
0.774,2.267560837165557e-11,2.2429385416738608e-11,3.338211676516748e-11,2.843880342243222e-11,1.4045387899130387e-11,0.0363228270811379
0.77425,2.3128779095048392e-11,2.239575726552483e-11,3.333795574405073e-11,2.8398755989748488e-11,1.4023221185848299e-11,0.10949534265125278
0.7745,1.9510827128913764e-11,2.2430860601902276e-11,3.3385714569221645e-11,2.8441526759484568e-11,1.4045605214371254e-11,-0.4002523387093968
0.77476,2.143393605505148e-11,2.243750440334766e-11,3.340218226370798e-11,2.8452503952481525e-11,1.4049220074634618e-11,-0.14377883355289434
0.77501,2.1580244749303752e-11,2.2457933676729382e-11,3.3431279298592106e-11,2.8477949642623635e-11,1.4061715500403512e-11,-0.1260645999940867
0.77526,2.495017580489314e-11,2.245004558694359e-11,3.3418238722969016e-11,2.8467374821999524e-11,1.405718770476105e-11,0.3867510770437259
0.77551,2.6378541876408992e-11,2.2426722112313005e-11,3.3383425730453994e-11,2.843783598668242e-11,1.4042271232015543e-11,0.6306339071039584
0.77577,2.6060804088081204e-11,2.2508481008291856e-11,3.363446065849292e-11,2.8615071902397062e-11,1.4056320731340557e-11,0.5625976531879628
0.77602,2.6716959556789218e-11,2.2456669514054192e-11,3.342741325743652e-11,2.8475545437509838e-11,1.4061094066190541e-11,0.6831176027277959
0.77628,2.8330748365669355e-11,2.2459370948593683e-11,3.343137293983176e-11,2.847896944242024e-11,1.4063220611444595e-11,0.9723371332369212
0.77653,2.7558010814490154e-11,2.2533596307245702e-11,3.354185264466683e-11,2.8572878266338184e-11,1.411033138097336e-11,0.8154008372948881
0.77678,2.7718656929712876e-11,2.253310647256582e-11,3.3506503343215085e-11,2.855532867833619e-11,1.4116103701725728e-11,0.8388422971121404
0.77704,2.8551521242293296e-11,2.2452181598925182e-11,3.342094971377907e-11,2.8469930153957083e-11,1.4058472156816648e-11,1.0149471418581906
0.77729,2.9795291311135934e-11,2.2414465987466546e-11,3.336563828611859e-11,2.8422358288301105e-11,1.4035314971539908e-11,1.2617747452401875
0.77754,2.981110029597533e-11,2.239378061385186e-11,3.3330440114352755e-11,2.8393409193332257e-11,1.402791267467053e-11,1.266699455451401
0.7778,2.963714111265883e-11,2.2435239927124888e-11,3.339914392026303e-11,2.84496672212484e-11,1.4047351222753078e-11,1.2258123781963661
0.77805,2.625932767464922e-11,2.2478222433743096e-11,3.345809364199383e-11,2.8502462538028803e-11,1.4075112701438964e-11,0.6002226908520267
0.77831,2.1789571252356592e-11,2.2484442249065202e-11,3.347377968949189e-11,2.8512843673447445e-11,1.407772054411759e-11,-0.10010309346558594
0.77856,2.0940408590750693e-11,2.2473842784709543e-11,3.345656300289217e-11,2.8498774463923524e-11,1.4071551192382229e-11,-0.21678368304536147
0.77882,2.119159829776536e-11,2.2239044379402805e-11,3.310817745493524e-11,2.820155298068104e-11,1.3924131446584221e-11,-0.1513032577597578
0.77907,2.1602856135867514e-11,2.2256212414251036e-11,3.3135809962954244e-11,2.822423539979414e-11,1.3934278518775325e-11,-0.09519982378151275
0.77932,2.0603416169564745e-11,2.2205218175359736e-11,3.3061098828071655e-11,2.8160200094072232e-11,1.3901338138866259e-11,-0.22893158443041273
0.77958,1.7702508948495026e-11,2.216796334604768e-11,3.30040303856758e-11,2.81121325212598e-11,1.3878923403358766e-11,-0.5960369186458833
0.77983,1.6226896516987317e-11,2.21716400536251e-11,3.300940827399134e-11,2.811667579451848e-11,1.388197683882121e-11,-0.7638496276240484
0.78009,1.387300552060088e-11,2.2159408827384385e-11,3.2993350260475054e-11,2.810223408124879e-11,1.387300552060088e-11,-1.157685215746978
0.78034,1.3901654801016376e-11,2.220365415524339e-11,3.305998384725419e-11,2.815822885470037e-11,1.3901654801016376e-11,-1.3973303322876869
0.7806,1.3918975283756467e-11,2.2232303208117183e-11,3.3102519309796543e-11,2.819487293275784e-11,1.3918975283756467e-11,-1.323771889914468
0.78085,1.49422613909653e-11,2.2375878518315892e-11,3.330902384077403e-11,2.839291760222005e-11,1.3952777589898325e-11,-0.919220249058223
0.78111,1.936292436123356e-11,2.2258892336932257e-11,3.3139886499036926e-11,2.8227678054411155e-11,1.3935937991764756e-11,-0.40024344972229475
0.78137,1.9382303655220303e-11,2.2274937968840234e-11,3.3161169007861584e-11,2.8246903657215232e-11,1.3946209366537189e-11,-0.39955079304010394
0.78162,1.6260053624591206e-11,2.225650787615568e-11,3.313512498570653e-11,2.822486580150642e-11,1.393604194601632e-11,-0.766924566704744
0.78188,1.4775565538985577e-11,2.2262187806792884e-11,3.313965431042037e-11,2.8229704704564276e-11,1.3938788797577798e-11,-0.9203015537219242
0.78213,1.3926010722689627e-11,2.2239303192986986e-11,3.31006892084247e-11,2.81988332780682e-11,1.3926010722689627e-11,-1.4888995081237009
0.78238,1.3905993396714737e-11,2.221058244431914e-11,3.306029151978574e-11,2.8163497614309884e-11,1.3905993396714737e-11,-1.6359869248065952
0.78262,1.3936965642638986e-11,2.226119868615029e-11,3.313404133098264e-11,2.8226874554728484e-11,1.3936965642638986e-11,-1.4036440534228574
0.78287,2.1771872179603546e-11,2.2287290568099122e-11,3.3177651345187675e-11,2.8261815822149686e-11,1.3954742805214327e-11,-0.07518679937835866
0.78311,2.7339323442455655e-11,2.2270587890537045e-11,3.314137565596589e-11,2.8235622042089134e-11,1.3946786337265148e-11,0.8328888428548397
0.78336,3.1777381155234116e-11,2.2225470397198975e-11,3.310904937344793e-11,2.819912254422701e-11,1.3903157772549419e-11,1.718999874844171
0.7836,3.2771158550870387e-11,2.2597790386605328e-11,3.3443905281703365e-11,2.8551689469907616e-11,1.4120787575075212e-11,1.871759237370433
0.78385,3.3134909525150465e-11,2.2298839193362217e-11,3.3195754510331836e-11,2.827673847422073e-11,1.3961939840734011e-11,1.9871971035449516
0.78409,2.9028746280984018e-11,2.255840610731725e-11,3.35821712990734e-11,2.860614789145294e-11,1.4123130651113933e-11,1.0789819714387627
0.78434,2.5133528297279412e-11,2.2517852891680645e-11,3.351836541066716e-11,2.8552879494768285e-11,1.4100469339681542e-11,0.40445139265697894
0.78458,2.5209857508201878e-11,2.2530395233904263e-11,3.354086579911944e-11,2.8570753797920274e-11,1.4106021707030657e-11,0.4142808545125258
0.78483,2.796676459246676e-11,2.2298210687313054e-11,3.3195125199846884e-11,2.8276160310103686e-11,1.3961057518788168e-11,0.9425655770652254
0.78507,2.927439220068946e-11,2.2638500614656034e-11,3.3484216544397883e-11,2.858521184264311e-11,1.4294084231263967e-11,1.137830335849946
0.78532,2.8068267637960525e-11,2.2362172596122453e-11,3.328920337516854e-11,2.8356754751794897e-11,1.4001551706103094e-11,0.9462415635584976
0.78557,2.3537813718134295e-11,2.2342725329949544e-11,3.323728131040176e-11,2.8318553672660738e-11,1.3980406865292893e-11,0.1815931025042534
0.78581,1.9690915630935124e-11,2.2339971905978222e-11,3.336327701783028e-11,2.834836329401603e-11,1.3981502577212928e-11,-0.36737632995031794
0.78606,1.3916340828974e-11,2.2226230786285622e-11,3.309162492153124e-11,2.8186107335256703e-11,1.3916340828974e-11,-1.5299493624079974
0.7863,1.3900366561144409e-11,2.2203641386453596e-11,3.305828817419195e-11,2.8157959975761548e-11,1.3900366561144409e-11,-2.547685966684573
0.78655,1.4100459595357748e-11,2.2346735057663398e-11,3.311710744788253e-11,2.8251401558941443e-11,1.4100459595357748e-11,-3.278904227528207
0.7868,1.3812951539505899e-11,2.2067727606774022e-11,3.285143584385427e-11,2.7983613371166712e-11,1.3812951539505899e-11,-3.4951132557946956
0.78704,1.3885671607826945e-11,2.2552996895581415e-11,3.335990450199601e-11,2.850936985972546e-11,1.3885671607826945e-11,-3.018759488502963
0.78729,1.3875254704949772e-11,2.224533419936779e-11,3.3245130586434065e-11,2.8331199381565028e-11,1.3875254704949772e-11,-2.2292659571523217
0.78753,1.3837072642723912e-11,2.2102464778056583e-11,3.2909445425187406e-11,2.8030542450153346e-11,1.3837072642723912e-11,-1.1724983755257639
0.78778,1.96093074648748e-11,2.20748532292989e-11,3.290675161656866e-11,2.7997281127502073e-11,1.381853529989876e-11,-0.34731386029769956
0.78803,2.6182009381588155e-11,2.2023951112462414e-11,3.2815742319511185e-11,2.7942252858569086e-11,1.3783973705526905e-11,0.6806510415649326
0.78827,2.967261469913527e-11,2.1976580321795923e-11,3.2742181196169114e-11,2.787505331354455e-11,1.3757821852526697e-11,1.354357409251101
0.78852,3.354994055605409e-11,2.20492443415415e-11,3.286086488760183e-11,2.7977082161111337e-11,1.3802906102798437e-11,2.16742657233785
0.78877,3.4879361526508996e-11,2.204049868926624e-11,3.281184509448445e-11,2.794943174459822e-11,1.3800299050356216e-11,2.4740454380261907
0.78901,3.612839459240343e-11,2.1935787144332582e-11,3.2655754992204526e-11,2.7816550342194783e-11,1.37347229865384e-11,2.8177130232616423
0.78926,3.3797956622047554e-11,2.1926237471593246e-11,3.260440682294175e-11,2.7783038827814377e-11,1.3769148721182773e-11,2.2280363443476463
0.78951,3.0864895806500515e-11,2.1920027181835437e-11,3.266488704849606e-11,2.781860736315679e-11,1.3722355992631861e-11,1.6166886559084523
0.78975,3.0067126493603746e-11,2.212388387641539e-11,3.2975976369840506e-11,2.8126519418720785e-11,1.3701453983430247e-11,1.4193373746222344
0.79,2.8485277342152372e-11,2.186908629599645e-11,3.255467964716155e-11,2.7731728706318355e-11,1.369044955454903e-11,1.1458394991630942
0.79025,2.3999559044866462e-11,2.184561505026521e-11,3.258167510342302e-11,2.770068014257012e-11,1.3677414258777722e-11,0.3399835292533687
0.7905,1.9874586100800277e-11,2.1878845019388615e-11,3.256680107482491e-11,2.7742376615992437e-11,1.3700336061744724e-11,-0.2874273582632778
0.79074,1.7315467472526455e-11,2.186362651892009e-11,3.2543212044259834e-11,2.772291705481514e-11,1.3690223564844252e-11,-0.6130966608764877
0.79099,1.532393952994649e-11,2.1863110681892123e-11,3.254887548536562e-11,2.7723607029432185e-11,1.3689260974949215e-11,-0.836778411486355
0.79124,1.645497826073583e-11,2.1896689349450956e-11,3.269404426071911e-11,2.7795545440003955e-11,1.3706877036695456e-11,-0.7162969608200562
0.79149,1.64709397537187e-11,2.211122973792375e-11,3.2792075885479126e-11,2.797572310972665e-11,1.3746454443837523e-11,-0.7379631684215873
0.79173,1.564794214029005e-11,2.1845099175342798e-11,3.2521063890927384e-11,2.7701537139344934e-11,1.3678751363428178e-11,-0.8008203105955681
0.79198,1.363977523371195e-11,2.1786340544626828e-11,3.2436957777199214e-11,2.7628655166627206e-11,1.363977523371195e-11,-1.1484066345405137
0.79223,1.3610626484935052e-11,2.1737926799017726e-11,3.236158145144643e-11,2.75658302895144e-11,1.3610626484935052e-11,-1.4586282183530788
0.79248,1.361849155749752e-11,2.175126182313018e-11,3.238265728075599e-11,2.7583284941484358e-11,1.361849155749752e-11,-1.0071857892835503
0.79272,2.2687857988669993e-11,2.188057993591142e-11,3.2595046346490784e-11,2.777250214390648e-11,1.367286197944445e-11,0.12396883219380622
0.79297,2.6728760575506416e-11,2.1936762087872006e-11,3.268640317001348e-11,2.7824362024374358e-11,1.3733133116080926e-11,0.7975934015030993
0.79322,2.9388111637834805e-11,2.1875203031157082e-11,3.2565368276503723e-11,2.7739561281406086e-11,1.3697174382225844e-11,1.3239982363908822
0.79347,2.8372148817020896e-11,2.184334737516976e-11,3.252018325387745e-11,2.7700163559732873e-11,1.367614272973683e-11,1.1304547635721003
0.79372,2.5927846305439884e-11,2.1859927588149823e-11,3.254233319843812e-11,2.7720248125729857e-11,1.3686655458358998e-11,0.6690757816262066
0.79397,2.2347905149505284e-11,2.184926742895799e-11,3.2521723670500404e-11,2.7704645335832658e-11,1.3681217650759906e-11,0.07589302851376953
0.79421,2.043702934795242e-11,2.1862167328114008e-11,3.254335521989509e-11,2.7721892350716145e-11,1.3689600752232144e-11,-0.20734478738427864
0.79446,2.0520542473088235e-11,2.1872608669867492e-11,3.256196489132041e-11,2.7736603535327252e-11,1.3694587313504822e-11,-0.19712049826020672
0.79471,2.136600980151654e-11,2.1866322916913425e-11,3.255156567321725e-11,2.7728131081392534e-11,1.3691194789893066e-11,-0.0744016830453103
0.79496,2.2036959120747607e-11,2.1848189199796455e-11,3.2524458064926495e-11,2.770509677859821e-11,1.3679905367732946e-11,0.028574715603791535
0.79521,2.2732523609576226e-11,2.1850229373972236e-11,3.2527062678494775e-11,2.770751286998369e-11,1.3681171404511815e-11,0.135525503166775
0.79546,1.6454310711923717e-11,2.1886365784533022e-11,3.257948751996418e-11,2.7752700863923005e-11,1.3704255639890549e-11,-0.7151180016661727
0.79571,1.3763026234986531e-11,2.197961647553358e-11,3.2719572311151506e-11,2.7871109965575742e-11,1.3763026234986531e-11,-1.5903513154274678
0.79595,1.3744503461142043e-11,2.1950498336805397e-11,3.274931738270516e-11,2.78837833999806e-11,1.3744503461142043e-11,-1.4963532694132213
0.7962,1.3768332371711324e-11,2.1987548225907545e-11,3.272499163607246e-11,2.7878641179309433e-11,1.3768332371711324e-11,-1.4745676322380703
0.79645,1.406311375363233e-11,2.1986003349115115e-11,3.271989701837598e-11,2.7875324323887603e-11,1.3769016433938502e-11,-0.9716297098149866
0.7967,2.1148773849203794e-11,2.1829459457713052e-11,3.249407119186083e-11,2.768021949753247e-11,1.366859421746437e-11,-0.1009956784709825
0.79695,1.97251556776888e-11,2.195464277355339e-11,3.2711085476349426e-11,2.7876193966165038e-11,1.3665117243172083e-11,-0.3209102037387626
0.7972,2.0203364786892308e-11,2.1841280487100743e-11,3.251661852135946e-11,2.7695575115168024e-11,1.3675896568533036e-11,-0.23743218611238795
0.79745,1.3680216596489533e-11,2.1845375909379107e-11,3.251494632472597e-11,2.7698973053301865e-11,1.3680216596489533e-11,-1.0366043758300802
0.7977,1.368304895847547e-11,2.187124236544403e-11,3.2594545302324995e-11,2.7769207093520765e-11,1.368304895847547e-11,-1.1394228750953106
0.79795,1.3664857286378399e-11,2.18248076756959e-11,3.2490259065499686e-11,2.7676237255936897e-11,1.3664857286378399e-11,-1.6763202082150477
0.7982,1.3660463574702245e-11,2.1821734902275524e-11,3.257536609694903e-11,2.7706495445380835e-11,1.3660463574702245e-11,-1.7656077838625024
0.79845,1.8246433874532968e-11,2.174386308872923e-11,3.236878471332614e-11,2.7572804450709595e-11,1.3613278491884991e-11,-0.4867367040321447
0.7987,2.4086028452333196e-11,2.1716194313131305e-11,3.234314455043311e-11,2.7546046802172438e-11,1.3593254974210795e-11,0.3787878908100506
0.79895,3.029113161474047e-11,2.174056150147204e-11,3.235971383764538e-11,2.7566284922946668e-11,1.3615865362975989e-11,1.5442356645448596
0.7992,3.231635181519129e-11,2.1698385302598884e-11,3.2300977403709785e-11,2.7514934602029293e-11,1.358588735938176e-11,2.003878991531427
0.79945,3.359626840921007e-11,2.1700593057138722e-11,3.233293105714402e-11,2.7534349678227887e-11,1.3565380281888495e-11,2.254703773505083
0.7997,3.302210632320801e-11,2.1770235891367847e-11,3.2407897195245885e-11,2.7606617891570032e-11,1.3629374413377531e-11,2.139454117833374
0.79995,3.1011502712159836e-11,2.1773248720684347e-11,3.2401508252887625e-11,2.760414364295593e-11,1.3625056089095246e-11,1.5930298338786748
0.8002,2.8952915015478446e-11,2.1921151340860922e-11,3.267658759576291e-11,2.7844642475318148e-11,1.3701767478144608e-11,1.224894728017097
0.80045,2.558049393106033e-11,2.188445649706041e-11,3.2580937017159426e-11,2.7752229428098526e-11,1.3701705339923705e-11,0.6025770785460054
0.8007,2.1163156179194948e-11,2.1925908101170485e-11,3.264592294083991e-11,2.780822252052671e-11,1.3726894936643125e-11,-0.11248993889979446
0.80095,2.2133285292599563e-11,2.1914294465404146e-11,3.274905793903033e-11,2.7859678004863828e-11,1.3719311561896192e-11,0.032913382607247556
0.8012,1.9598533340542557e-11,2.194774302278334e-11,3.2698037064263286e-11,2.783155982266377e-11,1.3735623176718676e-11,-0.3339415523738261
0.80145,2.0007482783104873e-11,2.201065942127636e-11,3.2713469617798144e-11,2.790124437523127e-11,1.3667969221488216e-11,-0.29058643298516257
0.8017,1.8581529268154816e-11,2.1864666869227668e-11,3.255088438787125e-11,2.7726971071963712e-11,1.3688665659203065e-11,-0.457027082503785
0.80195,1.871323223661308e-11,2.1944090834696527e-11,3.271796192115542e-11,2.7828879264583065e-11,1.3737958384272634e-11,-0.44901553806906364
0.8022,2.1856022646604116e-11,2.197305551693649e-11,3.271162054791227e-11,2.786385097187387e-11,1.3757683895738799e-11,-0.017484709821333336
0.80246,2.1622357261365e-11,2.2022141896212564e-11,3.2777680390751966e-11,2.792246369538315e-11,1.3792468928661238e-11,-0.0588186970148668
0.80271,2.0118028671547294e-11,2.1985434320273093e-11,3.273129725097493e-11,2.7882168178407454e-11,1.3767500498259332e-11,-0.26735253892431743
0.80296,1.989818072031288e-11,2.1940246276580527e-11,3.2655983820291104e-11,2.7819518319240564e-11,1.3738653383126169e-11,-0.29185772747324934
0.80321,1.5528315184452527e-11,2.1957963596393982e-11,3.268375013338006e-11,2.7842624748687467e-11,1.3749281896131528e-11,-0.8221830281691105
0.80346,1.7783418487241222e-11,2.1961757796796634e-11,3.2688869024942325e-11,2.78472546714582e-11,1.3751432178138788e-11,-0.5663109608692835
0.80371,1.9692924069719955e-11,2.1968051376503065e-11,3.269634134907346e-11,2.7854441914776963e-11,1.375578874715182e-11,-0.3230360643254344
0.80396,2.4233712344750307e-11,2.2085802814247962e-11,3.279526991464592e-11,2.796943732215015e-11,1.3717155713872197e-11,0.3408503124008928
0.80422,2.743976518581812e-11,2.1966024337791793e-11,3.269648322457934e-11,2.7853143612209963e-11,1.3754534477431973e-11,0.921852727780772
0.80447,2.972016898130332e-11,2.205211299270044e-11,3.282604688283004e-11,2.7962929138111174e-11,1.3807122890814664e-11,1.342272679797211
0.80472,3.25946385967369e-11,2.234657394431143e-11,3.331136832450167e-11,2.8339061020470452e-11,1.3990563718402861e-11,1.8548690409709159
0.80497,3.3026974843540564e-11,2.2890634733300856e-11,3.380852088351441e-11,2.8878889368675694e-11,1.445161409343184e-11,1.8423500223790972
0.80522,3.022255999752016e-11,2.2632955312395534e-11,3.368596480673815e-11,2.869731916235628e-11,1.4172907609148294e-11,1.2871948369667743
0.80547,2.5341394596049954e-11,2.2565256431206013e-11,3.360842682044368e-11,2.8623142886896728e-11,1.4123733505955462e-11,0.4304636397212168
0.80573,1.831079106820812e-11,2.253576942992985e-11,3.365699519857701e-11,2.8615867342177593e-11,1.4095933473131665e-11,-0.5601391308910845
0.80598,1.5314052652982595e-11,2.246904815743315e-11,3.3448664978072014e-11,2.8492371288122613e-11,1.4068913118971375e-11,-0.8807629101984912
0.80623,1.4147998810592015e-11,2.2595442528044577e-11,3.363631872104029e-11,2.865240723578738e-11,1.4147998810592015e-11,-1.7071905908134413
0.80648,1.4223436350745959e-11,2.2706489245863414e-11,3.379263353453873e-11,2.878829534761406e-11,1.4223436350745959e-11,-2.584915373446681
0.80674,1.4255603006717531e-11,2.276825378996706e-11,3.389257537370449e-11,2.8871303669362338e-11,1.4255603006717531e-11,-2.361801684767481
0.80699,1.4259777374781845e-11,2.2774126660071462e-11,3.390242298518173e-11,2.8879079723498802e-11,1.4259777374781845e-11,-1.9306072545486228
0.80724,1.5091098984223227e-11,2.279341599076519e-11,3.393104437916475e-11,2.890350246241212e-11,1.4271974606258103e-11,-0.9238178773138992
0.80749,1.7479630341235762e-11,2.279717949810912e-11,3.3935894073694396e-11,2.89080187584851e-11,1.4274065042072329e-11,-0.6778477483754735
0.80775,2.1859938077209942e-11,2.2820193393602786e-11,3.403495821363387e-11,2.8958898548456744e-11,1.428952043554884e-11,-0.13543089114713025
0.808,2.4019426885545235e-11,2.2812338792052522e-11,3.3957680206848626e-11,2.8926793943093817e-11,1.4284311757407148e-11,0.17876788381414785
0.80825,2.5777754726438075e-11,2.2826311113136895e-11,3.398138007902573e-11,2.8945903207535836e-11,1.4291561792313096e-11,0.4527917426614934
0.80851,2.572576068703137e-11,2.3034655430324715e-11,3.410802475764033e-11,2.910222961735359e-11,1.4643394555948405e-11,0.40875737078538654
0.80876,2.8182373706933774e-11,2.2822998376876845e-11,3.397752215094136e-11,2.8942144299796435e-11,1.4289536871551266e-11,0.8633678509494519
0.80901,2.98065634499638e-11,2.2817648375918266e-11,3.396712869413096e-11,2.8934094822396858e-11,1.4287876853941091e-11,1.162360161729443
0.80927,3.1588873375876654e-11,2.2817241229311338e-11,3.396833134745405e-11,2.8934463295263614e-11,1.4286540853265712e-11,1.5081376640334518
0.80952,3.3149613768975454e-11,2.2816031005118915e-11,3.4080701394897056e-11,2.9019191767797176e-11,1.4296178112282864e-11,1.8003112481025942
0.80977,3.4843246555513625e-11,2.2831556551686614e-11,3.39918857888936e-11,2.8953677385216196e-11,1.4295044120587636e-11,2.186748067111855
0.81003,3.5365522719920965e-11,2.2891707138919715e-11,3.406135982606355e-11,2.902323101350911e-11,1.4328644995679282e-11,2.283628175950845
0.81028,3.467507219308874e-11,2.3170537162635824e-11,3.430717101858966e-11,2.9278373323856305e-11,1.4533309860064053e-11,2.082233151100436
0.81053,2.962574304015359e-11,2.2920998953383547e-11,3.4249903012841495e-11,2.9143983078934706e-11,1.4351916037664018e-11,1.1039013873835113
0.81079,2.80018492490652e-11,2.297433545984545e-11,3.4204247333617804e-11,2.913456098076063e-11,1.4384491654409625e-11,0.7990244703967532
0.81104,2.3029410729636756e-11,2.2925382143867865e-11,3.4130360398795655e-11,2.9072086734429744e-11,1.4353818622784223e-11,0.014975803684307317
0.81129,2.2830137822681246e-11,2.286749229958945e-11,3.404211729553374e-11,2.899773120106688e-11,1.4318464832690786e-11,-0.005248553789097149
0.81155,2.333798070197523e-11,2.2824889290054594e-11,3.397760580301872e-11,2.8943341887208695e-11,1.4291205593136271e-11,0.07473349272235195
0.8118,2.12762319659741e-11,2.2815546832315607e-11,3.396245416598816e-11,2.8930914469098046e-11,1.4285939972464008e-11,-0.21443424976380904
0.81206,1.8702062599708605e-11,2.2814441533135248e-11,3.396060236677294e-11,2.8929489662618215e-11,1.4285095398614103e-11,-0.5395209167760379
0.81231,1.7101960334330802e-11,2.2811155665830582e-11,3.395516162811693e-11,2.892503923916168e-11,1.4283458194212294e-11,-0.7202605978874655
0.81257,1.5558411519397317e-11,2.2841322004759202e-11,3.4000320441091266e-11,2.8963310828256387e-11,1.4302787430513407e-11,-0.881616394010157
0.81282,1.905512238385536e-11,2.28764612425425e-11,3.405245782084517e-11,2.9007653759005163e-11,1.4324943848441426e-11,-0.503497691396943
0.81307,2.1379958185976868e-11,2.2969522604249797e-11,3.423111507565235e-11,2.917619889388746e-11,1.4324095008073561e-11,-0.22158148099903302
0.81333,2.3801479166883842e-11,2.2883586747013326e-11,3.4065092185845734e-11,2.901765512142397e-11,1.4328842457598704e-11,0.13474080378015302
0.81358,2.6239774940060115e-11,2.2846163135511464e-11,3.3975566948251466e-11,2.8954193749043828e-11,1.4283136028047204e-11,0.5116889503720979
0.81384,2.4297740783699182e-11,2.267234041076551e-11,3.374933215713063e-11,2.8749378274752248e-11,1.4196088142493246e-11,0.24425048252342388
0.81409,2.4729689890923997e-11,2.2715415038850854e-11,3.371351705106513e-11,2.8747773747457163e-11,1.4300343171149074e-11,0.30881750004183517
0.81435,2.126048082200231e-11,2.2532484608424313e-11,3.3539926926983686e-11,2.8571357900595444e-11,1.4109453318573773e-11,-0.18037422875684536
0.8146,2.375344270747691e-11,2.254629186171363e-11,3.356175173862726e-11,2.8589523923035204e-11,1.4117261054708853e-11,0.18082942427613752
0.81486,2.4311086968560405e-11,2.254116422893902e-11,3.3673386419216377e-11,2.857840088944647e-11,1.4115221064054482e-11,0.26844115180362954
0.81511,2.3956536916128237e-11,2.253581622196075e-11,3.3548850463632056e-11,2.857759899265298e-11,1.4109077478400646e-11,0.21372057907428546
0.81537,2.1314223350832495e-11,2.2516591066483572e-11,3.351939721535493e-11,2.8552606555964707e-11,1.4098833087513063e-11,-0.1708888342169965
0.81562,1.5656289680003133e-11,2.2466459928261074e-11,3.344486212541511e-11,2.8489358783063136e-11,1.4065740948421386e-11,-0.8461504764341926
0.81588,1.484223784506464e-11,2.2473378879433404e-11,3.345477906956985e-11,2.8497846307087318e-11,1.4070808438465184e-11,-0.9274431043503697
0.81614,1.4064317222116324e-11,2.2463054272246008e-11,3.343851579250184e-11,2.848435471831856e-11,1.4064317222116324e-11,-1.2431874540872074
0.81639,1.4188888579900191e-11,2.2422412684542814e-11,3.337815550502923e-11,2.8432750456552762e-11,1.4039866576660217e-11,-0.9861700206844418
0.81665,1.7685597083976048e-11,2.2430905626041125e-11,3.339572531266974e-11,2.844498390809362e-11,1.4043968212683831e-11,-0.6224017829866046
0.8169,2.091035516562928e-11,2.2431560584344188e-11,3.339276723973886e-11,2.8444650410051902e-11,1.4046178833670164e-11,-0.21535588741051934
0.81716,2.4715924634139042e-11,2.243621460377051e-11,3.340009914427487e-11,2.845100279182441e-11,1.4047340244824885e-11,0.3511301439996069
0.81741,2.3614650284218052e-11,2.2432871774032058e-11,3.3393851516183935e-11,2.844614052334603e-11,1.4046174103590275e-11,0.17791367398981506
0.81767,2.3008624663856192e-11,2.24342909409362e-11,3.3397590109823e-11,2.844861757694231e-11,1.4046568542529749e-11,0.08530582732142176
0.81793,2.377487841335413e-11,2.2471336578115364e-11,3.345211522929983e-11,2.8495342051338633e-11,1.4069996330166638e-11,0.1964076490407136
0.81818,2.308256615267306e-11,2.2514454596203442e-11,3.351462475835463e-11,2.8549268000324857e-11,1.4097704608572727e-11,0.08415807984231036
0.81844,2.4375356172600765e-11,2.2538882617197878e-11,3.355248931156914e-11,2.8580918578836846e-11,1.411232491968069e-11,0.2790076215029812
0.8187,2.6074747077016606e-11,2.2636599791734835e-11,3.3714342325015456e-11,2.874424681429296e-11,1.4095939027700198e-11,0.54453865151432
0.81895,2.6066882677694736e-11,2.2672332141728056e-11,3.373023630461741e-11,2.8762516330313786e-11,1.4110763398974886e-11,0.536813279469453
0.81921,2.3779850616204816e-11,2.255692317098822e-11,3.363102072916601e-11,2.860407299700617e-11,1.4123859363346648e-11,0.183303939646929
0.81947,2.2628134203165574e-11,2.2542756203443228e-11,3.355905139604171e-11,2.8586246441657985e-11,1.4114100565747568e-11,0.012419103663519409
0.81972,1.9441377167874127e-11,2.2731437744496696e-11,3.37968983966768e-11,2.8816601873361062e-11,1.4132549906612327e-11,-0.44788311558150873
0.81998,2.1748840307467882e-11,2.2562697705039243e-11,3.358673472665341e-11,2.8610636849530213e-11,1.412704332957646e-11,-0.11659285842172437
0.82024,2.6450523707434536e-11,2.2512475989849253e-11,3.3514274400034064e-11,2.85479216326732e-11,1.4095444215250177e-11,0.6258342923155731
0.82049,2.8897460268785983e-11,2.2506664171041084e-11,3.35087263401786e-11,2.8541591804217145e-11,1.4091733906586733e-11,1.0671566218787691
0.82075,2.835870046086524e-11,2.2525214331659232e-11,3.3536530133572274e-11,2.8565337065418136e-11,1.4102878996274158e-11,0.9625496077408733
0.82101,2.518951372674317e-11,2.2484797761975183e-11,3.3475274811892967e-11,2.8513485885941238e-11,1.4077544991297048e-11,0.41946438582470846
0.82126,1.941509994837858e-11,2.241654365602365e-11,3.337255338397223e-11,2.8426684873620717e-11,1.4034862484340724e-11,-0.41106918250731417
0.82152,1.406735031904385e-11,2.24685438179364e-11,3.345340421272076e-11,2.8493844125562992e-11,1.406735031904385e-11,-1.2943511550059283
0.82178,1.5832476812457324e-11,2.239289384933564e-11,3.335533402524128e-11,2.839765605884528e-11,1.4017867193553063e-11,-0.8228445515225221
0.82204,1.876791465489628e-11,2.238114798910283e-11,3.3320626820344935e-11,2.8382335350811256e-11,1.4011629837420054e-11,-0.4884196372860102
0.82229,2.056820113648715e-11,2.2352595541942133e-11,3.3273597674898524e-11,2.8344092330478448e-11,1.3995533530407273e-11,-0.25217387449900003
0.82255,2.446989677646375e-11,2.234829194463183e-11,3.326590128236535e-11,2.8337976423832376e-11,1.399379838342534e-11,0.32716003047425796
0.82281,2.669333161441648e-11,2.2334589395963354e-11,3.324066808620453e-11,2.8317337757592602e-11,1.3985013034886092e-11,0.7042442995731366
0.82307,2.6964411189846804e-11,2.2300873056267394e-11,3.3306427499729714e-11,2.8363456358043135e-11,1.3962423971105041e-11,0.7592933321508286
0.82333,2.702521828054322e-11,2.229667012053814e-11,3.319127119014278e-11,2.827339903414833e-11,1.3961387626817256e-11,0.7718606913167142
0.82358,2.490027086815588e-11,2.233303677131805e-11,3.3247068182841355e-11,2.8320416381968387e-11,1.3982425885152815e-11,0.39975760483269335
0.82384,2.2043437663746867e-11,2.2342220566612053e-11,3.326108426290006e-11,2.8332158483367986e-11,1.398831950699099e-11,-0.043779667884914615
0.8241,2.433420378008132e-11,2.2328946690161848e-11,3.323959754843548e-11,2.831452927140335e-11,1.398105725120013e-11,0.30875839123749715
0.82436,2.5877259322064206e-11,2.2289892653615854e-11,3.3203783628935694e-11,2.8278265562867625e-11,1.3924980369972856e-11,0.5302619145208534
0.82462,2.7335002944919704e-11,2.229723445655618e-11,3.319076593615482e-11,2.827340671932792e-11,1.396289457541701e-11,0.8277428145430603
0.82488,2.829319525673051e-11,2.237958656475609e-11,3.339908435060843e-11,2.8468271046856118e-11,1.39686739785533e-11,0.9936318789905271
0.82513,2.8817556584509633e-11,2.228904761125056e-11,3.3180138223642603e-11,2.8263884910619036e-11,1.3956254482588361e-11,1.1048510621317609
0.82539,2.6979522930601598e-11,2.2286182773566114e-11,3.316620010047313e-11,2.825519421821552e-11,1.3957125249831754e-11,0.7654479371176044
0.82565,2.15577669024398e-11,2.2303079069661516e-11,3.324974224194259e-11,2.828151454073718e-11,1.3964941656134388e-11,-0.10809197814296344
0.82591,2.0554837565600538e-11,2.2229119753481336e-11,3.3090896701537706e-11,2.8187997291264568e-11,1.3918008507735448e-11,-0.2384961417814994
0.82617,1.5794605720443443e-11,2.2244049695309773e-11,3.309563602284572e-11,2.8197654434706198e-11,1.3930431973413896e-11,-0.8152438110418446
0.82643,1.6852483104159453e-11,2.2212980021766303e-11,3.3065867829229527e-11,2.8166969204498702e-11,1.3908935220583122e-11,-0.698033370445841
0.82669,2.067004514446895e-11,2.224902332673201e-11,3.312020842827999e-11,2.821303983882399e-11,1.3930922347615584e-11,-0.22517118387020377
0.82695,2.0043312622432937e-11,2.2326250516306776e-11,3.323789374765258e-11,2.8312178477036327e-11,1.3978134792049871e-11,-0.31929337964989024
0.82721,2.466701938803783e-11,2.2346040867880016e-11,3.325867623626757e-11,2.8333658165728814e-11,1.3990928380096107e-11,0.3564239749902186
0.82746,2.743353661955277e-11,2.23964092094798e-11,3.328593042097828e-11,2.8368872918186742e-11,1.4094458748046175e-11,0.7864071018381938
0.82772,2.661618303890263e-11,2.23005893431756e-11,3.3248240410328165e-11,2.831378584832099e-11,1.396121410202534e-11,0.6987036760440694
0.82798,2.482783972783749e-11,2.2266585499180598e-11,3.3147842981292566e-11,2.8235990066189157e-11,1.3941471898221441e-11,0.40014541405647064
0.82824,2.1105723048790155e-11,2.226958495109887e-11,3.315026468553152e-11,2.8238699645670916e-11,1.39447193507882e-11,-0.1673056687366189
0.8285,1.8720812142560525e-11,2.224086506935759e-11,3.3106356819498896e-11,2.8201918886227523e-11,1.392635027156375e-11,-0.4794027854086653
0.82876,1.8294624648033725e-11,2.2311824999262674e-11,3.321653520383321e-11,2.829394518296984e-11,1.3969225130518956e-11,-0.5390725703435988
0.82902,2.2311038755707865e-11,2.2272527038939585e-11,3.3159800096273515e-11,2.8244572022166812e-11,1.394451847878897e-11,0.005617860599795054
0.82928,2.4873379335713238e-11,2.2285567823956222e-11,3.3177198929188694e-11,2.826048190587031e-11,1.3953242761220424e-11,0.40425127319958526
0.82954,2.3589320693725704e-11,2.2290697174932825e-11,3.3184344619569784e-11,2.826683268612395e-11,1.3956191949278805e-11,0.19718334374677202
0.8298,2.2929678284890235e-11,2.2282131244157608e-11,3.317161333916682e-11,2.8255883298906903e-11,1.3951404173005945e-11,0.09705050914902177
0.83006,2.4523290560510345e-11,2.234324073752872e-11,3.326666747723013e-11,2.8335179215153902e-11,1.39885929452486e-11,0.3367455610445708
0.83032,2.0891211749999423e-11,2.2305578154258442e-11,3.320781803407969e-11,2.8286181892267635e-11,1.3965633749352952e-11,-0.20200414463088884
0.83058,1.8421249559483776e-11,2.2299387834101967e-11,3.319651951634581e-11,2.8277466326353463e-11,1.396221309301535e-11,-0.5223839291951798
0.83084,1.6428500467817558e-11,2.2275888284294142e-11,3.316166363365866e-11,2.82476973478398e-11,1.3947022339240808e-11,-0.7502504951180744
0.8311,1.558090086147987e-11,2.2257131456581084e-11,3.313238435594228e-11,2.8223508317969652e-11,1.3935171697032663e-11,-0.8388361799071463
0.83137,1.5809429790322312e-11,2.224776017289447e-11,3.311773498657879e-11,2.8211205498264856e-11,1.392949094943223e-11,-0.8142916833044982
0.83163,1.4621993502453202e-11,2.2249176048593562e-11,3.3119389554354385e-11,2.82128067942222e-11,1.3930984646704775e-11,-0.9344354958686207
0.83189,1.484971969404283e-11,2.2260401386154174e-11,3.313814449693659e-11,2.8228342497208064e-11,1.3934457542467845e-11,-0.9131046188123391
0.83215,1.740812819356087e-11,2.2256057333326623e-11,3.3130474776390187e-11,2.8221766220739088e-11,1.3935956212769069e-11,-0.6384716714801677
0.83241,2.0627129495871863e-11,2.2517130884943305e-11,3.336652949195802e-11,2.8469649476620907e-11,1.412113427717518e-11,-0.27162310931635963
0.83267,2.3694297167067077e-11,2.2315544505122342e-11,3.322345096671499e-11,2.8299265133166774e-11,1.3971765440021836e-11,0.20955903511392002
0.83293,2.8053781163153658e-11,2.2341804847736236e-11,3.325483627072543e-11,2.8329018434444152e-11,1.3990490106956943e-11,0.9485328211066028
0.83319,2.99672026343336e-11,2.231696858910803e-11,3.322508290914134e-11,2.8300816408881818e-11,1.3971595474694579e-11,1.321037068733209
0.83345,3.067248491690058e-11,2.232083129025081e-11,3.331190199480581e-11,2.8317887545729072e-11,1.3973092100485104e-11,1.4616067034480504
0.83371,3.196331401755454e-11,2.2710486792652825e-11,3.390575064988502e-11,2.8957738059899378e-11,1.4102570102977258e-11,1.6741876208115347
0.83398,2.9952160652965025e-11,2.2210449093063074e-11,3.306622191081554e-11,2.8165526096372526e-11,1.3906220443777655e-11,1.3469266160780704
0.83424,2.343720929067528e-11,2.2105781747792505e-11,3.292512660048956e-11,2.803419196767297e-11,1.3840088344366205e-11,0.20416997639310439
0.8345,2.0293155441069664e-11,2.198823940297466e-11,3.276220805075924e-11,2.7899244291531676e-11,1.3738318100877669e-11,-0.2467832041534922
0.83476,1.7437673550167636e-11,2.197412363855903e-11,3.27194189051544e-11,2.7867759697906263e-11,1.3757730564650238e-11,-0.6091247071976201
0.83502,1.454400785276192e-11,2.197913270570157e-11,3.2720334492935535e-11,2.7871537922141194e-11,1.3761577287121168e-11,-0.9246498630368292
0.83528,1.6743654132632047e-11,2.1947393801764112e-11,3.267260516737903e-11,2.78311828261761e-11,1.374140623580855e-11,-0.6875776288513136
0.83555,1.7358032897303954e-11,2.1975775479230938e-11,3.2712049663832155e-11,2.7865985591983856e-11,1.3759768227254662e-11,-0.6186366976630583
0.83581,1.890718452831878e-11,2.197302683508763e-11,3.282110278483166e-11,2.7928749265102335e-11,1.3760345653534393e-11,-0.42673927700119646
0.83607,2.0297514042468658e-11,2.1982880698322342e-11,3.277233903696791e-11,2.7874052349890254e-11,1.3765627809968527e-11,-0.24241387875071632
0.83633,2.1337131968380594e-11,2.1979634228020352e-11,3.2715535788893923e-11,2.7869871767723193e-11,1.3763326584386134e-11,-0.0946915025870405
0.8366,2.3207715504740465e-11,2.197317760267251e-11,3.270296885862586e-11,2.7860282027889153e-11,1.3759930639578754e-11,0.19005193741561452
0.83686,2.503897350526529e-11,2.209145395288972e-11,3.283086660156167e-11,2.799548123120058e-11,1.3743572515148396e-11,0.47465625159740166
0.83712,2.740274522570522e-11,2.1923312615067702e-11,3.263403239678932e-11,2.779933882362211e-11,1.372696814162665e-11,0.924693995389867
0.83738,2.7004261425269943e-11,2.192937867516889e-11,3.2643523785534177e-11,2.780707551863314e-11,1.3731221366385074e-11,0.8493375590344641
0.83765,2.4610816253554166e-11,2.1940008819427706e-11,3.264941885733264e-11,2.781602144551916e-11,1.3740268377942672e-11,0.42471568966462914
0.83791,2.3894050098675247e-11,2.1866407616059765e-11,3.2552169540301915e-11,2.7729064904423905e-11,1.3689801651479374e-11,0.3193257751533741
0.83817,2.2866586458187437e-11,2.183177869651816e-11,3.2507225089391425e-11,2.7686732952520086e-11,1.3670069976122454e-11,0.15988807076824188
0.83843,2.093731516289475e-11,2.1764881195612506e-11,3.23988432667609e-11,2.7598933673914176e-11,1.3627670971230087e-11,-0.1227416821382704
0.8387,2.24745594495641e-11,2.1771014296015177e-11,3.24132769526002e-11,2.76089822575025e-11,1.3630449540993242e-11,0.10797434379368698
0.83896,2.453199964688534e-11,2.17953816608997e-11,3.244896982238479e-11,2.7639547477909064e-11,1.3645703616498367e-11,0.439000106971355
0.83922,2.4238834903374113e-11,2.1821001438523108e-11,3.248612012434935e-11,2.767158340491894e-11,1.3662211379117203e-11,0.3847484304449568
0.83949,2.674872247604141e-11,2.1829741137948616e-11,3.250037381098055e-11,2.7683062375194287e-11,1.366786158497069e-11,0.8251217642577838
0.83975,2.7857402590924776e-11,2.1978150341763376e-11,3.2630695756410634e-11,2.7817784130752802e-11,1.3883447216283488e-11,0.9376283705104442
0.84001,2.880618244239472e-11,2.184576948494948e-11,3.252205646336e-11,2.7702563012394033e-11,1.3677987694331005e-11,1.2152641895268215
0.84028,2.7933750258876823e-11,2.2179785927830644e-11,3.2873838629815575e-11,2.8069246353072865e-11,1.3629330664081175e-11,0.9942519234402377
0.84054,2.6519953011736088e-11,2.184638668680518e-11,3.251218807817363e-11,2.7698207360854793e-11,1.3681789707963596e-11,0.7774135818531402
0.84081,2.7020048873345494e-11,2.184912888457952e-11,3.2523105087370445e-11,2.7704620285994314e-11,1.3681342301694676e-11,0.8703194573399129
0.84107,2.3669289609797403e-11,2.1822384362601796e-11,3.248690658858292e-11,2.7672580722884524e-11,1.3664534854228e-11,0.2904905601405046
0.84133,1.9926603769431592e-11,2.180749459751772e-11,3.246391960761862e-11,2.765357647709341e-11,1.3654015318123626e-11,-0.2715404789354506
0.8416,1.8176686590048803e-11,2.180003805006862e-11,3.2454866898314455e-11,2.7645090168723802e-11,1.3648261187873562e-11,-0.5014885599198484
0.84186,1.493852961643001e-11,2.184284049001464e-11,3.251776939979665e-11,2.7698765054259675e-11,1.367650896733904e-11,-0.8755158256737366
0.84213,1.7288997296689134e-11,2.1782371888837518e-11,3.24222541905582e-11,2.7620773687231858e-11,1.3639314813392718e-11,-0.6085608262398503
0.84239,1.7853229583115953e-11,2.1748072991068325e-11,3.261902136041997e-11,2.77705438617115e-11,1.3618102702964441e-11,-0.5362862441229097
0.84265,1.748031694963263e-11,2.174271805626608e-11,3.236460207155547e-11,2.7570114474767198e-11,1.3614752034782254e-11,-0.5816062608644132
0.84292,1.8298434239017778e-11,2.1723916106005456e-11,3.2339519740130376e-11,2.7547748521882902e-11,1.3600936798448551e-11,-0.47795763057671353
0.84318,1.8871788751111946e-11,2.1745252786513158e-11,3.2371813223147234e-11,2.7574897300751362e-11,1.3614985070277316e-11,-0.4060276925598195
0.84345,1.6215830847951105e-11,2.1761529141195157e-11,3.239532660881955e-11,2.759532326730682e-11,1.3624715052398905e-11,-0.7316026071070323
0.84371,1.760718401912377e-11,2.178954200158206e-11,3.24383031312477e-11,2.7631258767003958e-11,1.364279413398444e-11,-0.5708696967423468
0.84398,1.70039721575045e-11,2.1846652402805506e-11,3.2523575944878704e-11,2.7703850295303606e-11,1.367833548530638e-11,-0.6484526822395277
0.84424,1.918414791563584e-11,2.1873344588419717e-11,3.2564001719413226e-11,2.773802317471485e-11,1.3694254218718238e-11,-0.3797546786451817
0.84451,1.759898338073354e-11,2.1827754126884378e-11,3.249396215038953e-11,2.7679226760694637e-11,1.3666875840912803e-11,-0.5756112153547032
0.84477,1.960743557238556e-11,2.179487242979312e-11,3.244667567138848e-11,2.7638140562524395e-11,1.3646514284425818e-11,-0.3135572552495203
0.84504,2.3767914404474983e-11,2.1906061784618712e-11,3.261226702476558e-11,2.7779280428662646e-11,1.3715421475935281e-11,0.29148612482973735
0.8453,2.918879108304702e-11,2.202714444510784e-11,3.2786133316644636e-11,2.7928913403127418e-11,1.3801348087012909e-11,1.2321680729183047
0.84557,3.2193237906248786e-11,2.1985583657475675e-11,3.2729990488933355e-11,2.7879958372365528e-11,1.3764821208676826e-11,1.8817649246211272
0.84583,3.101413255109598e-11,2.2117357131257446e-11,3.291157197945578e-11,2.803844933161706e-11,1.3865264068053386e-11,1.5676899290360125
0.8461,2.890497241425905e-11,2.2131406659551676e-11,3.2944587582919964e-11,2.8063725750709955e-11,1.3857444217386014e-11,1.1611113232622117
0.84636,2.4917948280742106e-11,2.217672705866965e-11,3.301805055553506e-11,2.8123314670194947e-11,1.3885277355391469e-11,0.43192514426707035
0.84663,2.0923125365954844e-11,2.2182864513539176e-11,3.3024199403370264e-11,2.813029196249641e-11,1.3888485592931094e-11,-0.18160320579998274
0.8469,1.7338800765298417e-11,2.212019959671074e-11,3.292084882028148e-11,2.805212262580618e-11,1.3849444096828342e-11,-0.634302904458611
0.84716,1.627418122554738e-11,2.2161638687267393e-11,3.299302212816016e-11,2.810340866236248e-11,1.3875750520727417e-11,-0.757898806184222
0.84743,1.7366978905637757e-11,2.2294814804291202e-11,3.3285897752714413e-11,2.826721681850924e-11,1.3959658789821158e-11,-0.6467556111877397
0.84769,1.9791296664138996e-11,2.2551214901257595e-11,3.3521400673220954e-11,2.8591536359020293e-11,1.3974624591199579e-11,-0.38646720425425807
0.84796,2.1736783489072348e-11,2.2302581669548636e-11,3.319994297043338e-11,2.8281061156993966e-11,1.3963734620009213e-11,-0.08251686593440496
0.84823,2.086630406517318e-11,2.2304955294490183e-11,3.320226786052997e-11,2.8283371547850466e-11,1.396656469385026e-11,-0.2052675791538853
0.84849,2.072929492786867e-11,2.2307499031298817e-11,3.320625105819479e-11,2.8286721401592207e-11,1.3967853016363742e-11,-0.22447458026363243
0.84876,1.9552831702558873e-11,2.2357005125155613e-11,3.3279773596502505e-11,2.8349460165567437e-11,1.3998657870158132e-11,-0.3867339315237974
0.84903,2.26060251875831e-11,2.2439414194305084e-11,3.340266602181564e-11,2.8453909266423764e-11,1.4051199579837517e-11,0.02469099491215884
0.84929,2.524398838158949e-11,2.2431154105777318e-11,3.3390386913283016e-11,2.8443568406118493e-11,1.4045195252360689e-11,0.43837213541238274
0.84956,2.7524648593999658e-11,2.2426191169110784e-11,3.338405124924403e-11,2.843783440658484e-11,1.4041638099817036e-11,0.8327256766180351
0.84983,2.919360084441188e-11,2.2405783911209596e-11,3.3354654863276117e-11,2.8412412158504218e-11,1.4029025129822343e-11,1.1477494970578697
0.85009,2.8712008091518587e-11,2.2548815195390743e-11,3.349839824315875e-11,2.856478878544216e-11,1.400301561264878e-11,1.0360724467570892
0.85036,2.7319486870860618e-11,2.238831844578404e-11,3.332695483661371e-11,2.8389204960812113e-11,1.4018532536135763e-11,0.8043249527289034
0.85063,2.4029347783264978e-11,2.2379640651852893e-11,3.331462038481134e-11,2.8378548518699092e-11,1.4013196415854991e-11,0.2515340373211436
0.85089,2.336478635460056e-11,2.237731790328766e-11,3.331109969084274e-11,2.8375611794338818e-11,1.4011593875582662e-11,0.1484406166846027
0.85116,2.0231022685754234e-11,2.240130574462773e-11,3.334513767772268e-11,2.840556896557164e-11,1.4026220409689566e-11,-0.3032429358870931
0.85143,1.7288240093446323e-11,2.2437207407502682e-11,3.3400587403445995e-11,2.845149556676263e-11,1.4049725270513844e-11,-0.6682158341976698
0.8517,1.917643823344339e-11,2.2456716406722077e-11,3.3432522384419035e-11,2.8478132543212952e-11,1.4058300900404051e-11,-0.44566556503232635
0.85196,1.6294356152203126e-11,2.2482539061371265e-11,3.348556443908079e-11,2.8517554813797178e-11,1.407452336328136e-11,-0.7811384571553369
0.85223,1.7902127168614478e-11,2.2497079539008908e-11,3.348122697772385e-11,2.8523591372393045e-11,1.4088825520805394e-11,-0.6030590136240959
0.8525,1.782438154980905e-11,2.2437508215486454e-11,3.3394843108952803e-11,2.8449295256435722e-11,1.4048962682116416e-11,-0.6068312153262195
0.85277,2.224933768676471e-11,2.2418203965022602e-11,3.3370434867970926e-11,2.8426795721121056e-11,1.4037214413022313e-11,-0.024682264878926958
0.85303,2.5505806669084174e-11,2.2429338261028144e-11,3.3390451530206076e-11,2.8442427176646452e-11,1.4043296958345148e-11,0.48214382581077947
0.8533,2.4551626063685505e-11,2.243790552388416e-11,3.339898095009424e-11,2.845132617690721e-11,1.4050609899017225e-11,0.3246459392045941
0.85357,2.3970288365750355e-11,2.246474998267062e-11,3.343659082584577e-11,2.848460595211445e-11,1.4066502389331362e-11,0.22767836572645878
0.85384,2.2118358191577856e-11,2.2475993814654765e-11,3.344879715810272e-11,2.849686428208287e-11,1.4074995706205879e-11,-0.05189899540720456
0.85411,2.3946504167582934e-11,2.246219104748217e-11,3.3430709194544366e-11,2.848064193959605e-11,1.4064534763764303e-11,0.22420337064272838
0.85437,2.4961065352895474e-11,2.243677455500324e-11,3.339373216048676e-11,2.844842696692678e-11,1.4050453368907922e-11,0.39095242892189147
0.85464,2.5585100336288088e-11,2.24339696032143e-11,3.339185619727721e-11,2.8445972029569743e-11,1.4047353385762436e-11,0.494342548167367
0.85491,2.4606545440661364e-11,2.2456848653431718e-11,3.3427736646058185e-11,2.8475605925276163e-11,1.4062187825325809e-11,0.33009647893330013
0.85518,2.0126456793663537e-11,2.2454968856646843e-11,3.342693963696225e-11,2.847416870649482e-11,1.4059771384103256e-11,-0.32345769004944513
0.85545,1.9501052688287253e-11,2.2381093975378716e-11,3.331886855421854e-11,2.8381223965381123e-11,1.4013679622763267e-11,-0.3960565072119002
0.85572,2.0918795101406026e-11,2.2278202230132302e-11,3.316864114703158e-11,2.825208621470659e-11,1.3948207288462435e-11,-0.19465281962172812
0.85599,2.4068145235809744e-11,2.2454058745045262e-11,3.342830877749629e-11,2.847419137648868e-11,1.4058690384204044e-11,0.2449708433716522
0.85626,2.3122727544771976e-11,2.247960558908119e-11,3.346462515253302e-11,2.8505961493099215e-11,1.4074721208095091e-11,0.0954043221766218
0.85652,2.2703956055470343e-11,2.2454045256887285e-11,3.3425774506357065e-11,2.8473002979789743e-11,1.4059959043413167e-11,0.03695461011914415
0.85679,2.316156007236723e-11,2.2422237886266254e-11,3.33792765348743e-11,2.8433212769533215e-11,1.4038788905366242e-11,0.11018935352936038
0.85706,2.5549938689573397e-11,2.2432884524928333e-11,3.3422040622417164e-11,2.8461634139218295e-11,1.4043505616633323e-11,0.48904406749708434
0.85733,2.513528482986481e-11,2.2469318863702935e-11,3.3447756986239116e-11,2.8492173907559375e-11,1.4068959773751551e-11,0.4134489217744591
0.8576,2.8570905312456352e-11,2.2517087782963956e-11,3.352239107397506e-11,2.855419271012887e-11,1.4097874523110387e-11,1.0033173330454526
0.85787,3.070801400771339e-11,2.249014835558915e-11,3.348286936192748e-11,2.852039476673025e-11,1.4080564337611454e-11,1.4217016604907673
0.85814,3.156735907526708e-11,2.250101171655016e-11,3.349070124172553e-11,2.853045274939762e-11,1.4089739997054954e-11,1.591353624084865
0.85841,3.6241423681267746e-11,2.267242956063452e-11,3.374822557319705e-11,2.874832173441511e-11,1.4198902727904964e-11,2.5404743012494024
0.85868,3.389243305616938e-11,2.253334396579881e-11,3.354281257260328e-11,2.8572917984375808e-11,1.4110309654714419e-11,2.076108582648495
0.85895,3.401243342666869e-11,2.2435866791245845e-11,3.339978482712147e-11,2.8450372202141164e-11,1.4048149824756696e-11,2.1353868350916625
0.85922,3.119779498390994e-11,2.2422946073543597e-11,3.3379811631642095e-11,2.8433723362965295e-11,1.4039987107677344e-11,1.5379836052112559
0.85949,2.8243538289022203e-11,2.2408703084371567e-11,3.33579305119009e-11,2.841546748095206e-11,1.4030538634073017e-11,0.9677479493682879
0.85976,2.5082109625349753e-11,2.235619447341989e-11,3.328316119280296e-11,2.835019810857341e-11,1.3997643544131204e-11,0.42565085999002245
0.86003,2.0693729298322635e-11,2.2333205114709346e-11,3.3248990772051913e-11,2.8321116329620834e-11,1.3983206441230271e-11,-0.23263296981516188
0.8603,1.3964678891981196e-11,2.2301999298086867e-11,3.319941115407337e-11,2.8280126572404282e-11,1.3964678891981196e-11,-1.019684435629066
0.86057,1.4010171917657182e-11,2.282714146370412e-11,3.370303090763414e-11,2.880600287074979e-11,1.4010171917657182e-11,-1.5903116222505511
0.86084,1.3993268159073536e-11,2.2345652419431106e-11,3.326213135484397e-11,2.8334360187097644e-11,1.3993268159073536e-11,-1.5256880599938534
0.86111,1.395586268339233e-11,2.2281490480226778e-11,3.3154933663740025e-11,2.824680259098732e-11,1.395586268339233e-11,-1.1860124311949196
0.86138,1.7850364962017882e-11,2.224444181649047e-11,3.3114990722949265e-11,2.8207724208290793e-11,1.3927868637360325e-11,-0.5856637357707392
0.86165,2.1782187024261444e-11,2.237269158998099e-11,3.3276091553680994e-11,2.8355542310770442e-11,1.4015949437916295e-11,-0.08666114656727164
0.86192,2.3864881988452694e-11,2.2329912990399244e-11,3.324008847970211e-11,2.8314626820878875e-11,1.3983437972364344e-11,0.23393483783818703
0.86219,2.1955149749387076e-11,2.233281960204052e-11,3.325248845918586e-11,2.8322555002686728e-11,1.3981231126284097e-11,-0.05520156761783704
0.86247,1.575099918857209e-11,2.2218628338658032e-11,3.3102730821278795e-11,2.8187275587286976e-11,1.3902350287844411e-11,-0.8191479707896037
0.86274,1.3894569873138216e-11,2.2193146287293336e-11,3.3044217318549736e-11,2.814502753972778e-11,1.3894569873138216e-11,-1.137824893907853
0.86301,1.3875177348561633e-11,2.2160761873341692e-11,3.2993442104286185e-11,2.8102854131371046e-11,1.3875177348561633e-11,-1.4995918135040756
0.86328,1.388621338559943e-11,2.2177729541611653e-11,3.30171745639137e-11,2.8123704988379714e-11,1.388621338559943e-11,-1.6304348231030676
0.86355,1.3930314253391983e-11,2.2247737194662242e-11,3.313682956869253e-11,2.821869217155157e-11,1.3930314253391983e-11,-1.65953045571569
0.86382,1.392689031627734e-11,2.236669593657886e-11,3.345966520619093e-11,2.8508552630557243e-11,1.392689031627734e-11,-1.5772406484631043
0.86409,1.4045517199606863e-11,2.242883773195637e-11,3.358336691657558e-11,2.8559592512356356e-11,1.4045517199606863e-11,-1.588663693398717
0.86436,1.7517003498894344e-11,2.2467225053373123e-11,3.343229390311955e-11,2.8483465243983e-11,1.4072613272267506e-11,-0.6445028213590829
0.86464,2.131031058828103e-11,2.267552521355676e-11,3.3631168985900035e-11,2.8694829295294608e-11,1.4051837601682694e-11,-0.19619609614393546
0.86491,2.3331558737108986e-11,2.2436408116164776e-11,3.3394337463909296e-11,2.8448319192031722e-11,1.4049392893617558e-11,0.1338097348489591
0.86518,2.3968284597293395e-11,2.2481657006580076e-11,3.3583298746663646e-11,2.8594335662195e-11,1.4077065731716393e-11,0.22438818989638737
0.86545,2.056286327970666e-11,2.243135594744482e-11,3.336569770799622e-11,2.843196240763265e-11,1.4053488755848765e-11,-0.2620644700245744
0.86572,2.1383701681097795e-11,2.217507729599622e-11,3.300855094137997e-11,2.8118492206128013e-11,1.3885206998579693e-11,-0.11527535418049055
0.866,2.302410282466042e-11,2.2131199069034067e-11,3.2945793700022856e-11,2.8063784750544026e-11,1.3857389457922319e-11,0.13542510421568216
0.86627,2.5257062981629003e-11,2.2237129294019606e-11,3.341721090047524e-11,2.8444247099381243e-11,1.3865953890323903e-11,0.4809424593858974
0.86654,2.472080008208955e-11,2.219920432230241e-11,3.3261978968058074e-11,2.825972212802306e-11,1.3900180224908679e-11,0.3948336388694257
0.86681,2.2336772534527374e-11,2.2248694396663628e-11,3.310903640108677e-11,2.820777046913957e-11,1.3932698888514849e-11,0.012850826641593692
0.86709,2.204691228239569e-11,2.2192391346058138e-11,3.303243610946314e-11,2.81395535864647e-11,1.3896371308893125e-11,-0.021481658178270198
0.86736,2.043477590410378e-11,2.214595771416102e-11,3.297083781369915e-11,2.8083875849298135e-11,1.3865905845505225e-11,-0.24437408230917454
0.86763,1.802774796626022e-11,2.2124794112053875e-11,3.293672426245806e-11,2.805591729844134e-11,1.3853157138219178e-11,-0.5527705140115975
0.8679,1.434230683023921e-11,2.2178990517633387e-11,3.2996724455723356e-11,2.8129103306017206e-11,1.3844745127617404e-11,-0.9630338838300577
0.86818,1.3806347769688639e-11,2.2053988809075308e-11,3.282946272049418e-11,2.7965675904322464e-11,1.3806347769688639e-11,-1.1175629975524082
0.86845,1.379771418733095e-11,2.2035366282123337e-11,3.280040258602185e-11,2.7941204494284463e-11,1.379771418733095e-11,-1.2440719674659877
0.86872,1.4667291792878166e-11,2.2025893077944678e-11,3.2788342962043665e-11,2.792998348050907e-11,1.3791768526921556e-11,-0.9154207673918283
0.869,1.5719127667277332e-11,2.204475087813622e-11,3.286897732091939e-11,2.7961231408629267e-11,1.380278382598655e-11,-0.8085492290055782
0.86927,2.1076332682957087e-11,2.2146769363313705e-11,3.297181617106633e-11,2.8084828031427664e-11,1.3866215542709658e-11,-0.15519896911467276
0.86954,2.5996210061594706e-11,2.214645884418596e-11,3.2971054498884813e-11,2.8084270944054908e-11,1.3866411225654822e-11,0.6216964355519832
0.86982,3.006608382352243e-11,2.213097225838713e-11,3.29476883314163e-11,2.8064589673711028e-11,1.3856216337900186e-11,1.3909369363087305
0.87009,3.1407521679386315e-11,2.2389689062762207e-11,3.313919987431329e-11,2.8282881094724705e-11,1.4178127277934915e-11,1.630835236483548
0.87036,3.341601114276195e-11,2.2074815243358916e-11,3.286554561672138e-11,2.7994180245989408e-11,1.381962998590028e-11,2.1203568277445686
0.87064,3.4478226212287087e-11,2.2046084983967552e-11,3.2824716276690847e-11,2.7958484578418086e-11,1.3802067993322037e-11,2.378742340803397
0.87091,3.239223161103485e-11,2.2053979590852055e-11,3.283420401088222e-11,2.797054766965667e-11,1.3807182486681743e-11,1.9032414340645918
0.87118,2.8190625874702197e-11,2.2023818581080188e-11,3.2784739644163307e-11,2.7927208757967685e-11,1.3790171682474651e-11,1.0499240724727945
0.87146,2.4765113518781516e-11,2.2021450440297027e-11,3.27828167252002e-11,2.7924702244709796e-11,1.3788544599907923e-11,0.4353731522901056
0.87173,2.2903218392563216e-11,2.196780102465817e-11,3.2703085022939494e-11,2.7856916619566536e-11,1.3754733067176856e-11,0.14306831481748833
0.87201,1.961081844045568e-11,2.185424270839251e-11,3.2533906636817973e-11,2.7712899937683115e-11,1.368347677099653e-11,-0.32038834024496765
0.87228,1.8440879489470657e-11,2.1796156271535858e-11,3.244781276528099e-11,2.7639355657648e-11,1.3647365138434705e-11,-0.4674209854411686
0.87256,1.7404515461178506e-11,2.1795704207772273e-11,3.244932118881071e-11,2.7639735356564937e-11,1.364644886318971e-11,-0.5960650297057697
0.87283,1.7365130548634127e-11,2.182718749531633e-11,3.263581641081547e-11,2.7730052783454228e-11,1.3666179586224714e-11,-0.6038143924014561
0.8731,1.88711754763272e-11,2.184411608989504e-11,3.252208483998483e-11,2.7701366945072716e-11,1.3676473204958401e-11,-0.41732732415888674
0.87338,2.2697484059141186e-11,2.1790855784646894e-11,3.243993743276223e-11,2.763267524665606e-11,1.3643688888271111e-11,0.13968230920858793
0.87365,2.6159542269510417e-11,2.1911690571681383e-11,3.26385806672564e-11,2.781626470546065e-11,1.3624770208863479e-11,0.6683087486866098
0.87393,2.7667545123728947e-11,2.1758325167360655e-11,3.2394503982120756e-11,2.7592904070047817e-11,1.3623811754792045e-11,1.0147034535029562
0.8742,2.7675782080540418e-11,2.1793690123223048e-11,3.2422672860895325e-11,2.7625630887421757e-11,1.3653384806511147e-11,0.9945149293541928
0.87448,2.71268721265315e-11,2.1711628897975988e-11,3.232529524436474e-11,2.7533576993665685e-11,1.3593858006308718e-11,0.9231649643145192
0.87475,2.4241480056817863e-11,2.1717558322091932e-11,3.233700786611535e-11,2.7542586859256485e-11,1.35960799804964e-11,0.4047085996135555
0.87503,2.3626302201065594e-11,2.2396951684622848e-11,3.280207996502353e-11,2.808538154571877e-11,1.4621294023854306e-11,0.19797558898429474
0.8753,2.149280923374516e-11,2.1737236796454037e-11,3.237025012057519e-11,2.7569927484066758e-11,1.3608262970838529e-11,-0.036820124159935415
0.87558,2.390449517041741e-11,2.184041926230438e-11,3.253267239160588e-11,2.7706161722642077e-11,1.3669962842658775e-11,0.3259675357064363
0.87586,2.5140356213589274e-11,2.1835377319439794e-11,3.250278136117956e-11,2.7687782663491404e-11,1.367197807340265e-11,0.5352488040519402
0.87613,2.5456647355974477e-11,2.1727777985540908e-11,3.235614041066956e-11,2.7556230980249013e-11,1.3603438332869524e-11,0.6131613222756205
0.87641,2.5795046648327757e-11,2.1729834268818736e-11,3.235537616243418e-11,2.7557824293132705e-11,1.3604853845627443e-11,0.6731021202408765
0.87668,2.627754671066102e-11,2.181081584724465e-11,3.2552769344060705e-11,2.7684696037609464e-11,1.3654366824598904e-11,0.7440731971743894
0.87696,1.7766647015244512e-11,2.167999248199633e-11,3.2369441004605503e-11,2.7515878094918495e-11,1.3570607408829844e-11,-0.54053486264085
0.87723,1.3531371929426339e-11,2.161540245761383e-11,3.219040415130308e-11,2.7415102302457955e-11,1.3531371929426339e-11,-1.3772089302182144
0.87751,1.3490729039749498e-11,2.155443322768423e-11,3.209759469612078e-11,2.7337312992575695e-11,1.3490729039749498e-11,-2.2100896901907086
0.87779,1.3783927994251824e-11,2.179566015042193e-11,3.2315631758014416e-11,2.756096067875951e-11,1.3783927994251824e-11,-2.1908896481078286
0.87806,1.3669178725249597e-11,2.2254186483341236e-11,3.294942186802198e-11,2.8153777008003018e-11,1.3669178725249597e-11,-1.756004190238156
0.87834,1.4439374528728638e-11,2.1734748717616727e-11,3.2641474528443515e-11,2.7717020758225106e-11,1.3604286898231323e-11,-0.9192771936740677
0.87862,2.1325526712224267e-11,2.1925089959564767e-11,3.266641378806064e-11,2.7809181681810894e-11,1.3725690423082759e-11,-0.08876610856226026
0.87889,2.7128420622098463e-11,2.1987487722252312e-11,3.2741688505315615e-11,2.7885522123381543e-11,1.3766896860011055e-11,0.8597832813305213
0.87917,3.114000519371455e-11,2.196230477896881e-11,3.270296099810785e-11,2.7853280572635863e-11,1.3749982495479662e-11,1.6629357462160321
0.87944,3.461498217068858e-11,2.1982516078643266e-11,3.2727631015092895e-11,2.7876717966058602e-11,1.3763351870358321e-11,2.433895261167141
0.87972,3.514173002730644e-11,2.226679144092267e-11,3.2915122802404003e-11,2.8101904190168405e-11,1.416721042859624e-11,2.488908782309445
0.88,3.400084972716219e-11,2.187773311219141e-11,3.25598875538595e-11,2.7738837675693334e-11,1.3693926823458406e-11,2.245807034293934
0.88028,3.210875699881761e-11,2.1908177995820066e-11,3.260298090956308e-11,2.7775932360614058e-11,1.3721828503232106e-11,1.8851553021343137
0.88055,2.980780285835908e-11,2.182422974994438e-11,3.2482669446259646e-11,2.76718397875125e-11,1.3666627809625296e-11,1.4134682550757791
0.88083,2.607060092046899e-11,2.17586154371263e-11,3.238721452075226e-11,2.7589756512462455e-11,1.3624629751369138e-11,0.7162084469844578
0.88111,2.21450123519847e-11,2.1757567806885263e-11,3.238747579972095e-11,2.7589048078034217e-11,1.3624290799760913e-11,0.059207551518446644
0.88138,1.6919161158904312e-11,2.1687851995639103e-11,3.228415987723328e-11,2.7500923567841475e-11,1.357996961150094e-11,-0.6437672511336714
0.88166,1.4304041479186839e-11,2.1702199090445456e-11,3.230760336626893e-11,2.752004445608357e-11,1.358780574978344e-11,-0.9303351868314539
0.88194,1.3623859922120765e-11,2.178319222191093e-11,3.2473973197936053e-11,2.7671149687782414e-11,1.3623859922120765e-11,-1.5299363130130923
0.88222,1.3614742922046816e-11,2.1750185678504645e-11,3.23903454494075e-11,2.7585965448517244e-11,1.3614742922046816e-11,-2.157673213729524
0.88249,1.3618699092435777e-11,2.175526392871363e-11,3.2407266142358804e-11,2.7595788631969783e-11,1.3618699092435777e-11,-2.7393573479573736
0.88277,1.3615331708182667e-11,2.175167140852006e-11,3.2407700088234934e-11,2.7593564822348864e-11,1.3615331708182667e-11,-2.905480971228577
0.88305,1.3605649133615062e-11,2.172366267294179e-11,3.235280295837561e-11,2.755091137758443e-11,1.3605649133615062e-11,-2.8741872126068
0.88333,1.3583067457604326e-11,2.1713391000834168e-11,3.235166714216443e-11,2.754917124137684e-11,1.3583067457604326e-11,-2.065707553758079
0.88361,1.877057341726003e-11,2.1711247301896852e-11,3.2420758663205964e-11,2.7555535854370635e-11,1.3588435996665406e-11,-0.4158230135440227
0.88388,3.1006292236226986e-11,2.16189991887719e-11,3.219586123284927e-11,2.7421529549315705e-11,1.3523637492673757e-11,1.6369119774076015
0.88416,3.692310568111738e-11,2.1638123047493494e-11,3.2206785190776565e-11,2.7436538611157894e-11,1.3549196543092083e-11,3.1256908311504557
0.88444,3.94574890871898e-11,2.1628711640753563e-11,3.21904940721329e-11,2.7423692969464363e-11,1.3542931689521953e-11,3.821932866174167
0.88472,3.9183396301695675e-11,2.167450571190469e-11,3.226188446391245e-11,2.7482967765299217e-11,1.3572457704833273e-11,3.7255510990943814
0.885,3.729162544358747e-11,2.1688085853393605e-11,3.22889183802388e-11,2.7503171523122293e-11,1.3578681816967093e-11,3.217218454170548
0.88528,3.293571578647589e-11,2.163486528717139e-11,3.221294121851002e-11,2.743692980820269e-11,1.3545447169459976e-11,2.1614974165389964
0.88556,3.000915286299509e-11,2.169943178522325e-11,3.236302120491013e-11,2.752443076631687e-11,1.3582185768760099e-11,1.5030649437062173
0.88583,2.7017969418292122e-11,2.164465807930219e-11,3.2236132051695e-11,2.7452973661825664e-11,1.3549528482690351e-11,0.9188409340367407
0.88611,2.5336763781532462e-11,2.153801983534418e-11,3.207214847878628e-11,2.731529978960869e-11,1.3484336141634786e-11,0.6317408239766615
0.88639,2.276204902711346e-11,2.1514898685342944e-11,3.202910551861739e-11,2.7282553283853227e-11,1.3471211713532505e-11,0.19617479138668517
0.88667,2.2839964893130983e-11,2.150013790804717e-11,3.200761216336734e-11,2.7263828786295667e-11,1.3462473981917009e-11,0.21145660431314262
0.88695,2.245580713098322e-11,2.147192217354998e-11,3.196704667896653e-11,2.7228813851863526e-11,1.3444085995335082e-11,0.15420408671257158
0.88723,1.7037310959857877e-11,2.1509556961048377e-11,3.2159096408367866e-11,2.7349364769034474e-11,1.3467906335737049e-11,-0.6128752056978938
0.88751,1.6315800657601598e-11,2.148646333296752e-11,3.198971312304952e-11,2.7248083245245065e-11,1.3451104324094293e-11,-0.6966148905877353
0.88779,1.3438167716592942e-11,2.1632585140693118e-11,3.221001708647253e-11,2.7468820003601173e-11,1.3438167716592942e-11,-1.5548005259731081
0.88807,1.3406347756308589e-11,2.1410819739803135e-11,3.2014721359762283e-11,2.7180725593924755e-11,1.3406347756308589e-11,-1.7780786532562447
0.88835,1.3372640259072259e-11,2.136024487664735e-11,3.1805521564095965e-11,2.7089405693938275e-11,1.3372640259072259e-11,-1.5637383867861938
0.88863,1.3394770871572734e-11,2.1397290141154127e-11,3.186729167016696e-11,2.7139099879339103e-11,1.3394770871572734e-11,-1.0810718908328958
0.88891,1.3418394121075432e-11,2.1436366036075885e-11,3.1929067946775e-11,2.7190074967840688e-11,1.3418394121075432e-11,-1.1011688384514917
0.88919,1.3442160352838183e-11,2.158468384054506e-11,3.203657576055934e-11,2.7324168127884334e-11,1.3442160352838183e-11,-1.2976633218173461
0.88947,1.341403164378526e-11,2.142422435418551e-11,3.189763647126245e-11,2.716910699897794e-11,1.341403164378526e-11,-1.3450601871006216
0.88975,1.4598658942531102e-11,2.1489801110391744e-11,3.199119995772344e-11,2.7250681326518527e-11,1.345469793878194e-11,-0.8858227263609183
0.89003,1.3720786177651328e-11,2.1614262230627837e-11,3.215588653884774e-11,2.7397655522919428e-11,1.3544452975958273e-11,-0.9811259128097317
0.89031,2.446945700998075e-11,2.154214905471527e-11,3.2143198771086415e-11,2.7334196532234595e-11,1.3490770172733423e-11,0.4769056094598619
0.89059,2.8990966610522445e-11,2.1911692802506974e-11,3.237200101658198e-11,2.7658101246494197e-11,1.353440604868541e-11,1.2858642744991955
0.89087,3.1217268180862624e-11,2.1433070619771154e-11,3.1908757906167413e-11,2.7179551947928628e-11,1.341940814437687e-11,1.8441283905004147
0.89115,2.9910683326322516e-11,2.1456425109254006e-11,3.193926328289153e-11,2.7207208034582812e-11,1.3435674558680424e-11,1.5509083549569924
0.89143,2.7912335002576623e-11,2.1552484962476783e-11,3.2044721328002715e-11,2.7309474689011663e-11,1.3520437734535625e-11,1.0477281685326922
0.89171,2.498112941859397e-11,2.143177796240883e-11,3.189896668651813e-11,2.7174469053942225e-11,1.3420991189026293e-11,0.5898461713923021
0.89199,2.1099696903466898e-11,2.1386045546421294e-11,3.183463207255734e-11,2.711819383355961e-11,1.339052033572189e-11,-0.04384468481662484
0.89227,1.769036481705586e-11,2.1325748275364116e-11,3.1763204838959855e-11,2.705095841952229e-11,1.3351635677492041e-11,-0.5131129248770552
0.89255,1.6054665020704993e-11,2.1282545872345022e-11,3.1685774619566524e-11,2.6989061015208956e-11,1.332525558783608e-11,-0.7088865532014329
0.89284,1.3385799905318722e-11,2.1245248088055994e-11,3.1631231053090104e-11,2.6942257756856486e-11,1.3301273688622218e-11,-0.9919818997998161
0.89312,1.3867492146775911e-11,2.1245551212958474e-11,3.163789561629407e-11,2.694518816154364e-11,1.3299915065511691e-11,-0.9443071266911676
0.8934,1.3304967409359111e-11,2.1377898260538418e-11,3.179610850931506e-11,2.711703531267502e-11,1.3304967409359111e-11,-1.4385196434068546
0.89368,1.3305582905584102e-11,2.125153544921091e-11,3.1802526535312473e-11,2.7033228360551148e-11,1.3305582905584102e-11,-1.7259561732481161
0.89396,1.327050404593844e-11,2.1218893247209634e-11,3.172398331524247e-11,2.7011037678806004e-11,1.327050404593844e-11,-1.8792529556903628
0.89424,1.326256303439218e-11,2.1182844232463345e-11,3.1537877379718705e-11,2.686291091093157e-11,1.326256303439218e-11,-1.8182468079929193
0.89452,1.3296345020653794e-11,2.123350227404164e-11,3.160927470107857e-11,2.6925191766753163e-11,1.3296345020653794e-11,-1.644431844215016
0.89481,1.33222898399551e-11,2.1277426291123047e-11,3.167595528777545e-11,2.6981682254997338e-11,1.33222898399551e-11,-1.1379870301177435
0.89509,1.750583775207308e-11,2.1235104018269573e-11,3.162884801669433e-11,2.693484278258103e-11,1.3295262765352759e-11,-0.527053046208851
0.89537,2.030821191074376e-11,2.1304102028388263e-11,3.1819829285369626e-11,2.7017734285521362e-11,1.3338345303591874e-11,-0.15019346823986698
0.89565,2.528482246352959e-11,2.1348201168264177e-11,3.1791654239077944e-11,2.7075500194255685e-11,1.3364861084346561e-11,0.6631260671702772
0.89593,2.7495182669197145e-11,2.1313032742228664e-11,3.173080847355636e-11,2.7027521188304606e-11,1.334436248020476e-11,1.0928266212303583
0.89622,2.5701418701076082e-11,2.1530626853741558e-11,3.187375341820368e-11,2.720095269426817e-11,1.3611352205952074e-11,0.7207514654377789
0.8965,2.5820829234963575e-11,2.124333441864251e-11,3.163402629816025e-11,2.694223432587559e-11,1.329939329388127e-11,0.7859380793306121
0.89678,2.5098972112039143e-11,2.1208359864856718e-11,3.1579771315595614e-11,2.6896862832628818e-11,1.327830295052712e-11,0.6593678380595329
0.89706,2.528514430668135e-11,2.1204401690026712e-11,3.157269320174888e-11,2.689135400110645e-11,1.3276239311742818e-11,0.6944704862540918
0.89735,2.522055567802132e-11,2.1203677436400912e-11,3.1573175972089626e-11,2.689159532763581e-11,1.3275355629198144e-11,0.682598896295697
0.89763,2.4197293586066565e-11,2.1230190200551417e-11,3.174771720123831e-11,2.6980901028392212e-11,1.3310651095444078e-11,0.49132242299324563
0.89791,2.5268355122199577e-11,2.1240000522322544e-11,3.1792292436102775e-11,2.7056153301869002e-11,1.3299820500601457e-11,0.6830396193555243
0.8982,2.5087396570983984e-11,2.1361838497604058e-11,3.180166870159585e-11,2.708866165614815e-11,1.3375673590092073e-11,0.6238850347723458
0.89848,2.1464683544865257e-11,2.1378753872540792e-11,3.182147154135239e-11,2.710795032904105e-11,1.3386611159915241e-11,0.013176475253152678
0.89876,2.4040829834448337e-11,2.1429269416412064e-11,3.189845023971476e-11,2.717288561703305e-11,1.3417987175952063e-11,0.4252658396087237
0.89905,2.5672137127618866e-11,2.150011820858405e-11,3.1978386233495226e-11,2.7250489195060812e-11,1.3464055350782222e-11,0.6998516387226695
0.89933,2.8001565732748907e-11,2.1452107123730716e-11,3.192245435337484e-11,2.719601980175048e-11,1.3439777143404734e-11,1.155933634003118
0.89961,2.874424430468209e-11,2.1541941919801774e-11,3.2072440484087697e-11,2.7317717346900914e-11,1.3488758762028687e-11,1.2838825536665839
0.8999,2.8889167531974066e-11,2.1507412530593583e-11,3.201288825787647e-11,2.7271462568991407e-11,1.3467034892121692e-11,1.3219898535261883
0.90018,2.6857153662156887e-11,2.146841996478021e-11,3.1961385060246624e-11,2.7224215379504184e-11,1.3442319216243283e-11,0.9296002141471438
0.90046,2.4604257730388754e-11,2.1668104913593142e-11,3.210530682911339e-11,2.74027051157831e-11,1.3442580057422339e-11,0.4849668132363386
0.90075,2.198837992652121e-11,2.1367552967063922e-11,3.185118800382906e-11,2.7097753332572218e-11,1.3377796359878775e-11,0.0969400760041198
0.90103,1.5788922870267325e-11,2.1586913647495226e-11,3.224964004751875e-11,2.7459318362489106e-11,1.3380750327102972e-11,-0.7802495968899185
0.90131,1.4030008024432738e-11,2.152600951403106e-11,3.200150921191356e-11,2.7278870044562067e-11,1.3483673470426811e-11,-0.9456678574925184
0.9016,1.3410253410278632e-11,2.141689085018598e-11,3.188494803488845e-11,2.7158808196860788e-11,1.3410253410278632e-11,-1.2658384771449687
0.90188,1.3400589350967284e-11,2.1401438809085857e-11,3.1860047773019077e-11,2.7138658045130926e-11,1.3400589350967284e-11,-1.155435965111658
0.90217,1.5391317889638448e-11,2.14301230865171e-11,3.1899976147896934e-11,2.7173969270174483e-11,1.34185810108575e-11,-0.7963521614166049
0.90245,1.828461275604234e-11,2.1557320396947408e-11,3.199723847320401e-11,2.7287197502715454e-11,1.3535900944501297e-11,-0.45846236419998426
0.90274,1.9242063037978445e-11,2.143202243408163e-11,3.1931169992092047e-11,2.722027802350206e-11,1.3357939995065528e-11,-0.32187516407573263
0.90302,1.9733216625678244e-11,2.132237330357464e-11,3.174377932427213e-11,2.7039097027694954e-11,1.3350282376456261e-11,-0.23606713573310867
0.90331,2.132114706090137e-11,2.1325611905304828e-11,3.174856410580899e-11,2.7043225676998726e-11,1.3352173882560193e-11,-0.0006986658041475503
0.90359,2.2276730755724265e-11,2.137612639002619e-11,3.1818302186474856e-11,2.7104903464014702e-11,1.3385014408011077e-11,0.1414908491828604
0.90388,1.8336050544753886e-11,2.1439536504955464e-11,3.19078312802183e-11,2.718272348312325e-11,1.3426852943479327e-11,-0.441492704569518
0.90416,1.857116199413467e-11,2.143340172459862e-11,3.191103501817924e-11,2.7180618353122012e-11,1.3419928871548657e-11,-0.40996675466252946
0.90445,1.7945108707066062e-11,2.1704438910152007e-11,3.239774026268431e-11,2.7574516549624308e-11,1.3626689271074327e-11,-0.5169456961791975
0.90473,1.4547535021248321e-11,2.1620731026208743e-11,3.218572317296303e-11,2.7416490463917045e-11,1.3538001929262142e-11,-0.9001489027983495
0.90502,1.3561405222266573e-11,2.165895054864e-11,3.224238586311746e-11,2.746493319434096e-11,1.3561405222266573e-11,-1.0257974090762731
0.9053,1.3564448164627282e-11,2.166389273787233e-11,3.224760666472081e-11,2.7470376989479488e-11,1.3564448164627282e-11,-1.2506773452819855
0.90559,1.3568900978696684e-11,2.1671415608152735e-11,3.225854122681585e-11,2.74797909688183e-11,1.3568900978696684e-11,-1.1814229997829542
0.90587,1.3597562596265039e-11,2.17154082652931e-11,3.232320576606504e-11,2.7535139695917145e-11,1.3597562596265039e-11,-1.1720707840234568
0.90616,1.551278083993166e-11,2.1736447574948714e-11,3.2356649891494115e-11,2.7562739716968106e-11,1.3610141059922131e-11,-0.8070523979549888
0.90644,1.6988743218874167e-11,2.1730048287085466e-11,3.2346814692853214e-11,2.7554608128107283e-11,1.3605489646186172e-11,-0.6395184982410533
0.90673,2.3743844249622235e-11,2.1716520201149023e-11,3.232735092479222e-11,2.753769872492086e-11,1.3597102204191828e-11,0.3212736389276624
0.90702,2.700032755795847e-11,2.169441448217882e-11,3.2294826805408624e-11,2.7509510651042352e-11,1.3585016853221498e-11,0.9033116373596297
0.9073,2.8841653422756235e-11,2.1690569748154617e-11,3.229216271582235e-11,2.750566847301212e-11,1.35811647685892e-11,1.263453824795981
0.90759,2.895206062428625e-11,2.1682886907746778e-11,3.229385974850458e-11,2.75033694194352e-11,1.357559021266853e-11,1.2884810846483166
0.90787,2.8615498225782767e-11,2.171238504686366e-11,3.2330871744158374e-11,2.7536717262745405e-11,1.3591724896358478e-11,1.2123774040360817
0.90816,2.719898809682838e-11,2.1757123850678194e-11,3.2387519290038325e-11,2.7587052924735008e-11,1.3630013493871109e-11,0.9256118536156066
0.90845,2.4750645041883928e-11,2.1753893803102032e-11,3.239285165856102e-11,2.758920530416149e-11,1.3618175878731518e-11,0.4844206332142524
0.90873,2.277422659536717e-11,2.171811567108635e-11,3.2335084199049506e-11,2.7543092662462028e-11,1.3597391337226793e-11,0.16400248104142176
0.90902,2.0575451704422996e-11,2.16672165174075e-11,3.2256464309548254e-11,2.7476150575418596e-11,1.3565769732272544e-11,-0.16170276560214913
0.90931,1.7968834970457745e-11,2.157917785907969e-11,3.212189147491849e-11,2.736314608832921e-11,1.3511185949639e-11,-0.5043888599072742
0.90959,1.870487236351586e-11,2.158764464798419e-11,3.2132903973190526e-11,2.737315726560416e-11,1.3517081618413402e-11,-0.4099646312875909
0.90988,2.0010437882537068e-11,2.1588138414132434e-11,3.2134634932038973e-11,2.7374038694152285e-11,1.3517896315784922e-11,-0.23158133600990558
0.91017,2.1097202636880627e-11,2.159795476685009e-11,3.2147069572873486e-11,2.7385573864371104e-11,1.352491277473077e-11,-0.075234024840673
0.91045,2.2005766585502984e-11,2.1588974741590586e-11,3.213198365249758e-11,2.7374122325722648e-11,1.3516026451003069e-11,0.06377884768359107
0.91074,2.1496067316402773e-11,2.200433349596273e-11,3.243782739165708e-11,2.772028413266089e-11,1.4048360496348102e-11,-0.07784981187970308
0.91103,2.2074253176917752e-11,2.163337455473648e-11,3.22039864028703e-11,2.7432418784571013e-11,1.3544895426702173e-11,0.06758791184559713
0.91132,2.271734094812252e-11,2.164646954321135e-11,3.22277063656367e-11,2.7450879040532438e-11,1.3552544308289984e-11,0.16678718989993754
0.9116,2.2814933738933813e-11,2.1557311640158918e-11,3.214589286159667e-11,2.7370229699266997e-11,1.3496161736263221e-11,0.19755127286512875
0.91189,2.3881051950221288e-11,2.151305272329271e-11,3.20302642223053e-11,2.7282211016093835e-11,1.3468339882680159e-11,0.3819770098106571
0.91218,2.6884200869724253e-11,2.1649092682948192e-11,3.2202957160860467e-11,2.743947608838851e-11,1.3562890522031184e-11,0.8892491580432687
0.91247,2.6280370700419164e-11,2.1603341097078626e-11,3.214986094172375e-11,2.73909205057857e-11,1.3528631272264493e-11,0.7889997878889582
0.91275,2.432961043891067e-11,2.1550940159812744e-11,3.208410937051142e-11,2.7329165851248573e-11,1.3492289918604359e-11,0.45123150904636455
0.91304,2.262167913496778e-11,2.198043408965406e-11,3.232282683101201e-11,2.7644990365828302e-11,1.4119142435070419e-11,0.10269938136627221
0.91333,1.8843244008549437e-11,2.133131576678095e-11,3.175676994556819e-11,2.705036250075932e-11,1.3356097752486302e-11,-0.3613206790273393
0.91362,1.5298463543991575e-11,2.1308649791824268e-11,3.17199759996469e-11,2.7020364612118646e-11,1.3342277248587202e-11,-0.7969989854318301
0.91391,1.5273549902248917e-11,2.1278620433313024e-11,3.167387141921872e-11,2.6981633348756726e-11,1.3323939584398404e-11,-0.797327676500996
0.9142,1.7188708021299033e-11,2.124104225948202e-11,3.164483929119897e-11,2.6933782849702863e-11,1.3300067622896664e-11,-0.5677105936447957
0.91448,2.0901490467478067e-11,2.127847483661954e-11,3.167432546258505e-11,2.698198457832138e-11,1.3322361821229046e-11,-0.057969799497866584
0.91477,2.2246746345221554e-11,2.1352822547401214e-11,3.178370353699308e-11,2.707562690823377e-11,1.3369633016415682e-11,0.14042584442853523
0.91506,2.352424887096334e-11,2.1391104254679858e-11,3.184401309851723e-11,2.712545824737693e-11,1.339354339800076e-11,0.344379403610604
0.91535,2.3338564744211074e-11,2.1393508722931197e-11,3.185121014458836e-11,2.7130033316350945e-11,1.3394025106335256e-11,0.3126335144634817
0.91564,2.0890461011713388e-11,2.1365936336030614e-11,3.181023871642509e-11,2.709503907346171e-11,1.3377433598731543e-11,-0.07235312225365578
0.91593,1.8216313167812354e-11,2.129701690155393e-11,3.170506748996564e-11,2.70065664504068e-11,1.3335062642285992e-11,-0.44140007628536376
0.91622,1.9847610277561396e-11,2.1325451939813867e-11,3.17461704722084e-11,2.705716581699919e-11,1.3351212205455852e-11,-0.22014645435956803
0.91651,2.0327136724901966e-11,2.129638394581507e-11,3.177890984697353e-11,2.705303800530525e-11,1.3325736252557583e-11,-0.14644084961355003
0.9168,2.2408623508313692e-11,2.141721273635876e-11,3.176296544528352e-11,2.7097321149626843e-11,1.3312931871102104e-11,0.15906672755676582
0.91708,2.4454431030146457e-11,2.1262542631770176e-11,3.1673138518065125e-11,2.698210561730669e-11,1.3310051717485974e-11,0.5311955906610307
0.91737,2.6980902012540026e-11,2.1203666767954246e-11,3.156350274638628e-11,2.688714043767724e-11,1.3276693466502209e-11,1.0183561051794876
0.91766,2.7889224116689866e-11,2.1192759181431556e-11,3.154429414919854e-11,2.6872212747035736e-11,1.326963963137802e-11,1.2030285246156986
0.91795,2.7643770130915203e-11,2.1213060009280888e-11,3.157338212691533e-11,2.689773050734097e-11,1.3281834109295593e-11,1.1478425433470358
0.91824,2.816978293216953e-11,2.1222381722156576e-11,3.157991210777605e-11,2.690587431211025e-11,1.328994150811092e-11,1.2506442987014823
0.91853,2.6491777060766e-11,2.137641012654979e-11,3.1775685318333986e-11,2.7098637743647352e-11,1.3245120782038216e-11,0.8972723691376366
0.91882,2.511281214271604e-11,2.1213680560259418e-11,3.157796709887534e-11,2.6899547697523957e-11,1.3282829956900525e-11,0.6599961775869571
0.91911,2.125134706376043e-11,2.121301097233387e-11,3.157091197364293e-11,2.6896149377079593e-11,1.3283506244384384e-11,0.005827219203688585
0.9194,1.9917724673873373e-11,2.12261463629647e-11,3.1592918270557306e-11,2.6914026467220825e-11,1.3291348938910849e-11,-0.19648579474524808
0.91969,1.830762144504846e-11,2.121158842066867e-11,3.157560980045859e-11,2.6897455032087438e-11,1.3281454064547366e-11,-0.41953105298446997
0.91998,1.615696651198976e-11,2.121937408276683e-11,3.1584514344036796e-11,2.690605678068528e-11,1.3286851172806562e-11,-0.6911512147822639
0.92027,1.6991810628959974e-11,2.126964191774211e-11,3.1659235055233966e-11,2.6968570526757678e-11,1.333222818929562e-11,-0.5934586504441413
0.92056,1.9634932513710333e-11,2.1320459548269967e-11,3.174758124319018e-11,2.7039498820737624e-11,1.3347932721173903e-11,-0.24984041229117468
0.92085,2.2482664512918247e-11,2.1324159475117148e-11,3.1756373529134896e-11,2.7045604379089283e-11,1.334870808799188e-11,0.18362120395666387
0.92115,2.3662893942674725e-11,2.1334221513860884e-11,3.1769763010938394e-11,2.7057597729586397e-11,1.3356599521141091e-11,0.3790822813440699
0.92144,2.248208583415462e-11,2.1281209126079273e-11,3.168749338923952e-11,2.6989156042719406e-11,1.332290514692192e-11,0.19083855743529093
0.92173,2.0767484392365118e-11,2.1285049504491074e-11,3.1687502274957855e-11,2.699151140044909e-11,1.3327021220912885e-11,-0.07902161069752833
0.92202,2.0584512502593915e-11,2.1285054652332567e-11,3.169040878550256e-11,2.6992116894907972e-11,1.3326420789832567e-11,-0.10656945331505917
0.92231,2.0287964039792528e-11,2.1364535356151258e-11,3.1896812909487975e-11,2.7136608666735413e-11,1.3367594768404839e-11,-0.16190400381135764
0.9226,2.159590618179514e-11,2.1398184137847016e-11,3.183563481379514e-11,2.7125905500907875e-11,1.340253893555578e-11,0.030394146110773818
0.92289,2.202494749058324e-11,2.13660079735944e-11,3.1788572839025164e-11,2.7085376358148652e-11,1.3382523400115956e-11,0.10283243953385292
0.92318,2.2269318894420252e-11,2.128889821314069e-11,3.1688344846207443e-11,2.699435428932792e-11,1.3330386467901635e-11,0.15496285648438626
0.92347,1.9382224873366054e-11,2.13569853347076e-11,3.178715989337577e-11,2.707979898537718e-11,1.33731707621662e-11,-0.29009273221995513
0.92377,1.8682951106144548e-11,2.1349758962215355e-11,3.177895385260958e-11,2.707152150972027e-11,1.3368579559210899e-11,-0.3851899437495076
0.92406,1.8967016682929196e-11,2.1415521185942387e-11,3.187934755750386e-11,2.7156047694226902e-11,1.3408825821868028e-11,-0.3546482110506442
0.92435,2.019509813046754e-11,2.1512035588707825e-11,3.202650408096487e-11,2.7279878674201655e-11,1.3468746171835119e-11,-0.1952643390205856
0.92464,2.343872245798359e-11,2.1578135610181674e-11,3.212503546759046e-11,2.7365229284073946e-11,1.350804329569827e-11,0.29607992201243305
0.92493,2.5486088843472133e-11,2.155404810492052e-11,3.20868814638133e-11,2.7332198502180565e-11,1.3495755022287329e-11,0.6549490446553867
0.92523,2.669117616224121e-11,2.1588702459121316e-11,3.2138895608055415e-11,2.737626308940165e-11,1.3517689844863323e-11,0.8696441902123981
0.92552,2.7611646925508098e-11,2.1578115942804383e-11,3.212234164211402e-11,2.7362434039069714e-11,1.3511560432592043e-11,1.0479042509324683
0.92581,2.924629688476616e-11,2.161516285715697e-11,3.217616216636511e-11,2.74089895341613e-11,1.3534388702833579e-11,1.366471954002651
0.9261,2.979548070501147e-11,2.161403927269224e-11,3.217283589978968e-11,2.7406825928201684e-11,1.3533849334154492e-11,1.4801638656241216
0.9264,2.94819160066951e-11,2.160529539003187e-11,3.2158808093701287e-11,2.739524685382853e-11,1.3529038681083305e-11,1.4174718417574304
0.92669,2.806869309882914e-11,2.1666284304618503e-11,3.2247617575291055e-11,2.7471788055591644e-11,1.3567337786912958e-11,1.1150753904311819
0.92698,2.471591074638657e-11,2.1900588391750583e-11,3.2516668819167336e-11,2.7737275640293322e-11,1.3636399175737891e-11,0.45495202679128965
0.92727,2.1659180708895667e-11,2.1756257847628442e-11,3.237216917559593e-11,2.7581616347807555e-11,1.362603158799663e-11,-0.014647236194399416
0.92757,2.407514880159877e-11,2.1708680352068524e-11,3.2313604881343135e-11,2.7526983976175762e-11,1.3591979800233472e-11,0.3783272144876259
0.92786,2.420105383851061e-11,2.1673578813486988e-11,3.226062178492733e-11,2.7481909103443642e-11,1.3571588715946305e-11,0.40594845069587776
0.92815,2.3830165433105667e-11,2.1634580713795575e-11,3.220251209641024e-11,2.7432553347288943e-11,1.3546864441524097e-11,0.35071587944621796
0.92845,2.3636812401413326e-11,2.1650444369408643e-11,3.222795016173883e-11,2.7453384483798412e-11,1.3556826820193354e-11,0.31574089893916735
0.92874,1.912587126617789e-11,2.1654683728789598e-11,3.224034777544074e-11,2.7461489368862532e-11,1.3557325719793447e-11,-0.3618601570612794
0.92903,1.3586022552573963e-11,2.1700458026045943e-11,3.2311087407873916e-11,2.7520561423826644e-11,1.3586022552573963e-11,-1.110232064670454
0.92933,1.354944673768927e-11,2.1642776299894424e-11,3.222655113122257e-11,2.7447983962957526e-11,1.354944673768927e-11,-2.366650518675111
0.92962,1.353309399498929e-11,2.161555834935688e-11,3.21839132190375e-11,2.7412630150072123e-11,1.353309399498929e-11,-3.13809497438126
0.92991,1.3514360285012323e-11,2.1575074592718502e-11,3.2262176358883226e-11,2.747888945470836e-11,1.3514360285012323e-11,-2.971563267196909
0.93021,1.3492274881815148e-11,2.1549637864120602e-11,3.208245969076019e-11,2.7327598147427422e-11,1.3492274881815148e-11,-2.539308517481085
0.9305,1.350528843632061e-11,2.1570292440279628e-11,3.211147253019202e-11,2.735309934349042e-11,1.350528843632061e-11,-1.7249300101070364
0.93079,1.509131026302601e-11,2.1606609702734596e-11,3.2161122842779556e-11,2.7397517362617875e-11,1.3521939085217622e-11,-0.8426929635943514
0.93109,2.3804359616323606e-11,2.1616294288467934e-11,3.220612099823717e-11,2.743112066860886e-11,1.3534876224349184e-11,0.34961147990636854
0.93138,2.868197004201787e-11,2.167396474645862e-11,3.220158304492731e-11,2.744832708673564e-11,1.3623634141592901e-11,1.245304514584935
0.93168,3.063662753640783e-11,2.1726563549262705e-11,3.233171726630686e-11,2.7545971436366943e-11,1.3604672904549155e-11,1.613781485513904
0.93197,3.179474312065088e-11,2.1648606081627764e-11,3.224604366113894e-11,2.7449137132378698e-11,1.355493247647546e-11,1.8996669220631386
0.93227,3.296734730391773e-11,2.162995751333675e-11,3.219218589142773e-11,2.7425095095927297e-11,1.3544993272070157e-11,2.174015747048739
0.93256,3.129400378968255e-11,2.170535600502063e-11,3.224944590282379e-11,2.7489303338934618e-11,1.3665755523986128e-11,1.7387717722722507
0.93286,2.900033171861867e-11,2.164660892399299e-11,3.222042994657797e-11,2.744847457398765e-11,1.3555107953024794e-11,1.3070607177150588
0.93315,2.4291421327341428e-11,2.168604377546112e-11,3.234631461431989e-11,2.7510519032569735e-11,1.3579065327649992e-11,0.4188246027841778
0.93345,2.0066776269614226e-11,2.1708777546665805e-11,3.231401349810537e-11,2.752713835157206e-11,1.3592394571803511e-11,-0.23950719149097374
0.93374,1.3566664906910117e-11,2.1666675858744285e-11,3.225244457771121e-11,2.7474135357483866e-11,1.3566664906910117e-11,-1.29043663942899
0.93404,1.3641192555214851e-11,2.172848897958225e-11,3.2309406633803107e-11,2.7531819317199348e-11,1.3641192555214851e-11,-1.2314460890671786
0.93433,1.720798051432277e-11,2.168532436190392e-11,3.228969361164516e-11,2.750179018073296e-11,1.3576343024965403e-11,-0.6092489566315584
0.93463,1.9969990005365637e-11,2.1749211701069163e-11,3.2469988048244435e-11,2.764957958872797e-11,1.3607883519474862e-11,-0.2585561778283334
0.93492,1.9935880065092423e-11,2.1669056728199572e-11,3.2260574931556403e-11,2.7479159515353604e-11,1.3566987644075245e-11,-0.25263822215918796
0.93522,2.093726856688228e-11,2.167035030777999e-11,3.2261512137334827e-11,2.748035700457054e-11,1.3568224948696681e-11,-0.10938367705281475
0.93551,2.273019168358723e-11,2.170084921918242e-11,3.242258293995588e-11,2.7621367672940462e-11,1.3562008307289535e-11,0.16039493821268241
0.93581,2.395931324803638e-11,2.1690653574920166e-11,3.228288047701e-11,2.750131206676396e-11,1.358847057009798e-11,0.36572973652516183
0.9361,2.4358144993328093e-11,2.1687423920090945e-11,3.228897301089468e-11,2.7502923199985776e-11,1.3578027083174574e-11,0.43006377508719895
0.9364,2.7478113701029166e-11,2.2470330909477756e-11,3.288820795955479e-11,2.8188782451309102e-11,1.408162019156848e-11,0.8845945595921162
0.9367,3.030645572024898e-11,2.1612595593991637e-11,3.2172709198234535e-11,2.740761998565487e-11,1.3531912588330021e-11,1.5890475964228274
0.93699,3.137969687545777e-11,2.1525667168249236e-11,3.209491919726713e-11,2.731905100414588e-11,1.348101766656317e-11,1.8502165827155392
0.93729,3.034738580811232e-11,2.1525034861918704e-11,3.204027855240364e-11,2.729382912194985e-11,1.3479272844163341e-11,1.6248604657998333
0.93758,2.9618407005291204e-11,2.154973564374757e-11,3.2078528465199614e-11,2.7326032951135367e-11,1.3492910040465355e-11,1.4620308547299814
0.93788,2.74383585142593e-11,2.1573586503850783e-11,3.211497196412431e-11,2.735657727759935e-11,1.350810958979951e-11,1.015896490404035
0.93818,2.3264969726235014e-11,2.1611339633017972e-11,3.217143049425537e-11,2.7404629457394344e-11,1.3531616189925465e-11,0.2613769052600897
0.93847,1.8087194174522325e-11,2.176512609038137e-11,3.2406001729341877e-11,2.7601854623177127e-11,1.3627033613253444e-11,-0.5089971932224844
0.93877,1.3702474608458686e-11,2.189739077230619e-11,3.2612990878427507e-11,2.77801554509518e-11,1.3702474608458686e-11,-1.1461394451880196
0.93907,1.374324851212107e-11,2.1950486698033258e-11,3.267859152294308e-11,2.7835657513426516e-11,1.374324851212107e-11,-1.2197300838748641
0.93936,1.3799634102715572e-11,2.203972123389031e-11,3.281031196386277e-11,2.794831773069751e-11,1.3799634102715572e-11,-1.006102366402088
0.93966,1.8111388779986985e-11,2.2113647865749957e-11,3.2914599209262444e-11,2.803958315813938e-11,1.3846514532970392e-11,-0.5414872632296263
0.93996,2.288001996743597e-11,2.208449866212221e-11,3.28757850071683e-11,2.800462327750764e-11,1.3827785862234751e-11,0.12064632158249834
0.94026,2.5093654701174487e-11,2.210361149170775e-11,3.290435278393563e-11,2.8028714645133366e-11,1.3840784616031576e-11,0.47531857391459775
0.94055,2.5816655599565872e-11,2.2099995675893037e-11,3.2898239700710076e-11,2.80240024357089e-11,1.3837593607172738e-11,0.5997473062728235
0.94085,2.5764020253061175e-11,2.2109996867276473e-11,3.2915484525410086e-11,2.803706596896233e-11,1.3844753628691228e-11,0.5886415634484021
0.94115,2.507316292795265e-11,2.2145701495427545e-11,3.296532714082867e-11,2.808155395230614e-11,1.3866506465151072e-11,0.4636055015656574
0.94144,2.2366074170314396e-11,2.2164244449772558e-11,3.299449051247795e-11,2.8105839475665538e-11,1.3877098018311359e-11,0.029980912023854247
0.94174,1.870383281290672e-11,2.2134835892817712e-11,3.295132472711432e-11,2.80688205169377e-11,1.3858453911723536e-11,-0.47049725143384785
0.94204,1.670256296418534e-11,2.2070586358553954e-11,3.285723079287707e-11,2.798800331128566e-11,1.3817823076441086e-11,-0.7029395358235987
0.94234,1.3767715144305311e-11,2.1988551050278196e-11,3.2732952676578085e-11,2.788293772460506e-11,1.3767715144305311e-11,-1.0140412057486918
0.94264,1.3794692968891936e-11,2.203297720516324e-11,3.2804013560788236e-11,2.794122009073189e-11,1.3794692968891936e-11,-1.0825673385144787
0.94293,1.7757914874407523e-11,2.2014633274838926e-11,3.2770021684270246e-11,2.7915274561561423e-11,1.3784375298394163e-11,-0.5745723120706971
0.94323,2.3494779477273097e-11,2.2064997533474124e-11,3.321133797398234e-11,2.8244175989062043e-11,1.3813088136725857e-11,0.21865340206897413
0.94353,2.4628812390829407e-11,2.2074077573140753e-11,3.286456642173553e-11,2.7993177040025622e-11,1.3820407584030283e-11,0.40286563321612745
0.94383,2.41770941685717e-11,2.2083114841597715e-11,3.2879384035146775e-11,2.8006231946577324e-11,1.3822442757201582e-11,0.327079906607069
0.94413,2.1449829042117525e-11,2.2095036110398126e-11,3.289382664768913e-11,2.8018940019314466e-11,1.3833630922438229e-11,-0.09476586820808527
0.94443,2.145326755795456e-11,2.2148508287663565e-11,3.2976218397870824e-11,2.8088025771504757e-11,1.3866241937765312e-11,-0.10180400300157025
0.94473,2.166860978925431e-11,2.2113671745329134e-11,3.2927273312344096e-11,2.804481924984868e-11,1.3845472652993621e-11,-0.06540874884164712
0.94502,2.0150873962403216e-11,2.2035203030508643e-11,3.280436673656105e-11,2.794276282576696e-11,1.3797479359816439e-11,-0.26917114717013685
0.94532,2.0960971608507972e-11,2.199716111142249e-11,3.2750104365606805e-11,2.789612769024569e-11,1.3769665087058952e-11,-0.15155658669859173
0.94562,2.0037241031828097e-11,2.194418094389589e-11,3.266497423472598e-11,2.7825785940368595e-11,1.3740858825872939e-11,-0.2733530405837314
0.94592,1.9605845879366965e-11,2.1973795550100103e-11,3.2714075435728176e-11,2.786541589198398e-11,1.3757686533052523e-11,-0.33547907025506213
0.94622,1.7000351294659543e-11,2.1964240840533365e-11,3.269448494925657e-11,2.7851089411764093e-11,1.3752937634914916e-11,-0.6594208927106064
0.94652,1.5006342581808215e-11,2.196955182520728e-11,3.2703073449401266e-11,2.7858136493027182e-11,1.3756319696676124e-11,-0.8773921800613789
0.94682,1.3776364214133678e-11,2.2001588456793424e-11,3.275215718658114e-11,2.7899378071631878e-11,1.3776364214133678e-11,-1.3181147906330895
0.94712,1.5912084316464963e-11,2.2017595391486043e-11,3.277702675580511e-11,2.7920186485432994e-11,1.3785547695517838e-11,-0.7857957435025859
0.94742,1.8840618882030256e-11,2.1997155338763122e-11,3.274381769278626e-11,2.7892913990851242e-11,1.3773972404998189e-11,-0.43811975101142375
0.94772,2.0390536226329662e-11,2.1974948751712837e-11,3.270606876703757e-11,2.7862255415463852e-11,1.3762146096007964e-11,-0.2286132340115596
0.94802,2.1702386920862676e-11,2.1934231557040484e-11,3.265826903507568e-11,2.7815268458028542e-11,1.3732921343911345e-11,-0.034605260467916836
0.94832,2.185045970289161e-11,2.1919335237598155e-11,3.263067297499863e-11,2.779568520232114e-11,1.3723126798985432e-11,-0.01049981137462994
0.94862,2.3047884603378594e-11,2.1916340910599342e-11,3.263088309210948e-11,2.7794558039614416e-11,1.3717064888640233e-11,0.1743638469052512
0.94892,2.1920758647480415e-11,2.1888091488225603e-11,3.2585200951565224e-11,2.7756283851279576e-11,1.3704642917328e-11,0.004959409871775464
0.94922,2.246790494286821e-11,2.1907116581300155e-11,3.261634068424944e-11,2.778155465452812e-11,1.3715957733319572e-11,0.08533640633960865
0.94952,2.208415642315866e-11,2.1951429201983886e-11,3.2682585412487135e-11,2.783784929179968e-11,1.3743725608303924e-11,0.01999782340326554
0.94982,2.3345001768046875e-11,2.226344088995419e-11,3.290450246869189e-11,2.808984116683686e-11,1.4202900560473096e-11,0.17039849948028843
0.95012,2.289439966758188e-11,2.20458731580764e-11,3.2830636114057036e-11,2.796469059550631e-11,1.3794808280571626e-11,0.1293357829570558
0.95042,2.1265594896544118e-11,2.203869751897068e-11,3.280201157666186e-11,2.794449464279779e-11,1.3798477816176121e-11,-0.1134546971697633
0.95072,2.018866622929941e-11,2.204276456146428e-11,3.281513875125431e-11,2.7952356026207432e-11,1.3801148346219583e-11,-0.26511691606813254
0.95102,1.897806692553697e-11,2.2036190814620838e-11,3.2803848594362626e-11,2.7943440645063654e-11,1.379708792649151e-11,-0.4249148478644444
0.95132,2.0443933144596323e-11,2.2062455262294537e-11,3.284175468585384e-11,2.797620764552256e-11,1.3813984815476493e-11,-0.23250462342624614
0.95162,2.2194183930633078e-11,2.2026203409392435e-11,3.278684233477213e-11,2.792975687005584e-11,1.379168335429025e-11,0.025240480775415398
0.95192,2.250026864216709e-11,2.1994105917785878e-11,3.274132546418246e-11,2.7890190891021763e-11,1.3770337928158284e-11,0.0764289970031541
0.95223,2.400406295105927e-11,2.1995964780462235e-11,3.274001210839304e-11,2.78840238048428e-11,1.3787465822565414e-11,0.3156919577482676
0.95253,2.4090688307762668e-11,2.199033843849513e-11,3.2734140382677964e-11,2.7884653752906287e-11,1.3768711274698412e-11,0.32941952069100694
0.95283,2.379384396181238e-11,2.201030614963387e-11,3.276372448719503e-11,2.790987892971931e-11,1.3781656817397435e-11,0.27736974655057706
0.95313,2.361832232120355e-11,2.201911271233218e-11,3.2777494522220113e-11,2.7921390144300495e-11,1.3786617521849944e-11,0.24751588214086154
0.95343,2.402280443668051e-11,2.201975971747736e-11,3.277842445094488e-11,2.7922109695523682e-11,1.3787552558152682e-11,0.31288784741278214
0.95373,2.302409920839544e-11,2.2011142123536507e-11,3.276554129133544e-11,2.7911092990856227e-11,1.3782546699171553e-11,0.1549872953389462
0.95404,2.238409315392251e-11,2.2015251900587878e-11,3.277203133230753e-11,2.7916467628702717e-11,1.3785019791683265e-11,0.05567846797829917
0.95434,2.0869190951734218e-11,2.2039126626496193e-11,3.280826121846708e-11,2.7947098690779818e-11,1.3799398248193593e-11,-0.1699860426862959
0.95464,2.012324661891094e-11,2.2076040102827705e-11,3.286643469220637e-11,2.799569288240925e-11,1.3819441528617788e-11,-0.2784225544121032
0.95494,1.664445304150072e-11,2.203250584816731e-11,3.280122231973942e-11,2.793994587262714e-11,1.379449563687268e-11,-0.706204149688196
0.95524,1.6408105109718638e-11,2.2030214317855664e-11,3.283687649910742e-11,2.7937160401037386e-11,1.3792381746869037e-11,-0.7325473331298056
0.95555,1.534266491393738e-11,2.2071917868492522e-11,3.2840839340527336e-11,2.797975000211587e-11,1.3831514811951858e-11,-0.8489863732465102
0.95585,1.6783826896367402e-11,2.2016307613182777e-11,3.277200332141262e-11,2.7917062593613128e-11,1.3785627452629715e-11,-0.6888911695754459
0.95615,2.0013769627458754e-11,2.1935745079787797e-11,3.265292675237016e-11,2.7815427083229854e-11,1.373474171633382e-11,-0.2756233903188366
0.95645,2.4499322498690046e-11,2.193432638170322e-11,3.265001886704549e-11,2.781334212780299e-11,1.3733721961764013e-11,0.4070298521512468
0.95676,2.7567205401743513e-11,2.1933627383201628e-11,3.2650644956134705e-11,2.7813109908233204e-11,1.3733422348571886e-11,0.9534370131124019
0.95706,2.879127884345547e-11,2.1930289533359055e-11,3.264736093133174e-11,2.7809637736727455e-11,1.373060766847028e-11,1.190187205226393
0.95736,2.8812665491807328e-11,2.1938647114079927e-11,3.266200471034803e-11,2.7821043393489706e-11,1.3736165867074445e-11,1.1928243948896655
0.95767,2.4584077901560026e-11,2.1911267083318523e-11,3.262085918704444e-11,2.7786241754161218e-11,1.3718542076481445e-11,0.4258274423577602
0.95797,1.9271104614347732e-11,2.188805511142738e-11,3.2583644233011585e-11,2.7755551082957853e-11,1.3705335823223355e-11,-0.36973103251144157
0.95827,1.4017996604190994e-11,2.1888661616331128e-11,3.2583016945015904e-11,2.7755762911192833e-11,1.3705467483709041e-11,-0.9702131050543364
0.95858,1.3701790257228494e-11,2.1885023756858975e-11,3.2577700306410565e-11,2.7751423537102846e-11,1.3701790257228494e-11,-1.1813288750489745
0.95888,1.3738279704714317e-11,2.1940373555124418e-11,3.265773874238846e-11,2.7820615407688137e-11,1.3738279704714317e-11,-1.081985270202081
0.95918,2.0037017079295414e-11,2.1936859049898407e-11,3.2652232971509407e-11,2.781578491241525e-11,1.373629277802051e-11,-0.27249953359962265
0.95949,2.437665730908621e-11,2.19453845302705e-11,3.266672483354511e-11,2.78271413055901e-11,1.3742030950644e-11,0.38458889305158717
0.95979,2.6879192113840755e-11,2.193408322164767e-11,3.2648100694052614e-11,2.781228026791194e-11,1.3734002095747858e-11,0.8250854282261539
0.9601,2.71703166606393e-11,2.192134421705331e-11,3.2630188137283244e-11,2.7796709828644997e-11,1.3725479711404015e-11,0.8816277541921855
0.9604,2.6092699698564543e-11,2.1930689050833802e-11,3.264659642540614e-11,2.7809487089621103e-11,1.3731298251459378e-11,0.6834904575537203
0.9607,2.4927569764101028e-11,2.192322941131754e-11,3.263673177163951e-11,2.7800616043837238e-11,1.3726251579751746e-11,0.48166949215539906
0.96101,2.3643211866251782e-11,2.1937837433762417e-11,3.2658226052845284e-11,2.7818797037002384e-11,1.373688808540351e-11,0.26595435646007876
0.96131,2.1182017288028034e-11,2.1931806052465834e-11,3.2649266088217056e-11,2.7811278685441353e-11,1.3732393279704007e-11,-0.11047770182674879
0.96162,2.0799711782903427e-11,2.1932733567430426e-11,3.265255935836648e-11,2.7813527891993027e-11,1.3730927541203936e-11,-0.16577316019467422
0.96192,1.9563784188696882e-11,2.1934529271825543e-11,3.265475885727221e-11,2.781544011146216e-11,1.3733181283143237e-11,-0.3364080170132524
0.96223,1.909328014596033e-11,2.2032001617882442e-11,3.2799238271849094e-11,2.7938709514449822e-11,1.3794520318966636e-11,-0.40956468943968954
0.96253,2.1080659656033973e-11,2.2121671686352915e-11,3.293941912985713e-11,2.8055138168657502e-11,1.3849401820148938e-11,-0.15123571122544865
0.96284,2.5405573089456953e-11,2.2485027005934278e-11,3.3226447188075185e-11,2.837184339188071e-11,1.4270772329729086e-11,0.4725799639474041
0.96314,2.7426157969621302e-11,2.22749641017845e-11,3.309778199102682e-11,2.8208898734741508e-11,1.400683694504606e-11,0.8346211389227947
0.96345,2.9129355355006115e-11,2.2202733196314535e-11,3.314857673816045e-11,2.822286439586744e-11,1.3902247797475847e-11,1.1871545263673902
0.96375,2.961706069451434e-11,2.215653962447908e-11,3.29865002943712e-11,2.8097457349103555e-11,1.387218279766455e-11,1.2946523913927894
0.96406,2.9188312070837175e-11,2.2108778790893318e-11,3.2931919323100146e-11,2.8048404467101954e-11,1.3835315771053095e-11,1.2236656030640576
0.96436,2.8132431972511786e-11,2.2064860654446828e-11,3.284847604229934e-11,2.7980539896880054e-11,1.3815584265784239e-11,1.0291099850259062
0.96467,2.7086988222513132e-11,2.1998178204692793e-11,3.275235687489853e-11,2.7897149738688062e-11,1.3772591217470148e-11,0.8490859622969654
0.96497,2.5725124213279016e-11,2.1977044591675924e-11,3.2714962069966314e-11,2.7867933967234015e-11,1.376106873320415e-11,0.6089886175381631
0.96528,2.4353683028331668e-11,2.1984055879444248e-11,3.272470256837131e-11,2.7876627106490152e-11,1.3764974653211019e-11,0.37361720585494174
0.96558,2.312764288877687e-11,2.2025198260709235e-11,3.287040184868782e-11,2.7957618500600977e-11,1.379039123957549e-11,0.16888211652081142
0.96589,2.1509533111600853e-11,2.1994377240148862e-11,3.273808532284734e-11,2.7888749252012033e-11,1.3772734574010232e-11,-0.07159553711845364
0.9662,2.0861789765670236e-11,2.1890847065558344e-11,3.2585442147781173e-11,2.775818985121257e-11,1.370694823040689e-11,-0.15099174754038996
0.9665,1.8828513264735606e-11,2.177856203174683e-11,3.2420146961014826e-11,2.761674429868891e-11,1.3635352229135144e-11,-0.41554492366540946
0.96681,1.6608356217353563e-11,2.1593301388205454e-11,3.214543514814691e-11,2.7382183379738605e-11,1.3519842294159355e-11,-0.6718299331475821
0.96711,1.345522120727839e-11,2.1489166831724043e-11,3.199032823972173e-11,2.724980292695906e-11,1.345522120727839e-11,-1.1245191603562033
0.96742,1.3459506780616262e-11,2.1496180321632775e-11,3.1999819663866736e-11,2.7258508769160826e-11,1.3459506780616262e-11,-1.4621354848391783
0.96773,1.3476755164494874e-11,2.1520248090999708e-11,3.209837140342938e-11,2.733829302499653e-11,1.3476755164494874e-11,-1.3977211150179711
0.96803,1.3524603869975983e-11,2.1601718188055775e-11,3.216055929711351e-11,2.7393736483983305e-11,1.3524603869975983e-11,-1.3136514603946694
0.96834,1.7139105778015842e-11,2.1659376673952462e-11,3.2254063138067163e-11,2.747097575203138e-11,1.3558500341704333e-11,-0.6152107344783575
0.96865,2.031345808309831e-11,2.1745313134149103e-11,3.234916018244809e-11,2.756498813846958e-11,1.3620144880334075e-11,-0.20925542999634542
0.96895,2.2416890236897457e-11,2.1601496027822135e-11,3.2157119767174494e-11,2.7392329610209318e-11,1.3525268579996173e-11,0.12654829360763617
0.96926,2.2747792248916632e-11,2.1488371960505013e-11,3.198805172661234e-11,2.7248651132390324e-11,1.3454020865641844e-11,0.19833318084494359
0.96957,2.2668136790328005e-11,2.143430389987397e-11,3.190823372347909e-11,2.7180362939289935e-11,1.3420059727067936e-11,0.1947064060511929
0.96988,2.1340551346851257e-11,2.142635386305111e-11,3.189673123360828e-11,2.717037400880619e-11,1.3415453510661565e-11,-0.013144757921741301
0.97018,1.992952107114758e-11,2.1364226345323802e-11,3.1805632610289297e-11,2.7092297749020428e-11,1.3375388132358695e-11,-0.21367876073908942
0.97049,1.9097330635846028e-11,2.142081541665388e-11,3.1885665125203955e-11,2.7162369109500868e-11,1.3409732154653685e-11,-0.33809991142143636
0.9708,1.9373183155891572e-11,2.1359028570137164e-11,3.1797703536600013e-11,2.7085597705754203e-11,1.3372160587556562e-11,-0.29181357150613113
0.97111,1.812288787645993e-11,2.1403395505266782e-11,3.1863287138207965e-11,2.714147470675682e-11,1.3401201497948084e-11,-0.46558441577193777
0.97141,2.062334353398335e-11,2.142386621152973e-11,3.212817510662012e-11,2.7169820229869955e-11,1.3414593841349393e-11,-0.12055010396028476
0.97172,2.375571448739632e-11,2.144524007503682e-11,3.190993265200396e-11,2.718745280464999e-11,1.343107114304058e-11,0.3729146155488382
0.97203,2.3427284483490438e-11,2.1732081381291577e-11,3.203362815155358e-11,2.737605377642511e-11,1.3894275425166302e-11,0.2780432729854711
0.97234,2.3897412699503904e-11,2.1294086980741163e-11,3.170191581541523e-11,2.7003408998146095e-11,1.333222592051454e-11,0.4267954284476701
0.97265,2.4396523629079267e-11,2.1299007299644415e-11,3.1718525609677797e-11,2.7009432486827205e-11,1.3336201726950413e-11,0.5134134500572434
0.97295,2.531930596007686e-11,2.1356394673910304e-11,3.178267281517894e-11,2.707649432894537e-11,1.3378222169102442e-11,0.6284697716079041
0.97326,2.5441003365605354e-11,2.1401757278507313e-11,3.185769205980435e-11,2.7137995829181112e-11,1.3401241611156771e-11,0.6795244909035149
0.97357,2.580852694328563e-11,2.145116398028418e-11,3.193285399643412e-11,2.7201486388923876e-11,1.3430735284876662e-11,0.7358633554470466
0.97388,2.5643381442658953e-11,2.1524303583128533e-11,3.2042170482794084e-11,2.7294276623540268e-11,1.3476871383783767e-11,0.6898168260445589
0.97419,2.3525418618280123e-11,2.156117844186119e-11,3.209900910018313e-11,2.7341948142061633e-11,1.3499523554149382e-11,0.3133252290896232
0.9745,1.4453862130815679e-11,2.156291976735769e-11,3.209851087735843e-11,2.734270071016572e-11,1.3501760996166186e-11,-0.9057813058168717
0.97481,1.3478461550469887e-11,2.1528246570919068e-11,3.204735773681556e-11,2.729926079896145e-11,1.3478461550469887e-11,-2.1707783161742102
0.97512,1.3450198613252515e-11,2.1479202709920967e-11,3.1970432945948023e-11,2.72350797993967e-11,1.3450198613252515e-11,-3.2067549251502405
0.97543,1.3441924066306192e-11,2.1464959693383938e-11,3.195916216621233e-11,2.7220904633123213e-11,1.3441924066306192e-11,-3.1841791098617582
0.97573,1.3490946472907186e-11,2.1544476701910648e-11,3.206637808038914e-11,2.7317475427955563e-11,1.3490946472907186e-11,-2.754290771950134
0.97604,1.3573500761472987e-11,2.167494986320422e-11,3.225551540047368e-11,2.7480558585530932e-11,1.3573500761472987e-11,-2.132675753450082
0.97635,1.364685175020462e-11,2.1795262973024012e-11,3.244118796731975e-11,2.7636238480195824e-11,1.364685175020462e-11,-1.0502711075243039
0.97666,2.058003235338204e-11,2.19139744160939e-11,3.261889928695767e-11,2.778709414744183e-11,1.3721545780896977e-11,-0.19414526972636
0.97697,2.5014537553850235e-11,2.1960571609739026e-11,3.268868365448282e-11,2.7846366322809162e-11,1.3750650132918853e-11,0.48919694895439936
0.97728,2.7681772122425936e-11,2.195646363937675e-11,3.268644754867713e-11,2.784296162012827e-11,1.3746472422486023e-11,0.9694764883604081
0.97759,2.914106017476381e-11,2.1970824896238368e-11,3.269963266623264e-11,2.78583498346982e-11,1.3756685127048844e-11,1.2492429888527263
0.9779,2.8673931619675888e-11,2.195619134901215e-11,3.2688059802794834e-11,2.78433634264439e-11,1.374653483708457e-11,1.1607318297231481
0.97821,2.625373025329015e-11,2.191983580318503e-11,3.263160161367484e-11,2.7796347066841184e-11,1.372375074883671e-11,0.7145685198447868
0.97852,2.5940148478670568e-11,2.1957993931478972e-11,3.268675163794055e-11,2.7843887302615237e-11,1.3748865326777496e-11,0.6507408632783022
0.97883,2.593744713408926e-11,2.199800135866964e-11,3.274473045222346e-11,2.7893867301458503e-11,1.377481075902809e-11,0.642011006034525
0.97914,2.7298225139634464e-11,2.2059450333272932e-11,3.283664741850379e-11,2.7972044379448874e-11,1.3812632942944938e-11,0.8740041019956168
0.97945,2.671909805608444e-11,2.2230645524169786e-11,3.309049427909077e-11,2.8188782374837337e-11,1.3919654282435076e-11,0.7310697885052901
0.97976,2.6430447149720688e-11,2.251628815823363e-11,3.3516311969268923e-11,2.8551277126115783e-11,1.4098251462295762e-11,0.621418885006274
0.98008,2.5576800298963102e-11,2.253212819618511e-11,3.354159055700186e-11,2.8572186224699707e-11,1.4108010684456064e-11,0.47458808170662026
0.98039,2.382656317143606e-11,2.2524922865700224e-11,3.353095391597859e-11,2.8562974731060752e-11,1.4103347830815575e-11,0.1955444278069154
0.9807,2.3401931909129656e-11,2.2525292226029647e-11,3.353336573231321e-11,2.856440144836133e-11,1.4102183223771255e-11,0.1302805161057653
0.98101,2.247324598063195e-11,2.2693976754794498e-11,3.378307467019937e-11,2.8777534753385094e-11,1.42091680976245e-11,-0.03187006356366871
0.98132,2.173074945590309e-11,2.2710978950629035e-11,3.380664664746245e-11,2.8798124717886075e-11,1.4221473587701855e-11,-0.13873590653080567
0.98163,2.102173413939171e-11,2.2706790862398044e-11,3.3800992219115207e-11,2.8793310373189118e-11,1.4217328840645259e-11,-0.23510190482957416
0.98194,2.1504097951756326e-11,2.269524552607491e-11,3.378358486701557e-11,2.877857120228796e-11,1.4210145801488585e-11,-0.16816251699204124
0.98225,2.289446318535641e-11,2.269572962490364e-11,3.37837883001514e-11,2.8778899132721027e-11,1.4210985273569643e-11,0.02896113290477232
0.98257,2.4335963648121862e-11,2.2705030062838622e-11,3.379672652887835e-11,2.8790239258704372e-11,1.4217343162148782e-11,0.2448942658064717
0.98288,2.6227454149007656e-11,2.268140260902222e-11,3.3763595723470894e-11,2.8761184317772936e-11,1.4201641003706752e-11,0.554651145965589
0.98319,2.6784405339019964e-11,2.263945511137005e-11,3.3699050324333355e-11,2.870678409107635e-11,1.4177372061793505e-11,0.6580640661630053
0.9835,2.6358571193256577e-11,2.2595831743877123e-11,3.363641405344252e-11,2.8652763934757763e-11,1.4148333870516427e-11,0.5934851222038454
0.98381,2.441769237308384e-11,2.2587809264632024e-11,3.3625931559710315e-11,2.864326410067517e-11,1.4142673759331316e-11,0.2773281918391978
0.98413,2.2964506917433405e-11,2.2565564664688944e-11,3.359431335053674e-11,2.861558483351831e-11,1.4128858226816928e-11,0.05876083975944286
0.98444,2.208185906119927e-11,2.256860472167557e-11,3.37041346209179e-11,2.8581192975656815e-11,1.4130144758475104e-11,-0.0702525597319332
0.98475,2.3407683343683754e-11,2.260257978645275e-11,3.364627670601527e-11,2.8661442895178836e-11,1.4151154869598509e-11,0.11906126798032914
0.98506,2.369015337962599e-11,2.2641439490862956e-11,3.370261157588242e-11,2.8709613272828086e-11,1.4177554894853577e-11,0.15606085937325295
0.98538,2.567347746717935e-11,2.2629515705477938e-11,3.375972731012219e-11,2.8699951585451925e-11,1.4169863830363057e-11,0.47234667288988064
0.98569,2.6249963078052638e-11,2.2653403608045237e-11,3.381187969751488e-11,2.873692424151432e-11,1.4182106276651395e-11,0.5640062705710074
0.986,2.557424726419583e-11,2.268990808930279e-11,3.377681036096486e-11,2.877238193359116e-11,1.4206847312545e-11,0.444781798237291
0.98631,2.2199651818178326e-11,2.2675981547255852e-11,3.375906307406666e-11,2.875574993158662e-11,1.4198241173285064e-11,-0.06826884448112971
0.98663,1.7214952881597998e-11,2.2601424866361815e-11,3.364857765984276e-11,2.8661592921066917e-11,1.415028208432397e-11,-0.6907061911819067
0.98694,1.4154178897080995e-11,2.2641142716049213e-11,3.369990744228165e-11,2.871777740436487e-11,1.4154178897080995e-11,-1.0658733589867415
0.98725,1.4122681124237008e-11,2.2552491275220182e-11,3.3606607076242097e-11,2.8601268326531536e-11,1.4122681124237008e-11,-1.1391139325677877
0.98757,1.411679251714579e-11,2.254670362641909e-11,3.356489554270043e-11,2.8591227224511655e-11,1.411679251714579e-11,-1.0852896745848253
0.98788,1.4125142390022237e-11,2.2561396811598606e-11,3.35930366299912e-11,2.8610444009948452e-11,1.4125142390022237e-11,-1.0428008951484302
0.98819,1.7049529071016562e-11,2.2990749429375034e-11,3.415228799762975e-11,2.911534359219206e-11,1.4407189571651386e-11,-0.7388130021477975
0.98851,1.9556755709439597e-11,2.2894128550176424e-11,3.4079057287656296e-11,2.9030442928571684e-11,1.4335341037846458e-11,-0.4445468192142445
0.98882,2.056470671112322e-11,2.290158816085364e-11,3.409018519182768e-11,2.9040019607127284e-11,1.4339348900681472e-11,-0.31858745147971235
0.98913,2.2609158862252232e-11,2.2890366233921452e-11,3.4072958087437954e-11,2.902551155885916e-11,1.4332844268181723e-11,-0.040156254282670466
0.98945,2.335955327855686e-11,2.287849570047927e-11,3.405642208312844e-11,2.9011112331523844e-11,1.4324104008305074e-11,0.06968665660639356
0.98976,2.3998471658388952e-11,2.288887313750158e-11,3.408051517299197e-11,2.9023996166591532e-11,1.4332122196939349e-11,0.16337610398384494
0.99008,2.5176763567436413e-11,2.3240166370071256e-11,3.431555970746215e-11,2.930984842215607e-11,1.4795890714739686e-11,0.29750266140350395
0.99039,2.6889984331822638e-11,2.288576496584924e-11,3.4066566442655384e-11,2.9019831064912662e-11,1.433003966053019e-11,0.6259493571132054
0.99071,2.9695967769519807e-11,2.288304394647306e-11,3.406321846923185e-11,2.9016687625404918e-11,1.4327949182721432e-11,1.1253711866785028
0.99102,3.131976290201768e-11,2.2901923925630403e-11,3.413454816275013e-11,2.907066238839629e-11,1.432989768774476e-11,1.4321983676554524
0.99133,3.1182596029180665e-11,2.3074020047915783e-11,3.4431560435199256e-11,2.934851072940969e-11,1.4340554921058154e-11,1.3790659836688848
0.99165,3.0654920234896355e-11,2.296781275040275e-11,3.419055529693789e-11,2.9125618307761236e-11,1.4382477734733712e-11,1.2859984596588923
0.99196,2.828334255144033e-11,2.3027254571190736e-11,3.428656307874119e-11,2.9203347002149034e-11,1.4416729629895625e-11,0.8369064623494293
0.99228,2.6109048936024017e-11,2.3057912618899942e-11,3.437535060413816e-11,2.928501824903775e-11,1.4411171760394048e-11,0.4653448932282614
0.99259,2.2782854837647566e-11,2.3011486103264218e-11,3.426065885806117e-11,2.9182086648035876e-11,1.4407105999720741e-11,-0.03255184333513202
0.99291,2.3417823723901215e-11,2.3062391948169222e-11,3.434259129566528e-11,2.9249076247239056e-11,1.4437693195503004e-11,0.05105819946209299
0.99322,2.5027678963497564e-11,2.306207776475355e-11,3.433161897849769e-11,2.924447756005239e-11,1.4439992465267817e-11,0.2924223644755005
0.99354,2.8027617745984105e-11,2.306277414836798e-11,3.43320590622476e-11,2.924542886598634e-11,1.4440588276671173e-11,0.7845005541588727
0.99386,2.7548017988559e-11,2.30349994037114e-11,3.4289053069994506e-11,2.9209162124535055e-11,1.4423763724877888e-11,0.7077101846342114
0.99417,2.8478195783822596e-11,2.3020603562572263e-11,3.42697490365863e-11,2.9191807153557034e-11,1.441376639678032e-11,0.8722835406580116
0.99449,2.7488945895419044e-11,2.3032449950502775e-11,3.428676569597663e-11,2.92066721578047e-11,1.442155150656227e-11,0.6980490561204378
0.9948,2.802909409499289e-11,2.305405634850424e-11,3.4321521301300696e-11,2.9235260860411984e-11,1.4433478146115148e-11,0.7864978770161535
0.99512,2.8604061321791704e-11,2.3091665462211947e-11,3.447867228110719e-11,2.932093636346629e-11,1.4454621479736293e-11,0.8797132400473643
0.99543,2.9132153120448214e-11,2.3083088738994152e-11,3.4357085992208795e-11,2.9270862333926997e-11,1.4450391015180296e-11,0.9724723510728464
0.99575,2.6074056488675477e-11,2.3488989933959838e-11,3.511997365567589e-11,2.999100226958369e-11,1.4431889096984137e-11,0.3964954019499302
0.99607,2.5313807014976394e-11,2.3053750643729573e-11,3.4318100107055045e-11,2.923354657025697e-11,1.4434293155416857e-11,0.33820762616677685
0.99638,2.283832028810712e-11,2.3099918309404857e-11,3.438541743504975e-11,2.929139616557545e-11,1.4464077021332577e-11,-0.037016500677645094
0.9967,2.0296637962802433e-11,2.3132018370155983e-11,3.4673510817020255e-11,2.9358536221090234e-11,1.4484702175884834e-11,-0.3784175643616127
0.99702,2.0559340473544103e-11,2.3182550722494834e-11,3.4504339059837e-11,2.939428435391515e-11,1.4516704414352381e-11,-0.35111833734324643
0.99733,1.8337690977699107e-11,2.3134991241554776e-11,3.4520478550473975e-11,2.9374450360986286e-11,1.4486222634733434e-11,-0.611369829886759
0.99765,1.636132308611719e-11,2.3177205424494495e-11,3.450110930785054e-11,2.938965513231317e-11,1.4511836606301387e-11,-0.8251832328023208
0.99797,1.4485507148604909e-11,2.3133970776061567e-11,3.4436309694255526e-11,2.9334628451281863e-11,1.4485507148604909e-11,-1.790260222846203
0.99828,1.4578243255920237e-11,2.3207765513997385e-11,3.44939018585883e-11,2.939637208153212e-11,1.4578243255920237e-11,-2.9527077513087567
0.9986,1.4507343633263742e-11,2.316630861428777e-11,3.4425998158164476e-11,2.935000621351861e-11,1.4507343633263742e-11,-3.983238952950771
0.99892,1.4398560681727533e-11,2.299664824226901e-11,3.423596896076469e-11,2.916226304218993e-11,1.4398560681727533e-11,-4.123488426807056
0.99924,1.4408133743033216e-11,2.3012058652216864e-11,3.425813830869998e-11,2.9181519921767185e-11,1.4408133743033216e-11,-3.735724250520546
0.99955,1.4443355708700566e-11,2.3068795272580246e-11,3.434234341700489e-11,2.9253446762067463e-11,1.4443355708700566e-11,-2.924528968990409
0.99987,1.4477953583173485e-11,2.312251032595915e-11,3.442059461591182e-11,2.9320695283569336e-11,1.4477953583173485e-11,-1.8428796577652877
1.00019,1.928303317086856e-11,2.317295141602431e-11,3.449156936645159e-11,2.938285414549143e-11,1.45104743202727e-11,-0.5057826458013911
1.00051,2.5976000189406607e-11,2.315385727089018e-11,3.446374782757139e-11,2.9358960177107586e-11,1.4498273354228917e-11,0.42535710413629135
1.00082,2.9956221919370126e-11,2.3149158596179047e-11,3.4457899184178005e-11,2.9353500770962754e-11,1.449584788050992e-11,1.1097727712307792
1.00114,3.100477010796809e-11,2.3142021936522607e-11,3.4448432554381934e-11,2.934502831789852e-11,1.4490080208514195e-11,1.3075259794852485
1.00146,3.1182825666259247e-11,2.3145553162821757e-11,3.4450472712536335e-11,2.934804120810668e-11,1.4493143658943272e-11,1.3401484647773205
1.00178,2.930624539869984e-11,2.3114160335667e-11,3.440630265763876e-11,2.930936001016938e-11,1.4472968685155999e-11,0.9993538681504905
1.0021,2.8100425979165155e-11,2.3114757832472182e-11,3.4406989375101716e-11,2.931018503144892e-11,1.4473045470704268e-11,0.7859110934368099
1.00241,2.7934185629939673e-11,2.3098069321434305e-11,3.4382285919796875e-11,2.928895393260154e-11,1.4462626439887371e-11,0.7607060179640528
1.00273,2.846652196156569e-11,2.3078298063623585e-11,3.4354018397699594e-11,2.9264383595148426e-11,1.4450020596750439e-11,0.8576094103581592
1.00305,3.005978180702334e-11,2.3071226543350156e-11,3.4343699298999345e-11,2.9255438348728516e-11,1.444576951277514e-11,1.1474245726260954
1.00337,3.002668530517313e-11,2.3057041419400223e-11,3.4323166855231816e-11,2.923773773425706e-11,1.4436717310068505e-11,1.1446958478413798
1.00369,2.8713278479806805e-11,2.310662666284765e-11,3.439546034326241e-11,2.9299924359744034e-11,1.4468315368826443e-11,0.8950318570275821
1.00401,2.8125081495477938e-11,2.307142230529278e-11,3.434387231130413e-11,2.9255676479262956e-11,1.4445872531758216e-11,0.7994776709266427
1.00433,2.6182263130384323e-11,2.3059640279019716e-11,3.432940389003484e-11,2.924242167211023e-11,1.4435569108984568e-11,0.4751149377608237
1.00465,2.434759562121496e-11,2.3053149790658804e-11,3.431789255736099e-11,2.923301812699367e-11,1.443423064104174e-11,0.18992155153552778
1.00497,2.228765672202953e-11,2.3043823136149876e-11,3.430476394772716e-11,2.9221536104160966e-11,1.4428080272361845e-11,-0.10620337304286598
1.00529,2.0273285823546596e-11,2.3042995023502323e-11,3.430437427387766e-11,2.92208397002847e-11,1.4427408807618979e-11,-0.37169326188370133
1.00561,1.7074245299139335e-11,2.303695894099061e-11,3.429531395687506e-11,2.921311511515978e-11,1.442372559716635e-11,-0.7413318396176479
1.00592,1.7023356630943872e-11,2.3036147688244556e-11,3.429374663328795e-11,2.9211942204842165e-11,1.4423280250422271e-11,-0.7466412756642092
1.00624,1.928786642532582e-11,2.3039082893902773e-11,3.4297671708290467e-11,2.921545269858828e-11,1.442550508849639e-11,-0.49201791304360865
1.00656,2.4490432069273715e-11,2.3086271655528005e-11,3.4493670634487016e-11,2.937974057645004e-11,1.4453776595791098e-11,0.20636040179522508
1.00688,2.7585116208166677e-11,2.3036476409169617e-11,3.42902325326794e-11,2.921077987911297e-11,1.4422845752039314e-11,0.7133389377226519
1.0072,3.02685040898843e-11,2.3030310028399568e-11,3.4283400981865786e-11,2.920389076991249e-11,1.4420030454628153e-11,1.1962215826500973
1.00752,3.0205234778865174e-11,2.2973138879126206e-11,3.419826356561561e-11,2.913132239795482e-11,1.4384260896740818e-11,1.1987560297649476
1.00785,2.926569871519129e-11,2.2916653322350084e-11,3.411459061431121e-11,2.9059995985784053e-11,1.4348692551843713e-11,1.037718752392901
1.00817,2.763482138620763e-11,2.2911142018088222e-11,3.410710649129971e-11,2.9053166265148078e-11,1.4345447546309026e-11,0.7483523216612152
1.00849,2.3950719474468816e-11,2.2915861329087954e-11,3.411041925992676e-11,2.9057092968628594e-11,1.4349917818901976e-11,0.15198238920666873
1.00881,2.1021472462925554e-11,2.2912935312469537e-11,3.410919822303036e-11,2.9055208878695315e-11,1.4346595922217146e-11,-0.26033426860811654
1.00913,1.652226490461358e-11,2.2947384885214445e-11,3.415844461160682e-11,2.9098042888194303e-11,1.4368508637297005e-11,-0.7921134632976675
1.00945,1.7935046936163692e-11,2.2955343219927053e-11,3.4170193305236527e-11,2.9108210524268685e-11,1.4372823062152872e-11,-0.6408079685883887
1.00977,2.0632831592963682e-11,2.296386832099455e-11,3.4181568633545294e-11,2.911820968175601e-11,1.43799305807605e-11,-0.31682978134924256
1.01009,2.2943247575740257e-11,2.2952356042325826e-11,3.416653833309578e-11,2.9104677899418425e-11,1.4371267998820796e-11,-0.0013109759113233506
1.01041,2.451189905664958e-11,2.295065826907538e-11,3.416460901306804e-11,2.9103058791679012e-11,1.4369601313286634e-11,0.23131394977920905
1.01073,2.4464613138339814e-11,2.317975500461641e-11,3.458041428247134e-11,2.945946498846778e-11,1.4491632081773408e-11,0.1882776453190526
1.01105,2.3163537074070812e-11,2.319072509129261e-11,3.452311199654082e-11,2.940776111747867e-11,1.4519822324324002e-11,-0.0039160364851682245
1.01138,2.1606544415506324e-11,2.3207107459241558e-11,3.457725854614024e-11,2.9428591126503584e-11,1.4530345108347286e-11,-0.21908855417363327
1.0117,1.9825316926104436e-11,2.3282917308437207e-11,3.465993853781149e-11,2.952433014002114e-11,1.457848532741503e-11,-0.4522211177838583
1.01202,1.7887435695901765e-11,2.3276656582822478e-11,3.4651537604265376e-11,2.9516880246733237e-11,1.4573782786737487e-11,-0.6735345342197963
1.01234,1.6088445051871934e-11,2.3270708624273796e-11,3.4642818478511584e-11,2.950937818526335e-11,1.457014954380906e-11,-0.8586868701521307
1.01266,1.458058483203236e-11,2.3264540436237134e-11,3.4634128866453797e-11,2.950176423743247e-11,1.456615260334554e-11,-0.9988189229107367
1.01298,1.5431898394797964e-11,2.3253693055576223e-11,3.4617580917367454e-11,2.9487957794505256e-11,1.4558745126659897e-11,-0.9205308868901766
1.01331,1.9205243327835004e-11,2.3273910193687044e-11,3.4662586260563347e-11,2.9520645696935386e-11,1.4572723364213824e-11,-0.5248010114292356
1.01363,2.2260927821093052e-11,2.3288446217658822e-11,3.4671221058985734e-11,2.9531238163831913e-11,1.4581830430863268e-11,-0.1419048846415974
1.01395,2.4580097869315657e-11,2.3302860326450444e-11,3.468956389843873e-11,2.9549681395891324e-11,1.459043771810005e-11,0.18526258973282222
1.01427,2.6513648758451933e-11,2.3291140288982278e-11,3.467192307208569e-11,2.953480819326595e-11,1.458273797859376e-11,0.48653716772238115
1.0146,2.712525960480127e-11,2.3286587633286574e-11,3.4664736649604645e-11,2.952880558753661e-11,1.458029156830927e-11,0.5869505472454332
1.01492,2.7721804271517254e-11,2.3275581620661632e-11,3.4647812532750664e-11,2.9514575660735376e-11,1.457346193192878e-11,0.6884616510225746
1.01524,2.7412652684435326e-11,2.3355479110682047e-11,3.4716526183915656e-11,2.958834064976787e-11,1.4636785483144366e-11,0.6215168261019817
1.01557,2.7152780993641673e-11,2.327186887289002e-11,3.464178075407664e-11,2.95096785013001e-11,1.4571414765613256e-11,0.5943058185821177
1.01589,2.6954729081997656e-11,2.3263626629316343e-11,3.4629228722753766e-11,2.94989382762675e-11,1.4566592880495064e-11,0.5633290992306496
1.01621,2.584919123658328e-11,2.3258699797620225e-11,3.4622600089717865e-11,2.949320720196915e-11,1.4562770533181264e-11,0.38670981953548
1.01654,2.470364052579384e-11,2.3282375511155633e-11,3.465783317458261e-11,2.9523172472954934e-11,1.4577921524877704e-11,0.20693752956086933
1.01686,2.4129672814596342e-11,2.3294577711617552e-11,3.4676221830573507e-11,2.953881225477084e-11,1.4585305134614157e-11,0.12008973337842889
1.01718,2.4422836592077724e-11,2.328856081214853e-11,3.466709497649785e-11,2.953096962315948e-11,1.458220067185015e-11,0.16420294132578586
1.01751,2.5928435750984947e-11,2.3269921472851894e-11,3.464018992396695e-11,2.950776586788893e-11,1.4569919780485087e-11,0.39730787482386065
1.01783,2.673562752855919e-11,2.3299844257252586e-11,3.468391077324985e-11,2.9545260181830294e-11,1.4589440655248112e-11,0.5210058312571152
1.01815,2.4853523876537166e-11,2.330739711996656e-11,3.4692787297939333e-11,2.9553773280903955e-11,1.4594380627569206e-11,0.22541280962447915
1.01848,2.3894168426044473e-11,2.3309321944486065e-11,3.4699251712268954e-11,2.955796879041085e-11,1.459383842372486e-11,0.08347150245912055
1.0188,2.0805362511897467e-11,2.3334288109119856e-11,3.4737331816929135e-11,2.959028597803063e-11,1.4609586373633588e-11,-0.33728816294598735
1.01913,1.8996059412176876e-11,2.33401551908645e-11,3.4750325135811725e-11,2.9600016625647016e-11,1.4611351688859658e-11,-0.5555240485612225
1.01945,1.9815132436689037e-11,2.3357432710653965e-11,3.480464274764471e-11,2.9646454068750235e-11,1.462461498968498e-11,-0.4612148188837019
1.01977,2.170949250287597e-11,2.3360834510413972e-11,3.477656726149472e-11,2.962349890831707e-11,1.462655778129889e-11,-0.2243568141136341
1.0201,2.436638115967247e-11,2.3366841771546065e-11,3.478672522422637e-11,2.963158161051366e-11,1.4630200176021897e-11,0.14374082999808516
1.02042,2.5364214770376872e-11,2.3411956970847847e-11,3.4855473753746045e-11,2.969762549323926e-11,1.4633601796887365e-11,0.28650599156652906
1.02075,2.6641228706750743e-11,2.346934672860095e-11,3.501327236363489e-11,2.985195669905474e-11,1.4640878507739335e-11,0.4790754283168141
1.02107,2.8865485566883383e-11,2.3307237335682345e-11,3.46944849093335e-11,2.9554356533673394e-11,1.4594014434380013e-11,0.8783059825148033
1.0214,3.0255335663087504e-11,2.3274442738612623e-11,3.464624464007178e-11,2.9513209098848944e-11,1.457306731725071e-11,1.1345989833877843
1.02172,3.153689933493449e-11,2.3294108841835294e-11,3.467340225374283e-11,2.953646072993645e-11,1.458584780268927e-11,1.369880573973845
1.02205,3.342950783316611e-11,2.330703994643113e-11,3.4697267595072537e-11,2.95568729286695e-11,1.4593351847963283e-11,1.7387399190062052
1.02237,3.3794687436392857e-11,2.3308945320810384e-11,3.4697667354996894e-11,2.955699813431257e-11,1.4594698815790975e-11,1.8127554095953138
1.0227,3.3217795734185274e-11,2.3267076274265917e-11,3.476814077865995e-11,2.9568947788311616e-11,1.4589312328288555e-11,1.7028391047562192
1.02302,3.208566072947865e-11,2.3239644375908352e-11,3.458944716525791e-11,2.946761710997737e-11,1.4548397233608191e-11,1.490537469639858
1.02335,2.9488891297717986e-11,2.3024409404346308e-11,3.4361095845677854e-11,2.923562132810107e-11,1.4416520061201542e-11,1.0517405630375631
1.02368,2.615931282553148e-11,2.2995951243328028e-11,3.4260375607084056e-11,2.9176488510708676e-11,1.4361383995357803e-11,0.4637981044218402
1.024,2.3458674511817328e-11,2.3013709513476668e-11,3.425908848864412e-11,2.918284323302933e-11,1.4410342392712544e-11,0.06438399591469883
1.02433,1.8668764421390347e-11,2.2997762626739304e-11,3.423593732585588e-11,2.916305436691147e-11,1.439914228405837e-11,-0.5610066803705073
1.02465,1.4399599458077128e-11,2.2997303628863998e-11,3.4234405312190414e-11,2.9162013526927096e-11,1.4399599458077128e-11,-1.1351938754084592
1.02498,1.4394442258406015e-11,2.2990306216376572e-11,3.422443874651025e-11,2.9153443362627975e-11,1.4394442258406015e-11,-1.578461990864542
1.02531,1.4394603109956929e-11,2.2989119008892316e-11,3.422145739089253e-11,2.9151239840500575e-11,1.4394603109956929e-11,-1.893726142547676
1.02563,1.4351963649137962e-11,2.293120447872287e-11,3.419904850399873e-11,2.91077719338766e-11,1.4351963649137962e-11,-2.390908316910701
1.02596,1.4388163805710845e-11,2.298564665787199e-11,3.422373429741988e-11,2.915168281673527e-11,1.4388163805710845e-11,-2.621349553232669
1.02629,1.4506504203144925e-11,2.316816704089497e-11,3.448720385241657e-11,2.937817606943372e-11,1.4506504203144925e-11,-2.4838875664456577
1.02661,1.4525784216233492e-11,2.3198959703280413e-11,3.453287589293225e-11,2.941706245585609e-11,1.4525784216233492e-11,-2.063879054330032
1.02694,1.4558542794111215e-11,2.3249884439821636e-11,3.460800250642171e-11,2.948123820304676e-11,1.4558542794111215e-11,-1.28038282390774
1.02727,1.9363811109177593e-11,2.327717265686693e-11,3.464824350383939e-11,2.9515722273860234e-11,1.4575354155210228e-11,-0.5065105282826873
1.02759,2.3560131887829513e-11,2.3408900496860337e-11,3.481114621166949e-11,2.9665990515117994e-11,1.467242549606573e-11,0.021245895052565907
1.02792,2.5898588016240733e-11,2.3330215497535354e-11,3.4725018695805157e-11,2.958194773138755e-11,1.4609013223759656e-11,0.38205331207189014
1.02825,2.6291165511844998e-11,2.330529804531967e-11,3.469450788480559e-11,2.95536427980908e-11,1.4590641615322306e-11,0.4485730537337594
1.02858,2.760559730780538e-11,2.332467163762625e-11,3.472193796455157e-11,2.957724970544721e-11,1.4604302417204945e-11,0.6592354301577992
1.0289,2.869424972168315e-11,2.333733498597914e-11,3.474076651124747e-11,2.959316437666776e-11,1.4612217469212595e-11,0.8419547839971776
1.02923,2.9946617176135254e-11,2.3327270368229857e-11,3.4725995285580695e-11,2.95806858006324e-11,1.4605581607437876e-11,1.0659066175651815
1.02956,3.056649807400658e-11,2.3328364987901277e-11,3.4790066662546884e-11,2.962463146666994e-11,1.4609251915830453e-11,1.1776742666037272
1.02989,3.0420782080306755e-11,2.3333137017523275e-11,3.473384675327938e-11,2.9587699936142776e-11,1.4609366245913036e-11,1.1510302006262128
1.03021,2.850423602657413e-11,2.3321056434032895e-11,3.4716278666266636e-11,2.957256632203204e-11,1.460180703613006e-11,0.8125887550312266
1.03054,2.5328844327545844e-11,2.3315817361400905e-11,3.470849457209577e-11,2.956599284496902e-11,1.4598398161825986e-11,0.2962198868142144
1.03087,2.042360134659457e-11,2.3349404988264396e-11,3.475511582457095e-11,2.9606932964723534e-11,1.462167041476351e-11,-0.38625866670040765
1.0312,1.4615723929220466e-11,2.334273770402485e-11,3.4790208825792766e-11,2.9600930279474577e-11,1.4615723929220466e-11,-1.1062166889316798
1.03153,1.4624802883754477e-11,2.3357661515033382e-11,3.47717933309049e-11,2.961957321589072e-11,1.4624802883754477e-11,-1.1159654898770608
1.03186,1.461974892845387e-11,2.3351058709753573e-11,3.4761990237640165e-11,2.961116720134262e-11,1.461974892845387e-11,-1.2273303550292756
1.03219,1.4628145052135062e-11,2.3363583900588957e-11,3.478010467684615e-11,2.962678642873934e-11,1.4628145052135062e-11,-1.1183492303402782
1.03251,1.8036470209636342e-11,2.339695574773024e-11,3.4832930072537267e-11,2.9670388087163146e-11,1.46485793643906e-11,-0.6674573221094314
1.03284,2.2525723980284708e-11,2.337900014096871e-11,3.480151987744455e-11,2.964558993969955e-11,1.4638463305972446e-11,-0.11788559242317838
1.03317,2.709542525402426e-11,2.339270643290872e-11,3.482341426072293e-11,2.966369127733934e-11,1.4646637817367323e-11,0.5619160156358045
1.0335,3.0022680889057464e-11,2.3386937167628008e-11,3.4815698438933725e-11,2.9656675099482664e-11,1.4643030217903712e-11,1.0659108640972765
1.03383,3.175222875458854e-11,2.3423213754546592e-11,3.487150802400736e-11,2.970346474667216e-11,1.466519727563144e-11,1.377956317835704
1.03416,3.201986458733986e-11,2.3434975352963747e-11,3.488566099776924e-11,2.971680471504484e-11,1.467488020871906e-11,1.4267381118747762
1.03449,3.226705470532716e-11,2.341614090770985e-11,3.486215659837028e-11,2.969588064373772e-11,1.4660940364334765e-11,1.4769566772718634
1.03482,3.045139037196659e-11,2.3434145431378927e-11,3.4888558082486835e-11,2.971758937388794e-11,1.4672026625351344e-11,1.132888119878623
1.03515,2.8216619559961826e-11,2.3481685480490018e-11,3.499922519121031e-11,2.9809601044223564e-11,1.4678753446945132e-11,0.7300394532942751
1.03548,2.5897519419529413e-11,2.3402307307904094e-11,3.495414716943394e-11,2.9738421337025925e-11,1.4652180201659894e-11,0.36927783924387436
1.03581,2.4978251133154665e-11,2.342489774719924e-11,3.4924645877209117e-11,2.975078321585069e-11,1.4647328589707306e-11,0.2259817606673996
1.03614,2.7753272175834888e-11,2.341526175171217e-11,3.484420569297654e-11,2.9685419180694543e-11,1.466450264272748e-11,0.6659888702147769
1.03647,2.831771958479667e-11,2.3398769461850167e-11,3.483025061696061e-11,2.967040104435036e-11,1.4651172455079673e-11,0.7641422392497276
1.0368,2.7959411386573578e-11,2.3421920067074527e-11,3.486104552894908e-11,2.9698208251872016e-11,1.4667184475515043e-11,0.6987122621079842
1.03713,2.6280493546569525e-11,2.343467260642604e-11,3.488375418310092e-11,2.9716044303120684e-11,1.467256795917621e-11,0.4234947434762397
1.03746,2.52912683772223e-11,2.3424469202841065e-11,3.4862200579206567e-11,2.969974458245998e-11,1.4670946227425535e-11,0.2730323175910475
1.03779,2.1015323330024004e-11,2.34078312678763e-11,3.484471823421456e-11,2.9682280819857485e-11,1.465658095877144e-11,-0.3190422220457087
1.03812,1.4648878962780105e-11,2.3396447295878517e-11,3.4826176943968395e-11,2.966727537687191e-11,1.4648878962780105e-11,-1.249702610334984
1.03845,1.4585676206061088e-11,2.329541417383023e-11,3.4686022815419626e-11,2.9542887907229215e-11,1.4585676206061088e-11,-2.0035515063104627
1.03878,1.4623341560436003e-11,2.3320601348146666e-11,3.470777977314539e-11,2.956490070951113e-11,1.4623341560436003e-11,-2.6211557524901052
1.03911,1.4579263497408363e-11,2.328625849333312e-11,3.4666483082345475e-11,2.9529503632136004e-11,1.4579263497408363e-11,-2.8022596378970848
1.03945,1.4573677696111677e-11,2.327703654493341e-11,3.465093233177887e-11,2.95169306604659e-11,1.4573677696111677e-11,-2.8637832281397357
1.03978,1.458162469012841e-11,2.3288599095673787e-11,3.4668295023203224e-11,2.953156195311531e-11,1.458162469012841e-11,-2.367049756399498
1.04011,1.4605982803359497e-11,2.3327101270408146e-11,3.4724615404385446e-11,2.9579986207504404e-11,1.4605982803359497e-11,-1.835035019875008
1.04044,1.4618530593236627e-11,2.3346664963344547e-11,3.475223278816896e-11,2.9604113644200606e-11,1.4618530593236627e-11,-1.0088640400631987
1.04077,2.1629973841388743e-11,2.3361748454889336e-11,3.4774677086821244e-11,2.9623248095448446e-11,1.4627980077298363e-11,-0.23479974070113335
1.0411,2.8579653364119616e-11,2.336197721619999e-11,3.477721217336556e-11,2.962469405248759e-11,1.4626383945282017e-11,0.8163793571034149
1.04144,3.0904465206918575e-11,2.332711103944647e-11,3.472456873158592e-11,2.9579957317889675e-11,1.460592779734965e-11,1.2421087079489297
1.04177,3.278326807075808e-11,2.3322065405050057e-11,3.471783390522275e-11,2.957384194073499e-11,1.460283585993772e-11,1.605410321199796
1.0421,3.2127024564888966e-11,2.3312798329887536e-11,3.4702735683047644e-11,2.956133850898664e-11,1.459769575382549e-11,1.4792523039942096
1.04243,3.0497915993003626e-11,2.3288218376643147e-11,3.4666342661997365e-11,2.9530671301360334e-11,1.4582048828454166e-11,1.176125877658912
1.04276,2.8254346873655585e-11,2.3294080830136353e-11,3.467398518089521e-11,2.953736047711444e-11,1.4586223607704495e-11,0.7750212881104787
1.0431,2.6010401867309566e-11,2.3308954500839668e-11,3.469642902257851e-11,2.955643250146778e-11,1.459494227163638e-11,0.4033665653808809
1.04343,2.3838119159145745e-11,2.3302696448056252e-11,3.4686774017333354e-11,2.95481391409462e-11,1.4592387992614618e-11,0.0767190278157646
1.04376,2.3041384795404734e-11,2.3335575349163837e-11,3.4736808722375634e-11,2.9590475784486e-11,1.4611702993346753e-11,-0.04114658763406963
1.0441,2.32698520171174e-11,2.3375557568456914e-11,3.479661524107045e-11,2.964137192356292e-11,1.4635995374203063e-11,-0.014873603467149298
1.04443,2.3898949008120083e-11,2.3383790976980438e-11,3.4809620440940595e-11,2.9652068962472904e-11,1.4641219267688955e-11,0.07325311519141627
1.04476,2.4102438002547462e-11,2.3365088098650184e-11,3.4782907773413446e-11,2.962893255271014e-11,1.4628952349800065e-11,0.10538625821249259
1.04509,2.345356155736604e-11,2.335998962503918e-11,3.477418791684449e-11,2.962188694193672e-11,1.4626643187864323e-11,0.01325036308795329
1.04543,2.283713332745976e-11,2.3348536270360607e-11,3.475796702142738e-11,2.9607750758666e-11,1.4619056405969596e-11,-0.0712721136438924
1.04576,2.403437967510512e-11,2.3395678970952323e-11,3.482765574949091e-11,2.9667291144848934e-11,1.4648855879047442e-11,0.09107219654468186
1.04609,2.3099084580081185e-11,2.339465272708661e-11,3.48186962102448e-11,2.966223767998417e-11,1.465104734123264e-11,-0.041261242169664605
1.04643,2.372098114183726e-11,2.3340236515005978e-11,3.4747425529769286e-11,2.959776080832321e-11,1.4613887236878054e-11,0.054151121920412666
1.04676,2.3829635163584814e-11,2.3315709241727806e-11,3.470714955668352e-11,2.9565228841754565e-11,1.4599199263929138e-11,0.07334285625620796
1.0471,2.4570852307341493e-11,2.3292624415058817e-11,3.467381850530748e-11,2.9536540888166366e-11,1.4583853270125607e-11,0.18541380838980528
1.04743,2.5996957524957456e-11,2.356893171569107e-11,3.4885762528316675e-11,2.977487157677538e-11,1.4877168688836104e-11,0.3662471431278736
1.04776,2.6947289783131814e-11,2.3303410746092304e-11,3.4691814223240155e-11,2.955047163504721e-11,1.459115698853142e-11,0.554753915370658
1.0481,2.7776506562747336e-11,2.3383858214373923e-11,3.472001775299031e-11,2.95991522309587e-11,1.4750934174901447e-11,0.6402149964903698
1.04843,2.7811457722034793e-11,2.327310193371354e-11,3.472499746765397e-11,2.954301831901666e-11,1.4577716101663007e-11,0.7046054106978971
1.04877,2.6846338162964625e-11,2.3222898820741045e-11,3.456981885537411e-11,2.944795114322716e-11,1.4540588644995822e-11,0.5533689589061671
1.0491,2.5834778124076247e-11,2.32089903660332e-11,3.454852104041184e-11,2.943009262144913e-11,1.4532110826395586e-11,0.3932591587355389
1.04944,2.5219758396233776e-11,2.3206472971486586e-11,3.454516432380651e-11,2.9427207787047954e-11,1.453009770277721e-11,0.29771040396057563
1.04977,2.4349665120203472e-11,2.3233945957446876e-11,3.4584669353037195e-11,2.946124762444092e-11,1.4547486415792194e-11,0.1618640301703414
1.05011,2.4949498061054472e-11,2.323196691388224e-11,3.458285333256542e-11,2.945940992046099e-11,1.4545586350098241e-11,0.252023144117523
1.05044,2.450958319775684e-11,2.3237811140712064e-11,3.4593290879047745e-11,2.9467678023732445e-11,1.4548873757352762e-11,0.1850252320739404
1.05078,2.3992566199928085e-11,2.323058516221893e-11,3.4587395316109755e-11,2.946066801956161e-11,1.454414110829528e-11,0.10968128174802413
1.05111,2.337632608210304e-11,2.370717089892451e-11,3.496412516681895e-11,2.988111752492396e-11,1.4957693417718347e-11,-0.24747164220967335
1.05145,2.227029807154105e-11,2.32591889291113e-11,3.4622554771372346e-11,2.949333328797602e-11,1.4564099790822894e-11,-0.1367955547437764
1.05178,1.9840831900308446e-11,2.3491899250939594e-11,3.504827801930304e-11,2.9895679023186036e-11,1.4521028711863603e-11,-0.4845048278194708
1.05212,1.7030850291779593e-11,2.327447073238197e-11,3.464434690459217e-11,2.951315544231598e-11,1.4570362960494388e-11,-0.7643354721058419
1.05245,1.4552916402265716e-11,2.3242912129025228e-11,3.460222677383155e-11,2.947487495964747e-11,1.4552916402265716e-11,-1.2602062512301833
1.05279,1.4531747798963967e-11,2.3209096986606865e-11,3.455045906296973e-11,2.943018306703555e-11,1.4531747798963967e-11,-1.6685988333706585
1.05313,1.4525452646503062e-11,2.319944279750381e-11,3.45376419897016e-11,2.941945968868779e-11,1.4525452646503062e-11,-2.0686389421652573
1.05346,1.4537031036334177e-11,2.321846624312219e-11,3.456607838860417e-11,2.944353848549271e-11,1.4537031036334177e-11,-2.0615908243166756
1.0538,1.4533778754085375e-11,2.321190944540246e-11,3.455349467818914e-11,2.943429110068771e-11,1.4533778754085375e-11,-1.7305804102286284
1.05413,1.4535758393230047e-11,2.321743618339074e-11,3.456309718960091e-11,2.944162697329429e-11,1.4535758393230047e-11,-1.3901611903666444
1.05447,1.8310261820303182e-11,2.322952418820947e-11,3.4578418016904725e-11,2.945587390292782e-11,1.4544553327062512e-11,-0.6229113029764464
1.05481,2.1810286754401547e-11,2.3201540090284814e-11,3.4536396768732824e-11,2.9420200602844053e-11,1.4527538581548596e-11,-0.19134197812118245
1.05514,2.4593492584904644e-11,2.319075822278345e-11,3.4520495381362796e-11,2.940656568638532e-11,1.452091677726989e-11,0.2050146432541177
1.05548,2.6267193588989983e-11,2.3431641065987507e-11,3.4688256995113056e-11,2.960171597222525e-11,1.481701717067782e-11,0.431558249916709
1.05582,2.6908555532542426e-11,2.3193903215195803e-11,3.4528019258383445e-11,2.9411799895679494e-11,1.4521366788467769e-11,0.5687805979861837
1.05615,2.766474711960293e-11,2.320684923264269e-11,3.4544575778728413e-11,2.942700486393151e-11,1.4531033419513489e-11,0.6926284940926147
1.05649,2.9571068959108434e-11,2.3193414040019346e-11,3.452516439613872e-11,2.941017203689486e-11,1.4522363277603298e-11,1.0288984676098667
1.05683,2.9610934827625175e-11,2.3176907680591635e-11,3.4501508016721574e-11,2.938977088853322e-11,1.4511450681435312e-11,1.0399025525902228
1.05717,2.9116480690128445e-11,2.3175948079305122e-11,3.450061062434206e-11,2.9388844970190705e-11,1.4510225943355951e-11,0.9510672318942128
1.0575,2.8707495204829286e-11,2.3180072262122302e-11,3.4505955093940075e-11,2.9393628078535676e-11,1.4513815221434195e-11,0.8779928122748575
1.05784,2.735552694957075e-11,2.318839397591307e-11,3.45171704504435e-11,2.9403569266802456e-11,1.4519930488445569e-11,0.6444523207899039
1.05818,2.6130215735906614e-11,2.3186606215375893e-11,3.451719771697894e-11,2.940283014450933e-11,1.451742565200319e-11,0.44414250331754396
1.05852,2.4918069844082058e-11,2.3200777984104482e-11,3.45358110167986e-11,2.9419376630372614e-11,1.4527699930700336e-11,0.2526396040781228
1.05886,2.2618140347563348e-11,2.3232053731178486e-11,3.462566349060337e-11,2.945910173747838e-11,1.4546001204275039e-11,-0.08580568049897051
1.05919,2.0644106673861343e-11,2.319749503785211e-11,3.4533485432966693e-11,2.941638929311398e-11,1.4524387747582771e-11,-0.34219527407880573
1.05953,1.7267336443985548e-11,2.317303379293348e-11,3.449646691285693e-11,2.9385080560829274e-11,1.4509399455328542e-11,-0.7315604029681844
1.05987,1.5414826048396265e-11,2.316862860326501e-11,3.448947505134688e-11,2.9379323623685034e-11,1.450665152832293e-11,-0.9167371171433576
1.06021,1.66994189990188e-11,2.320348871065001e-11,3.4541090986656705e-11,2.942345893997576e-11,1.4529053621674305e-11,-0.792847500660223
1.06055,2.038207905366275e-11,2.3229680303700735e-11,3.4703926546062666e-11,2.955919272249393e-11,1.4547874876823135e-11,-0.3786420811376385
1.06089,2.417712349588842e-11,2.3273788864298236e-11,3.462375252704522e-11,2.950303678398106e-11,1.4569498745289863e-11,0.12988258487918058
1.06122,2.8553141446227294e-11,2.3393378882551825e-11,3.47813219958862e-11,2.9661126727863616e-11,1.4543374740922023e-11,0.8194942315971604
1.06156,3.086963326753363e-11,2.3192425205408366e-11,3.452409147700118e-11,2.9409126541497184e-11,1.4521887924739342e-11,1.26928175585779
1.0619,3.074174810198459e-11,2.318249998297416e-11,3.451024337321811e-11,2.9397055605586064e-11,1.4515416568455825e-11,1.2476353402697988
1.06224,2.9084729929009277e-11,2.317699494174387e-11,3.4501371801890186e-11,2.938966228884765e-11,1.451185785259605e-11,0.9453935680058569
1.06258,2.7081075661501456e-11,2.3168587590197384e-11,3.448796706659332e-11,2.937879701707963e-11,1.4507290310237594e-11,0.6025900203123138
1.06292,2.5451987662664832e-11,2.3161318761995034e-11,3.4477183604059644e-11,2.936946971277463e-11,1.4502684204507105e-11,0.3415478771067272
1.06326,2.4831655111018406e-11,2.315535774067594e-11,3.446882941461788e-11,2.9362135015230864e-11,1.4498440373394341e-11,0.24678453735825903
1.0636,2.5777224487502556e-11,2.3184978530778162e-11,3.451218442520445e-11,2.939935926952635e-11,1.4517114914424967e-11,0.3883494102193895
1.06394,2.639396160396446e-11,2.319684161214195e-11,3.452992061629231e-11,2.9414351072993425e-11,1.4525336051075906e-11,0.48484542528374136
1.06428,2.6061374567250337e-11,2.3222992919179644e-11,3.45700028865963e-11,2.944808735929252e-11,1.4540296604180993e-11,0.4265698595787488
1.06462,2.4455996329044542e-11,2.3235534041238077e-11,3.458830564226251e-11,2.946375528418713e-11,1.45492013317824e-11,0.17747103682919158
1.06496,2.374544531261015e-11,2.324510181033404e-11,3.464583299401425e-11,2.949842726531629e-11,1.4553790100019566e-11,0.07161319635782341
1.0653,2.038990092327192e-11,2.3203110566881614e-11,3.4541086097364274e-11,2.942323394466423e-11,1.4527760728795687e-11,-0.3747243053201085
1.06564,1.8178943797955193e-11,2.3198281609745688e-11,3.45332263565453e-11,2.9416710221646484e-11,1.45256275089888e-11,-0.6347436100334807
1.06598,1.4729098552282982e-11,2.3186730337232458e-11,3.451680078816431e-11,2.9402452441544025e-11,1.4517844533774112e-11,-0.9811257211809098
1.06632,1.4514748308783292e-11,2.3183572625586055e-11,3.451332547713567e-11,2.939910948444483e-11,1.4514748308783292e-11,-1.2902620060781869
1.06666,1.4510687450737013e-11,2.317320730616655e-11,3.44944151591481e-11,2.938419133760042e-11,1.4510687450737013e-11,-1.6520676383957162
1.067,1.4508236068373019e-11,2.3170020631268236e-11,3.449072462019233e-11,2.938069695754529e-11,1.4508236068373019e-11,-1.749441796395905
1.06734,1.4508246629019484e-11,2.3169774159131912e-11,3.4489428740444174e-11,2.937990224516428e-11,1.4508246629019484e-11,-1.711708034785327
1.06768,1.4514368189026764e-11,2.3184958308944944e-11,3.451410628260891e-11,2.940057987390113e-11,1.4514368189026764e-11,-1.6296744099159024
1.06802,1.4571897183155272e-11,2.3253274686641945e-11,3.4591251786340914e-11,2.947350668754801e-11,1.4571897183155272e-11,-1.070429047562322
1.06837,1.9117413198763637e-11,2.32086634715289e-11,3.454827961902981e-11,2.94298322900059e-11,1.4531611825886734e-11,-0.5288080940079455
1.06871,2.1303422672985895e-11,2.319050321048192e-11,3.4519717189045594e-11,2.940589896141967e-11,1.4521943586742764e-11,-0.25661074252014804
1.06905,2.25580382747691e-11,2.317420777978309e-11,3.45404367856128e-11,2.9394546388157574e-11,1.4510112575912756e-11,-0.08630106087314149
1.06939,2.3267705239068617e-11,2.316007478930193e-11,3.4476259495825196e-11,2.936834800440614e-11,1.4500976119037204e-11,0.015273297562030861
1.06973,2.2685339689332003e-11,2.3159266318356767e-11,3.4475751358242595e-11,2.9367687671699286e-11,1.449987346347034e-11,-0.06675768505492369
1.07007,2.3657934077656532e-11,2.3153456445969083e-11,3.4466143875673354e-11,2.935973748900968e-11,1.449753616740781e-11,0.07252889586134177
1.07042,2.5963066324496016e-11,2.3140992477964265e-11,3.4448221827960684e-11,2.9344303377024504e-11,1.4488985725977021e-11,0.42560049249533655
1.07076,2.759630697917043e-11,2.3121286254492425e-11,3.4418594759423656e-11,2.93192115748422e-11,1.447657443225379e-11,0.6982231913273985
1.0711,2.99156641767431e-11,2.3113993457478425e-11,3.4409725423987123e-11,2.931115015341976e-11,1.44695324968946e-11,1.1097395557934944
1.07144,3.0709281073542555e-11,2.3122573725256118e-11,3.441983632807047e-11,2.9320551289652455e-11,1.4477565568854899e-11,1.25627285450145
1.07179,3.0173704603860055e-11,2.3133633805573768e-11,3.4436724576388946e-11,2.933477302119048e-11,1.4484324762914092e-11,1.153284526244126
1.07213,2.8523953984799128e-11,2.3142420582211483e-11,3.4449856914363946e-11,2.934640793759643e-11,1.449111838056016e-11,0.8540614255911568
1.07247,2.8327325349311514e-11,2.310803479817705e-11,3.43996574140472e-11,2.930287738483464e-11,1.4467665893009215e-11,0.8267972724679588
1.07281,2.7486449008356197e-11,2.3098429013430128e-11,3.438475921992706e-11,2.9290240111893826e-11,1.4462651046873296e-11,0.6843476481035804
1.07316,2.7287622858247107e-11,2.3034724092587735e-11,3.4293010385065666e-11,2.921074374668665e-11,1.442219285952871e-11,0.6636227401087482
1.0735,2.7647316959563265e-11,2.2934881259187227e-11,3.4140849365624904e-11,2.9082704614849868e-11,1.436006828708152e-11,0.7453515181231807
1.07384,2.780512351010635e-11,2.3015873992913322e-11,3.421208873476115e-11,2.916874280175299e-11,1.4324820165246617e-11,0.76490497444418
1.07419,2.671185403295717e-11,2.2948531072103474e-11,3.412810098873147e-11,2.908430905248427e-11,1.4368310625390369e-11,0.5841333156587645
1.07453,2.618847672345268e-11,2.2864862871417596e-11,3.403801442086301e-11,2.899450664046459e-11,1.4315996094292077e-11,0.5129308188619107
1.07487,2.4101766475141343e-11,2.285560855381147e-11,3.402309268496968e-11,2.898224818536854e-11,1.4310529765940298e-11,0.18422629825587805
1.07522,2.451429046353478e-11,2.2831867133561628e-11,3.3988181858736015e-11,2.8952319208102695e-11,1.4295720961842034e-11,0.25135696710777083
1.07556,2.31984798283947e-11,2.2809566486021118e-11,3.395444661320778e-11,2.8923740923981888e-11,1.4281911159859853e-11,0.056584439511803135
1.0759,2.3433000683296526e-11,2.280693774735879e-11,3.394954737661238e-11,2.8920027249876023e-11,1.4280545285232738e-11,0.09157799580804896
1.07625,2.45836217863989e-11,2.286428149535029e-11,3.3996747130240145e-11,2.8970830431182075e-11,1.4362636194985564e-11,0.25179743089757256
1.07659,2.6141392617717972e-11,2.3053255400982997e-11,3.412975122709399e-11,2.912613365282551e-11,1.4504776909839877e-11,0.4760852542523875
1.07694,2.835945479015769e-11,2.2830832787010928e-11,3.398467524020907e-11,2.895016922601581e-11,1.4295093893198717e-11,0.8928390284827377
1.07728,2.8958508064592e-11,2.2909553448934043e-11,3.412728223303433e-11,2.9074196001045335e-11,1.4314185009666986e-11,0.9884697434507884
1.07763,2.673969142866102e-11,2.2880786827266818e-11,3.4056568677240846e-11,2.9012314455223185e-11,1.432698915168931e-11,0.6013997935499878
1.07797,2.107366286209974e-11,2.288717957899655e-11,3.4097034786863976e-11,2.903742904061506e-11,1.4314871774740132e-11,-0.2516346087311412
1.07832,1.571751925405709e-11,2.309729076902517e-11,3.4263455054964967e-11,2.922631631953276e-11,1.4410161999285056e-11,-0.8834767188882303
1.07866,1.4300258357846755e-11,2.2838576229137748e-11,3.399654996163363e-11,2.8960540939375165e-11,1.4300258357846755e-11,-1.5109560016836672
1.07901,1.4279080658315197e-11,2.280594066897629e-11,3.394943250885654e-11,2.8919706501583997e-11,1.4279080658315197e-11,-1.946619366595341
1.07935,1.427475297612467e-11,2.278715664143338e-11,3.3894601693830476e-11,2.887978078634371e-11,1.427475297612467e-11,-2.575901375608506
1.0797,1.4256455178311061e-11,2.276327869180018e-11,3.3873323131001984e-11,2.8858733523848305e-11,1.4256455178311061e-11,-2.9469257323743143
1.08004,1.4248843263516288e-11,2.2756542425629702e-11,3.387530706920518e-11,2.885646773792952e-11,1.4248843263516288e-11,-2.9597442481242027
1.08039,1.426024886247684e-11,2.2772411495793818e-11,3.3897453698028707e-11,2.88757672543269e-11,1.426024886247684e-11,-2.732575927050788
1.08073,1.4280202533005337e-11,2.2805296794743447e-11,3.394618138316356e-11,2.891757209806259e-11,1.4280202533005337e-11,-2.3987412411841014
1.08108,1.4299613324138193e-11,2.2836390604747496e-11,3.399402621999244e-11,2.895755155370427e-11,1.4299613324138193e-11,-1.754939718349382
1.08142,1.730368544320699e-11,2.2909131365410607e-11,3.410136048121393e-11,2.904955811599856e-11,1.4344867387504764e-11,-0.7063928472295038
1.08177,2.5613351424334347e-11,2.2899082855209505e-11,3.408674497559532e-11,2.903694973131439e-11,1.4338389087456289e-11,0.4130674288660624
1.08212,3.127871999346555e-11,2.290752088129277e-11,3.409063586642588e-11,2.9044451702697945e-11,1.4341600754360495e-11,1.422411195043247
1.08246,3.529417843303152e-11,2.2871571480643124e-11,3.404735740184065e-11,2.900278310570141e-11,1.4320116915710105e-11,2.271811668219775
1.08281,3.7015347729401286e-11,2.2855488826913038e-11,3.4022417991711646e-11,2.89818655426699e-11,1.431069953218427e-11,2.669363780539153
1.08315,3.780815772058554e-11,2.283554710946028e-11,3.399355850185346e-11,2.8957019594983044e-11,1.429758313300187e-11,2.863952746120737
1.0835,3.818456289176432e-11,2.2836451111045655e-11,3.399456010693838e-11,2.8957896119686766e-11,1.4298805087607109e-11,2.9541220616658816
1.08385,3.715317478780993e-11,2.2837151574708703e-11,3.399495129553354e-11,2.895842182706686e-11,1.429999927088926e-11,2.709096437618057
1.08419,3.5980327134155256e-11,2.2837504918368275e-11,3.399735923407308e-11,2.8959945367899305e-11,1.4298161591441633e-11,2.4377346435999416
1.08454,3.320612275455328e-11,2.2848016084712648e-11,3.4011703276981947e-11,2.897254595610638e-11,1.4306096749816384e-11,1.829574160559073
1.08489,2.849311387249166e-11,2.287041365116846e-11,3.404529016418934e-11,2.9001160996566207e-11,1.4319385584257011e-11,0.9080546723806951
1.08524,2.269888218125427e-11,2.288527183369203e-11,3.4066608796212307e-11,2.9019583223051535e-11,1.4329352686762648e-11,-0.02667745678651145
1.08558,1.4342719288318425e-11,2.2906724174123394e-11,3.40975193656627e-11,2.9046270080417004e-11,1.4342719288318425e-11,-1.0202849189281284
1.08593,1.4337614746833383e-11,2.2898917928228313e-11,3.408789042962775e-11,2.90373035239031e-11,1.4337614746833383e-11,-1.6902504656281594
1.08628,1.4330311191842365e-11,2.2888459687348128e-11,3.4072869839979365e-11,2.9024382030764986e-11,1.4330311191842365e-11,-2.3384109850141064
1.08663,1.4319578978086457e-11,2.2867863847133506e-11,3.404065391467534e-11,2.899730397499571e-11,1.4319578978086457e-11,-2.6674607114550817
1.08697,1.4315962807013533e-11,2.286092581670155e-11,3.4029218661068805e-11,2.8987974179176612e-11,1.4315962807013533e-11,-2.662342993790974
1.08732,1.4321083566422626e-11,2.2874041110752208e-11,3.405091125405544e-11,2.9005941285632323e-11,1.4321083566422626e-11,-2.4037846810817363
1.08767,1.4356570089999136e-11,2.2932949836226554e-11,3.4136775598632545e-11,2.9080656767176768e-11,1.4356570089999136e-11,-1.6906904468707424
1.08802,2.331344127979058e-11,2.2945598364965765e-11,3.4156233577919504e-11,2.9095935700859843e-11,1.4367517706758752e-11,0.05321954073107391
1.08837,3.06817501624642e-11,2.2936430896232814e-11,3.4141633052739333e-11,2.908376364278188e-11,1.4362793254447477e-11,1.2984493672328388
1.08871,3.049439517092914e-11,2.2928334180664356e-11,3.415007074665773e-11,2.9078485836256214e-11,1.435652288631289e-11,1.265111093074117
1.08906,3.235258505563193e-11,2.2849876545397637e-11,3.401385111206776e-11,2.897467763281193e-11,1.430726134461222e-11,1.6525166498938502
1.08941,3.156819062658063e-11,2.2827453556932444e-11,3.398064091980615e-11,2.8946347067662756e-11,1.4292830904164198e-11,1.500607174517021
1.08976,3.090562254189859e-11,2.282996234942066e-11,3.3984811200098196e-11,2.8949721322424813e-11,1.4294396928526671e-11,1.3693078049638192
1.09011,2.958613590741946e-11,2.2806168672641265e-11,3.395044569050588e-11,2.8920104124923402e-11,1.4278559986760736e-11,1.1231234066630262
1.09046,2.8030467796414732e-11,2.292733051343927e-11,3.4054584476268894e-11,2.9029796413853974e-11,1.4392054849269191e-11,0.8119526996133699
1.09081,2.6195708412521303e-11,2.2924696475505693e-11,3.40836295925503e-11,2.904637981488935e-11,1.4379834198802636e-11,0.4970454887076611
1.09116,2.4416413734604043e-11,2.2862666990733523e-11,3.403158768635228e-11,2.8990111958850002e-11,1.4315835713798609e-11,0.23130183943137836
1.09151,2.5063113560206815e-11,2.2853252085542296e-11,3.401938087137774e-11,2.897922875563755e-11,1.4308837550421946e-11,0.33343511285491684
1.09186,2.542343585608459e-11,2.2845105423519862e-11,3.400651319194744e-11,2.8968436925611803e-11,1.430480131603958e-11,0.39235066453444684
1.09221,2.5831574574501056e-11,2.2838541115435736e-11,3.3996974591977315e-11,2.8960201203811783e-11,1.4300769308418063e-11,0.4595231231956498
1.09256,2.62477922795805e-11,2.2842037451548993e-11,3.400230236243632e-11,2.8964701022010154e-11,1.4303037076687188e-11,0.5272669044403115
1.0929,2.420612321471613e-11,2.2846826326818954e-11,3.4011387957281686e-11,2.8971711430051146e-11,1.4304812585171774e-11,0.2015738126242225
1.09325,2.194044898331584e-11,2.286149657538527e-11,3.4034205265510167e-11,2.8990614282640607e-11,1.4314045884563006e-11,-0.12986541003866864
1.09361,1.9997923516808503e-11,2.2958176517006945e-11,3.420847414019039e-11,2.913659532251552e-11,1.4427976334291028e-11,-0.39281115084332124
1.09396,1.7288145608995662e-11,2.2841906795623514e-11,3.4019198119721984e-11,2.8965693446900065e-11,1.4301798405106098e-11,-0.7026559077675669
1.09431,1.5077371525776873e-11,2.283174575262153e-11,3.398725820987759e-11,2.895169807277172e-11,1.4296193044363764e-11,-0.9275084271531749
1.09466,1.428490664540355e-11,2.2816073725861725e-11,3.3964271822239464e-11,2.8934063168601307e-11,1.428490664540355e-11,-1.1851803032989532
1.09501,1.4293212498407693e-11,2.2826962237247925e-11,3.397999657331701e-11,2.894572653251567e-11,1.4293212498407693e-11,-1.4005006609886435
1.09536,1.4294742812343654e-11,2.28287329236069e-11,3.398214866409191e-11,2.894765058094078e-11,1.4294742812343654e-11,-1.5033525709725128
1.09571,1.4297654384509272e-11,2.283462213554234e-11,3.399149224125902e-11,2.8955479179193426e-11,1.4297654384509272e-11,-1.4681452944576308
1.09606,1.429252316744898e-11,2.2825029930045566e-11,3.39771379980617e-11,2.8943255192532996e-11,1.429252316744898e-11,-1.110265370031857
1.09641,1.7787728957136966e-11,2.284806400619926e-11,3.401058028950733e-11,2.8972072765254626e-11,1.4306513087239948e-11,-0.6478608981131652
1.09676,2.4161662530832218e-11,2.284985636966052e-11,3.4011148501884164e-11,2.897311935591075e-11,1.4309206413565708e-11,0.1943044115751838
1.09711,2.8304045190620435e-11,2.281423233401642e-11,3.39599514511721e-11,2.892907875697157e-11,1.42851477167004e-11,0.8868380753350676
1.09746,3.227378243976291e-11,2.282592733469678e-11,3.3979543625771565e-11,2.894470696619808e-11,1.429284211027442e-11,1.643781627411332
1.09782,3.3500933584882114e-11,2.2816400042816295e-11,3.3966582126847764e-11,2.8933091219460104e-11,1.4286226264821111e-11,1.9016457914609142
1.09817,3.2902898231179504e-11,2.2713284558241623e-11,3.38122818050901e-11,2.8802071774953188e-11,1.422172189741459e-11,1.8072232498634528
1.09852,3.0134319718169674e-11,2.243361829785111e-11,3.3394782270050354e-11,2.8447065744537112e-11,1.4046320108323555e-11,1.3230630932735865
1.09887,2.7357683758752406e-11,2.2358007972124868e-11,3.3281473577791045e-11,2.8350695775972302e-11,1.4000382442210693e-11,0.8182395877723951
1.09922,2.2685075171891855e-11,2.2266878508910434e-11,3.314583714062181e-11,2.823537054197151e-11,1.3941837711305192e-11,0.06229578091865159
1.09958,1.7376303855825442e-11,2.2043954945717065e-11,3.281631043931882e-11,2.795564630103186e-11,1.3801031888107265e-11,-0.6229588759484627
1.09993,1.3780127744786176e-11,2.206749254996654e-11,3.28156435054316e-11,2.7973520992286584e-11,1.3780127744786176e-11,-1.0856150416443415
1.10028,1.3740126799561567e-11,2.1945641744380628e-11,3.266912651518925e-11,2.7828714282926692e-11,1.3740126799561567e-11,-1.1216460245193276
1.10063,1.568461207324923e-11,2.192522441694408e-11,3.2655042866472e-11,2.7812869234412953e-11,1.3739336532249542e-11,-0.8024081362897131
1.10099,1.887736186742748e-11,2.1956961734968464e-11,3.268480830667247e-11,2.7840699825981993e-11,1.3752069951695871e-11,-0.4287297143425426
1.10134,2.2134633378500146e-11,2.1921755639453548e-11,3.263099211251038e-11,2.7796975184612814e-11,1.3727877025924725e-11,0.032398325858947745
1.10169,2.4848807251864476e-11,2.1927472481238216e-11,3.264736089987357e-11,2.7805232985805574e-11,1.372969194982404e-11,0.4675143730197394
1.10204,2.719325425095568e-11,2.1927215670246385e-11,3.2639914570479545e-11,2.780445190111102e-11,1.372984030468234e-11,0.8850801761426909
1.1024,2.9167420710582834e-11,2.190769099084038e-11,3.261242869025244e-11,2.7780586456221746e-11,1.3716233587729198e-11,1.2704477652211332
1.10275,2.9748884089940604e-11,2.190121258816046e-11,3.260124282291868e-11,2.7771428181260044e-11,1.3713798979824851e-11,1.3901307608086588
1.1031,2.9325467327369514e-11,2.1891406956403545e-11,3.258620736505099e-11,2.775871677035137e-11,1.370765448656303e-11,1.3068602929714346
1.10346,2.941255713297961e-11,2.1898077649532456e-11,3.26475873717578e-11,2.7799993858756448e-11,1.3696202608358494e-11,1.3245312301109695
1.10381,2.865091174191248e-11,2.194410382477712e-11,3.2622752397579765e-11,2.7800683528209748e-11,1.3766169717759657e-11,1.1483362205954133
1.10417,2.772264766112877e-11,2.1901357241274324e-11,3.25985276419314e-11,2.777033106655155e-11,1.3714251858960452e-11,0.9905940886406369
1.10452,2.521922456126859e-11,2.1898148397752115e-11,3.25926865139001e-11,2.776535600612627e-11,1.3715261075851816e-11,0.5360026059957839
1.10487,2.3353376962146606e-11,2.1942104045960695e-11,3.261928538641743e-11,2.779878472977164e-11,1.377706767161938e-11,0.2115697736822086
1.10523,1.9246883884256768e-11,2.1856026525847982e-11,3.253491123017336e-11,2.771464728484612e-11,1.3684717466981881e-11,-0.36928815118290026
1.10558,1.4115210033690575e-11,2.185751762992929e-11,3.253721714856856e-11,2.771656000097922e-11,1.3685741720246628e-11,-0.9588919496050835
1.10594,1.3697509640046822e-11,2.1873401265452343e-11,3.255573565932349e-11,2.7733948390633716e-11,1.3697509640046822e-11,-1.340322116422732
1.10629,1.3692489042242677e-11,2.1868711781992437e-11,3.2554183196454405e-11,2.7730892744381247e-11,1.3692489042242677e-11,-1.64710407389468
1.10665,1.3699984443139696e-11,2.1882002416287712e-11,3.257584139720991e-11,2.7749247431058796e-11,1.3699984443139696e-11,-1.727148084601109
1.107,1.3691036054313156e-11,2.1864856276384008e-11,3.254788163668241e-11,2.7725647985172832e-11,1.3691036054313156e-11,-1.4956021847412524
1.10736,1.3688752845307368e-11,2.1862598071937558e-11,3.2545099293301096e-11,2.7723146437401048e-11,1.3688752845307368e-11,-1.1591634485540383
1.10771,1.751576883746067e-11,2.1865466753181362e-11,3.254992547266083e-11,2.7727122945153997e-11,1.3689851974847764e-11,-0.5894132578035489
1.10807,1.9776626063584585e-11,2.1884424245433717e-11,3.257770288076049e-11,2.7750904919382422e-11,1.3702237591689233e-11,-0.3016266294391273
1.10842,2.1567686598110647e-11,2.193749959417665e-11,3.26552658788759e-11,2.781773972406744e-11,1.3735620940181539e-11,-0.054994026902310644
1.10878,2.2251858836504813e-11,2.193561939818941e-11,3.265019920815796e-11,2.7814195470756332e-11,1.3735060289252083e-11,0.04771309805165759
1.10913,2.256505665911701e-11,2.191056107714595e-11,3.2612419027569657e-11,2.778196769544679e-11,1.3720460911904266e-11,0.09977928917813783
1.10949,2.2531373686700115e-11,2.1882312812877797e-11,3.257436211035972e-11,2.7748210347298613e-11,1.3700527502720042e-11,0.09889409760483489
1.10984,2.1582383170883208e-11,2.1909980096404026e-11,3.261516703045812e-11,2.7783027991975592e-11,1.3718579198244475e-11,-0.04882392517405287
1.1102,2.2076241635456885e-11,2.1905097388976292e-11,3.2610272332237674e-11,2.7778038868287933e-11,1.371511637967552e-11,0.025765026915552377
1.11056,2.1241410484430134e-11,2.1905975104396987e-11,3.26098365378907e-11,2.7778231749375177e-11,1.3715799534146346e-11,-0.09831250342491435
1.11091,2.176178333421765e-11,2.1897633132256917e-11,3.2597478458301164e-11,2.7767656771407413e-11,1.3710783309021372e-11,-0.02032636735061002
1.11127,2.2872379373528163e-11,2.189734973991188e-11,3.2595339573923765e-11,2.7766519740076092e-11,1.3710915158024555e-11,0.14970254700594082
1.11163,2.320283035209814e-11,2.1894370229824082e-11,3.2594077527023214e-11,2.776442280114548e-11,1.3707061950092584e-11,0.2022081131212462
1.11198,2.405793793302623e-11,2.1909733913621238e-11,3.261566975329943e-11,2.7782756507838562e-11,1.3718117301916874e-11,0.33829856829463323
1.11234,2.338211118940871e-11,2.225803301970354e-11,3.29513430105332e-11,2.8126037670901755e-11,1.4022164659496456e-11,0.17480851447522697
1.1127,2.1273671258656196e-11,2.195042726373276e-11,3.267677356735767e-11,2.783496190556521e-11,1.3743116909590445e-11,-0.09999203951568238
1.11305,1.9657011835376673e-11,2.1968172174113064e-11,3.279515760558638e-11,2.7921242653925393e-11,1.3754313337983731e-11,-0.3277970931099922
1.11341,1.8509204718237457e-11,2.1941011464817288e-11,3.2661306755941296e-11,2.7822369053389482e-11,1.3738004975053504e-11,-0.4743053257518877
1.11377,1.990502354242877e-11,2.194584414301343e-11,3.266744630190465e-11,2.7828043544711236e-11,1.3741152387418595e-11,-0.29170009601341695
1.11412,2.3943554920530213e-11,2.1917742569003526e-11,3.262717261829118e-11,2.77932665619748e-11,1.3722245811802702e-11,0.3178514466874055
1.11448,2.7644569210724667e-11,2.190895422556666e-11,3.2613328451956235e-11,2.7781609082324935e-11,1.3718422787346673e-11,0.9736465951905612
1.11484,2.9102029433850124e-11,2.192407188738722e-11,3.263561260197327e-11,2.7800688218422815e-11,1.3727443078576217e-11,1.253306767694723
1.1152,2.967052332798811e-11,2.193301745314266e-11,3.265007721570519e-11,2.7812609342544923e-11,1.3732280089495173e-11,1.364697421139182
1.11555,2.964565831941103e-11,2.1946872982281604e-11,3.267012617555798e-11,2.7829712705544745e-11,1.374182473696108e-11,1.3558549794713657
1.11591,2.6955384407592023e-11,2.1963595509185455e-11,3.269401673876134e-11,2.785252187482461e-11,1.3748223858659647e-11,0.8328044054582916
1.11627,2.491725499968831e-11,2.1992665441768098e-11,3.280923095672343e-11,2.7945638381335888e-11,1.3761701201303172e-11,0.4666580350398223
1.11663,2.3007802209867807e-11,2.198377132559421e-11,3.272710733769187e-11,2.7877384576845112e-11,1.3763297597074186e-11,0.15679331057914633
1.11699,2.1505397085959376e-11,2.19899042696653e-11,3.273472998917184e-11,2.7884637554561925e-11,1.3768590411756709e-11,-0.0716960900468619
1.11735,2.0764466954952863e-11,2.2002677126984763e-11,3.275288271292405e-11,2.7900406098181764e-11,1.3776848460366179e-11,-0.17990184747623694
1.1177,2.2118782004716246e-11,2.200516222668709e-11,3.275637207999865e-11,2.790346026754957e-11,1.3778604373153064e-11,0.017091781444952624
1.11806,2.2000404596362628e-11,2.2002946574850814e-11,3.2754509492877334e-11,2.790122288933125e-11,1.3776862608286568e-11,-0.00028526697281992054
1.11842,1.9447483270571808e-11,2.198362169223074e-11,3.272576681324874e-11,2.7876927025208117e-11,1.3763592538592941e-11,-0.35775195477538785
1.11878,1.8322145388834595e-11,2.1981707265318648e-11,3.2721705960237144e-11,2.7873910094164872e-11,1.3763471475085637e-11,-0.5021123713477988
1.11914,1.851257416055402e-11,2.1985368496001556e-11,3.272910064321028e-11,2.7879577622862535e-11,1.3764991805172235e-11,-0.47867140759474963
1.1195,1.9942029356577047e-11,2.2004190488017414e-11,3.275531661177893e-11,2.7902353603930976e-11,1.3777702225378657e-11,-0.2938147830458822
1.11986,1.9827940755615887e-11,2.2060682843927813e-11,3.281934062513037e-11,2.796255479111972e-11,1.3835728964009628e-11,-0.31390312973300877
1.12022,2.369528665276991e-11,2.2062032743236937e-11,3.2841709045389046e-11,2.7975969372240578e-11,1.381336546541466e-11,0.2524616490154117
1.12058,2.8152317737861916e-11,2.2128627948169737e-11,3.293951256019265e-11,2.805966878901902e-11,1.3856505823774486e-11,1.0174531593929697
1.12094,3.265470751061233e-11,2.2124162712247455e-11,3.301369591902393e-11,2.8047579364360553e-11,1.3856470651363802e-11,1.9405236879815213
1.1213,3.1549065166773473e-11,2.230571542324765e-11,3.312757812804513e-11,2.8243332310853384e-11,1.4011140654929372e-11,1.637247222932765
1.12166,2.71676025838692e-11,2.207328937905747e-11,3.28702304114683e-11,2.7988507177987134e-11,1.3820241858816944e-11,0.8469568196402173
1.12202,2.063086645297228e-11,2.203499350892229e-11,3.28019403587845e-11,2.7941664998823336e-11,1.3797687696878026e-11,-0.20280606195491632
1.12238,1.376796942679919e-11,2.1990227903629806e-11,3.27356018210965e-11,2.7885157445729442e-11,1.376796942679919e-11,-1.2257438486725514
1.12274,1.3748213280480171e-11,2.195865959958487e-11,3.269032619770111e-11,2.784594433711104e-11,1.3748213280480171e-11,-2.288861933816819
1.1231,1.3735476696781156e-11,2.1950047538468313e-11,3.271407989741108e-11,2.7850740685282167e-11,1.3735476696781156e-11,-2.722515969103293
1.12346,1.3711428234805265e-11,2.1899105207985525e-11,3.259912560427764e-11,2.7769352228407252e-11,1.3711428234805265e-11,-2.6737757514106195
1.12382,1.3719060412708287e-11,2.19107941092685e-11,3.261634475732602e-11,2.7784046610730633e-11,1.3719060412708287e-11,-2.2158562485010194
1.12418,1.3732259960511039e-11,2.1931601666078415e-11,3.264737842413893e-11,2.781043623652273e-11,1.3732259960511039e-11,-1.3764682365516094
1.12454,1.789913381568903e-11,2.1950719777788263e-11,3.2676494606549865e-11,2.7834981201139188e-11,1.3743868858414417e-11,-0.5511849352569647
1.1249,2.2344360265280894e-11,2.1908556689277783e-11,3.2613344557037754e-11,2.7781348553119984e-11,1.3717582004646016e-11,0.06608001248737738
1.12526,2.50808191012254e-11,2.1813100267502416e-11,3.247097604381474e-11,2.7660244314586516e-11,1.3658545421956327e-11,0.5296701073073575
1.12563,2.538292130470216e-11,2.1798868506170326e-11,3.245064093106915e-11,2.7642636285363153e-11,1.364944113290664e-11,0.5853897504693758
1.12599,2.5538009807443974e-11,2.1866748375253462e-11,3.249780551887768e-11,2.7698170887502932e-11,1.3715090950948358e-11,0.5962418173035972
1.12635,2.380401585939954e-11,2.1781997510099033e-11,3.2464747113224744e-11,2.7633859873363066e-11,1.3638944477615883e-11,0.3195524238481094
1.12671,2.4791806641911867e-11,2.1789134333953484e-11,3.2434643415114635e-11,2.7629472189079217e-11,1.3643467405447888e-11,0.48467021502106084
1.12707,2.570534345967367e-11,2.1802737640829834e-11,3.24561643270088e-11,2.764678020978867e-11,1.365160073674724e-11,0.641565355579014
1.12743,2.6465991227088643e-11,2.180035270383491e-11,3.2452176580097645e-11,2.7644208409445608e-11,1.3649595020656761e-11,0.779222035348865
1.1278,2.684139418553784e-11,2.178692822609397e-11,3.243051208185193e-11,2.7626149778281077e-11,1.364279356955575e-11,0.8520060786612794
1.12816,2.7626510749786445e-11,2.1765636787050815e-11,3.240159974898435e-11,2.7600246342665233e-11,1.3626964666706744e-11,1.0049559785946236
1.12852,2.817450011931499e-11,2.188106581761602e-11,3.253779103681403e-11,2.7729648667922532e-11,1.362127689575814e-11,1.0992592123450682
1.12888,2.8515566855349368e-11,2.160466845864585e-11,3.2158444355006495e-11,2.7395117503539208e-11,1.352650099209448e-11,1.2199926923899136
1.12925,2.7840767280617473e-11,2.1485801820032597e-11,3.198487303575678e-11,2.724577723190515e-11,1.345184721085615e-11,1.1166343999967288
1.12961,2.76435941066887e-11,2.1318798878862144e-11,3.1736008121030425e-11,2.703373982787365e-11,1.3347772281378637e-11,1.120572838533781
1.12997,2.801613685625346e-11,2.1324595721955122e-11,3.17437788617364e-11,2.704068313963e-11,1.3351970891241062e-11,1.1942894611096582
1.13034,2.7381945134043673e-11,2.150302573535503e-11,3.2009639495018515e-11,2.7267044332919798e-11,1.3464068691739995e-11,1.022475351622557
1.1307,2.5978335239239447e-11,2.1578901665576185e-11,3.2122680968730063e-11,2.7363284687241633e-11,1.3511186421089923e-11,0.7391444839607171
1.13106,2.3528457189986914e-11,2.1589858523033783e-11,3.213904668070944e-11,2.737723236589401e-11,1.351768836305749e-11,0.30860622906125734
1.13143,1.9453177923007325e-11,2.172003629654431e-11,3.2333201472325687e-11,2.7542588583039874e-11,1.3598955430901304e-11,-0.32550341723644005
1.13179,1.65026574447838e-11,2.172213821423968e-11,3.2335856942726817e-11,2.7544966076736492e-11,1.3600827610453978e-11,-0.6955085818867475
1.13215,1.4948261507165338e-11,2.1729225655497035e-11,3.234967297019138e-11,2.755519027265518e-11,1.3605135588361871e-11,-0.8664501437178384
1.13252,1.6866791091433906e-11,2.16946972930784e-11,3.229723473268776e-11,2.7511385259843912e-11,1.358189921218397e-11,-0.6508062988926085
1.13288,2.034402121633585e-11,2.1721840538135246e-11,3.23354417883787e-11,2.7544459787037048e-11,1.3601319747871087e-11,-0.20195923879295505
1.13324,2.146329143119446e-11,2.1673328779845903e-11,3.226404950329078e-11,2.7483562175228903e-11,1.35694173218633e-11,-0.031694060403028676
1.13361,2.2437954731084838e-11,2.1692160740537212e-11,3.2292458428419893e-11,2.750759571123767e-11,1.3581217001947562e-11,0.11492133471606615
1.13397,2.2431241173558134e-11,2.1693686674355996e-11,3.229203003634349e-11,2.750838074150416e-11,1.3582521215691666e-11,0.1135466171986337
1.13434,2.0585076384198454e-11,2.1663336950704614e-11,3.2248286354891804e-11,2.747036458815916e-11,1.356483192444254e-11,-0.15953562124194834
1.1347,1.8924063435755025e-11,2.1662245413349693e-11,3.224657408363744e-11,2.7468950169055537e-11,1.3563512731342876e-11,-0.3895396484576939
1.13507,1.8105504317559712e-11,2.1705476714390624e-11,3.2309678960398216e-11,2.752309366130048e-11,1.3591771164419194e-11,-0.5002335475046749
1.13543,1.8626835807472388e-11,2.1740946466707788e-11,3.236270053187085e-11,2.756827419346175e-11,1.3613147403973985e-11,-0.4374167688738326
1.1358,1.889827998500663e-11,2.1760461049699915e-11,3.239252294986755e-11,2.7593432436455678e-11,1.3624730978786256e-11,-0.40427041954867476
1.13616,1.8710087307044614e-11,2.1790179465947743e-11,3.2438696801128776e-11,2.7632043511496598e-11,1.3642578169743083e-11,-0.43222325473904943
1.13653,1.9194712514935612e-11,2.1757448673925398e-11,3.24065882429594e-11,2.7590431594794387e-11,1.3620940539304552e-11,-0.3648307573138177
1.13689,1.8717055378807905e-11,2.1952706263396603e-11,3.27238637479605e-11,2.790869788343027e-11,1.3664668218153851e-11,-0.45452688687192033
1.13726,1.8395138658789145e-11,2.177861929322797e-11,3.242047564118329e-11,2.761688501793575e-11,1.3635814462849433e-11,-0.47143504354882876
1.13762,1.773567750064098e-11,2.1820923497904808e-11,3.248364503546018e-11,2.7670580333488887e-11,1.3662265652007737e-11,-0.5582907706151694
1.13799,1.9294178996924592e-11,2.171275825381301e-11,3.232392664090174e-11,2.7533779948710035e-11,1.3594903823699247e-11,-0.3460315573121465
1.13836,2.197640856758711e-11,2.1698502095072154e-11,3.229308469331467e-11,2.7511581349133813e-11,1.3588343443521378e-11,0.04254207651463421
1.13872,2.5116624453564154e-11,2.1667259984951497e-11,3.2251910985995764e-11,2.7474311531012042e-11,1.3566954875534606e-11,0.5653362907945948
1.13909,2.9292515490636055e-11,2.172627007771348e-11,3.2457863338252174e-11,2.7651602087369705e-11,1.3564678781883291e-11,1.3517211769298971
1.13945,3.11043058195885e-11,2.164469432163109e-11,3.2227752418397863e-11,2.7446081308467456e-11,1.355517949775813e-11,1.751903643383787
1.13982,3.279844811084751e-11,2.1657197672173564e-11,3.223298717364515e-11,2.7458905196333033e-11,1.3559625123022255e-11,2.1292434037692805
1.14019,3.300620400082261e-11,2.1673583151147015e-11,3.22642674006327e-11,2.7483669310411283e-11,1.3570319664964578e-11,2.1699760578041674
1.14055,3.2747057450158485e-11,2.1814931820431604e-11,3.253660972910486e-11,2.770345384949775e-11,1.3632736185801634e-11,2.070995623087772
1.14092,3.30615009988476e-11,2.1795747705166317e-11,3.245472457305633e-11,2.763683377140237e-11,1.3648851902058276e-11,2.1391876174524307
1.14129,3.3082455387969413e-11,2.1802780080723422e-11,3.245492797379471e-11,2.7646797240824125e-11,1.3652257853883795e-11,2.1428548896412756
1.14165,3.355932993278282e-11,2.186626429925498e-11,3.255196311706227e-11,2.7728220718199296e-11,1.3690477942260481e-11,2.229663042572155
1.14202,2.9887420218911504e-11,2.1892403913200584e-11,3.258932608013906e-11,2.776080881343759e-11,1.3708053594621518e-11,1.4208600813569208
1.14239,2.472973368432938e-11,2.1914048529963942e-11,3.274905101718775e-11,2.7896518415841312e-11,1.3707745672227498e-11,0.45095663263945485
1.14276,1.6766389722787537e-11,2.1847297271246208e-11,3.254215348190062e-11,2.7704073291617314e-11,1.3678432898280384e-11,-0.676187151439745
1.14312,1.367750084488248e-11,2.193079915670839e-11,3.26591175783933e-11,2.7848635073408987e-11,1.367750084488248e-11,-1.6689341092199308
1.14349,1.3562364768586452e-11,2.1660704285131547e-11,3.2245094358417524e-11,2.746738424668991e-11,1.3562364768586452e-11,-2.5474163200799476
1.14386,1.3520556225395603e-11,2.1588495837374712e-11,3.2127304729887976e-11,2.7370166066682787e-11,1.3520556225395603e-11,-3.401697438574469
1.14423,1.346822362791342e-11,2.151215476449685e-11,3.2024790034151414e-11,2.7279466121678466e-11,1.346822362791342e-11,-4.313795811401409
1.1446,1.3494461274637006e-11,2.1555648461465235e-11,3.2059615526989014e-11,2.7324068065254797e-11,1.3494461274637006e-11,-4.449407114537461
1.14496,1.3527755911143586e-11,2.159584308442493e-11,3.210544924859614e-11,2.7364226585597777e-11,1.3527755911143586e-11,-4.0750209355328035
1.14533,1.3567020923256345e-11,2.167389672471258e-11,3.225558312223799e-11,2.7482149863991812e-11,1.3567020923256345e-11,-3.341069207811123
1.1457,1.3605683716997495e-11,2.1656176061020056e-11,3.259948775984458e-11,2.7674592584582786e-11,1.3605683716997495e-11,-2.335256753156767
1.14607,1.5782329727842544e-11,2.1635230019154526e-11,3.220596484141103e-11,2.7434526759440176e-11,1.3546199237345369e-11,-0.7696035380806472
1.14644,2.2443945551430237e-11,2.166527182029203e-11,3.223118427678353e-11,2.746230277620271e-11,1.3572593993971157e-11,0.12038118293732294
1.14681,2.4742789829639553e-11,2.1625697947670744e-11,3.2159829422480624e-11,2.7404728932675114e-11,1.355968960617262e-11,0.5069218954200494
1.14718,2.5579236746448404e-11,2.1614081882320486e-11,3.215483144880606e-11,2.740044779827239e-11,1.3501462489938278e-11,0.6633254508053267
1.14755,2.7003548890209895e-11,2.1541778468664485e-11,3.216000831362571e-11,2.734673208131e-11,1.3496694414352653e-11,0.9388187122264808
1.14792,2.7350839105243295e-11,2.157037619849015e-11,3.210914759823254e-11,2.7352123254996873e-11,1.3506021060399991e-11,0.999612630774125
1.14828,2.6527687915059916e-11,2.155900821394028e-11,3.208998489082031e-11,2.7336817798805064e-11,1.3499266667745401e-11,0.8452967819447363
1.14865,2.4921503698261834e-11,2.160150320550415e-11,3.215343537843088e-11,2.739087858907021e-11,1.3526094883679648e-11,0.5444821963792748
1.14902,2.368738496761706e-11,2.157419687769233e-11,3.214931742621418e-11,2.737243323015034e-11,1.3507380524851803e-11,0.33789255957528985
1.14939,2.3036998714287033e-11,2.159944238445217e-11,3.2154454745618464e-11,2.7389950908478135e-11,1.3522989436830323e-11,0.22622823927353797
1.14976,2.3968136551179392e-11,2.163384195783369e-11,3.2273524604941093e-11,2.7436075236436095e-11,1.354324419822366e-11,0.37429924699838685
1.15013,2.591918030032683e-11,2.160735373189638e-11,3.2168015806183675e-11,2.7400355777903136e-11,1.3529238848634547e-11,0.7225084659055947
1.1505,2.6560689036985058e-11,2.1575668586350782e-11,3.211888561141802e-11,2.735969864356164e-11,1.3509148881411234e-11,0.8481068822125092
1.15087,2.733513907213231e-11,2.1598298581370864e-11,3.2159180668574385e-11,2.738576351869358e-11,1.3520633902466449e-11,0.989787938173472
1.15124,2.655476403099847e-11,2.1603842760303412e-11,3.215837467855562e-11,2.739442444343539e-11,1.3526893319855439e-11,0.8401471960143989
1.15162,2.646854860827816e-11,2.1608917963158473e-11,3.2167830590175613e-11,2.7401006322157137e-11,1.3528920893350082e-11,0.8227130242158374
1.15199,2.5283472849654955e-11,2.172451666645951e-11,3.2265990088119726e-11,2.7509008942614604e-11,1.3559115462586475e-11,0.5892259785966734
1.15236,2.239317113750026e-11,2.1595767366664135e-11,3.214841341899379e-11,2.7384981721779675e-11,1.352155953742532e-11,0.12371261698669721
1.15273,1.866627903014544e-11,2.157742372942541e-11,3.212225692511369e-11,2.7362338250840296e-11,1.350907557491355e-11,-0.41400662958529294
1.1531,1.655327774061357e-11,2.1558058429912688e-11,3.209240906165707e-11,2.7337251701342006e-11,1.3497176459697215e-11,-0.6751648822056185
1.15347,1.5454297546785618e-11,2.1533760882627086e-11,3.2055940701682643e-11,2.7306308460013335e-11,1.3482893155796455e-11,-0.7976663156728416
1.15384,1.4585865906301636e-11,2.1508601206877834e-11,3.2018897465755275e-11,2.7274581874082527e-11,1.3466944045788247e-11,-0.8884551152558937
1.15421,1.3447287488895078e-11,2.1477220930466017e-11,3.19721093462654e-11,2.7234750338717825e-11,1.3447287488895078e-11,-1.040878328961679
1.15459,1.3448184018333017e-11,2.1478386272208042e-11,3.1972540699902816e-11,2.723558619326348e-11,1.3448184018333017e-11,-1.156627400587212
1.15496,1.3533643007548119e-11,2.1579770329883174e-11,3.2063788133392955e-11,2.7334166692331518e-11,1.3533643007548119e-11,-1.2832985560936772
1.15533,1.3458981842609981e-11,2.1495590207608776e-11,3.1998483952276057e-11,2.7257684291088908e-11,1.3458981842609981e-11,-1.2788130560870397
1.1557,1.3466675241551427e-11,2.151242910218716e-11,3.2023811655638985e-11,2.727934113009557e-11,1.3466675241551427e-11,-1.0812362926431576
1.15607,1.3806892092282432e-11,2.1511018456042732e-11,3.202067687971729e-11,2.727694814167005e-11,1.3468663305620206e-11,-0.9672205040512311
1.15645,1.8645308974206713e-11,2.148021841430419e-11,3.192443134587407e-11,2.7238278007468994e-11,1.3449348750390938e-11,-0.4055274685252959
1.15682,2.3566126920459662e-11,2.14777047634857e-11,3.1972159433782315e-11,2.7235142796347017e-11,1.3447433712754457e-11,0.3353465584194349
1.15719,2.5517561789650828e-11,2.149191865746223e-11,3.1991569407465556e-11,2.725221972784202e-11,1.345794349890675e-11,0.6741183845863791
1.15756,2.710330641268614e-11,2.1482824751566037e-11,3.197880598807707e-11,2.724114397556917e-11,1.3451307426540107e-11,0.9732574306464041
1.15794,2.7411290143662816e-11,2.148225400745182e-11,3.197838948237907e-11,2.7240668325414636e-11,1.3451106181732414e-11,1.0334097822327548
1.15831,2.565748597757984e-11,2.1425365363595178e-11,3.188698897003554e-11,2.717288670000987e-11,1.3412181460672399e-11,0.7144240976831995
1.15868,2.4587031518901683e-11,2.1304720889566197e-11,3.171486538756973e-11,2.7014977912448454e-11,1.3339715773522243e-11,0.5461014789046106
1.15906,2.1297120570718755e-11,2.1114308438519725e-11,3.143426989868031e-11,2.6775490301997468e-11,1.3219608506561202e-11,0.02862463356268173
1.15943,1.8019694139023626e-11,2.1056416038985392e-11,3.1346021231997696e-11,2.6701336855788494e-11,1.3184119799820457e-11,-0.44022073220429214
1.1598,1.3213422221010948e-11,2.105179197269708e-11,3.13398612932636e-11,2.6695976486115246e-11,1.317927729178948e-11,-0.996977236081592
1.16018,1.3216269435101263e-11,2.110805122902512e-11,3.1423246437525184e-11,2.676709155549109e-11,1.3216269435101263e-11,-1.2719484751992494
1.16055,1.3427538664023419e-11,2.1283255830537284e-11,3.1542600370605934e-11,2.6905390069103278e-11,1.3427538664023419e-11,-1.1547257748182396
1.16092,1.545531995608823e-11,2.1111751647482214e-11,3.142773408011177e-11,2.677126933542654e-11,1.3217689144670194e-11,-0.7634276374548221
1.1613,1.9752618844976892e-11,2.109855440177486e-11,3.140582913966308e-11,2.67533857887083e-11,1.3211319011511757e-11,-0.20307203282928796
1.16167,2.2825505223278304e-11,2.1088100710835395e-11,3.139269036210762e-11,2.674126725184164e-11,1.3204026501190038e-11,0.2821574902313683
1.16205,2.5795949830503922e-11,2.108385669727173e-11,3.138755366928931e-11,2.6736855375350037e-11,1.3199030886794712e-11,0.8167927899451497
1.16242,2.6368800100246374e-11,2.1084503498700462e-11,3.138521662204258e-11,2.6735681088054828e-11,1.3202611633944829e-11,0.9279599032926306
1.1628,2.6197762015954024e-11,2.1078192439503083e-11,3.137693715785512e-11,2.6728181812112524e-11,1.3197905561678381e-11,0.8961172586462209
1.16317,2.3834944855086382e-11,2.1081926002817484e-11,3.138308110084537e-11,2.6733236895847132e-11,1.319983738178244e-11,0.45759468785713997
1.16355,2.2572915019993784e-11,2.10899903029486e-11,3.139501997665318e-11,2.6743378982552365e-11,1.3205438299732165e-11,0.23954406384874782
1.16392,2.1722468667751056e-11,2.110000198927337e-11,3.141015922997521e-11,2.6756185811036762e-11,1.3211593629255155e-11,0.09855288002558128
1.1643,2.2004973121150824e-11,2.1109135571909622e-11,3.1423969780359485e-11,2.676788985265317e-11,1.3217066232096467e-11,0.1426052572817597
1.16467,2.2072690372388782e-11,2.11248883262605e-11,3.148841987936966e-11,2.6800429208608704e-11,1.3226445506107738e-11,0.15102649337351245
1.16505,2.3190619091646482e-11,2.1158045355985416e-11,3.149901410743189e-11,2.6831094820596252e-11,1.3246473549486824e-11,0.3311058441006343
1.16542,2.238644085214295e-11,2.1153565611794338e-11,3.149083468334466e-11,2.6824777972503447e-11,1.3243896424465033e-11,0.1972733554646959
1.1658,2.1173591545760813e-11,2.115637485548163e-11,3.1496414820473366e-11,2.682868156343187e-11,1.3246149614679548e-11,0.002696173337003162
1.16617,1.8893330944594766e-11,2.1140742631152798e-11,3.1472356516093324e-11,2.680843059189597e-11,1.3236862767098464e-11,-0.3311078328304028
1.16655,1.6562646058675076e-11,2.113054501659026e-11,3.145506515968593e-11,2.6794232547845793e-11,1.3231266115768289e-11,-0.6342148591999746
1.16693,1.8293862507119317e-11,2.1124661805251072e-11,3.1445230619625615e-11,2.6786805060442946e-11,1.3227566019235621e-11,-0.41119935701901505
1.1673,2.172128393995927e-11,2.1158634142744995e-11,3.149484732361368e-11,2.6829539661976532e-11,1.3248551154168003e-11,0.08866096428989725
1.16768,2.5737069162592842e-11,2.1181597785964263e-11,3.152797772982209e-11,2.6858050204204126e-11,1.326348813729426e-11,0.7834774900619593
1.16805,2.961964456552712e-11,2.1174710023989774e-11,3.151998943056725e-11,2.6849632132395172e-11,1.3258944778390812e-11,1.5737735926756875
1.16843,2.9248060721104063e-11,2.1181392753173578e-11,3.1536532668815886e-11,2.686173450726262e-11,1.3261061978148478e-11,1.4912996606158893
1.16881,2.8265072955410944e-11,2.1179336551485023e-11,3.151282579337067e-11,2.6848447446904567e-11,1.3268685470329137e-11,1.2812602516578573
1.16918,2.5096224205467765e-11,2.11780017109004e-11,3.152534496153356e-11,2.685468009554042e-11,1.3260046652115992e-11,0.6648316324185473
1.16956,2.1629608529769782e-11,2.1158295401174654e-11,3.149846866524421e-11,2.6831105620047156e-11,1.3245380224270306e-11,0.07424507073285913
1.16994,1.8831550531343513e-11,2.1162769235604106e-11,3.150183372093424e-11,2.6834966449952313e-11,1.325186349789037e-11,-0.3422857239230833
1.17032,1.889697756166382e-11,2.116392411855762e-11,3.150393666151657e-11,2.6836657107002433e-11,1.3251925095027304e-11,-0.3334399814869807
1.17069,1.512028092362795e-11,2.116481003743973e-11,3.150459817098857e-11,2.6837429845810953e-11,1.3253018569031051e-11,-0.8052725974744707
1.17107,1.7330468077579675e-11,2.1178016865583145e-11,3.1525059183166413e-11,2.6854743259235174e-11,1.3259724768328388e-11,-0.5434346757417006
1.17145,1.6036508917869035e-11,2.1179758927035175e-11,3.1591352697788196e-11,2.685799769306397e-11,1.326364680094456e-11,-0.701651687790252
1.17183,1.531396819090424e-11,2.119274780297331e-11,3.1546307161777074e-11,2.6872167640065764e-11,1.3269110673417281e-11,-0.7860277835994963
1.1722,1.6292653132213702e-11,2.117096810663916e-11,3.151346657978321e-11,2.684496339801963e-11,1.3258878412882209e-11,-0.6704056974254214
1.17258,1.655611753724331e-11,2.1178248854575495e-11,3.1526471107827424e-11,2.6855424290882175e-11,1.326005174559457e-11,-0.6396616829069586
1.17296,1.7341139958265288e-11,2.1191869404309705e-11,3.154625963038756e-11,2.6872384252059684e-11,1.3268854170605193e-11,-0.5434623645176409
1.17334,1.972682352311751e-11,2.1184670924952068e-11,3.153496520585395e-11,2.6863032282745588e-11,1.3264809658613637e-11,-0.2185497967590162
1.17372,2.1809945885061103e-11,2.1176631171393618e-11,3.1522846434765315e-11,2.6852702859788604e-11,1.3260119567871921e-11,0.09996500745175727
1.1741,2.338569387824715e-11,2.1128535322864445e-11,3.145082107886915e-11,2.6791407254992638e-11,1.3230219332261034e-11,0.37047639131965737
1.17447,2.3763866801329024e-11,2.100869358049884e-11,3.127321313133255e-11,2.6639966233012104e-11,1.3154098508424004e-11,0.45954278558214884
1.17485,2.3512490762041853e-11,2.0911878887099896e-11,3.112729533739603e-11,2.6516545772765436e-11,1.3093726764450585e-11,0.43436839094629537
1.17523,2.2684402683656017e-11,2.090847585493138e-11,3.1121778709155255e-11,2.651164930589828e-11,1.3094208319258606e-11,0.29139246482152786
1.17561,1.9553387938887768e-11,2.087940018806218e-11,3.1082039655336437e-11,2.6476623062813082e-11,1.3072940104940738e-11,-0.2023124850955184
1.17599,1.6026930259788e-11,2.0861569737673813e-11,3.105551878278759e-11,2.6453963365834937e-11,1.3061920140802611e-11,-0.6740651751880992
1.17637,1.3065772260561431e-11,2.086896245754332e-11,3.106766896711646e-11,2.646394112736142e-11,1.3065772260561431e-11,-1.069183777508016
1.17675,1.305672578183343e-11,2.085329822703065e-11,3.1042679405026084e-11,2.6443346108607616e-11,1.305672578183343e-11,-1.2225324928444923
1.17713,1.3066456687924694e-11,2.0866542691218382e-11,3.106070159243455e-11,2.64592160487014e-11,1.3066456687924694e-11,-1.367866480588675
1.17751,1.3041641366200555e-11,2.0848542230905584e-11,3.1050843677852256e-11,2.6447176956713463e-11,1.3041641366200555e-11,-1.1774430371026987
1.17789,1.4853524774713252e-11,2.0863498250541665e-11,3.105581254272445e-11,2.6455353604939258e-11,1.306407337068053e-11,-0.8110789996608301
1.17827,2.006980580018559e-11,2.105436072988765e-11,3.131604240401487e-11,2.671248319434457e-11,1.3079978164669435e-11,-0.15264986627646138
1.17865,2.3375973512446606e-11,2.0847771931734317e-11,3.103287398284861e-11,2.6435641252028283e-11,1.3053588610201412e-11,0.42305784811377567
1.17903,2.6143680267403088e-11,2.0800811864521046e-11,3.0974949924419485e-11,2.6383359944901013e-11,1.3016836724462847e-11,0.954078893509683
1.17941,2.784303290295182e-11,2.0799757777010635e-11,3.096488896271753e-11,2.6376042961868803e-11,1.3023087010348174e-11,1.3024687007483369
1.17979,2.993678438719652e-11,2.0807595503677747e-11,3.097393459924278e-11,2.638508172981841e-11,1.3027729781817152e-11,1.7598824985735517
1.18017,3.080069085430239e-11,2.080404529274758e-11,3.0962920350454325e-11,2.6376465625950984e-11,1.3031979819668064e-11,1.9543257540461862
1.18055,2.943729887204755e-11,2.079933931978694e-11,3.09620342649794e-11,2.637475989217462e-11,1.3023054411865183e-11,1.6498558975526327
1.18093,2.847248624351799e-11,2.0792133982503163e-11,3.0951456723282916e-11,2.6365666783351163e-11,1.3018624595538732e-11,1.439660949045624
1.18132,2.7362276432268366e-11,2.0793616467169166e-11,3.0953922384025116e-11,2.636768375367801e-11,1.3019308592065747e-11,1.2033373793987097
1.1817,2.5303532229203598e-11,2.0781837235195994e-11,3.0936669580963455e-11,2.635290686556715e-11,1.3011595018207393e-11,0.7934793990009817
1.18208,2.3166632034848147e-11,2.0772725002039765e-11,3.0922440507920854e-11,2.6341021932314533e-11,1.300638982064536e-11,0.4009462029451006
1.18246,2.154800031496572e-11,2.0785245657176972e-11,3.094147385947369e-11,2.6357098742256323e-11,1.30142057920535e-11,0.12280198969826227
1.18284,2.0058166340671735e-11,2.080539578717885e-11,3.097039492365095e-11,2.638201102677272e-11,1.3027844962861498e-11,-0.11588488351619923
1.18322,1.7870161355196995e-11,2.0798366628809152e-11,3.0960418132746343e-11,2.637337041298131e-11,1.302273208286845e-11,-0.43054767921113046
1.18361,1.5498846842865512e-11,2.0794660776500793e-11,3.0955964127332764e-11,2.6369336992824215e-11,1.3019161181005765e-11,-0.7312119543088608
1.18399,1.3020426117317696e-11,2.079508403778033e-11,3.0955571585224485e-11,2.6369303853091257e-11,1.3020426117317696e-11,-1.0177271396071537
1.18437,1.3023068011117355e-11,2.0799284567774852e-11,3.096219264196059e-11,2.637474949114822e-11,1.3023068011117355e-11,-1.0533347840980523
1.18475,1.3547370683152126e-11,2.08032049450766e-11,3.097137110568124e-11,2.6381818301283164e-11,1.3024093986211497e-11,-0.9474622793283235
1.18514,1.558636932383738e-11,2.080656016587607e-11,3.097424096405845e-11,2.6384580827889498e-11,1.3027415792396495e-11,-0.7218495678913165
1.18552,1.8559581100090614e-11,2.080726246335254e-11,3.097398203239175e-11,2.638480163640834e-11,1.302808838466258e-11,-0.3361795761627362
1.1859,2.0800812997779152e-11,2.080350155480234e-11,3.096886449603548e-11,2.6380453785527073e-11,1.302525414138139e-11,-0.0004788167893920763
1.18628,2.1579205829022845e-11,2.080535812317356e-11,3.096976101370605e-11,2.6381786181540095e-11,1.3027542888850335e-11,0.12471032503684899
1.18667,2.2485331053806245e-11,2.078891111774989e-11,3.094630967090187e-11,2.6361379163676908e-11,1.3016913254864973e-11,0.27946071661862554
1.18705,2.1870425158510305e-11,2.07380071498334e-11,3.087094521340522e-11,2.629701204019832e-11,1.2984904349601523e-11,0.18459480374948659
1.18743,2.0793337559361865e-11,2.066883336294796e-11,3.076824804899936e-11,2.6209477796135436e-11,1.294121330325767e-11,0.01985569780689907
1.18782,2.0607921489512034e-11,2.0598033565554956e-11,3.066235994929502e-11,2.6119398153739353e-11,1.2897541823686189e-11,0.001669547095921548
1.1882,1.7965144920541317e-11,2.0448358205736805e-11,3.0440413048350884e-11,2.593007789639597e-11,1.2802905595361372e-11,-0.37529446073235956
1.18859,1.7300095831667913e-11,2.0250180158513253e-11,3.0143544755227696e-11,2.5677783644978946e-11,1.268104478896266e-11,-0.4441466184718507
1.18897,1.841391369978034e-11,2.036603331806668e-11,3.020586244493668e-11,2.5778862795740256e-11,1.2913764982676563e-11,-0.2848170949209269
1.18935,2.012238877800689e-11,2.010324099758425e-11,2.9925448933355225e-11,2.549218995649003e-11,1.2587163862154992e-11,0.0031316160865408767
1.18974,2.09965991071151e-11,2.0125439123422465e-11,2.999731586673111e-11,2.5552828806759875e-11,1.2588376296032617e-11,0.14585658276141752
1.19012,2.0670011324304894e-11,2.0109308430318144e-11,2.9936693841253513e-11,2.5500617906371857e-11,1.2590970643526783e-11,0.09302864983053977
1.19051,2.0821697938318273e-11,2.0097033590222435e-11,2.991753121395265e-11,2.548451443011029e-11,1.2583596385951296e-11,0.12084836175532687
1.19089,2.048603688986158e-11,2.0044102763076712e-11,2.983935747089376e-11,2.5417876540648996e-11,1.2548843775197257e-11,0.07309951647180103
1.19128,1.9876335304765088e-11,2.0022595395025434e-11,2.9805896236072003e-11,2.5389869006362526e-11,1.2536593001050765e-11,-0.023977301681456283
1.19166,1.8458527590092735e-11,2.0044696442237984e-11,2.983525085599821e-11,2.5416017082084792e-11,1.2552531356419025e-11,-0.2498891977294005
1.19205,1.9670717603275783e-11,2.003877877186335e-11,2.982880942514071e-11,2.5409928276055244e-11,1.2546748243272084e-11,-0.05994374525985485
1.19243,2.118479606771962e-11,2.0028889708038098e-11,2.988994134070972e-11,2.5455296582710307e-11,1.2543235788627867e-11,0.19535060633319384
1.19282,2.3080612185836762e-11,2.0011329954757378e-11,2.978830239164187e-11,2.5375217676124743e-11,1.2529926556262961e-11,0.5431724262795842
1.1932,2.3633535994308334e-11,1.9962498860489504e-11,2.971616556456088e-11,2.531344730224977e-11,1.2499558485978045e-11,0.6606227806553122
1.19359,2.6029290664278803e-11,1.9985163922746058e-11,2.974992919168001e-11,2.5342029312604825e-11,1.251617065840669e-11,1.144258001026972
1.19397,2.5662903619554105e-11,1.9983833066661133e-11,2.974808419076948e-11,2.5340788018058447e-11,1.2512801969136692e-11,1.0677110696962442
1.19436,2.4424291524241885e-11,1.997429540950289e-11,2.973347497939397e-11,2.5328393986346345e-11,1.250661732890208e-11,0.814495954125321
1.19475,2.377735795071202e-11,1.9889321982168175e-11,2.960795927801619e-11,2.5221051273219043e-11,1.2453029978319133e-11,0.7059518441692704
1.19513,2.2892757166079604e-11,1.9854860286684624e-11,2.955746186486689e-11,2.517775496247596e-11,1.2431538873381891e-11,0.5418947633822541
1.19552,2.167222121298664e-11,1.982241074857884e-11,2.9507312138345424e-11,2.5135948742768166e-11,1.241201359125165e-11,0.3214075611024983
1.1959,1.9859194751720912e-11,1.9802895002811254e-11,2.94777152630915e-11,2.5110994883173893e-11,1.2399279207842535e-11,0.009366409531619428
1.19629,1.592614849277368e-11,1.978664807954481e-11,2.945512336457432e-11,2.5090841140510216e-11,1.238891314250961e-11,-0.5792462220375383
1.19668,1.2721954815698902e-11,1.9749855742871754e-11,2.9399788417351655e-11,2.5043941348548932e-11,1.236598489577628e-11,-0.9623514215038281
1.19706,1.2367247615633748e-11,1.975113064260487e-11,2.9401431337928505e-11,2.5045462399313616e-11,1.2367247615633748e-11,-1.3115033559867777
1.19745,1.2290465396033122e-11,1.9629432676580352e-11,2.9220351189159933e-11,2.4891307120762585e-11,1.2290465396033122e-11,-1.3431479715868413
1.19784,1.4863912865774835e-11,1.9500654394941494e-11,2.9026995662264447e-11,2.4727063379902622e-11,1.2210757181650337e-11,-0.68913386600581
1.19823,1.926600713622344e-11,1.9485914260589987e-11,2.900239168247612e-11,2.4707164830793478e-11,1.2202077513957821e-11,-0.03692197914086477
1.19861,2.3334590900352013e-11,1.944622745198975e-11,2.8945760101793282e-11,2.4658005582457762e-11,1.2176510832006317e-11,0.7234650536162811
1.199,2.461296463787428e-11,1.94248353573827e-11,2.8914744680810423e-11,2.4631307257501145e-11,1.2162593584880191e-11,0.9958056823009931
1.19939,2.493781860570795e-11,1.941873329707916e-11,2.890703917987708e-11,2.462418410316894e-11,1.215829937068111e-11,1.0677249656753867
1.19978,2.3154947982224446e-11,1.9434124590435292e-11,2.8929167436792155e-11,2.4643270085842596e-11,1.2168369346085956e-11,0.6901421990776526
1.20016,2.158281324777969e-11,1.9439072091716578e-11,2.8937709625260366e-11,2.4650082470643366e-11,1.2170914483948096e-11,0.3827687119341929
1.20055,1.911256638638581e-11,1.9445239324434043e-11,2.8947446657557967e-11,2.4658219677890262e-11,1.2174608434430758e-11,-0.05590825296335493
1.20094,1.5322969524319495e-11,1.9430274364554194e-11,2.8924910364915405e-11,2.4639090870728082e-11,1.2165589466011474e-11,-0.6219397710129996
1.20133,1.4151513911093688e-11,1.941847051464194e-11,2.8907636717346122e-11,2.4624123076657493e-11,1.215840442278058e-11,-0.7712878609849254
1.20172,1.3063553524616544e-11,1.9402345266915576e-11,2.8882167679719644e-11,2.4602987577403604e-11,1.2149369131703782e-11,-0.8991220106872649
1.20211,1.2143575770768452e-11,1.9395036327932755e-11,2.8872082780329306e-11,2.4594236851616502e-11,1.2143575770768452e-11,-1.0958313403282647
1.2025,1.2152343897383308e-11,1.940835687591506e-11,2.8887952952832133e-11,2.4609226268677096e-11,1.2152343897383308e-11,-1.2148447414353136
1.20288,1.2143176561597241e-11,1.9393458048992337e-11,2.886782497104754e-11,2.4591390247831012e-11,1.2143176561597241e-11,-1.224481304946677
1.20327,1.2156553069069168e-11,1.9415000261025875e-11,2.8899352938505755e-11,2.4618513383437123e-11,1.2156553069069168e-11,-1.272211024968312
1.20366,1.2165005191343774e-11,1.9427930744709476e-11,2.891816865294709e-11,2.4634622102027574e-11,1.2165005191343774e-11,-1.0734694655167478
1.20405,1.3007341746236964e-11,1.9447655646556596e-11,2.894782597134185e-11,2.4659882707225832e-11,1.217731434648464e-11,-0.9089816235508503
1.20444,1.6219759509022847e-11,1.944415136513451e-11,2.894334632167606e-11,2.4655707369368115e-11,1.2174864430482121e-11,-0.5002745445926406
1.20483,1.9689681677010966e-11,1.9440081806970278e-11,2.8938321425945615e-11,2.465099047677243e-11,1.2172086804897503e-11,0.04249578572428792
1.20522,2.2075519085824158e-11,1.9378873296855787e-11,2.8848466840326382e-11,2.457393299153531e-11,1.2133356757053952e-11,0.48959664711629736
1.20561,2.431184631184137e-11,1.932442638137379e-11,2.876788154058684e-11,2.4504981487040302e-11,1.2099814721099048e-11,0.9589008886017512
1.206,2.547482899893945e-11,1.9339247889284315e-11,2.8790363914524492e-11,2.4523990046606825e-11,1.2108369795387434e-11,1.2095636149924194
1.20639,2.6296934893811413e-11,1.9348029630037286e-11,2.8803791395004884e-11,2.4534777978265077e-11,1.2114108277366617e-11,1.3941651789631675
1.20678,2.7048764231241242e-11,1.938271407155395e-11,2.885468443390356e-11,2.4578923461527403e-11,1.2135998248053611e-11,1.5586075959395298
1.20717,2.7950908578184842e-11,1.935336124888314e-11,2.8811002754988485e-11,2.4541787213025372e-11,1.2117458350736616e-11,1.7862900441092568
1.20756,2.793779117018918e-11,1.9282199289425843e-11,2.8705089036078932e-11,2.4451678699053925e-11,1.2072963448255222e-11,1.8084668369950825
1.20795,2.6551922601485897e-11,1.9273513288735555e-11,2.8693622094020964e-11,2.4441141668627406e-11,1.2067135137560385e-11,1.4771968901644041
1.20835,2.3436091151257365e-11,1.9265364256936148e-11,2.867841965960146e-11,2.4429460252367152e-11,1.206295617303226e-11,0.7893919822745432
1.20874,2.0859032722422443e-11,1.928657220431673e-11,2.871230353225758e-11,2.4457874505546743e-11,1.2069787398298063e-11,0.27460738879162094
1.20913,1.8250878440555798e-11,1.9303990345521442e-11,2.8736249377114806e-11,2.4478661980435055e-11,1.2086506190268569e-11,-0.17463089002184232
1.20952,1.583764692295227e-11,1.9303931673548178e-11,2.873476545288919e-11,2.447794242658421e-11,1.208708902078638e-11,-0.5376470334518136
1.20991,1.5231267664373813e-11,1.9305868730148474e-11,2.873821062799854e-11,2.448065570204828e-11,1.2088136177621553e-11,-0.6210317558218356
1.2103,1.4069989635136159e-11,1.937112790603623e-11,2.8871529877493705e-11,2.4605945410570837e-11,1.2064060383423929e-11,-0.7850140271529324
1.21069,1.656113592857968e-11,1.9280403901348082e-11,2.8700199315433837e-11,2.444831781166716e-11,1.2072246550329188e-11,-0.4312431023496222
1.21109,1.4875295316918153e-11,1.9269808786736167e-11,2.8684389575875855e-11,2.4434835713454344e-11,1.2065756436393363e-11,-0.6646484690260362
1.21148,1.4353150474248921e-11,1.9265362475036636e-11,2.8678716306941438e-11,2.4429670713448645e-11,1.2062423701111928e-11,-0.731886746893893
1.21187,1.747543533787614e-11,1.932892106314142e-11,2.8774317952176006e-11,2.4510634447310484e-11,1.2102410865199681e-11,-0.30033670518870126
1.21226,2.0297694294560047e-11,1.9329842232923917e-11,2.877499508832009e-11,2.4511429156668133e-11,1.2103463178781028e-11,0.1689589608280903
1.21265,2.2789111502974817e-11,1.9319588009763535e-11,2.8760090085062423e-11,2.449861871982241e-11,1.2097082119757522e-11,0.6441004870352431
1.21305,2.3100316421899734e-11,1.9362671213349363e-11,2.8824299658208684e-11,2.455329085164237e-11,1.2123710712749455e-11,0.6964714572776041
1.21344,2.2861351517960438e-11,1.9467175792142233e-11,2.8946301238567957e-11,2.4675862659412262e-11,1.2142962795705074e-11,0.6289436641333148
1.21383,2.18983810764412e-11,1.9379274034985452e-11,2.8848695356906626e-11,2.4574228114936e-11,1.213399287275461e-11,0.4554723593529699
1.21423,2.011427146840095e-11,1.9367621697627126e-11,2.88306529683062e-11,2.45591120945249e-11,1.2127161962878644e-11,0.12937071421323548
1.21462,1.7705953776205665e-11,1.936089924407101e-11,2.8821091325772715e-11,2.4550836236502227e-11,1.2122517582919058e-11,-0.26917109122741983
1.21501,1.499337392158541e-11,1.937726580727043e-11,2.884184356243318e-11,2.4569972421753867e-11,1.213387441607468e-11,-0.6599503295619694
1.21541,1.2172720096542503e-11,1.940225858394157e-11,2.886009980295064e-11,2.4580836187164395e-11,1.2172720096542503e-11,-1.046923099764266
1.2158,1.2153601965279506e-11,1.9494692544634792e-11,2.8987635158243858e-11,2.4720101636072116e-11,1.2153601965279506e-11,-1.303085771660912
1.21619,1.2124566270679142e-11,1.9363637540902615e-11,2.8823708767998937e-11,2.4553636558369174e-11,1.2124566270679142e-11,-1.3441293832412415
1.21659,1.2081014101434788e-11,1.9297366857252236e-11,2.8731636409102775e-11,2.4461885128895847e-11,1.2081014101434788e-11,-1.4757727117903088
1.21698,1.2056231671832735e-11,1.925641973930196e-11,2.866766698470457e-11,2.4417164565707428e-11,1.2056231671832735e-11,-1.1121495154211982
1.21738,1.4502586446649151e-11,1.9256848017886304e-11,2.866583175118671e-11,2.44186862367142e-11,1.2057689544122404e-11,-0.711893808989494
1.21777,1.8800904268527123e-11,1.9255501325570632e-11,2.866378277049015e-11,2.4416977628754386e-11,1.2056838840023047e-11,-0.07671309424074214
1.21816,2.0289754457691242e-11,1.9248590320435092e-11,2.8654591122585427e-11,2.4408929775964147e-11,1.2050476985133856e-11,0.18295424934276516
1.21856,2.187065717249417e-11,1.9266757167958352e-11,2.8680103982791357e-11,2.4431114808971727e-11,1.2063477078166857e-11,0.4745714580061553
1.21895,2.4198674438122126e-11,1.9334990898548303e-11,2.8782233962945818e-11,2.4517806151411285e-11,1.2106415161644815e-11,0.9315931899314778
1.21935,2.4843190878327718e-11,1.9351105817216858e-11,2.879464447001003e-11,2.453316198127889e-11,1.2116605748781136e-11,1.062126598029718
1.21974,2.4220236359520223e-11,1.929897387683413e-11,2.8728328671575805e-11,2.4472007468745927e-11,1.2083901901938694e-11,0.9457236536237698
1.22014,2.3538107363752183e-11,1.9249516758386583e-11,2.865633971087837e-11,2.44100930241107e-11,1.2052434650418049e-11,0.814507944200334
1.22053,2.24854812010657e-11,1.9239175638810237e-11,2.8640853602128677e-11,2.439693153206248e-11,1.2045840924656612e-11,0.6019176431149167
1.22093,2.085636883567304e-11,1.923201275308955e-11,2.862918191858716e-11,2.438739248548601e-11,1.2041707482987005e-11,0.28957956745658836
1.22133,1.849729404933163e-11,1.921949279071107e-11,2.8611165022590108e-11,2.4372062138130167e-11,1.2032039758097323e-11,-0.12145629945028655
1.22172,1.7965718594317486e-11,1.921975124474519e-11,2.8612519900893797e-11,2.4373240532204037e-11,1.2027732265970403e-11,-0.20878679589837967
1.22212,1.8743217199717286e-11,1.922315431066163e-11,2.861362135107549e-11,2.4375102619530957e-11,1.2036944093279897e-11,-0.08106106058619386
1.22251,2.0736420990311062e-11,1.9217888796852418e-11,2.860721738089877e-11,2.4369037048749626e-11,1.203290398880656e-11,0.27020498661481673
1.22291,2.0203501480801307e-11,1.923008019579327e-11,2.862600510699357e-11,2.4384899435787964e-11,1.2040481455338565e-11,0.17070590221724383
1.22331,2.2135980905178613e-11,1.9203297803258904e-11,2.858662633290783e-11,2.4350980263198407e-11,1.2023589441975261e-11,0.5408283821856835
1.2237,2.2873082105013015e-11,1.9202484951770067e-11,2.8586291975779014e-11,2.4350394567881007e-11,1.2023103906881993e-11,0.6890427593824303
1.2241,2.2814257261790297e-11,1.9208114742475874e-11,2.8593436673611218e-11,2.435695820355383e-11,1.202700731994779e-11,0.6756279111941909
1.2245,2.207132274255732e-11,1.922288873037867e-11,2.8622790490459253e-11,2.4377992633860582e-11,1.203507914962943e-11,0.5235507204632517
1.22489,2.0026824489750686e-11,1.9219668584273638e-11,2.861296680320117e-11,2.4372799172693113e-11,1.203238625225068e-11,0.14096876346685433
1.22529,1.840093392818871e-11,1.922561277059416e-11,2.862111178635681e-11,2.4379776489980863e-11,1.2037723626421397e-11,-0.13807363344169207
1.22569,1.5065187609938662e-11,1.9229108370291398e-11,2.862423011267324e-11,2.4383488606996612e-11,1.2039673740298479e-11,-0.6352677079154447
1.22608,1.3791729526933766e-11,1.9221134740777347e-11,2.8612793456397835e-11,2.4373556418663893e-11,1.2034729754272954e-11,-0.7980273930966155
1.22648,1.241167093150756e-11,1.9235891818225212e-11,2.863773630847446e-11,2.4392563155169075e-11,1.2043705545194613e-11,-0.9601230415339673
1.22688,1.2028705629547338e-11,1.921095471269001e-11,2.8597561752939632e-11,2.436055203287989e-11,1.2028705629547338e-11,-1.0771376458113981
1.22728,1.2031473134665535e-11,1.921433174747713e-11,2.8602354115467685e-11,2.4364582369476747e-11,1.2031473134665535e-11,-1.060389307448098
1.22768,1.2532863163750145e-11,1.9248936884448857e-11,2.8841174912110493e-11,2.4540996028238495e-11,1.2081516916882643e-11,-0.9442224163003166
1.22807,1.3848862461271992e-11,1.9323751078094e-11,2.8764732528436823e-11,2.4503377675260034e-11,1.2099462373198809e-11,-0.7999987756624113
1.22847,1.2766726858828858e-11,1.9375037799918613e-11,2.8840440307769113e-11,2.4567850946672605e-11,1.2131462893097812e-11,-0.9306493493763741
1.22887,1.3381093816940429e-11,1.9370066419359945e-11,2.8834942882414126e-11,2.4562662817520586e-11,1.2128102355553871e-11,-0.8599142954348176
1.22927,1.5191594102555756e-11,1.9404730403937873e-11,2.888677903989554e-11,2.4606640290716977e-11,1.2150132832923414e-11,-0.6366991204730112
1.22967,1.7185997556240757e-11,1.9401589427257752e-11,2.8882467591223854e-11,2.4602754461486585e-11,1.2147710878014762e-11,-0.35423681008210706
1.23007,1.9519059662033102e-11,1.939487016548636e-11,2.8872936164831885e-11,2.459452221518227e-11,1.2143060581370578e-11,0.021050034187581407
1.23047,2.1824006563244402e-11,1.9358502313692534e-11,2.884505695566822e-11,2.4551138984365728e-11,1.2120907943540454e-11,0.4456144920746756
1.23086,2.4683282426427707e-11,1.9365005829156245e-11,2.8886508654890614e-11,2.4533344524119918e-11,1.2125726768910004e-11,1.0292599818963155
1.23126,2.5839167015030022e-11,1.9356231568543682e-11,2.9052811920860407e-11,2.472852194207991e-11,1.2112960460107157e-11,1.2882110433224427
1.23166,2.6454887963659963e-11,1.9346801216539562e-11,2.880021826571076e-11,2.453295078083684e-11,1.2113844187505479e-11,1.4304027244957591
1.23206,2.4746408810704334e-11,1.938504449807596e-11,2.8867147958534002e-11,2.459541376408555e-11,1.212853147586184e-11,1.0391077325141373
1.23246,2.2835265235212167e-11,1.934061661360402e-11,2.879084672988406e-11,2.4525015448760465e-11,1.210998110004352e-11,0.6481992744573196
1.23286,2.109885367317623e-11,1.9339655036689676e-11,2.8789349327867767e-11,2.4523915132080014e-11,1.2108475368391973e-11,0.3127332945058013
1.23326,2.258202235441854e-11,1.9354314417983927e-11,2.8811624113686626e-11,2.454275699498908e-11,1.2117635034028258e-11,0.5942350921595668
1.23366,2.4193017151722256e-11,1.9290754165308253e-11,2.8716846518106002e-11,2.4462104961747775e-11,1.207780133127251e-11,0.9419731799461368
1.23406,2.5705137205059756e-11,1.9298436696736607e-11,2.873002072389923e-11,2.4471408964077972e-11,1.2084474125981851e-11,1.2732214797826609
1.23446,2.5831075017893e-11,1.9280478035176797e-11,2.8699117804855595e-11,2.4447702737315073e-11,1.2073466188186699e-11,1.3077444994028444
1.23486,2.522519475335038e-11,1.9305020722150353e-11,2.8735956485737763e-11,2.4479191646378037e-11,1.2087606214200545e-11,1.1631888522626013
1.23526,2.2812518301627158e-11,1.924470173039222e-11,2.8646806954794128e-11,2.4402843196388288e-11,1.205060126222059e-11,0.6664826663158933
1.23566,2.0724650262021543e-11,1.923397010393973e-11,2.8631457215100848e-11,2.4389474903624418e-11,1.2043571390403246e-11,0.265044256064311
1.23607,1.886713964647558e-11,1.9190170195330638e-11,2.8567010569604484e-11,2.433439894091955e-11,1.2015488749993405e-11,-0.05492477760415467
1.23647,1.6589599101149796e-11,1.915999820746469e-11,2.8521906728495397e-11,2.4296072151689014e-11,1.1996609214952772e-11,-0.4117294182890064
1.23687,1.4662184980826938e-11,1.8962389620892306e-11,2.8227699249537054e-11,2.404535898894758e-11,1.1873249026578877e-11,-0.6614051910006217
1.23727,1.2538715059170495e-11,1.897090198162525e-11,2.8239890098439277e-11,2.4056474301835775e-11,1.1878114411060165e-11,-0.9263293772613991
1.23767,1.3377042424947136e-11,1.8982429525197507e-11,2.8257973143892107e-11,2.4071049264885167e-11,1.188535238460552e-11,-0.8280203501233858
1.23807,1.3433669792260844e-11,1.896920784871336e-11,2.8236523893820603e-11,2.4053383430741733e-11,1.1878380280546383e-11,-0.8198202510833555
1.23847,1.4839076893990446e-11,1.897248324658576e-11,2.824217591497793e-11,2.4057993204915347e-11,1.1879033726804923e-11,-0.6386638193707355
1.23888,1.8036464025582377e-11,1.8998208965051004e-11,2.8279978954427398e-11,2.4090471651696677e-11,1.1895300092201747e-11,-0.1623658588157436
1.23928,2.126005346221051e-11,1.8994669499660437e-11,2.8271643217130776e-11,2.4084670829196077e-11,1.1892947088905306e-11,0.41569046452965575
1.23968,2.233698249496368e-11,1.8997495131746055e-11,2.8280369751736074e-11,2.4088888980961543e-11,1.189453919043764e-11,0.629066820460341
1.24008,2.2652182503887814e-11,1.898856333054597e-11,2.8268611346864605e-11,2.4079860835515855e-11,1.188725166852944e-11,0.6952493217028349
1.24049,2.107218478370105e-11,1.90189396703039e-11,2.840850350928119e-11,2.4195070682619128e-11,1.1917290833019923e-11,0.37440361283817136
1.24089,1.8353849986307598e-11,1.9028855815710816e-11,2.8327099923876145e-11,2.4129879343522308e-11,1.1914557669876984e-11,-0.11462583942173779
1.24129,1.6823705680552434e-11,1.9036893768386165e-11,2.8338517340034397e-11,2.4139897328547323e-11,1.1919627906962453e-11,-0.3602282751709005
1.24169,1.5075777922298324e-11,1.903259017697707e-11,2.833256051157565e-11,2.4134615890367182e-11,1.191683194700078e-11,-0.6128387748924329
1.2421,1.6491184399522382e-11,1.9056905955060477e-11,2.841034084496354e-11,2.4165880091289454e-11,1.1931973596193258e-11,-0.41315306077063424
1.2425,1.668276864031291e-11,1.9064453445910704e-11,2.8381306016741374e-11,2.4175623473135236e-11,1.1936421476448855e-11,-0.3853671942772388
1.2429,1.464083780049035e-11,1.9053249070339523e-11,2.8364856292008322e-11,2.416157932040208e-11,1.1929583241272532e-11,-0.6736602545206608
1.24331,1.2068457847565472e-11,1.9275382368577457e-11,2.8694166122803538e-11,2.4442705742520214e-11,1.2068457847565472e-11,-1.0442193729143543
1.24371,1.2084875571970656e-11,1.9300068051746937e-11,2.8729084348678725e-11,2.4473019430620306e-11,1.2084875571970656e-11,-1.3066789745597809
1.24412,1.2090045349825493e-11,1.9308363654300004e-11,2.8740155904708198e-11,2.4482988549846655e-11,1.2090045349825493e-11,-1.148589321601477
1.24452,1.3940917066685165e-11,1.9339746555761767e-11,2.8786056550428946e-11,2.4522423137246398e-11,1.2110558808331913e-11,-0.7900358662883928
1.24492,1.885941198921161e-11,1.9354095490651026e-11,2.880735369919042e-11,2.454067048743298e-11,1.211910560820816e-11,-0.08298419187429043
1.24533,2.5057086991557524e-11,1.9592351746914105e-11,2.8945385898567197e-11,2.4718423714816605e-11,1.2449834275568642e-11,1.0623436357587788
1.24573,2.6779989190768862e-11,1.9296195911800583e-11,2.8723236028793416e-11,2.4468130933216947e-11,1.2082232303040352e-11,1.5230261314696745
1.24614,2.911813539615513e-11,1.934442698382187e-11,2.8796013977223016e-11,2.4529646310111363e-11,1.211265845135051e-11,2.0821850472346473
1.24654,2.796409599463926e-11,1.9395506205318654e-11,2.8873002257845862e-11,2.4595597518255465e-11,1.2143251472660407e-11,1.7745122583888207
1.24695,2.655762074911e-11,1.9459992464795405e-11,2.896846421601066e-11,2.4676354014747297e-11,1.2184470776322093e-11,1.4186358289566476
1.24735,2.2255507336346352e-11,1.9476092795562157e-11,2.8993921224642677e-11,2.4697530922453927e-11,1.219401928288613e-11,0.5029446757812227
1.24776,1.81881747558796e-11,1.9542802702821533e-11,2.9097783002380453e-11,2.4783174649446693e-11,1.223582679741086e-11,-0.22016149170915464
1.24816,1.3661317861114328e-11,1.9537426170046286e-11,2.908474630230391e-11,2.477512123367022e-11,1.2232570337908846e-11,-0.8406792882085791
1.24857,1.2247407065095205e-11,1.956035924747242e-11,2.911852968902229e-11,2.4804567232966825e-11,1.2247407065095205e-11,-1.04384946756997
1.24897,1.2255272888198385e-11,1.9572857595570346e-11,2.913578346995108e-11,2.4819244363287907e-11,1.2255272888198385e-11,-1.1172577048629089
1.24938,1.4002725173557443e-11,1.9586640446168446e-11,2.9156034028032586e-11,2.4836619124362248e-11,1.2263984251643975e-11,-0.8041546407752661
1.24979,1.7875994037093355e-11,1.9591159715780875e-11,2.916247292270097e-11,2.4842212466083907e-11,1.2266943530785757e-11,-0.2753884825528329
1.25019,1.9491759916558524e-11,1.960154037186501e-11,2.9179263755037445e-11,2.4855979941669803e-11,1.2272956968582277e-11,-0.01839938314288188
1.2506,2.1793814882227183e-11,1.9609340820105453e-11,2.9191790837579724e-11,2.4866024723896175e-11,1.227766480940666e-11,0.3868493855883244
1.251,2.3663791983195842e-11,1.9627708143215992e-11,2.921812704115458e-11,2.488905439200218e-11,1.2289019207085005e-11,0.7459837312424692
1.25141,2.5005034534524938e-11,1.9622882590927805e-11,2.9210744849696706e-11,2.4882979764527258e-11,1.2286405128705265e-11,1.0260710183121873
1.25182,2.434258636200622e-11,1.9649298141912715e-11,2.923795286210245e-11,2.4910603602036878e-11,1.2305843795584005e-11,0.8782919118606726
1.25223,2.363075645107619e-11,1.960590187887688e-11,2.9185672049031235e-11,2.4861418804805015e-11,1.227609457988888e-11,0.7448624111312483
1.25263,2.0090837654402474e-11,1.9634369875947084e-11,2.92265474637426e-11,2.4896822071154897e-11,1.2294260292832594e-11,0.07740840961514035
1.25304,1.8318457408029047e-11,1.965974027401806e-11,2.9264298999570517e-11,2.4929029509374593e-11,1.2310164309062783e-11,-0.2167098837612195
1.25345,1.3682617586737534e-11,1.9640519498758656e-11,2.923648226607283e-11,2.4904974291393972e-11,1.2298010110476235e-11,-0.8465277621415196
1.25385,1.4182571690370349e-11,1.962039350855312e-11,2.9206912809087584e-11,2.4879736678851792e-11,1.2284831323487902e-11,-0.7854192646246698
1.25426,1.7578483070718296e-11,1.9583720085420855e-11,2.9152507323275784e-11,2.4833307633318027e-11,1.2261778952096648e-11,-0.3196354313511421
1.25467,1.578404269212138e-11,1.958149260379699e-11,2.915033539774758e-11,2.4830919956599566e-11,1.2260363741692691e-11,-0.5761404530646157
1.25508,1.600594178483859e-11,1.9575116739361784e-11,2.9137785950742174e-11,2.4821659053184566e-11,1.2256698354044443e-11,-0.5451327304089931
1.25549,1.2270543287740074e-11,1.9670154858464638e-11,2.9246891745897546e-11,2.4932214655041458e-11,1.2270543287740074e-11,-1.2270628245441215
1.25589,1.2224521924138864e-11,1.9529589328723376e-11,2.912474780484941e-11,2.4750842325081583e-11,1.2224521924138864e-11,-2.0232521340961167
1.2563,1.2236474435444612e-11,1.9622241980922208e-11,2.9151240534237335e-11,2.4863692255099374e-11,1.2236474435444612e-11,-2.8202296177838306
1.25671,1.2164254075397026e-11,1.9426295774224634e-11,2.8906681191441886e-11,2.4623272366887925e-11,1.2164254075397026e-11,-3.114288201931729
1.25712,1.2173713440595073e-11,1.9442925155361924e-11,2.8943759485549527e-11,2.46550377568986e-11,1.2173713440595073e-11,-2.5995998968942935
1.25753,1.2165796902844112e-11,1.9429744236516427e-11,2.8945532865382162e-11,2.4645840196049553e-11,1.2165796902844112e-11,-1.781341101379359
1.25794,1.5637674904405104e-11,1.9456204828551295e-11,2.8962068415037156e-11,2.4671329977891093e-11,1.2182149680390107e-11,-0.582294160079552
1.25835,2.1215629684325854e-11,1.9452248055197323e-11,2.8956534143849208e-11,2.46663641130386e-11,1.217980974946674e-11,0.3119116827836054
1.25876,2.4136709395457257e-11,1.9447472008500123e-11,2.8950998597824843e-11,2.466109589897765e-11,1.217623485699349e-11,0.8888638633481731
1.25916,2.6520872333584327e-11,1.9826838659363226e-11,2.92599310398228e-11,2.500623313906308e-11,1.2117763481122602e-11,1.3569650710425825
1.25957,2.7053172589377413e-11,1.9417665507091363e-11,2.8904149476654106e-11,2.4622118288327925e-11,1.2158790211159803e-11,1.5479622947926317
1.25998,2.7795919626062158e-11,1.941247527342947e-11,2.8897219495102838e-11,2.4615945344699797e-11,1.2155216234992303e-11,1.7273281416623951
1.26039,2.7061309819797568e-11,1.9436778347395515e-11,2.893323289996568e-11,2.4646599737952832e-11,1.2169962537365766e-11,1.5437684769980426
1.2608,2.7433259766655785e-11,1.941177011653937e-11,2.8896778224903138e-11,2.4615305929795216e-11,1.2154444395463383e-11,1.640369782045382
1.26121,2.7243210665065613e-11,1.9493089459813962e-11,2.902345587312987e-11,2.472389709584685e-11,1.2199162282889843e-11,1.567419109769473
1.26162,2.5211206821485342e-11,1.948868867329813e-11,2.901164353987659e-11,2.4713024930485043e-11,1.2202289942095256e-11,1.1077791426308792
1.26203,2.2179491382507746e-11,1.9509897255658367e-11,2.904468519305637e-11,2.4741244268907587e-11,1.2214256701622717e-11,0.48114299954072154
1.26244,1.7657483335672217e-11,1.9527667813977663e-11,2.915339100283897e-11,2.4838620751385474e-11,1.220360105955635e-11,-0.301388744118323
1.26286,1.351403129256912e-11,1.9558751070774857e-11,2.91176577151088e-11,2.4802519442741196e-11,1.2246064332583516e-11,-0.8596309490353446
1.26327,1.2223651874250435e-11,1.95231768215273e-11,2.906551023348298e-11,2.475776755879932e-11,1.2223651874250435e-11,-1.3668142153007283
1.26368,1.2217312606908771e-11,1.9513141189275034e-11,2.9064698591439678e-11,2.47451072139224e-11,1.2217312606908771e-11,-1.4679567401153544
1.26409,1.2215671970608638e-11,1.9511317078121777e-11,2.9050780286136373e-11,2.474392821395343e-11,1.2215671970608638e-11,-1.2428894582436518
1.2645,1.2203673012012793e-11,1.949223427493637e-11,2.9020688711421048e-11,2.4719129613218047e-11,1.2203673012012793e-11,-1.0655896348639673
1.26491,1.5793970066067354e-11,1.9551055234938317e-11,2.908800584792315e-11,2.4783530350054973e-11,1.2231416759616244e-11,-0.5725231107940176
1.26532,1.885876598700955e-11,1.9491743229637164e-11,2.9017702560000436e-11,2.4717491404165994e-11,1.2204168168584536e-11,-0.10508215562853289
1.26574,2.3247528332496765e-11,1.953027594100386e-11,2.9076670111402156e-11,2.476668519710976e-11,1.2229577824366188e-11,0.6862090860977986
1.26615,2.6296997597729125e-11,1.9546984544244686e-11,2.9104523009143895e-11,2.478937890557439e-11,1.2238038757587967e-11,1.3328999687734375
1.26656,2.8916923602814485e-11,1.9556712002738553e-11,2.9111751969829505e-11,2.4797993734863323e-11,1.2252835049192809e-11,1.847946165171093
1.26697,3.106272071118395e-11,1.950663192662898e-11,2.9036132539295888e-11,2.473484234813218e-11,1.221432657806658e-11,2.525674238536437
1.26738,3.0760389125501985e-11,1.9492523666148097e-11,2.901492681494741e-11,2.471689223267428e-11,1.2204950505660523e-11,2.4501561872739694
1.2678,3.096382258871319e-11,1.9450898947323827e-11,2.895398011038667e-11,2.4664417058219068e-11,1.2178972609303643e-11,2.5231602388992513
1.26821,3.009567120718712e-11,1.9451035511790285e-11,2.8954464492128497e-11,2.4664757910099868e-11,1.2179209328447395e-11,2.292792265828964
1.26862,2.9047598279889687e-11,1.9480176727071126e-11,2.8998797257343198e-11,2.470216513894011e-11,1.2197108588877108e-11,2.012547755513871
1.26903,2.6892354472996194e-11,1.9556547703280313e-11,2.911555048827897e-11,2.4800198670093898e-11,1.2244394416427674e-11,1.46599092808885
1.26945,2.435071672619467e-11,1.9546796809539185e-11,2.909810100426556e-11,2.4786695887071398e-11,1.2238357440238848e-11,0.9078066136740192
1.26986,2.0635671382222045e-11,1.9535186487329226e-11,2.9079936931588713e-11,2.4771567464411668e-11,1.22316312017495e-11,0.19050722242813348
1.27027,1.694425835220171e-11,1.9790236886339114e-11,2.9266632661323966e-11,2.498395834538453e-11,1.258430951800168e-11,-0.4170897004137101
1.27069,1.2286868807123876e-11,1.9497875175771045e-11,2.9025400072993396e-11,2.4724649920448892e-11,1.220862033415182e-11,-0.9916582153284108
1.2711,1.2790888240422875e-11,1.9489331911003445e-11,2.90185646267115e-11,2.4717000584723968e-11,1.2209458225993335e-11,-0.9364260825415391
1.27152,1.3801752448615764e-11,1.9562591766509665e-11,2.9122199286355454e-11,2.4806870722752297e-11,1.2248904637206257e-11,-0.8261322121096021
1.27193,1.673464455887877e-11,1.9666359468834882e-11,2.9276712132789556e-11,2.4938566765252026e-11,1.231357015765878e-11,-0.4538657978086555
1.27234,2.040044500005923e-11,1.974911690774867e-11,2.9404243023866574e-11,2.5045260014022353e-11,1.2364533708248335e-11,0.11031203976094095
1.27276,2.1121573097414948e-11,1.9828413920645478e-11,2.9527324474063264e-11,2.5147311434997734e-11,1.2414223964866112e-11,0.22159383979755276
1.27317,1.762989248213506e-11,1.9838312118698354e-11,2.9525042074285486e-11,2.5152832505445545e-11,1.2423817842599895e-11,-0.3457613265093994
1.27359,1.2344043688528524e-11,1.9760346788469414e-11,2.9461595290185425e-11,2.50783506276671e-11,1.2344043688528524e-11,-2.4849931771284437
1.274,1.2248809733019968e-11,1.9562402761606563e-11,2.912097622574041e-11,2.480619320122168e-11,1.2248809733019968e-11,-4.268620371716982
1.27442,1.2308010777251925e-11,1.970158664222402e-11,2.9294920403420586e-11,2.4977747793937896e-11,1.2308010777251925e-11,-5.218864714037135
1.27483,1.2248760032646977e-11,1.9547101104067813e-11,2.9073081049457653e-11,2.4772845229375045e-11,1.2248760032646977e-11,-5.515693150946619
1.27525,1.2250590001806038e-11,1.953443765917451e-11,2.9058589979905933e-11,2.4757041869693872e-11,1.2250590001806038e-11,-4.858508024677
1.27566,1.225197595832585e-11,1.95674692389899e-11,2.9126797724613784e-11,2.4812034535094027e-11,1.225197595832585e-11,-3.615468742196209
1.27608,1.2256885049008858e-11,1.957393060990657e-11,2.913598936599323e-11,2.481985945817368e-11,1.2256885049008858e-11,-1.7756984061825911
1.27649,1.8476261155787387e-11,1.954871149524725e-11,2.9099772120199414e-11,2.478855543266768e-11,1.2240082544918644e-11,-0.1755423834765373
1.27691,2.4556752620254596e-11,1.9748111163750814e-11,2.9382868793778084e-11,2.5009304903714176e-11,1.217352887139083e-11,0.9151282209276156
1.27733,2.7453102536354252e-11,1.950537804387121e-11,2.9033938871046114e-11,2.4732985377272197e-11,1.2213504464292821e-11,1.612992816116059
1.27774,2.7823380071206463e-11,1.9476068163578115e-11,2.8991173653458822e-11,2.4696300769239583e-11,1.2194753992484473e-11,1.7117909782669352
1.27816,2.710495093299287e-11,1.9479524042368747e-11,2.899689644541253e-11,2.4700892311344964e-11,1.2197026927492588e-11,1.5396998892237779
1.27858,2.6341868582160253e-11,1.9479144742366996e-11,2.8995798620298942e-11,2.4700188177881353e-11,1.219660462814923e-11,1.362897307619922
1.27899,2.768826993983033e-11,1.9456801860997137e-11,2.8962700990167732e-11,2.4671904658731133e-11,1.2182824829427828e-11,1.685934236327323
1.27941,2.7968275124722956e-11,1.9450319177840162e-11,2.8954156666586565e-11,2.4664163324193612e-11,1.2178523568026914e-11,1.7562178315039023
1.27983,2.816682215305873e-11,1.9442675831370844e-11,2.8943266210613898e-11,2.4654693319580705e-11,1.217353735400836e-11,1.8074774100225168
1.28024,2.8572108949318803e-11,1.9458965655115142e-11,2.896593761938391e-11,2.4674744093604038e-11,1.218406185574091e-11,1.9012285958114488
1.28066,2.8007917010394654e-11,1.97270593412643e-11,2.9145027813002914e-11,2.4888859892338703e-11,1.2451659119084992e-11,1.6941532783087832
1.28108,2.76595707397796e-11,1.9500841203921258e-11,2.9030539167912982e-11,2.4728704574284984e-11,1.2210099264962487e-11,1.6646335902261349
1.2815,2.5607034764632116e-11,1.9537553653469838e-11,2.9085759896711855e-11,2.4775512731954587e-11,1.2233183686226194e-11,1.1808978487694348
1.28191,2.031592966045058e-11,1.967549595621977e-11,2.9220303112869244e-11,2.4912077946478734e-11,1.2325743904793904e-11,0.10946468838157736
1.28233,1.518313163188397e-11,1.965723370032544e-11,2.9171620660049893e-11,2.4874787314911544e-11,1.237684369484241e-11,-0.6563176516265739
1.28275,1.2224576990693397e-11,1.952462287349533e-11,2.9065258709795498e-11,2.4758693379574276e-11,1.2224576990693397e-11,-1.1643482956496032
1.28317,1.226719342878293e-11,1.946659832400472e-11,2.897905898974434e-11,2.4685145509858264e-11,1.218859886709358e-11,-0.9916816246024421
1.28359,1.2173307668507513e-11,1.9442194507548327e-11,2.8942307059805714e-11,2.4654010995732144e-11,1.2173307668507513e-11,-1.0763581130330209
1.284,1.353916618576578e-11,1.9469074032559616e-11,2.9005827393658598e-11,2.47111788409037e-11,1.2139416605499089e-11,-0.8554354321590247
1.28442,1.3434236970355608e-11,1.940615804927356e-11,2.8889694100988417e-11,2.460840059525129e-11,1.215071583129006e-11,-0.8565986556340986
1.28484,1.683590358132355e-11,1.9437128091864872e-11,2.8934290378281532e-11,2.4647385759464302e-11,1.2170323036396374e-11,-0.4107856910494373
1.28526,1.818409490918539e-11,1.9402853527075833e-11,2.8882945187777594e-11,2.460369516394178e-11,1.21491725344962e-11,-0.20010611120992397
1.28568,1.758542595839707e-11,1.938370393708244e-11,2.885678789908627e-11,2.458054695801095e-11,1.213604527012692e-11,-0.291124385011063
1.2861,1.61349389555877e-11,1.9401524455521083e-11,2.888145293561765e-11,2.460230436843523e-11,1.2147907434619872e-11,-0.5072551265787834
1.28652,1.520462307819722e-11,1.9421926497290634e-11,2.891087864894328e-11,2.4627736171961154e-11,1.2160864070655286e-11,-0.6367607020617098
1.28694,1.753576311753583e-11,1.9398285956443957e-11,2.887458179037105e-11,2.4597382749211145e-11,1.2146004410895221e-11,-0.3007176247976802
1.28736,2.0503399695466564e-11,1.945267470392023e-11,2.8955314969942443e-11,2.4666232062404667e-11,1.2180215769818871e-11,0.18242103193643167
1.28778,2.4857458110788828e-11,1.9523488421561728e-11,2.9051806953201797e-11,2.4757924440396407e-11,1.2215329738519697e-11,1.0256534490423013
1.2882,2.7068183464462254e-11,1.9489125982515106e-11,2.9010622891550414e-11,2.4712788713918033e-11,1.2203311802379372e-11,1.5279153381915676
1.28862,2.87231618876558e-11,1.945680947829997e-11,2.8963975011367397e-11,2.467299212129619e-11,1.2181811282959768e-11,1.9365690270395737
1.28904,2.9230599528081295e-11,1.9461082912049283e-11,2.8970984595164885e-11,2.4678440264045777e-11,1.2184476295143729e-11,2.0652281595917787
1.28946,2.819656431837273e-11,1.9487681608064974e-11,2.9006202097017442e-11,2.4710036647008002e-11,1.2202825616214953e-11,1.797812358831492
1.28988,2.537570012236033e-11,1.9498815677798904e-11,2.901098005002726e-11,2.471676405784442e-11,1.2215865992636495e-11,1.13881522182411
1.2903,2.1507308182255892e-11,1.9496040193596755e-11,2.9022808058446494e-11,2.4722463115056503e-11,1.2206859464387857e-11,0.356886522301324
1.29072,1.4329960105951767e-11,1.9555633261599372e-11,2.9111498196277386e-11,2.479802215727686e-11,1.224421614631167e-11,-0.7616486564086963
1.29114,1.2293072548272196e-11,1.963441704071079e-11,2.9232069754494137e-11,2.4899119784163968e-11,1.2293072548272196e-11,-1.0794576656265256
1.29156,1.2301759840052866e-11,1.9647695623645432e-11,2.924924364695698e-11,2.4915025476494972e-11,1.2301759840052866e-11,-1.2428005930017128
1.29199,1.2325591240645552e-11,1.9685666731235207e-11,2.930587421649623e-11,2.4963179828388474e-11,1.2325591240645552e-11,-1.5290023534232857
1.29241,1.2303042337270828e-11,1.9728035722106993e-11,2.936786452655784e-11,2.5028030839583417e-11,1.2303042337270828e-11,-1.0711505912732333
1.29283,1.6521974834927987e-11,1.967113152032625e-11,2.9282220446666975e-11,2.4943917962046914e-11,1.2316967769166224e-11,-0.48446914977882644
1.29325,1.9826085264349782e-11,1.9673613782291963e-11,2.928646975625737e-11,2.4947315028617172e-11,1.2318409912448329e-11,0.02562971997936353
1.29367,2.138315391861167e-11,1.9661463387310123e-11,2.9268572087145477e-11,2.4931931366362137e-11,1.231092716342142e-11,0.30075702578117486
1.29409,2.3227633071346658e-11,1.965687309600154e-11,2.926110676796789e-11,2.4925869850133102e-11,1.2307957867834615e-11,0.6518956180679575
1.29452,2.3034121333856688e-11,1.9619444321577564e-11,2.9344806993577384e-11,2.491469610719147e-11,1.2307937597790223e-11,0.5969825509953792
1.29494,2.2255951472816847e-11,1.970747105755325e-11,2.943552051788314e-11,2.5088106766584265e-11,1.2280907034795825e-11,0.4584056804065519
1.29536,2.1989641713390564e-11,1.961957762730288e-11,2.920498991671102e-11,2.4878325738787447e-11,1.2284983341498476e-11,0.4214861227665786
1.29578,2.276899228395448e-11,1.9614601685792557e-11,2.9198389201157905e-11,2.4872519209343904e-11,1.2281078255715043e-11,0.571428056126164
1.29621,2.3295886669259167e-11,1.9654642139623156e-11,2.9256978412085534e-11,2.492274794977144e-11,1.2306702258803465e-11,0.6658792905321507
1.29663,2.218758181919489e-11,1.966841476309154e-11,2.927748383330607e-11,2.4940208182645344e-11,1.2315310931510256e-11,0.44832527752710427
1.29705,2.0989045456915078e-11,1.965761162042799e-11,2.9261363718816594e-11,2.492650082235889e-11,1.2309278961932647e-11,0.23046029639138643
1.29748,2.1132870857797273e-11,1.9650248815235277e-11,2.925091527498469e-11,2.4917371666673508e-11,1.2303896354558771e-11,0.2575985871680772
1.2979,2.0951825460848873e-11,1.9602109231772707e-11,2.918145087528895e-11,2.4857470977632137e-11,1.2272363081120671e-11,0.23432237403021955
1.29833,2.224748571410813e-11,1.9542964927787992e-11,2.909140480131473e-11,2.4781407411254864e-11,1.2236357706824974e-11,0.4868212572457285
1.29875,2.3200317806368458e-11,1.953413565240339e-11,2.9078241177431276e-11,2.477020460307469e-11,1.2232079251065943e-11,0.6753476871520555
1.29917,2.3815251071009746e-11,1.9580984297246414e-11,2.914840077755021e-11,2.4829789530673984e-11,1.2260332508102432e-11,0.7883132472939134
1.2996,2.422784320613213e-11,1.9623304534947438e-11,2.9211131936597184e-11,2.488336387788594e-11,1.2286638748284594e-11,0.8624521048972467
1.30002,2.280703630013721e-11,1.9657266843264165e-11,2.9260836440944124e-11,2.4926021352192624e-11,1.2308397894460165e-11,0.5693618332836639
1.30045,2.1807709227060286e-11,1.9699729952830455e-11,2.932520438353507e-11,2.4980658434611866e-11,1.2334639437268306e-11,0.37072554921922407
1.30087,2.140264299383767e-11,1.9813983091156298e-11,2.9495057897947295e-11,2.512562369921138e-11,1.2405886325391668e-11,0.2743305602898431
1.3013,2.0150801628981132e-11,1.9897222754287918e-11,2.961883532267997e-11,2.5230672937409195e-11,1.2458393547410256e-11,0.04220108836547161
1.30172,1.850924210082578e-11,1.991061763653276e-11,2.963929131635883e-11,2.5247924898701534e-11,1.2466596865649257e-11,-0.22339027914301882
1.30215,1.6929999736196797e-11,1.9916276421939376e-11,2.964789948051814e-11,2.5255235173147718e-11,1.2469936265774488e-11,-0.4563067759123354
1.30257,1.6764254646188346e-11,1.9943564242023186e-11,2.972296058778675e-11,2.5292453555529664e-11,1.2488340474192658e-11,-0.4825557586454224
1.303,1.9057725021004163e-11,1.9930289939732085e-11,2.979340807784425e-11,2.5333252157259647e-11,1.2479595387081199e-11,-0.14085642127641468
1.30342,2.026151114096253e-11,1.9939802227326338e-11,2.968251773719365e-11,2.528487602714753e-11,1.2484600880353853e-11,0.05345254317116264
1.30385,2.0962077434868744e-11,1.9970383912604225e-11,2.972806473011849e-11,2.5323614163709178e-11,1.250414948764643e-11,0.16739701725598244
1.30427,2.039745751536891e-11,2.0023455579387057e-11,2.981125506559808e-11,2.539103053940098e-11,1.253771061643308e-11,0.0620692797080377
1.3047,2.083802673050048e-11,2.004453568558306e-11,2.9836030437875476e-11,2.5415942417162564e-11,1.2551830590740138e-11,0.13293831897760489
1.30513,2.0708574974030277e-11,2.0054219178104562e-11,2.9851065439224556e-11,2.5429068394053966e-11,1.2557351228680805e-11,0.109161079334747
1.30555,2.0352310778920022e-11,2.021113721293598e-11,3.001379022653639e-11,2.5600284713010944e-11,1.2556182599781073e-11,0.023450451003935162
1.30598,1.8749946954804943e-11,2.0056261580493837e-11,2.985475946084759e-11,2.5431932650003983e-11,1.2558514019715714e-11,-0.2072116648322595
1.30641,1.5937768508203948e-11,2.0045486132432514e-11,2.9838382396174665e-11,2.5418170527147375e-11,1.2552109620420302e-11,-0.6049564926303006
1.30683,1.390422202288248e-11,2.0094454818558522e-11,2.9873402574395e-11,2.545806437346018e-11,1.2599898789086152e-11,-0.8553683141295404
1.30726,1.2536488488708254e-11,2.002175168367755e-11,2.980358565571471e-11,2.5388329002768202e-11,1.2536488488708254e-11,-1.2731807212459507
1.30769,1.2609341453613191e-11,2.0111568204752517e-11,2.987566353438923e-11,2.5469130431869565e-11,1.2609341453613191e-11,-1.303913773155282
1.30812,1.2562132290043252e-11,2.0146847505648877e-11,3.000707063113485e-11,2.5575148178171687e-11,1.2562132290043252e-11,-1.444991595676088
1.30854,1.2534709120231974e-11,2.0019487818824954e-11,2.9801162097997705e-11,2.538586190974448e-11,1.2534709120231974e-11,-1.3254494435549333
1.30897,1.2536719335233376e-11,2.0022336436594413e-11,2.980568671191588e-11,2.5389575171984914e-11,1.2536719335233376e-11,-1.128653641451985
1.3094,1.3604023391091626e-11,2.0051168998043305e-11,2.9848100463237125e-11,2.542583700559835e-11,1.2554954609755628e-11,-0.8876841747161105
1.30983,1.751156340377589e-11,2.01541851917279e-11,3.000200881008533e-11,2.5556799318971892e-11,1.2619041082663178e-11,-0.4030847372337936
1.31025,2.1310746832022633e-11,2.016263346804162e-11,3.006649584248314e-11,2.5609371383555086e-11,1.262357905124694e-11,0.19276312780111324
1.31068,2.501033964903045e-11,2.017099240865525e-11,3.0095907109022386e-11,2.563682145074052e-11,1.2582727337347086e-11,0.8873608013880796
1.31111,2.7125828252452327e-11,2.013380678357667e-11,2.997073664123786e-11,2.553053137523781e-11,1.260665398003426e-11,1.3407056651231681
1.31154,2.6811326762118542e-11,2.016527500175323e-11,3.001685728172641e-11,2.557007414484344e-11,1.262668932529749e-11,1.2628149025025468
1.31197,2.500116629359754e-11,2.021332067284621e-11,3.0087609456140315e-11,2.5630631920315132e-11,1.2657534062691086e-11,0.8706080881386206
1.31238,2.3802778207340684e-11,2.018568420406661e-11,3.005002818445615e-11,2.5597324965492446e-11,1.2638079078304651e-11,0.6421654416799608
1.31279,2.2621632733262135e-11,2.0224800196460757e-11,3.010765234186781e-11,2.5646435789433854e-11,1.2663096785318047e-11,0.4129745995340989
1.3132,2.0949919475659427e-11,2.0288925844251367e-11,3.0205511220671074e-11,2.5728981621809445e-11,1.2702441608066742e-11,0.10893411136689941
1.31361,2.0171553854278314e-11,2.0363446133578134e-11,3.0311712699071806e-11,2.582110374725689e-11,1.2751563998763697e-11,-0.03084364479506545
1.31402,1.7619458070204266e-11,2.0481376347476512e-11,3.045258242476535e-11,2.5952214853576637e-11,1.2839206603861943e-11,-0.42649932184498796
1.31443,1.2932975457778599e-11,2.0383707612677486e-11,3.034256397340828e-11,2.5843496155849616e-11,1.2765974362228577e-11,-0.9823998420095401
1.31484,1.4598680235346614e-11,2.038137841744488e-11,3.109763073185663e-11,2.6307594125018696e-11,1.2762619593864144e-11,-0.8008522420647807
1.31525,1.7506501037409688e-11,2.039110501782011e-11,3.0737034759286406e-11,2.6038424553911887e-11,1.2766861784443729e-11,-0.4325193526549127
1.31566,2.2737554241153302e-11,2.102587547450136e-11,3.086939239922624e-11,2.643387411702216e-11,1.3002599223598535e-11,0.2974609387804982
1.31607,2.5216822846123054e-11,2.0370293745085704e-11,3.0321054295986626e-11,2.5826744982366746e-11,1.2758350581047228e-11,0.8808549076141571
1.31649,2.7660898453447047e-11,2.034477000953899e-11,3.032181107629533e-11,2.5789101251030297e-11,1.2732778787373299e-11,1.3958991649691932
1.3169,3.068673492974051e-11,2.0600763981831863e-11,3.048888889221175e-11,2.60235282462017e-11,1.2984822527013832e-11,2.0223691611812447
1.31731,3.3991570658123745e-11,2.039249055086719e-11,3.036277071637356e-11,2.5864211993753594e-11,1.2758750250376174e-11,2.8880837799304064
1.31772,3.4585085238063433e-11,2.039857041744083e-11,3.036111873964698e-11,2.5864653410483793e-11,1.277324994481076e-11,3.0788000381438203
1.31813,3.6386468288961646e-11,2.0420630704849154e-11,3.039639157225782e-11,2.589338011792352e-11,1.279028601693066e-11,3.5653954384005693
1.31854,3.4853534573172826e-11,2.044703320676476e-11,3.0432862909467535e-11,2.5926310100955365e-11,1.2806469584235458e-11,3.086061024159185
1.31896,2.9275681415782363e-11,2.052403983228622e-11,3.0533898910545934e-11,2.601285334742726e-11,1.2871102677573844e-11,1.6886908054161818
1.31937,2.6599882827260235e-11,2.0465018868786865e-11,3.046807267200767e-11,2.5953455702180057e-11,1.2806408265932618e-11,1.1222627151673519
1.31978,1.7329320663154754e-11,2.0427879547900182e-11,3.0418323707156174e-11,2.590653504708466e-11,1.2789958318790486e-11,-0.4612036978855421
1.32019,1.281648572342249e-11,2.0458648825415504e-11,3.044382870153035e-11,2.5935575855301414e-11,1.281648572342249e-11,-2.240080913157322
1.32061,1.2853205715192066e-11,2.052660400305191e-11,3.049163949301142e-11,2.599959916426288e-11,1.2853205715192066e-11,-4.0151709895446634
1.32102,1.2761758010278333e-11,2.037540008487432e-11,3.0317394646846036e-11,2.5830256540930683e-11,1.2761758010278333e-11,-5.441182637706916
1.32143,1.271790356280816e-11,2.0313001780129965e-11,3.024303151182126e-11,2.575963611916459e-11,1.271790356280816e-11,-5.922995977559064
1.32185,1.2693342055804091e-11,2.0273798390442242e-11,3.018356977180222e-11,2.5709998929293406e-11,1.2693342055804091e-11,-6.3369958857872986
1.32226,1.2762114500425598e-11,2.0384563935234986e-11,3.034916135589533e-11,2.585154555286138e-11,1.2762114500425598e-11,-5.1633033510987625
1.32267,1.2797210692364003e-11,2.0443453589357872e-11,3.043868839155392e-11,2.5916583454819173e-11,1.2797210692364003e-11,-3.2157244208567213
1.32309,1.3277818286169017e-11,2.109979874618176e-11,3.101678220983536e-11,2.6542744366612393e-11,1.3277818286169017e-11,-2.3857487120111216
1.3235,1.2809446300037919e-11,2.046243783120027e-11,3.0603722795670776e-11,2.6054492986094382e-11,1.2809446300037919e-11,-1.9238161507209302
1.32391,1.3237133553784685e-11,2.097548472043565e-11,3.0891812719481304e-11,2.6414172313682557e-11,1.3237133553784685e-11,-1.1851114379394736
1.32433,1.5586566444877692e-11,2.047075966818175e-11,3.047306006421397e-11,2.5958166016265312e-11,1.2816783980364303e-11,-0.6913289646782073
1.32474,2.2217234810509587e-11,2.047738601788117e-11,3.047918509938933e-11,2.5964761589558346e-11,1.282333546974109e-11,0.28978300146317326
1.32516,2.7311774014138142e-11,2.0464203961932363e-11,3.0461545537975456e-11,2.5949277845567817e-11,1.2813570060096326e-11,1.284961008010863
1.32557,3.0161209731778547e-11,2.042079612347395e-11,3.039504062991715e-11,2.5893226062184768e-11,1.2786921518654838e-11,1.8974645654510809
1.32598,3.173438008218061e-11,2.0406310658157366e-11,3.037444203027477e-11,2.5875302089302304e-11,1.2777367758745106e-11,2.332066481125333
1.3264,3.193105534969087e-11,2.0368324299376395e-11,3.031874143374182e-11,2.582740286239341e-11,1.275357038964689e-11,2.396722777145459
1.32681,3.1344828713764315e-11,2.0386247277898508e-11,3.034666392328293e-11,2.585078511891995e-11,1.2764067028491519e-11,2.2426977114141455
1.32723,3.0755179758663686e-11,2.0347950735453807e-11,3.0294960959748326e-11,2.580511364840833e-11,1.2737809629341985e-11,2.1116746738759433
1.32764,2.7442142334588302e-11,2.0380295975058134e-11,3.042593846399802e-11,2.5844684038829623e-11,1.2760061440446225e-11,1.3376645394875295
1.32806,2.393703240065212e-11,2.0375032322143722e-11,3.033262469909219e-11,2.583755493854347e-11,1.2757317851374916e-11,0.6255519311666827
1.32847,1.8747474376318422e-11,2.0319865697697847e-11,3.028065639741378e-11,2.5768426859195547e-11,1.2722200032150522e-11,-0.24474356362395208
1.32889,1.3075423083536743e-11,2.029441082446757e-11,3.022248260716517e-11,2.57413130276267e-11,1.2685636373101555e-11,-0.963346532059372
1.3293,1.269632300190451e-11,2.027867684765694e-11,3.0190950253961263e-11,2.5716146901731126e-11,1.269632300190451e-11,-1.2966219750893788
1.32972,1.2697568003889995e-11,2.0279265258291388e-11,3.0189776734908474e-11,2.5715916618278602e-11,1.2697568003889995e-11,-1.2669853736290604
1.33014,1.3239704783175075e-11,2.0288868025772968e-11,3.0200842281418746e-11,2.5726792900798764e-11,1.2703954137299286e-11,-0.9443766357698692
1.33055,1.3322915826312829e-11,2.0266417382640056e-11,3.0169288046002306e-11,2.5699322928790686e-11,1.2689299004619188e-11,-0.9340681286385933
1.33097,1.3949976917373932e-11,2.0212586334278608e-11,3.008943739566039e-11,2.5631020810131926e-11,1.2655706734146064e-11,-0.861379984083904
1.33138,1.6339215982730913e-11,2.0244337219414755e-11,3.012514163424424e-11,2.5656778111851718e-11,1.2599701845176596e-11,-0.5806092374784916
1.3318,1.969549274487858e-11,2.0120888493070333e-11,2.9951810071686634e-11,2.5514330088916985e-11,1.259832596541174e-11,-0.06884054157604251
1.33222,2.182908799744079e-11,2.0144001713145368e-11,2.9991154641633395e-11,2.55464855561122e-11,1.2612300550569035e-11,0.28675375522633045
1.33263,2.1790209285797827e-11,2.014254287305913e-11,2.998562742294506e-11,2.55424179532017e-11,1.2611325154419632e-11,0.2801396634900941
1.33305,2.018337045324356e-11,2.0113072232559776e-11,3.0006617501504064e-11,2.5537907468601588e-11,1.259305262799089e-11,0.011549419093121323
1.33347,1.7024516127277963e-11,2.0184881494068545e-11,3.0090715280853165e-11,2.5636175238555386e-11,1.259400163059326e-11,-0.47798251261123975
1.33388,1.4970533614629525e-11,2.0173894125359835e-11,3.003525518674138e-11,2.558315334917267e-11,1.2630931774565464e-11,-0.7391385747621448
1.3343,1.4367425875925396e-11,2.0171994190472564e-11,3.003234291584632e-11,2.5580965118886687e-11,1.2629755338712177e-11,-0.8105073082802772
1.33472,1.708015563463481e-11,2.0133521305641362e-11,2.9973703595676004e-11,2.5531564149940968e-11,1.2605578149032553e-11,-0.46115526473258983
1.33514,1.9787102104555724e-11,2.007189071381615e-11,2.9879958564228006e-11,2.545269029269581e-11,1.256717191942076e-11,-0.046413858151626526
1.33555,2.1783438527867236e-11,2.0071417944897e-11,2.987825333944291e-11,2.5451575683617735e-11,1.2567987763971457e-11,0.29271916801995085
1.33597,2.409488436894889e-11,2.0032076924780093e-11,2.981938609443009e-11,2.5401497566774846e-11,1.2542904600864468e-11,0.7348674817302382
1.33639,2.494823052824166e-11,1.999660137093087e-11,2.97907093682271e-11,2.5369930306735364e-11,1.251876498232363e-11,0.8981617728734382
1.33681,2.5896723377212222e-11,2.0038892600930145e-11,2.98295091930427e-11,2.5410229927915455e-11,1.254711047597646e-11,1.1021534587241988
1.33723,2.6541216890094568e-11,2.0043661122895745e-11,2.9837109220667136e-11,2.5416510462873914e-11,1.2550069256422171e-11,1.2391686968188276
1.33764,2.649235714144687e-11,2.0041407627635288e-11,2.983344816705667e-11,2.541344990059939e-11,1.2548906742107547e-11,1.2293560389829257
1.33806,2.7896724931896716e-11,2.0048866823762052e-11,2.984399241529043e-11,2.542180880291154e-11,1.2557444695574548e-11,1.535911067169363
1.33848,2.7752265503123253e-11,2.00416335955539e-11,2.9834964856271745e-11,2.541431740010499e-11,1.254836010820204e-11,1.509168572232284
1.3389,2.7843648074727584e-11,2.00295980777153e-11,2.981975846217141e-11,2.5400961700912927e-11,1.253819161757428e-11,1.5351751091252523
1.33932,2.6988295054452476e-11,2.0053748831628563e-11,2.985290361500637e-11,2.54296136115172e-11,1.2556214989338845e-11,1.3343857673914057
1.33974,2.569098220494634e-11,2.0067828316634516e-11,2.987596261687212e-11,2.544775898688856e-11,1.2564777078070884e-11,1.0511590258692831
1.34016,2.3598914951058097e-11,2.0092783676804524e-11,2.991417179690598e-11,2.5480965676982046e-11,1.2577434450636957e-11,0.6236954384186764
1.34058,1.8878324656146124e-11,2.0086136490839767e-11,2.990191232542662e-11,2.5470976609600913e-11,1.2576493623216209e-11,-0.1918430843766597
1.341,1.2712426486477703e-11,2.0088484191978435e-11,2.9905749449542553e-11,2.5474185100810274e-11,1.2577932181691269e-11,-0.986172173140941
1.34142,1.2579623533613123e-11,2.0091899650420267e-11,2.99106199025553e-11,2.5478416876622815e-11,1.2579623533613123e-11,-1.5067464935875814
1.34183,1.2578819101562447e-11,2.009076018691949e-11,2.990917873082451e-11,2.5477087890824927e-11,1.2578819101562447e-11,-1.9259955015337336
1.34225,1.2605943467884031e-11,2.0121597749802253e-11,3.0002673659466084e-11,2.5527781413356098e-11,1.2605943467884031e-11,-1.801252187406944
1.34267,1.2590516411410925e-11,2.011310102890861e-11,2.9936135394593005e-11,2.550441737078759e-11,1.2590516411410925e-11,-1.7037489373785486
1.34309,1.262113943691758e-11,2.0157655335769537e-11,3.0005528981369417e-11,2.5560623796487886e-11,1.262113943691758e-11,-1.1321353161044558
1.34352,1.7039117152341447e-11,2.0154368206739646e-11,3.000038356796553e-11,2.555625438411128e-11,1.2619889737149793e-11,-0.46914571879165473
1.34394,1.9229833913433848e-11,2.0178981311309364e-11,3.0037157451465447e-11,2.5587429614878386e-11,1.263511711000373e-11,-0.15107269327206677
1.34436,1.8952156184189526e-11,2.0225812514769863e-11,3.021665954605846e-11,2.5731244573609164e-11,1.2666142710400946e-11,-0.20045915657065078
1.34478,1.6372645252337623e-11,2.022256647536796e-11,3.0203440127054734e-11,2.5714007145576738e-11,1.2662940800710415e-11,-0.5666250766510961
1.3452,1.4447380074446803e-11,2.0436510228312403e-11,3.0350690182979617e-11,2.589178355147464e-11,1.264497466296555e-11,-0.8377580684669247
1.34562,1.2717756509058537e-11,2.0258981061675374e-11,3.011955049236037e-11,2.56680620796446e-11,1.2717756509058537e-11,-1.0726562150068812
1.34604,1.2663583880221566e-11,2.0210145892471258e-11,3.0149879012540105e-11,2.5655192049289132e-11,1.2663583880221566e-11,-1.3065610640515863
1.34646,1.2631340447287215e-11,2.0173365015777498e-11,3.00292070866351e-11,2.558054117690327e-11,1.2631340447287215e-11,-1.5459825480104379
1.34688,1.2633555325619347e-11,2.0177264431861665e-11,3.003643998806747e-11,2.5586135826321887e-11,1.2633555325619347e-11,-1.5104537510964609
1.3473,1.262884415858368e-11,2.0169863969209584e-11,3.002545366621594e-11,2.557675390677918e-11,1.262884415858368e-11,-1.4530220418955624
1.34773,1.2599796524214135e-11,2.012123634377395e-11,2.9949455850121704e-11,2.5513143661986766e-11,1.2599796524214135e-11,-1.5695723196806515
1.34815,1.2588455710608522e-11,2.0105191958790158e-11,2.9928779909127515e-11,2.5494768277720572e-11,1.2588455710608522e-11,-1.7406304329660527
1.34857,1.2592343951311785e-11,2.0113281556931988e-11,2.9939966464192055e-11,2.5504861656321045e-11,1.2592343951311785e-11,-1.5847408758724977
1.34899,1.2598722242290032e-11,2.0121006532345922e-11,2.995103067311922e-11,2.5514032737227848e-11,1.2598722242290032e-11,-1.6508722196384888
1.34941,1.2609185469419132e-11,2.0137845700530693e-11,2.9975706043828177e-11,2.553523587967497e-11,1.2609185469419132e-11,-1.3478218106833468
1.34984,1.572846863636172e-11,2.0146085916845445e-11,2.9987962614571534e-11,2.5545588950695998e-11,1.2614303081475356e-11,-0.6422573900398221
1.35026,1.9804129004932356e-11,2.0146109653484125e-11,2.9988945631308996e-11,2.5546119213071344e-11,1.261399905530974e-11,-0.055441569712140454
1.35068,2.397426196063294e-11,2.0189769137654466e-11,3.0049801466386037e-11,2.559984335941328e-11,1.2644841032228054e-11,0.6760190426827455
1.3511,2.6089398621890258e-11,2.0184059720216306e-11,3.0047985744256844e-11,2.5595639169749892e-11,1.2638093284148491e-11,1.1027451994036843
1.35153,2.7587661372417045e-11,2.0201208342389483e-11,3.007534643743234e-11,2.561563472598537e-11,1.2649950318076013e-11,1.4227149387991187
1.35195,2.7206408337340846e-11,2.032076141985081e-11,3.0415494677088335e-11,2.5928773406995344e-11,1.2613796112518176e-11,1.3173620309550784
1.35237,2.6191017752042354e-11,2.0198607572543313e-11,3.007100283245787e-11,2.5614188209010023e-11,1.2646205929739193e-11,1.1212834943170535
1.3528,2.488415186871702e-11,2.0194195995110185e-11,3.006490506517237e-11,2.5609040543427368e-11,1.2643619554056293e-11,0.8528958865961813
1.35322,2.3755044360042507e-11,2.0184290105327482e-11,3.0048663278265574e-11,2.5595835479375845e-11,1.2637891809352919e-11,0.6336557746357906
1.35364,2.2434681050085057e-11,2.0187201682869058e-11,3.006205029549252e-11,2.559990222251814e-11,1.2639865471407333e-11,0.38670037265305673
1.35407,2.397378606863599e-11,2.019698742297009e-11,3.007010406628086e-11,2.5612733140425532e-11,1.2645861095426783e-11,0.6729185416610963
1.35449,2.4527717494735718e-11,2.02269083500185e-11,3.021497972440466e-11,2.5705735226036668e-11,1.2671384678205083e-11,0.7746660900780339
1.35491,2.5481197080436996e-11,2.0268351098879196e-11,3.013749057171767e-11,2.568169703551759e-11,1.2719030708389583e-11,0.9253026745127634
1.35534,2.3693573912066235e-11,2.020902232987449e-11,3.0082431084539954e-11,2.56257870264585e-11,1.265384844765886e-11,0.616128276629446
1.35576,2.3283397751618932e-11,2.0218955402058882e-11,3.0095530102207945e-11,2.5637367309885678e-11,1.2660824659734201e-11,0.5363543578452105
1.35619,2.0993454943859026e-11,2.0244943788218602e-11,3.023641713366372e-11,2.5724383189498732e-11,1.2676699890924449e-11,0.12402223091506229
1.35661,2.264396584252525e-11,2.0644229616989008e-11,3.0426617994472066e-11,2.6010788596487318e-11,1.3054703314313593e-11,0.3481793835588318
1.35704,2.3424285655073227e-11,2.019531870562595e-11,3.006163286823007e-11,2.5608322802273358e-11,1.2645283956348246e-11,0.5678643322086663
1.35746,2.453311861261103e-11,2.0433574256980782e-11,3.038381784525465e-11,2.590160689095133e-11,1.2743511089776279e-11,0.7273550306033085
1.35789,2.5635186476578803e-11,2.0215980823099037e-11,3.0097773125920934e-11,2.5636024997197597e-11,1.2657910077989899e-11,1.0002644374400638
1.35831,2.6265528413212977e-11,2.0198476929429847e-11,3.0067506963697235e-11,2.5612754868487795e-11,1.2646974354884957e-11,1.136554304870189
1.35874,2.7303455868735614e-11,2.0198850521139503e-11,3.006821554277966e-11,2.5613375031711286e-11,1.2646935768060652e-11,1.3604219823977985
1.35916,2.7711413208853203e-11,2.0613847790894814e-11,3.0511911392525504e-11,2.604596986346792e-11,1.2821210300756859e-11,1.3703403071625446
1.35959,2.78901644068084e-11,2.0426329580771426e-11,3.040731702321935e-11,2.5902036562832056e-11,1.2789326743611945e-11,1.421692692995234
1.36001,2.7055683132716293e-11,2.0472006103287374e-11,3.0476372259826414e-11,2.596056390536112e-11,1.2817421458289807e-11,1.2272601248567652
1.36044,2.6245409753771848e-11,2.0527383723780946e-11,3.0559217494872624e-11,2.6030570021969977e-11,1.2852602222004338e-11,1.0442088069619446
1.36087,2.2704942238995307e-11,2.0567536488029656e-11,3.061711917713763e-11,2.6080833280136332e-11,1.2878112209052707e-11,0.35967359900011
1.36129,1.811475822068652e-11,2.0665375505598143e-11,3.076027530305784e-11,2.620368744289702e-11,1.2940443161978806e-11,-0.3808665666100126
1.36172,1.2910115759181281e-11,2.072730926201929e-11,3.0818762657398566e-11,2.6276699615619545e-11,1.2910115759181281e-11,-1.3864403585268916
1.36214,1.2958960134518115e-11,2.0879792138756174e-11,3.0913973097685305e-11,2.639689081530913e-11,1.2958960134518115e-11,-2.2238249965816177
1.36257,1.2861952981673852e-11,2.0542624822356143e-11,3.057292249197943e-11,2.604678086343838e-11,1.2861952981673852e-11,-2.9231793161558963
1.363,1.2865818231813902e-11,2.0547786611100406e-11,3.0587552005534365e-11,2.605568356470098e-11,1.2865818231813902e-11,-3.2693558907089675
1.36342,1.2851590195800607e-11,2.0526456398659485e-11,3.0554327843611364e-11,2.6028408274327902e-11,1.2851590195800607e-11,-3.5259951320150904
1.36385,1.2915280991747782e-11,2.062671366458073e-11,3.0704813189238084e-11,2.6155700527592137e-11,1.2915280991747782e-11,-3.5032810241603283
1.36428,1.2975846438160512e-11,2.0714134970072852e-11,3.081256738947453e-11,2.6255921200165726e-11,1.2975846438160512e-11,-3.097361298840326
1.36471,1.2996484104660085e-11,2.075653667623096e-11,3.089722691867557e-11,2.6320052825644955e-11,1.2996484104660085e-11,-2.4843520221482023
1.36513,1.301646045021265e-11,2.0789085820100304e-11,3.0947875787009764e-11,2.6362569375780216e-11,1.301646045021265e-11,-1.5174315489283066
1.36556,1.633704586421104e-11,2.0819453335548678e-11,3.0991106503271955e-11,2.6399797617444086e-11,1.3035983674015246e-11,-0.6320036282900449
1.36599,2.400102139047471e-11,2.082760947084641e-11,3.100367472178007e-11,2.6410417106260672e-11,1.3040809466876035e-11,0.5393682024743993
1.36642,2.6410337257364087e-11,2.0822456840869325e-11,3.099513320244729e-11,2.6403493847172877e-11,1.3037936800056642e-11,1.0012331987178895
1.36684,2.7217886189914302e-11,2.0814249585826875e-11,3.098163882778638e-11,2.6392567611426115e-11,1.3032802292401992e-11,1.1674104540061652
1.36727,2.7405229339182057e-11,2.0786579561335933e-11,3.104208656511745e-11,2.6429031822128357e-11,1.3008187230482178e-11,1.2161121679435096
1.3677,2.7266432344519583e-11,2.075881199916054e-11,3.09002358573958e-11,2.632270442703261e-11,1.2998140027257323e-11,1.1928244312701357
1.36813,2.6877172302394763e-11,2.0782838470020944e-11,3.094016496410072e-11,2.6355457982647866e-11,1.301406165273084e-11,1.1057923557149936
1.36856,2.721313531404336e-11,2.0805213646640563e-11,3.114034786478938e-11,2.648598235771609e-11,1.3009404000585468e-11,1.1709092726708268
1.36899,2.7294054067445012e-11,2.0805525784958072e-11,3.093439928118021e-11,2.636277654012707e-11,1.3041033180427544e-11,1.169551851494085
1.36941,2.5949983027103285e-11,2.0775044738153887e-11,3.092719472377502e-11,2.6344578316226543e-11,1.3007845612723402e-11,0.9212471254221463
1.36984,2.5231647551359464e-11,2.077515075280474e-11,3.09271029295723e-11,2.6344598170163955e-11,1.3007389604729043e-11,0.7812840724060595
1.37027,2.515987694551904e-11,2.077797572236857e-11,3.093097932068233e-11,2.6348033875401452e-11,1.3009499814646468e-11,0.7668372134526974
1.3707,2.4682871266727047e-11,2.077027909523802e-11,3.091861579712454e-11,2.633796245228675e-11,1.3005154481235587e-11,0.6779628469173583
1.37113,2.4919785589294724e-11,2.0784498043097655e-11,3.0939835739012814e-11,2.635599405747635e-11,1.3012795644889087e-11,0.7195677965727253
1.37156,2.4345462536731885e-11,2.0802330765255484e-11,3.096552794875106e-11,2.6377640033138298e-11,1.302488157050984e-11,0.6078883028778105
1.37199,2.2004226214206884e-11,2.0845933571690234e-11,3.103139254717007e-11,2.6433834037227877e-11,1.3052202255204356e-11,0.18784465294843775
1.37242,2.2311354667613212e-11,2.119329039940875e-11,3.137412918305104e-11,2.6778155875489283e-11,1.3317159664373064e-11,0.18392545966737459
1.37285,2.1993654583782025e-11,2.095025239405686e-11,3.118660494865583e-11,2.6566026349334372e-11,1.3117741449894768e-11,0.16793127305093247
1.37328,1.9649495162647995e-11,2.0930998784611242e-11,3.117341099183433e-11,2.6550639586213654e-11,1.3103994345371684e-11,-0.1952694907139066
1.37371,1.6575543674243087e-11,2.0934602029471327e-11,3.1163475152725835e-11,2.6546341444312608e-11,1.31075130837534e-11,-0.6137111137266825
1.37414,1.4518187523822227e-11,2.0939396484318964e-11,3.1169259584620806e-11,2.6551710634471095e-11,1.3110713284726666e-11,-0.8541487234607746
1.37457,1.3087358307817667e-11,2.0901974827210723e-11,3.111474733789201e-11,2.6504871920003896e-11,1.3087358307817667e-11,-1.043231554012676
1.375,1.3078573966214759e-11,2.0887943122090566e-11,3.109372800492919e-11,2.6487037144177134e-11,1.3078573966214759e-11,-1.2512322822488329
1.37543,1.3078470788179424e-11,2.0887100595025822e-11,3.109210533465515e-11,2.6485734801859826e-11,1.3078470788179424e-11,-1.0809222527002602
1.37586,1.5251762123907463e-11,2.096666186395286e-11,3.121137648115574e-11,2.6587131722326804e-11,1.3127354699718478e-11,-0.7745238116255536
1.3763,1.7741867168521797e-11,2.10101090939104e-11,3.1275899412115985e-11,2.6642134449322666e-11,1.3154611422117684e-11,-0.47199269042369113
1.37673,1.8158465752588025e-11,2.101812446616212e-11,3.128727135762273e-11,2.6652018265692036e-11,1.3160051598441943e-11,-0.41716355296376506
1.37716,2.0116996911514085e-11,2.1037029575580737e-11,3.1316077572175614e-11,2.6676223556894726e-11,1.3171798995211142e-11,-0.1407373008390692
1.37759,2.1596837268377527e-11,2.1005658437276792e-11,3.126855235605949e-11,2.6636056304183556e-11,1.3152949112775938e-11,0.09397969104938454
1.37802,2.30728676217229e-11,2.1019581336185477e-11,3.129069859652867e-11,2.6654351340197463e-11,1.3160649133541632e-11,0.33704320722266534
1.37845,2.4659371435934775e-11,2.100603738904887e-11,3.1269919676764336e-11,2.663694599773632e-11,1.3152617875561367e-11,0.6218680976479588
1.37889,2.548122404795912e-11,2.101704553796296e-11,3.1285289459352585e-11,2.665047721015737e-11,1.3159412139527001e-11,0.7728649944069093
1.37932,2.477207463338284e-11,2.0980320657704878e-11,3.1231189392222357e-11,2.660406769208033e-11,1.3136856539401255e-11,0.6483030619133191
1.37975,2.2348867039961536e-11,2.0975963214155423e-11,3.122445810400577e-11,2.6598456593440705e-11,1.3133886067233982e-11,0.22239124268335156
1.38018,2.0252390718312685e-11,2.0984203326203047e-11,3.1237420931620395e-11,2.660922419960997e-11,1.3138976042975973e-11,-0.11265983966904346
1.38061,1.47992876136215e-11,2.098565983878727e-11,3.124017679683438e-11,2.661142116715547e-11,1.3139173671299334e-11,-0.8268887422025636
1.38105,1.314565404232199e-11,2.099494457847839e-11,3.125384025610098e-11,2.6623016287917545e-11,1.314565404232199e-11,-1.4042092814394593
1.38148,1.3157937878268788e-11,2.1014709387681553e-11,3.128338362884632e-11,2.6648145186257905e-11,1.3157937878268788e-11,-1.6134389581751796
1.38191,1.3122365240296536e-11,2.0960183292202485e-11,3.119517730366468e-11,2.657740803450823e-11,1.3122365240296536e-11,-1.8633264414077928
1.38235,1.3061670543862206e-11,2.0865760934701125e-11,3.1060238979647696e-11,2.645899831191279e-11,1.3061670543862206e-11,-1.2311872383616298
1.38278,1.4792580453678352e-11,2.0804592611000368e-11,3.096911598344333e-11,2.6381014054271515e-11,1.3027037436385964e-11,-0.8132391099316398
1.38321,1.863929593636153e-11,2.0767137889482862e-11,3.091347715509359e-11,2.6333606313698756e-11,1.3003338008045184e-11,-0.319760788172241
1.38365,2.2192466872722826e-11,2.076116656636696e-11,3.090491592918173e-11,2.6326264211098424e-11,1.2998978054692376e-11,0.2345352904692846
1.38408,2.466421434378761e-11,2.0762714972478626e-11,3.090712583422841e-11,2.6328134575854307e-11,1.3000360843263735e-11,0.6762212421846806
1.38451,2.746258090731297e-11,2.0764342338427603e-11,3.0910470612292376e-11,2.63305866109008e-11,1.3001145008273169e-11,1.232401453974569
1.38495,2.9594627827066274e-11,2.0749705380949023e-11,3.088828674136387e-11,2.6311980313333437e-11,1.2991301852952163e-11,1.7007799921492603
1.38538,3.004318044962879e-11,2.0754722896733278e-11,3.089423353164722e-11,2.631743799589785e-11,1.2996066985384395e-11,1.8018316673884773
1.38582,2.9824491742302674e-11,2.075190704033704e-11,3.0891886096154336e-11,2.631553967962365e-11,1.2990656921648177e-11,1.7552313592344948
1.38625,2.9397755592876256e-11,2.0744723840859802e-11,3.0880253240913004e-11,2.630531970730865e-11,1.2988852883032603e-11,1.6581843784880042
1.38668,2.937062658165859e-11,2.075336725684609e-11,3.0892801214784016e-11,2.6315826758564333e-11,1.29958690319766e-11,1.6475747717461324
1.38712,2.8930796771321285e-11,2.075517575496725e-11,3.089637834397171e-11,2.6318797005221962e-11,1.2995347717277444e-11,1.5510027925077647
1.38755,2.7612708096530286e-11,2.0756912023185742e-11,3.089886529840399e-11,2.632087286648267e-11,1.2996665056038927e-11,1.2660407672401923
1.38799,2.5372785926990497e-11,2.0768285912226132e-11,3.091592766757759e-11,2.6335385232530627e-11,1.300377679102783e-11,0.8102493560767462
1.38842,2.1393987210005474e-11,2.076366300454268e-11,3.090924132598817e-11,2.632956344797893e-11,1.3001167993812998e-11,0.10147806991274712
1.38886,1.586214495038452e-11,2.074951616013612e-11,3.0888584721837074e-11,2.6311886393387034e-11,1.2991674448232228e-11,-0.6836351860689049
1.3893,1.2987170375720118e-11,2.0741180389312905e-11,3.087544776317099e-11,2.6300913938400302e-11,1.2987170375720118e-11,-1.2116248720363831
1.38973,1.297825088429326e-11,2.072757378047448e-11,3.085542062745973e-11,2.6283877148026298e-11,1.297825088429326e-11,-1.5435968854985038
1.39017,1.3015470861552981e-11,2.0790880231354447e-11,3.091396288268901e-11,2.6348237061466054e-11,1.3015470861552981e-11,-1.4402635731562543
1.3906,1.2983409210783771e-11,2.0736562498619475e-11,3.087132728027704e-11,2.6295574936530474e-11,1.2983409210783771e-11,-1.2100372799482644
1.39104,1.4851166375302875e-11,2.0728915657100562e-11,3.085709251110494e-11,2.6285415555715733e-11,1.2979143733354079e-11,-0.8005520984910913
1.39147,1.8649079589145562e-11,2.0739112133605064e-11,3.087215637036137e-11,2.6298282574425604e-11,1.2985448624446528e-11,-0.31482473751322815
1.39191,2.1754504192525872e-11,2.0750943576232243e-11,3.088898632405589e-11,2.631395290629725e-11,1.2993009887245388e-11,0.16299628607618363
1.39235,2.2649367739900143e-11,2.0750666462879604e-11,3.100839783673409e-11,2.638380114133575e-11,1.299309511871698e-11,0.3148380748460338
1.39278,2.2548300049558345e-11,2.0770289187046547e-11,3.091835294565352e-11,2.633775315474143e-11,1.300483599274132e-11,0.29359242451759077
1.39322,2.4203483487717475e-11,2.0796202429315763e-11,3.09576001898522e-11,2.6370616005880064e-11,1.3021341204802471e-11,0.5832243830454013
1.39366,2.6043411591384526e-11,2.080455366322891e-11,3.096969356644957e-11,2.6381234683745955e-11,1.3026709824901191e-11,0.9327826150167818
1.39409,2.3321551210518442e-11,2.0754478141121613e-11,3.089554704452928e-11,2.6318021312843285e-11,1.2994738867137036e-11,0.4319576408229959
1.39453,2.3420159640742532e-11,2.0736191497785414e-11,3.08683209336187e-11,2.6294791353939207e-11,1.298375695452097e-11,0.4533906933875861
1.39497,1.9618416304107174e-11,2.0669368614196845e-11,3.0767637688803714e-11,2.620947417859845e-11,1.2942342727254058e-11,-0.16296934259936285
1.39541,1.7521535643418383e-11,2.0629915619388788e-11,3.070903171268257e-11,2.615954781426555e-11,1.2917061045469138e-11,-0.4583379459440701
1.39584,1.6829718935775078e-11,2.0528402271078248e-11,3.055862722754983e-11,2.6031191666591195e-11,1.2853052997122992e-11,-0.5393708099817174
1.39628,1.7794319812674985e-11,2.0536941280888072e-11,3.057141514255201e-11,2.6042003051405563e-11,1.2858598463641044e-11,-0.4100271779347353
1.39672,1.8828532907625766e-11,2.0543266927701283e-11,3.058017594064053e-11,2.604971006339664e-11,1.2863136768350492e-11,-0.2630929554751778
1.39716,2.012883699275992e-11,2.0540948617813854e-11,3.057675525365993e-11,2.604675781358173e-11,1.28618162910014e-11,-0.06528575637724005
1.3976,1.9791233661489623e-11,2.0526836146855263e-11,3.0552239532455366e-11,2.6027698858279804e-11,1.2851193316813734e-11,-0.11583233565748785
1.39803,2.0175647828156856e-11,2.0513363669571287e-11,3.0596536821291345e-11,2.6020510915246524e-11,1.2843999664723575e-11,-0.05370110304288125
1.39847,1.7353375438230388e-11,2.0499621969899613e-11,3.051582144506257e-11,2.5994647364672593e-11,1.2835776930997842e-11,-0.4661190753854309
1.39891,1.7297756289343993e-11,2.0491467743326905e-11,3.0493163483665894e-11,2.5978735164702094e-11,1.2831366441428381e-11,-0.4727050417849833
1.39935,1.7221195436633592e-11,2.0535235179739474e-11,3.053092719088336e-11,2.6020240124210795e-11,1.288736168812114e-11,-0.4852272192826277
1.39979,1.8915329388087565e-11,2.0497203806821663e-11,3.0511995147193534e-11,2.5991513872603898e-11,1.2833891792058735e-11,-0.24411512328650828
1.40023,1.970017617864873e-11,2.054846514690242e-11,3.0587542267466645e-11,2.6056098818322815e-11,1.2866732009748019e-11,-0.13291544721573129
1.40067,2.150540066390025e-11,2.061007950277429e-11,3.067985617222584e-11,2.6134571111947577e-11,1.2904673104709365e-11,0.1459977511521616
1.40111,2.386071659600215e-11,2.0638400227942497e-11,3.072195970500924e-11,2.6170443495791224e-11,1.2922519134556639e-11,0.5537260486144292
1.40155,2.5637502566433254e-11,2.0659298956170868e-11,3.0753141654986096e-11,2.6197001375140946e-11,1.2935451522437275e-11,0.8882641213667728
1.40199,2.643651088695994e-11,2.0646847557943175e-11,3.073853676532176e-11,2.6183598828080304e-11,1.2925552189406675e-11,1.0519314524158194
1.40243,2.6429154314293312e-11,2.0647780536289282e-11,3.073668939417929e-11,2.618265605244899e-11,1.2928386265294316e-11,1.0501737428196753
1.40287,2.6461377115428413e-11,2.0648472358282756e-11,3.073824600104941e-11,2.618367208378296e-11,1.2928829878031783e-11,1.0564088166541712
1.40331,2.599411658706577e-11,2.066236397547093e-11,3.073894247605661e-11,2.61911347387276e-11,1.2944824781616863e-11,0.9577087685292758
1.40375,2.527399094836717e-11,2.0673946017234645e-11,3.0774797284149766e-11,2.621545425379878e-11,1.2945104543357736e-11,0.8134758313392797
1.40419,2.3108847232804783e-11,2.0700051662014714e-11,3.081328882075373e-11,2.6248466289565162e-11,1.2961063281981326e-11,0.4050548344502457
1.40463,2.110230416331644e-11,2.069891326079479e-11,3.081287507908052e-11,2.6247628245655663e-11,1.2959664915028951e-11,0.06462995069385498
1.40507,1.9259183355695654e-11,2.0727267850139235e-11,3.085127517535317e-11,2.6281227495698108e-11,1.2982886783362636e-11,-0.22441477769294743
1.40551,1.5322937363195705e-11,2.0771814393444478e-11,3.09153917774159e-11,2.6337720804950704e-11,1.3006089479921763e-11,-0.7497453405330875
1.40595,1.2998880236567516e-11,2.0761196416671945e-11,3.090586085092322e-11,2.6326694768276776e-11,1.2998880236567516e-11,-1.0498191323528892
1.40639,1.3134748381377659e-11,2.0745437338048385e-11,3.088210570731354e-11,2.6306435011469933e-11,1.2990335618365621e-11,-0.9854392637528963
1.40683,1.4023482819026121e-11,2.073527709445583e-11,3.0873272887006703e-11,2.6296806456185652e-11,1.298667239908905e-11,-0.8923117776250815
1.40727,1.5335092061615607e-11,2.072980197118281e-11,3.0858698485157884e-11,2.6286548689165555e-11,1.2979938531155323e-11,-0.7446875849798004
1.40771,1.8427606951118695e-11,2.073146536577472e-11,3.086120563688157e-11,2.6288790029620026e-11,1.2980570701316143e-11,-0.34527622834064753
1.40816,2.178800287318987e-11,2.0740365498871795e-11,3.0874509728276376e-11,2.6300057562647367e-11,1.2986244854869104e-11,0.1703921549438294
1.4086,2.441874216769835e-11,2.0765593692018718e-11,3.091181538715134e-11,2.633187595396365e-11,1.3002360313324147e-11,0.6297463449769406
1.40904,2.379691913186102e-11,2.0740908392659058e-11,3.0876698456586005e-11,2.6301197453078053e-11,1.2986497080039419e-11,0.5205433451637574
1.40948,2.348494736196954e-11,2.073272103299457e-11,3.0865552976939637e-11,2.6291518659309856e-11,1.2980085007004724e-11,0.46557427721983635
1.40992,2.1525926161747397e-11,2.071138313100678e-11,3.083186721740546e-11,2.6263616096416888e-11,1.2967481845995349e-11,0.13183601699408667
1.41037,2.014928687411968e-11,2.0705841695474274e-11,3.082302394588128e-11,2.625625300797579e-11,1.2964559379049835e-11,-0.08724125161184622
1.41081,1.863675546049978e-11,2.070778232909915e-11,3.0825767541498554e-11,2.6258640004228533e-11,1.2965923503033556e-11,-0.31254479117716133
1.41125,1.6586313282799812e-11,2.0720858221200124e-11,3.087439701527488e-11,2.6269780157692593e-11,1.2969837095465725e-11,-0.5913305703992358
1.41169,1.6922178905755796e-11,2.072641899681007e-11,3.08538866449046e-11,2.6282450605608645e-11,1.2977365731606043e-11,-0.5484108234085179
1.41214,1.763887750439631e-11,2.073253004858217e-11,3.0863219291063584e-11,2.6290320739735157e-11,1.2981015515368794e-11,-0.45429016167546765
1.41258,1.882022003760689e-11,2.073547777777013e-11,3.086737241925775e-11,2.6293950645255885e-11,1.2982962178522177e-11,-0.2898465144211665
1.41302,1.9452670317202676e-11,2.080541141012791e-11,3.097123022729598e-11,2.638252064051962e-11,1.302684938409464e-11,-0.2069500898976918
1.41347,2.061145710991764e-11,2.0811146589887148e-11,3.097967003396506e-11,2.638974841242369e-11,1.3030515531107351e-11,-0.03141650330860192
1.41391,2.14188877245924e-11,2.08164929353982e-11,3.0988077765842465e-11,2.639673119184763e-11,1.303355349858785e-11,0.09653164439300009
1.41436,2.2433550206707147e-11,2.082194300599038e-11,3.099639885480179e-11,2.640374104493565e-11,1.3036936454608772e-11,0.2644839765703507
1.4148,2.2807424512167914e-11,2.0867494927956543e-11,3.106328413868316e-11,2.646105783985083e-11,1.3065155277987234e-11,0.31998317553985356
1.41524,2.42975860348569e-11,2.0906807887540577e-11,3.112179274095856e-11,2.6510950910589415e-11,1.3090109821408107e-11,0.5768239430606912
1.41569,2.6142398623379967e-11,2.0983551404317986e-11,3.12346192288031e-11,2.660758621206999e-11,1.3138716398412695e-11,0.9082309911640054
1.41613,2.622158871668076e-11,2.098104979999443e-11,3.122922886427391e-11,2.6603501552708846e-11,1.3138319965934848e-11,0.9242226004481672
1.41658,2.6257538961466773e-11,2.099998824704321e-11,3.125982218336821e-11,2.6628667435490038e-11,1.3149317063812101e-11,0.9266096244414548
1.41702,2.5316154824214436e-11,2.1030262620731825e-11,3.130534774916171e-11,2.6667378125938958e-11,1.3167772555099961e-11,0.7387426522447024
1.41747,2.4317819901651997e-11,2.110214591598185e-11,3.141218171601673e-11,2.6758459810957936e-11,1.3212834744218244e-11,0.5394742395751821
1.41791,2.4383784311644455e-11,2.1062408138202002e-11,3.135366545386886e-11,2.670835973295627e-11,1.3187692425045624e-11,0.5596196060044152
1.41836,2.29653229771645e-11,2.1042928823497817e-11,3.1419316717660684e-11,2.6681833593676828e-11,1.3174690628437154e-11,0.3143059892002404
1.4188,2.0854740547139205e-11,2.103503919106443e-11,3.131293872885288e-11,2.6673622139243413e-11,1.3170795182913373e-11,-0.028061080170570685
1.41925,2.1232230811144277e-11,2.1044553461003863e-11,3.1327545927657474e-11,2.668588924855191e-11,1.3176430616422068e-11,0.0294477497850295
1.41969,2.0395050975688052e-11,2.1054318969338256e-11,3.135299981247768e-11,2.6704479188834835e-11,1.3172084842658578e-11,-0.10132747715336103
1.42014,2.2472023031353098e-11,2.1114455273308092e-11,3.143188370525789e-11,2.677456365368888e-11,1.3220277426567517e-11,0.2183103574879503
1.42058,2.5028762586391864e-11,2.1198325707364335e-11,3.1557398499462455e-11,2.688090914830528e-11,1.327314288729913e-11,0.6481916032636689
1.42103,2.6907848504114276e-11,2.119210851475984e-11,3.154790113497802e-11,2.687126068409201e-11,1.3268852576679148e-11,1.0072972089472818
1.42148,2.771939812694391e-11,2.1182071380011134e-11,3.152959889245847e-11,2.6859217965741406e-11,1.3262845065124504e-11,1.1721355081722933
1.42192,2.774619589622214e-11,2.1210459758267537e-11,3.157445533139787e-11,2.6896175029829304e-11,1.3280914298344947e-11,1.16995097541236
1.42237,2.7476200678330688e-11,2.1205371733822986e-11,3.1567929072908165e-11,2.6889857769277913e-11,1.3278346018327821e-11,1.1154006884755834
1.42281,2.502815984719632e-11,2.1217394451473954e-11,3.1584511427532993e-11,2.690500424693275e-11,1.3284761176920902e-11,0.6439422997349187
1.42326,2.2301816157172347e-11,2.120000612032982e-11,3.155833469756842e-11,2.6882728604786914e-11,1.3273850196597225e-11,0.17544203424714036
1.42371,2.0821015953238615e-11,2.122349757018724e-11,3.159251376317543e-11,2.6912272208229682e-11,1.328888584492522e-11,-0.0618410476914086
1.42416,1.932767746875067e-11,2.130406344247249e-11,3.169473670872059e-11,2.7013583807251472e-11,1.3338139413405203e-11,-0.2902080268511906
1.4246,1.996181014646377e-11,2.1244991205332518e-11,3.178977554104434e-11,2.706057143076252e-11,1.3298424001153993e-11,-0.19260728492806578
1.42505,2.1329511211914695e-11,2.1244994423984503e-11,3.162059424376252e-11,2.6937784789726178e-11,1.330307610262187e-11,0.013030097873979102
1.4255,2.385105392968338e-11,2.1239259207619194e-11,3.1615227243576153e-11,2.6931827866683552e-11,1.3298397078087506e-11,0.42936067629247776
1.42594,2.419484496376114e-11,2.1246170930988096e-11,3.1624620487914366e-11,2.6940165673997637e-11,1.3303680619797455e-11,0.48813635262457794
1.42639,2.3461735947336392e-11,2.1255293934168738e-11,3.1641583527284106e-11,2.6953230840096005e-11,1.3307777014977032e-11,0.3590082033184772
1.42684,1.8355246720501715e-11,2.1245345220765864e-11,3.1626941434219057e-11,2.694087962203626e-11,1.3303968464136344e-11,-0.4167791322984539
1.42729,1.325420195202664e-11,2.124309395688275e-11,3.17341289807446e-11,2.7033545205575702e-11,1.325420195202664e-11,-1.0329635410770812
1.42774,1.3269361657784971e-11,2.1186308934011765e-11,3.162851317350456e-11,2.6887183849285683e-11,1.3269361657784971e-11,-1.3286843536274158
1.42819,1.3263219943889923e-11,2.1182099279541596e-11,3.1536001815088984e-11,2.6862954007626748e-11,1.3263219943889923e-11,-1.6876974816065131
1.42863,1.3264290133406868e-11,2.118426788970529e-11,3.1534930196476885e-11,2.6862784947355903e-11,1.3264290133406868e-11,-2.02149417710032
1.42908,1.3249323007312168e-11,2.1159963119136884e-11,3.1537041042463646e-11,2.6847286653888087e-11,1.3249323007312168e-11,-2.1232222124331654
1.42953,1.325286329623761e-11,2.11674038514069e-11,3.151023842116084e-11,2.684184777363736e-11,1.325286329623761e-11,-2.0350362815866556
1.42998,1.32531547595757e-11,2.116618493993383e-11,3.150641467982322e-11,2.6839057602701362e-11,1.32531547595757e-11,-1.951198077088108
1.43043,1.3272471416715113e-11,2.11970689207582e-11,3.155281280702872e-11,2.6878526446975026e-11,1.3272471416715113e-11,-1.8663472611560155
1.43088,1.3283653347373975e-11,2.1214329515117555e-11,3.1577596375927575e-11,2.69000008611116e-11,1.3283653347373975e-11,-1.8405242314927746
1.43133,1.3285989762142934e-11,2.1215445633024116e-11,3.163495023978933e-11,2.6914945826725585e-11,1.3285989762142934e-11,-1.3520381666560255
1.43178,1.7545751032143983e-11,2.1242676488577805e-11,3.162818559899667e-11,2.6941138916154522e-11,1.3303726788166616e-11,-0.5220193455405122
1.43223,2.298776303963644e-11,2.123103360888666e-11,3.1603860124991816e-11,2.692181884366183e-11,1.3293554391409872e-11,0.2834352813025147
1.43268,2.5909075301389273e-11,2.123207771038083e-11,3.160328633750899e-11,2.6921977701722772e-11,1.3295188156725128e-11,0.8045601028877453
1.43313,2.7471098268094394e-11,2.11953449669973e-11,3.155109456302111e-11,2.6876639734709695e-11,1.3271215370505875e-11,1.118270867356733
1.43358,2.8904926003374553e-11,2.1188747087023023e-11,3.1541909919735226e-11,2.6868700948504197e-11,1.3266781950489767e-11,1.4161059220213907
1.43403,2.9175675411537904e-11,2.1188771084165105e-11,3.154193050629072e-11,2.6868674383528634e-11,1.3266621186648698e-11,1.473627055858309
1.43448,2.967001580757853e-11,2.1196082936863746e-11,3.155310358467827e-11,2.6878007211681963e-11,1.3271617269631865e-11,1.5782984283629318
1.43493,2.968141865264455e-11,2.1221598230325873e-11,3.1590244763938405e-11,2.6909977670863336e-11,1.3287291766318484e-11,1.572955310340679
1.43538,2.8705702320712513e-11,2.1324852983192123e-11,3.1715083434551115e-11,2.7033968723039296e-11,1.3310725843630308e-11,1.3526672863666451
1.43583,2.5862799719702288e-11,2.1223608878765832e-11,3.1593555033990714e-11,2.6912708808575078e-11,1.3288827919838483e-11,0.7976837288544282
1.43628,2.37306491116278e-11,2.121213297095307e-11,3.1577082286673237e-11,2.6898546998590504e-11,1.328071818470583e-11,0.41358378587779127
1.43673,2.2868758168294408e-11,2.1244146101052505e-11,3.162787701881029e-11,2.694062784014248e-11,1.329960083220277e-11,0.261670543919642
1.43718,2.1008537840707157e-11,2.1236362747428445e-11,3.16140208088757e-11,2.6929511547493664e-11,1.3296506262317107e-11,-0.03510666747732513
1.43764,1.8583953690187573e-11,2.13556839473801e-11,3.16872934260512e-11,2.7019700794264293e-11,1.349843664762221e-11,-0.38546546627119377
1.43809,1.9067540850127608e-11,2.1230760358954206e-11,3.160888500485618e-11,2.6924237705829112e-11,1.3293295353017861e-11,-0.31758875415448645
1.43854,1.674613921416953e-11,2.123603822213938e-11,3.16128591077374e-11,2.6928806112133515e-11,1.3296497981175035e-11,-0.6220181765408791
1.43899,1.3306078888125695e-11,2.124406766359796e-11,3.161911171803004e-11,2.693579896752807e-11,1.3306078888125695e-11,-1.2043694393389466
1.43944,1.3274762552123495e-11,2.1215153136087078e-11,3.159422099307581e-11,2.691025682176815e-11,1.3274762552123495e-11,-1.409112299752081
1.4399,1.3270782600506534e-11,2.1195700059416414e-11,3.155299126108649e-11,2.6877788085064202e-11,1.3270782600506534e-11,-1.5480932659023827
1.44035,1.3275997117469775e-11,2.1203649560795273e-11,3.156543832943592e-11,2.6888004502260803e-11,1.3275997117469775e-11,-1.3654722029402844
1.4408,1.4547002941082915e-11,2.1211070616562606e-11,3.157646260167926e-11,2.689750828094694e-11,1.3280440892332932e-11,-0.8712426267768971
1.44125,2.1173362535473216e-11,2.122383128242819e-11,3.159498458631931e-11,2.691365334986346e-11,1.3288470134225733e-11,-0.007844623320910469
1.44171,2.3886462146374282e-11,2.1225196817285283e-11,3.1597087303393756e-11,2.6917057562163004e-11,1.3288683344698148e-11,0.4383239395601887
1.44216,2.614650184199639e-11,2.1197410964878997e-11,3.155577720109487e-11,2.6880007102314225e-11,1.3271998480366244e-11,0.8577984433661211
1.44261,2.789627476576152e-11,2.121781959070068e-11,3.157298253373972e-11,2.6897581180704466e-11,1.3310876440942693e-11,1.1626570720981557
1.44307,2.9506186483484366e-11,2.1217836044877944e-11,3.161044830707909e-11,2.6916882047992314e-11,1.328129723657148e-11,1.5372772610938448
1.44352,2.977114219662086e-11,2.1173199960130213e-11,3.151749037732926e-11,2.6847956498834153e-11,1.3257621048215042e-11,1.606939280083287
1.44397,2.987501315429147e-11,2.11692891786337e-11,3.151115316441701e-11,2.68434690944482e-11,1.3254810996496746e-11,1.6308971708468825
1.44443,2.982989877343296e-11,2.114544581168046e-11,3.1491539349076043e-11,2.6821510189413752e-11,1.3235885824363624e-11,1.606540485490516
1.44488,3.041242647802358e-11,2.1166020704934003e-11,3.1506602942231936e-11,2.6839154472069698e-11,1.3252869967530455e-11,1.7507590832508666
1.44533,2.960525957358022e-11,2.137501149440262e-11,3.170811475769286e-11,2.7060463451620872e-11,1.3296502914852174e-11,1.5399953491238287
1.44579,2.930499419702785e-11,2.1215513542787992e-11,3.153556723153659e-11,2.6877793487409795e-11,1.3301357005215146e-11,1.4752537955447234
1.44624,2.6930300653512107e-11,2.136049912854533e-11,3.170656119977383e-11,2.7022215101149503e-11,1.3346055495498493e-11,0.9828169637648888
1.4467,2.4494636019848714e-11,2.1337230537760056e-11,3.165194453719522e-11,2.6998268020067837e-11,1.3378819652598448e-11,0.5300154394746008
1.44715,2.151639563100957e-11,2.1167899135544512e-11,3.151054196009065e-11,2.684196148683081e-11,1.3254397461687395e-11,0.05470560828404893
1.44761,1.673561458130358e-11,2.1174153340245597e-11,3.152141671806075e-11,2.6850453337414936e-11,1.3257871112525421e-11,-0.6173112953509029
1.44806,1.3256421247223778e-11,2.117275739579353e-11,3.1520142331267427e-11,2.684923613646955e-11,1.3256421247223778e-11,-1.4475049228110914
1.44852,1.3281699333069545e-11,2.1287019745357884e-11,3.167952749579064e-11,2.7014307016701036e-11,1.3281699333069545e-11,-2.162929672305092
1.44897,1.3238106069448425e-11,2.1142818478541584e-11,3.1473646264894756e-11,2.681040346554927e-11,1.3238106069448425e-11,-2.3869151799782875
1.44943,1.3254381324169998e-11,2.1168839865490935e-11,3.151323889190037e-11,2.6843794607854533e-11,1.3254381324169998e-11,-2.243019727481833
1.44988,1.3250142596617164e-11,2.116222051396849e-11,3.1501942369382405e-11,2.6834821271026523e-11,1.3250142596617164e-11,-1.9393603756766236
1.45034,1.3248098166040893e-11,2.1158567425863567e-11,3.149600815725883e-11,2.6831060729661832e-11,1.3248098166040893e-11,-1.3905538582281967
1.4508,1.69612700197662e-11,2.1170928792301662e-11,3.1514096322508424e-11,2.6845514865604436e-11,1.3256420312539878e-11,-0.5890331292767271
1.45125,2.015816332652908e-11,2.115410100302104e-11,3.1489154766695494e-11,2.6824159375702046e-11,1.3245495068821532e-11,-0.15122286647845515
1.45171,2.2678640546945967e-11,2.1166048919083583e-11,3.156414640664859e-11,2.685308015776795e-11,1.3252573421313393e-11,0.24344263364963697
1.45216,2.1086302383459325e-11,2.11605073579948e-11,3.149920767039416e-11,2.683250218496973e-11,1.3249551242899857e-11,-0.011465767410759702
1.45262,1.7959672970291835e-11,2.1130134072348023e-11,3.145320255076179e-11,2.679365282621381e-11,1.3230781778059947e-11,-0.4565134663179758
1.45308,1.73527224024935e-11,2.1125984236499374e-11,3.144833959490873e-11,2.6789050363480034e-11,1.3227179041543321e-11,-0.5351506702811546
1.45353,1.67492583808625e-11,2.11355752844707e-11,3.1462673991641236e-11,2.680097301036806e-11,1.323383272359286e-11,-0.6118642892084221
1.45399,1.907779035276057e-11,2.113755847117241e-11,3.146818594518445e-11,2.680494569298284e-11,1.3234726116802232e-11,-0.3049541669660939
1.45445,2.1352905613399935e-11,2.1141835924679778e-11,3.146739186390143e-11,2.6806988844777053e-11,1.323880559292854e-11,0.03298770246293521
1.45491,2.1415630418672226e-11,2.1119430301514508e-11,3.1435812779364807e-11,2.6779266222893e-11,1.3224602837430388e-11,0.04650039320734306
1.45536,2.1481551193720494e-11,2.109597714201903e-11,3.140160154003779e-11,2.6750013949723458e-11,1.320929750425129e-11,0.06064370962574828
1.45582,2.091684817371229e-11,2.1095049647743407e-11,3.14085873655718e-11,2.675264652049481e-11,1.3207566697281362e-11,-0.02763531585071356
1.45628,2.1073550174622544e-11,2.1091967554696236e-11,3.13995404286229e-11,2.674650072258683e-11,1.3206063022512905e-11,-0.0028388617964400374
1.45674,1.926927600119094e-11,2.1094381817607077e-11,3.14027641162651e-11,2.674949645538322e-11,1.320761882983846e-11,-0.2723426653547173
1.45719,1.781408401666125e-11,2.1093178474485172e-11,3.140123929854202e-11,2.6748099671504878e-11,1.3206715940597515e-11,-0.47169627935666225
1.45765,1.712872945952377e-11,2.1094506623556474e-11,3.1402821671406453e-11,2.674954178184743e-11,1.3208385386518886e-11,-0.5602838310782798
1.45811,1.823732172160418e-11,2.1077806771027027e-11,3.1379006823008036e-11,2.672910642594348e-11,1.319626982504735e-11,-0.4135193317784641
1.45857,1.889484009180926e-11,2.1091371719761815e-11,3.1385373013537327e-11,2.6739463202681383e-11,1.3203096146680617e-11,-0.3249520070514892
1.45903,2.0910529129663922e-11,2.1060496480115378e-11,3.13506245448266e-11,2.6705871071520393e-11,1.3186569938154408e-11,-0.023348331968811503
1.45949,2.3256149081760314e-11,2.1053353193865882e-11,3.1340817531319516e-11,2.669715224228228e-11,1.3181862480871289e-11,0.36217392116551955
1.45995,2.2882800091789994e-11,2.104461663952823e-11,3.132681967005236e-11,2.6685620608895596e-11,1.3177365387961274e-11,0.29989635152959454
1.4604,2.3970348826079147e-11,2.1033627054223212e-11,3.130957630098271e-11,2.6671421274770907e-11,1.317006438686714e-11,0.4910287225403384
1.46086,2.392977977132905e-11,2.1045047905946998e-11,3.130323923504288e-11,2.6672425748466917e-11,1.318691821308602e-11,0.4818398973949978
1.46132,2.4886164401336808e-11,2.101862216867108e-11,3.129412800836801e-11,2.6655430034332093e-11,1.3159172843723952e-11,0.6613353325875682
1.46178,2.4614125173416163e-11,2.1010471594919332e-11,3.127622544497376e-11,2.664244078238808e-11,1.3155211542802144e-11,0.6125775803846718
1.46224,2.5206695451658025e-11,2.1020277305809397e-11,3.129048853067102e-11,2.6654719707216066e-11,1.3161546760553013e-11,0.7203988192540705
1.4627,2.6819873071197466e-11,2.101594569040204e-11,3.129532503613377e-11,2.6647895846717213e-11,1.3170476206193517e-11,1.0266665637598456
1.46316,2.724032544109768e-11,2.103026634166836e-11,3.12838619751579e-11,2.6653415585913082e-11,1.3193279226559317e-11,1.0989196566747348
1.46362,2.6334400859605574e-11,2.0995384989371372e-11,3.1253467558322505e-11,2.662313866877075e-11,1.3146173368426683e-11,0.9429880736234753
1.46408,2.624978110351849e-11,2.0996703566282098e-11,3.1255774310780345e-11,2.662505531673242e-11,1.3146396913671205e-11,0.9259029400861102
1.46454,2.5961946938119523e-11,2.10060685163015e-11,3.127013623278148e-11,2.6637139601942066e-11,1.3152005031474358e-11,0.8675619378276712
1.465,2.5370265842079673e-11,2.1004227151720398e-11,3.126750553505274e-11,2.663485880932956e-11,1.31510206058762e-11,0.7547980011047203
1.46547,2.576848499482914e-11,2.1007896390981338e-11,3.127221287701749e-11,2.663902372981708e-11,1.3154013980854383e-11,0.8300312565458439
1.46593,2.7077114999474767e-11,2.102913975306127e-11,3.130169817697877e-11,2.666469943194213e-11,1.3168469480427202e-11,1.0800448835241874
1.46639,2.6240162850196943e-11,2.10137511442041e-11,3.128249406248928e-11,2.6647215553640965e-11,1.3156932569526593e-11,0.9199915027086946
1.46685,2.514456905456126e-11,2.1025825788211072e-11,3.1299903236860965e-11,2.6662182361743437e-11,1.316515709918331e-11,0.7076479990473927
1.46731,2.173909467357523e-11,2.105439109238746e-11,3.134675267741475e-11,2.670207894556243e-11,1.3178354249436939e-11,0.10738030960170204
1.46777,1.9601865594620014e-11,2.106932184931115e-11,3.13648668803654e-11,2.671734129739982e-11,1.3192861100349757e-11,-0.22107842389234653
1.46823,1.90766056257324e-11,2.103438631283156e-11,3.131192178313706e-11,2.667278561194523e-11,1.3170352895474715e-11,-0.29193540686462205
1.4687,1.8904820138236606e-11,2.1034227746869354e-11,3.1312606066811945e-11,2.6673027407049824e-11,1.3169678122542264e-11,-0.31624920917443244
1.46916,2.0066157575039673e-11,2.1026962475625564e-11,3.130072432665474e-11,2.666334925705957e-11,1.3165500781751231e-11,-0.14691614940603603
1.46962,2.0167968615928617e-11,2.120819652948258e-11,3.148530765674981e-11,2.6855560481037755e-11,1.3169720085917935e-11,-0.15963046574134038
1.47008,2.040161713120759e-11,2.1032593643888664e-11,3.13088274769212e-11,2.667031655204791e-11,1.3169378131864102e-11,-0.09719010694884918
1.47054,2.0890211884803795e-11,2.102734694867397e-11,3.130108016083742e-11,2.6663713875578255e-11,1.3165983949590145e-11,-0.02138202318964853
1.47101,2.198965592947219e-11,2.1016532738107652e-11,3.1285061982131195e-11,2.6650007327118555e-11,1.3159353981886816e-11,0.15588566395798392
1.47147,2.0975599700201436e-11,2.1013435575258268e-11,3.128070554000119e-11,2.6646206947808672e-11,1.3157249102444603e-11,-0.005902575918311437
1.47193,1.772871299474035e-11,2.0996018752950058e-11,3.1255000323710366e-11,2.6624204127210282e-11,1.3146365375748662e-11,-0.47208793368377394
1.4724,1.341149991898067e-11,2.099004176329018e-11,3.1246136114827766e-11,2.661663149171224e-11,1.3142662825551242e-11,-0.9733370219608611
1.47286,1.3138818779018143e-11,2.0984210875411335e-11,3.1238194359895717e-11,2.6609574001633105e-11,1.3138818779018143e-11,-1.2934527354911216
1.47332,1.3132201549494738e-11,2.0972584467949257e-11,3.121972258587418e-11,2.659425232302877e-11,1.3132201549494738e-11,-1.4759622529707472
1.47379,1.3131291627000881e-11,2.0972328769816764e-11,3.1219815927506085e-11,2.6594238701924445e-11,1.3131291627000881e-11,-1.4999707410877705
1.47425,1.3136688246985564e-11,2.0981727672934134e-11,3.123389496133576e-11,2.6606260451234254e-11,1.3136688246985564e-11,-1.4256975826132414
1.47471,1.3141652521376425e-11,2.0989433278044154e-11,3.124519571614052e-11,2.6616005831329258e-11,1.3141652521376425e-11,-1.2234328872773779
1.47518,1.3978035848676419e-11,2.1004366731224187e-11,3.126786809516225e-11,2.6635001548754763e-11,1.3151170419255096e-11,-0.9164308117221543
1.47564,1.817711647596206e-11,2.1018052936689204e-11,3.1285192840321513e-11,2.6651097043402968e-11,1.3160499296061604e-11,-0.4145677124761336
1.47611,2.107422941288507e-11,2.0986219166689972e-11,3.1240001735458517e-11,2.661161181289626e-11,1.3140196026698215e-11,0.013824926607716179
1.47657,2.317348774748646e-11,2.1046139747211316e-11,3.133217760688818e-11,2.6689721546397935e-11,1.3177532898164356e-11,0.3493129599844766
1.47704,2.426587037026386e-11,2.1001413344267957e-11,3.126221293722601e-11,2.6630676546770616e-11,1.3150020388815985e-11,0.5511387952290253
1.4775,2.4624878875926443e-11,2.0993143132065015e-11,3.125139799117323e-11,2.6620964871000442e-11,1.3143902217829781e-11,0.6182893245521537
1.47797,2.3046336822424946e-11,2.0968544753487757e-11,3.121427014777041e-11,2.658949956506164e-11,1.3128576632289465e-11,0.3420741899955297
1.47843,2.0521908113992513e-11,2.096284811053339e-11,3.120543613454692e-11,2.6582087594384542e-11,1.3125474857696127e-11,-0.06847752668599595
1.4789,1.8021323664083867e-11,2.0957535601627966e-11,3.119777982020567e-11,2.657545130014317e-11,1.3122154389938927e-11,-0.42861443288276896
1.47936,1.6871682986232614e-11,2.098116447048568e-11,3.1232883637072286e-11,2.660541561920622e-11,1.3136682075237453e-11,-0.5812677417290701
1.47983,1.3268975116797729e-11,2.119394416254324e-11,3.154978350845291e-11,2.6875597716447643e-11,1.3268975116797729e-11,-1.2506557292742493
1.48029,1.3398491323798371e-11,2.135790455879759e-11,3.1715301255517374e-11,2.7038367069924804e-11,1.3398491323798371e-11,-1.1773273009362755
1.48076,1.4964735410618824e-11,2.136881798703634e-11,3.1809797669555243e-11,2.7096918978132447e-11,1.3379466635607465e-11,-0.8381877466302688
1.48123,2.0751892082956237e-11,2.1493006522963922e-11,3.199577262604014e-11,2.725482598764334e-11,1.345720628615726e-11,-0.11149255268286026
1.48169,2.318290601421923e-11,2.1488564309930788e-11,3.19888120200196e-11,2.7248979082229012e-11,1.3454928051946297e-11,0.26972242650878275
1.48216,2.472300199766461e-11,2.149737227617372e-11,3.200338216335557e-11,2.7260813104011072e-11,1.3459384752003517e-11,0.530662616118878
1.48263,2.413007944053602e-11,2.1510605084793854e-11,3.213643818140534e-11,2.7370707406269612e-11,1.346148313050204e-11,0.425218718779604
1.48309,2.487550326369424e-11,2.155858853377531e-11,3.209101569785646e-11,2.7336920274667722e-11,1.3499037819288696e-11,0.5450939755997066
1.48356,2.7271895770080802e-11,2.1580832360253533e-11,3.212475674238916e-11,2.7365396241143786e-11,1.3512871247517961e-11,0.9819644528199313
1.48403,2.6201623551389407e-11,2.193823946591772e-11,3.2654075272956566e-11,2.781741514254948e-11,1.3737005998853282e-11,0.7011709884689915
1.48449,2.467027730919759e-11,2.2038631319099905e-11,3.279780985002214e-11,2.7942204493718415e-11,1.3801279539700485e-11,0.41599875801651
1.48496,2.1519802177544902e-11,2.206376216595239e-11,3.283898560441587e-11,2.7975791341085987e-11,1.3816100853672876e-11,-0.08008562789607448
1.48543,1.9471101390537187e-11,2.2113014368200974e-11,3.2912700012031905e-11,2.8038482337666652e-11,1.3847044557785359e-11,-0.3694611204964885
1.4859,1.735992847702908e-11,2.2119999825754304e-11,3.292222285890045e-11,2.804690108841381e-11,1.3851247197747289e-11,-0.6316460741694608
1.48636,1.5866583226407522e-11,2.2101154692181648e-11,3.2895016425881664e-11,2.8023386874140874e-11,1.3839308662644802e-11,-0.7970093596533794
1.48683,1.7173006103563385e-11,2.2089268447137087e-11,3.287890225988885e-11,2.8008927018075812e-11,1.3831857183588128e-11,-0.650595756172237
1.4873,1.684174856820854e-11,2.2143294651774688e-11,3.296168075906496e-11,2.8078488862358023e-11,1.3864865215175292e-11,-0.6933154348529905
1.48777,1.773171617942847e-11,2.2346903888796648e-11,3.326698346679108e-11,2.833767995314511e-11,1.3991430267033521e-11,-0.6093165624010392
1.48824,1.787454441893773e-11,2.2548743382735575e-11,3.356762416414764e-11,2.8593604377661834e-11,1.411843207078719e-11,-0.6112607864702159
1.48871,1.7396871544986802e-11,2.2613805684023468e-11,3.3662541414977375e-11,2.86752327935808e-11,1.41599702874148e-11,-0.671321703705362
1.48917,1.676258501279544e-11,2.2693647073795096e-11,3.379364581122624e-11,2.8781580348207253e-11,1.420642818049315e-11,-0.747677834511225
1.48964,1.875629972283539e-11,2.27110031133239e-11,3.38275262350998e-11,2.8805593319831886e-11,1.4218230717564508e-11,-0.5231227999426279
1.49011,2.1308790086762346e-11,2.2644676678276703e-11,3.370855629423625e-11,2.8714533802236868e-11,1.4178429869733508e-11,-0.18837841471377392
1.49058,2.1577819652136554e-11,2.2627517782644942e-11,3.3681855005084594e-11,2.869212902504576e-11,1.416878805949059e-11,-0.14892333618334172
1.49105,2.227556104029433e-11,2.2610484966346114e-11,3.3656707182801696e-11,2.8670673292852055e-11,1.4157579951361265e-11,-0.048367948896886684
1.49152,2.423193127722783e-11,2.2616279091519915e-11,3.379852105122242e-11,2.8795297521051178e-11,1.4153206547047399e-11,0.2435152827230692
1.49199,2.5643484620070898e-11,2.259695506680384e-11,3.377030004058132e-11,2.8742535794126287e-11,1.4147009252271586e-11,0.4735781914560208
1.49246,2.787616004073225e-11,2.2558376161553476e-11,3.358576315648887e-11,2.860799453480933e-11,1.4121519415889238e-11,0.8660230467741603
1.49293,2.8887543887884157e-11,2.2561023562671142e-11,3.3589902292011415e-11,2.8610681823480596e-11,1.412513661725896e-11,1.0523431784457988
1.4934,3.069831019082224e-11,2.2540336059181827e-11,3.355608088218993e-11,2.8583414023200648e-11,1.4112961146409025e-11,1.4061972677526433
1.49387,3.0046005063980103e-11,2.254534214234389e-11,3.35643068219486e-11,2.8592974880431996e-11,1.411571043244338e-11,1.276585065699021
1.49434,2.9452546325268505e-11,2.2556856133753795e-11,3.3622515145577765e-11,2.862258132678997e-11,1.4126838017276004e-11,1.1582419722602983
1.49481,2.821857781239831e-11,2.252569202371208e-11,3.35340955583624e-11,2.8564753704809067e-11,1.4103738910940719e-11,0.9366280510831076
1.49528,2.7236253738224255e-11,2.2527394469314052e-11,3.353622916545835e-11,2.8566790392659434e-11,1.4104415910654319e-11,0.759494610199831
1.49575,2.607682363277322e-11,2.2508389451358164e-11,3.3515058209831366e-11,2.854695051662573e-11,1.4080522945360568e-11,0.5639794955117104
1.49622,2.3800402178786427e-11,2.250767695319178e-11,3.350589201444433e-11,2.854134209274366e-11,1.409257006826238e-11,0.19435245413167807
1.4967,2.1726136805793665e-11,2.2504327193646846e-11,3.3547867593694997e-11,2.853608767664286e-11,1.4090501707492877e-11,-0.11179250578549409
1.49717,1.9403118479197276e-11,2.2511282891981643e-11,3.351311761080411e-11,2.8546160522331034e-11,1.4094035887652439e-11,-0.4229177072530522
1.49764,1.626171084633129e-11,2.2526641051799128e-11,3.363241467471335e-11,2.8628970348031253e-11,1.4108918494320986e-11,-0.7870690876201892
1.49811,1.5214760749627964e-11,2.2520266456801477e-11,3.352531975739608e-11,2.855761100507807e-11,1.4100623772578295e-11,-0.8940905128277311
1.49858,1.4049241680497157e-11,2.2438429465780782e-11,3.3403001549536344e-11,2.8453590413947145e-11,1.4049241680497157e-11,-1.0984996398310212
1.49905,1.4108354622282047e-11,2.259435205846586e-11,3.3597284994497474e-11,2.8635658409139495e-11,1.4108354622282047e-11,-1.0300215775272656
1.49953,1.56151151577704e-11,2.2505452659861484e-11,3.35004168367649e-11,2.85374997262172e-11,1.4092059302857553e-11,-0.8529532188372986
1.5,1.6333100725925705e-11,2.287218602514603e-11,3.382668929897998e-11,2.8879248488044888e-11,1.4459712354582385e-11,-0.793498547113484
1.50047,2.0966105585694186e-11,2.2587765842537494e-11,3.375771710554609e-11,2.8725098039119062e-11,1.4142989412946478e-11,-0.2276979658519399
1.50094,2.114470970578998e-11,2.258996804983035e-11,3.362605672198252e-11,2.8644599437666293e-11,1.4144988707957437e-11,-0.20367350440548274
1.50142,2.3335198717096626e-11,2.2354406934738733e-11,3.328030695403092e-11,2.8348058437949988e-11,1.3995926146765804e-11,0.14745895390076563
1.50189,2.5109176376868283e-11,2.2350622659095376e-11,3.333961856073128e-11,2.838311122227444e-11,1.3994614108469986e-11,0.4312883326744444
1.50236,2.5538824600760428e-11,2.2353685890057387e-11,3.3491303480287587e-11,2.844123846733598e-11,1.3994401021641204e-11,0.5022562467548414
1.50284,2.5599002001597612e-11,2.2405592781936455e-11,3.335641377099786e-11,2.8412911567647085e-11,1.4028263591474808e-11,0.5024141228950415
1.50331,2.4197985309447002e-11,2.2397101194317694e-11,3.332155833298031e-11,2.83898673590614e-11,1.404031530768338e-11,0.27383233201155865
1.50378,2.1692654700239487e-11,2.2356791044186906e-11,3.327934853009633e-11,2.8349187800907718e-11,1.3998363837811136e-11,-0.09631431543822544
1.50426,1.937243485717627e-11,2.2358322787675118e-11,3.3279982884874906e-11,2.8350477704597398e-11,1.3999403689766194e-11,-0.4100126983447119
1.50473,1.9100046787643746e-11,2.2392421435120462e-11,3.332819902947301e-11,2.8392477181445428e-11,1.40221453554098e-11,-0.44800173326387543
1.50521,2.0587354196824403e-11,2.240141059424768e-11,3.334311433489881e-11,2.840467431466522e-11,1.402706159130878e-11,-0.255575334674661
1.50568,2.2487301405798766e-11,2.2388657586455984e-11,3.332591573469873e-11,2.8389135236380583e-11,1.4019021273362187e-11,0.014571288562386712
1.50616,2.5102889491859903e-11,2.240612503514655e-11,3.335558098324985e-11,2.8412970793395907e-11,1.4028647527480446e-11,0.41972731134488106
1.50663,2.7825112881610258e-11,2.238809769382032e-11,3.3327810253260724e-11,2.838963339239095e-11,1.4018077633293991e-11,0.8959716508311052
1.5071,3.0360587137226164e-11,2.2369308561942436e-11,3.347151866544368e-11,2.84898709142819e-11,1.3995432775093558e-11,1.3840906482089466
1.50758,3.278825864393611e-11,2.2376370865813294e-11,3.3311003019859175e-11,2.837497599625797e-11,1.4010724542920625e-11,1.8871943950795138
1.50805,3.345499271764203e-11,2.2378129363090866e-11,3.33144127276284e-11,2.8377509658883947e-11,1.4011451754990597e-11,2.031538741015914
1.50853,3.303537848066736e-11,2.235177079408753e-11,3.3326478276162764e-11,2.8373520341937224e-11,1.3972372096024394e-11,1.7822019263703988
1.50901,2.7901380916632735e-11,2.2510485334645404e-11,3.350715971327171e-11,2.8544331407908485e-11,1.4093934393747369e-11,0.8825569058735335
1.50948,2.001141497973572e-11,2.2432199717456645e-11,3.3461263387711675e-11,2.8490411543332527e-11,1.4045357438950689e-11,-0.33587560561230506
1.50996,1.402250758145564e-11,2.255321199619721e-11,3.3556153235683054e-11,2.8600585822720046e-11,1.402250758145564e-11,-1.5647757815695058
1.51043,1.4011533349900963e-11,2.2377271173375224e-11,3.331017578035865e-11,2.8375230484725395e-11,1.4011533349900963e-11,-2.6498941774799145
1.51091,1.3992582860847433e-11,2.2346761782870796e-11,3.32627979577002e-11,2.8335711605346122e-11,1.3992582860847433e-11,-3.183935450900416
1.51139,1.3992145217174353e-11,2.2345646506373475e-11,3.326092332780008e-11,2.833419872256067e-11,1.3992145217174353e-11,-3.2283191550674553
1.51186,1.397444437724441e-11,2.2317283167360993e-11,3.3218506276397845e-11,2.8298390605361614e-11,1.397444437724441e-11,-2.6555402135738464
1.51234,1.3974670919243589e-11,2.2317470802351617e-11,3.3220419201570925e-11,2.8298998110518453e-11,1.3974670919243589e-11,-1.7652785906550996
1.51282,1.3996328462358092e-11,2.235174098640991e-11,3.3271713117382123e-11,2.8342522158378493e-11,1.3996328462358092e-11,-1.125683170348162
1.51329,1.880156027094373e-11,2.2370577184859977e-11,3.330373071255848e-11,2.8368322471184426e-11,1.4006030985649016e-11,-0.48306925985756044
1.51377,2.276908744463669e-11,2.2574890924193442e-11,3.349619019642953e-11,2.8570427993522797e-11,1.4039117429623323e-11,0.02886497163863287
1.51425,2.7504912261873062e-11,2.2435705719946683e-11,3.3402900601231145e-11,2.8451815450170253e-11,1.4046390110300838e-11,0.8273793313348536
1.51472,3.0334424653641605e-11,2.242980250456427e-11,3.3394237390310565e-11,2.844432400187561e-11,1.4043154299855448e-11,1.3641677536580146
1.5152,3.285667526390206e-11,2.243281166351451e-11,3.3398747863507176e-11,2.8448142986635973e-11,1.404504665134858e-11,1.8845972683810444
1.51568,3.4805545241306506e-11,2.2479072035692223e-11,3.3466379808847135e-11,2.8506312989380792e-11,1.4074289616322688e-11,2.299454726507021
1.51616,3.4813243690042395e-11,2.2497615419261837e-11,3.354969700242372e-11,2.8532243580797238e-11,1.4088259443700008e-11,2.295808430517817
1.51663,3.245631112740563e-11,2.2472324136486502e-11,3.3470875337865175e-11,2.8503507781894594e-11,1.407321889000284e-11,1.7842894055638046
1.51711,2.826909691914745e-11,2.248362739704441e-11,3.358947465502447e-11,2.851168293401884e-11,1.4078576158763507e-11,0.9555866886885883
1.51759,2.48667550240495e-11,2.25013956062415e-11,3.3495578490257445e-11,2.8532836331373994e-11,1.4088863997733717e-11,0.363945006536546
1.51807,2.1472834228797584e-11,2.2516625865853617e-11,3.351717254782898e-11,2.8551722570236807e-11,1.4098865498418771e-11,-0.1489414417573615
1.51855,1.8897708661521654e-11,2.255315120975123e-11,3.35725349058781e-11,2.859850468099586e-11,1.4121300059642473e-11,-0.4899912624415654
1.51903,1.5911055440311773e-11,2.2519132374356836e-11,3.352150928824547e-11,2.8555147607330998e-11,1.4100356138867818e-11,-0.8236733896283762
1.51951,1.4120011357327108e-11,2.2549506819572307e-11,3.3564592438687987e-11,2.8592770967590603e-11,1.4120011357327108e-11,-1.272367189597264
1.51999,1.4103039348769278e-11,2.25235676669006e-11,3.352880290018414e-11,2.8560959688122802e-11,1.4103039348769278e-11,-1.5440774430242596
1.52046,1.396889330680058e-11,2.2310862667350657e-11,3.3221106019307095e-11,2.8294750659697007e-11,1.396889330680058e-11,-1.392724540340556
1.52094,1.3960213593032125e-11,2.2299505814855717e-11,3.3207859884578584e-11,2.8281989580731296e-11,1.3960213593032125e-11,-1.1695114046930453
1.52142,2.2040796848979885e-11,2.22625447618895e-11,3.314642797923227e-11,2.8232781434013514e-11,1.3937968495915278e-11,-0.032630121117317175
1.5219,2.3918511548584654e-11,2.2239700571851587e-11,3.3112984018866936e-11,2.8203873605296977e-11,1.3923903386297813e-11,0.2577905418886718
1.52238,2.6055742577317528e-11,2.221850298686526e-11,3.3256405419063485e-11,2.8303240007814047e-11,1.39114164759623e-11,0.6172564682312851
1.52286,2.926931177166725e-11,2.2196826524400124e-11,3.3042422377907007e-11,2.8146884465301705e-11,1.3898134655877864e-11,1.215126481637685
1.52334,3.171650293220003e-11,2.2164657139552828e-11,3.29915181938623e-11,2.8104744508498842e-11,1.3878877965979984e-11,1.72189529195758
1.52382,3.342601473818428e-11,2.211822561524179e-11,3.292155478497872e-11,2.8045616826265103e-11,1.3849599064355531e-11,2.1112122281286925
1.5243,3.312492012677551e-11,2.209344180769872e-11,3.28874744749214e-11,2.801524188860648e-11,1.3833942718772842e-11,2.052485283874048
1.52479,3.1902821465848535e-11,2.2170739785430616e-11,3.2966623365508507e-11,2.8096136416278938e-11,1.3889971711775134e-11,1.7667073311559238
1.52527,2.823941231271191e-11,2.2093992450842778e-11,3.289122730647069e-11,2.8017136231854575e-11,1.3833507403034298e-11,1.042501232358058
1.52575,2.5199838266752892e-11,2.212647658475574e-11,3.293933624665882e-11,2.8058450511480425e-11,1.3853955725008019e-11,0.48721467009940606
1.52623,2.1405907817711174e-11,2.2108332548825288e-11,3.291860954638961e-11,2.8037368785153175e-11,1.3842416468812187e-11,-0.10285962272908138
1.52671,1.854022795434493e-11,2.2118582727995485e-11,3.292990580332262e-11,2.8049479686019917e-11,1.384839793867653e-11,-0.4891717738163532
1.52719,1.54936858937025e-11,2.2091156732215115e-11,3.2887122828111645e-11,2.8013680173696132e-11,1.3831787099872764e-11,-0.8357866824326299
1.52767,1.3813615861417448e-11,2.206646263756048e-11,3.2853420288715436e-11,2.7984095521811136e-11,1.3813615861417448e-11,-1.06365780365056
1.52816,1.3806161688191056e-11,2.2050491007637045e-11,3.2826472064264156e-11,2.7962087699330154e-11,1.3806161688191056e-11,-1.3796797495144475
1.52864,1.3806384865610805e-11,2.2050830747067862e-11,3.282632011445081e-11,2.7962312290578193e-11,1.3806384865610805e-11,-1.551624653960506
1.52912,1.3799575727508453e-11,2.2040120136525527e-11,3.2808677412671955e-11,2.7947813312136225e-11,1.3799575727508453e-11,-1.661734342923422
1.5296,1.3805238212287034e-11,2.204688455877627e-11,3.2816675936955463e-11,2.7955567415242392e-11,1.3805238212287034e-11,-1.3106537580862347
1.53008,1.4362654436526844e-11,2.2020456103356392e-11,3.277852199531448e-11,2.7922632096994035e-11,1.378795104181116e-11,-0.9450801098893834
1.53057,1.7349746525269375e-11,2.2023817733333904e-11,3.2785703009577425e-11,2.7927796763372086e-11,1.3789707097460743e-11,-0.6240957026862013
1.53105,2.0743819468092906e-11,2.205300200442811e-11,3.283155637843365e-11,2.796566190537613e-11,1.38082947266954e-11,-0.18943023814965457
1.53153,2.1541535045051864e-11,2.2067422679181037e-11,3.285547629979964e-11,2.7985143511111168e-11,1.3816090041620331e-11,-0.07751765775170771
1.53202,2.149101132492796e-11,2.2053226564119024e-11,3.2830452859969e-11,2.7965492805213222e-11,1.3807887499342867e-11,-0.08280442071173587
1.5325,2.245502076447791e-11,2.204679243245008e-11,3.281994968589186e-11,2.7956913094705415e-11,1.3804326708255784e-11,0.06153486639535706
1.53298,2.2964285479767333e-11,2.2023315014514305e-11,3.2786250362618174e-11,2.792804746046364e-11,1.3789034259717036e-11,0.14360314936246793
1.53347,2.5187566510008472e-11,2.206384334205062e-11,3.284643371226067e-11,2.7979532247575007e-11,1.3814176637892854e-11,0.49217050741470264
1.53395,2.634034582538729e-11,2.2075060592812455e-11,3.285821850923402e-11,2.799091214226428e-11,1.382375923484851e-11,0.697428631190852
1.53444,2.7045620616032623e-11,2.2037242575053458e-11,3.2802595321886955e-11,2.7943533637275486e-11,1.3798429189825509e-11,0.8325159785524425
1.53492,2.7163868208372868e-11,2.205822998531797e-11,3.2881852227884475e-11,2.7970059161215727e-11,1.3811453056864109e-11,0.8494082506153057
1.5354,2.72645326353621e-11,2.202329759477241e-11,3.278469034029728e-11,2.7926965140444948e-11,1.3789350768956574e-11,0.8762218890545233
1.53589,2.617164887198243e-11,2.2029687548491277e-11,3.279508418165786e-11,2.7935559253791505e-11,1.3792949452325371e-11,0.6766563518534038
1.53637,2.5774257239129505e-11,2.204114696977854e-11,3.2812747297623704e-11,2.7950326305716337e-11,1.3800195214610253e-11,0.6044540058429962
1.53686,2.4303521682347407e-11,2.2027649809583496e-11,3.279243433041343e-11,2.7933096543531354e-11,1.3792012972021296e-11,0.3575407360037235
1.53734,2.272466865955179e-11,2.1995733307995147e-11,3.274619751090129e-11,2.7893187372007948e-11,1.3771613754993348e-11,0.11085266338474357
1.53783,2.0795634829639338e-11,2.1987053347549914e-11,3.273088518394178e-11,2.7881186247576008e-11,1.3766481324313023e-11,-0.17346409938609583
1.53831,1.792194386848115e-11,2.2020219345073048e-11,3.2779453027175555e-11,2.792279157197416e-11,1.3787669053546661e-11,-0.5552803778013616
1.5388,1.453133821417207e-11,2.202434942499498e-11,3.2783137230184496e-11,2.7926942725193417e-11,1.379157129423349e-11,-0.9287029933194693
1.53928,1.3801408058882151e-11,2.2043599883606378e-11,3.2815348854008166e-11,2.7953069994431678e-11,1.3801408058882151e-11,-1.1203632062260505
1.53977,1.3815904674158147e-11,2.209298887548191e-11,3.2940395112507246e-11,2.807374302622156e-11,1.3815904674158147e-11,-1.305987703602873
1.54026,1.3782356207312769e-11,2.2012428655628746e-11,3.27673277220568e-11,2.7912821003651932e-11,1.3782356207312769e-11,-1.0645926126671845
1.54074,1.7302450411783873e-11,2.2012702878306694e-11,3.2770017296197025e-11,2.7914101794555927e-11,1.378278477552728e-11,-0.6286244067945957
1.54123,2.0500730490879063e-11,2.201161473211253e-11,3.2769521088701e-11,2.7913228622637975e-11,1.3781472307680036e-11,-0.2180999790114035
1.54172,2.2230976631036355e-11,2.2046233499229586e-11,3.283972176634763e-11,2.7963088525294103e-11,1.380177307568837e-11,0.027736907892502546
1.5422,2.473584745071364e-11,2.199032884929404e-11,3.273787192684233e-11,2.7884561413284438e-11,1.3768653289742404e-11,0.4366120042687413
1.54269,2.549976283177557e-11,2.200023336598959e-11,3.2749143480220124e-11,2.7897291667282043e-11,1.3775206465527649e-11,0.5648793176073347
1.54318,2.537966374978787e-11,2.2019807175951288e-11,3.282030685046051e-11,2.7924452054504857e-11,1.378744363603253e-11,0.540247159848911
1.54366,2.5423824387499703e-11,2.2037085004676688e-11,3.280239310623489e-11,2.7943601531223287e-11,1.3798500783724183e-11,0.5442206633653334
1.54415,2.5940560102241562e-11,2.204748898231121e-11,3.281716751210681e-11,2.7956189443910062e-11,1.38055063167327e-11,0.6320951443003083
1.54464,2.5632464420867444e-11,2.206684111574868e-11,3.2847254134956326e-11,2.798131066619318e-11,1.3816633073144375e-11,0.5742425727421699
1.54513,2.4591593095260466e-11,2.2090949055750287e-11,3.2878527279260934e-11,2.8009811944185355e-11,1.3833304344132695e-11,0.393249274439344
1.54561,2.497639524164271e-11,2.2497771376510868e-11,3.32094191612288e-11,2.837015557702705e-11,1.4379053289505056e-11,0.39281813031114926
1.5461,2.354962309422138e-11,2.2075239249603502e-11,3.2978273469873604e-11,2.8041332588796166e-11,1.3821692441536293e-11,0.22702645015689463
1.54659,2.1169105020258707e-11,2.2057526544709445e-11,3.2838017052295217e-11,2.7971451340519613e-11,1.3810583770197307e-11,-0.12986301425281893
1.54708,2.0368811335999138e-11,2.2077031331154357e-11,3.286429275395791e-11,2.7995028514995572e-11,1.3822968499844156e-11,-0.24471646364691277
1.54757,1.90389777931824e-11,2.2046636368469983e-11,3.2818837001087403e-11,2.795641667663371e-11,1.3804357420937142e-11,-0.4181511696301438
1.54805,1.9325442612486277e-11,2.2085782740521484e-11,3.287772077597572e-11,2.8006264942363423e-11,1.382860474896726e-11,-0.38545982037234666
1.54854,1.8854589609067145e-11,2.2090553449494912e-11,3.2885101695752914e-11,2.801243787862084e-11,1.3831526140891421e-11,-0.4466053192263967
1.54903,1.870644920639867e-11,2.214760701001327e-11,3.2969480434100774e-11,2.8084548237049213e-11,1.3866988120165865e-11,-0.4714668753255005
1.54952,1.9730271407062876e-11,2.221148856179978e-11,3.305900276381889e-11,2.816300928460384e-11,1.3908273740585094e-11,-0.3469005335662538
1.55001,2.0014633672556115e-11,2.216136864534575e-11,3.3060136003871885e-11,2.8143766949037418e-11,1.3874148196011539e-11,-0.3033829387142188
1.5505,2.2941092162911264e-11,2.2193745197997283e-11,3.3040577497489866e-11,2.8144063330537475e-11,1.3895775444657993e-11,0.11267129285623957
1.55099,2.3819272710816306e-11,2.219309061626085e-11,3.3039416185471925e-11,2.814316479184243e-11,1.3895386732209277e-11,0.24992695870346218
1.55148,2.2194504292882232e-11,2.2223516020492504e-11,3.308540721395668e-11,2.8181953734540784e-11,1.3914725602331416e-11,-0.0042063021791940705
1.55197,1.9421182835394403e-11,2.222229283795677e-11,3.3081334608735485e-11,2.8179493870181588e-11,1.3913999275107468e-11,-0.3885387446726162
1.55246,1.838523719711363e-11,2.2249493109777464e-11,3.311807142583021e-11,2.8212366587890794e-11,1.3932089169352872e-11,-0.5216486944447005
1.55295,1.907102697604277e-11,2.229242623774499e-11,3.3180433906811e-11,2.8266172455332057e-11,1.3958939967507772e-11,-0.4409631361260246
1.55344,2.1508269536079813e-11,2.230709245907596e-11,3.3199254335431666e-11,2.8284372863862342e-11,1.3968135050630429e-11,-0.11566258647440181
1.55393,2.4697441644989115e-11,2.226093717415253e-11,3.31291432678587e-11,2.822436882403777e-11,1.3940328802184626e-11,0.37958626300417814
1.55442,2.734128996805364e-11,2.224649584667343e-11,3.3107659599307284e-11,2.8206134989676744e-11,1.3930005083811228e-11,0.838415324642603
1.55491,3.0468631157071256e-11,2.2172676755182692e-11,3.300341775173064e-11,2.811435640552429e-11,1.3883269612448894e-11,1.4604516337311013
1.5554,3.204507424448711e-11,2.2166813256911983e-11,3.303646251562445e-11,2.810499838849056e-11,1.3878615903004198e-11,1.7926414897855945
1.5559,3.260473437552774e-11,2.2161235692496477e-11,3.3093781796647525e-11,2.811130626660174e-11,1.3875375226363576e-11,1.9168231543427625
1.55639,3.243786982498614e-11,2.216990934038244e-11,3.300608830988979e-11,2.8114496079154662e-11,1.387971315269755e-11,1.875765207742902
1.55688,3.078460761787784e-11,2.2191929091596176e-11,3.3037467782336826e-11,2.8141533201089312e-11,1.3894943515519985e-11,1.520837835453426
1.55737,2.81898132035387e-11,2.2226312286825983e-11,3.30895288033393e-11,2.8185436338545848e-11,1.3917046162498276e-11,1.0016789410650229
1.55786,2.5366696280224914e-11,2.2252356382121303e-11,3.3132487679299376e-11,2.8220406590365374e-11,1.3931271986329341e-11,0.49283324146465324
1.55835,1.8671829496348e-11,2.222452454521073e-11,3.3138622860161894e-11,2.8184792076935203e-11,1.391427344579062e-11,-0.48393817254750227
1.55885,1.3878546997127583e-11,2.2199098474097412e-11,3.314328373778783e-11,2.8216802654530822e-11,1.3878546997127583e-11,-1.1461941515562823
1.55934,1.3988537600683903e-11,2.2242807456559793e-11,3.3082614328865176e-11,2.818705903737367e-11,1.3988537600683903e-11,-1.9504283868272327
1.55983,1.3882764691720561e-11,2.217338409525545e-11,3.303586401988927e-11,2.811804523967321e-11,1.3882764691720561e-11,-2.345717123767325
1.56032,1.3876750674177841e-11,2.2146781990009554e-11,3.298293895138107e-11,2.8091418748610146e-11,1.3876750674177841e-11,-2.3827257727406645
1.56082,1.3916331648734985e-11,2.2224848011561822e-11,3.308201803765298e-11,2.8181435980826718e-11,1.3916331648734985e-11,-2.3189435875549567
1.56131,1.3950344169444972e-11,2.227911705596695e-11,3.316151523383335e-11,2.824973518613855e-11,1.3950344169444972e-11,-1.8383799146758661
1.5618,1.3955500457344453e-11,2.2287739732001536e-11,3.317621261225128e-11,2.8261402260846737e-11,1.3955500457344453e-11,-1.100320463602089
1.5623,2.2453733455805447e-11,2.242701477665296e-11,3.34914671583876e-11,2.8521255191391767e-11,1.4015199399331581e-11,0.003952189373109641
1.56279,2.6981334630686396e-11,2.2331079413427657e-11,3.323973670928691e-11,2.8316025152973142e-11,1.3982307162035255e-11,0.7560311783094477
1.56328,2.716404787788573e-11,2.2275702544583407e-11,3.315942510116301e-11,2.824656835669742e-11,1.3948390264419243e-11,0.8011161676064323
1.56378,2.6706013903159213e-11,2.2258801039353355e-11,3.315371528231068e-11,2.8238573544042735e-11,1.3928639682483853e-11,0.7242391335593783
1.56427,2.5325062367719074e-11,2.221245745513458e-11,3.3069987097849774e-11,2.8168363483226554e-11,1.3907206741659053e-11,0.49345764862251446
1.56477,2.5113447373194622e-11,2.2220965382416913e-11,3.3082924932943155e-11,2.8179486092824716e-11,1.3911619987017602e-11,0.45600990467457064
1.56526,2.4155125829606508e-11,2.227821284523195e-11,3.316216769543743e-11,2.82491583617121e-11,1.3949673912730901e-11,0.2886565218971601
1.56576,2.2723202946595098e-11,2.242097879218699e-11,3.340541959516372e-11,2.844196864281796e-11,1.403456712494975e-11,0.04469254334199598
1.56625,1.9754506385412153e-11,2.2302373559186796e-11,3.3206759925171495e-11,2.828378015109162e-11,1.3962223222981522e-11,-0.3545190151035129
1.56675,2.093019482896828e-11,2.2270968701883194e-11,3.3155428708270927e-11,2.82417710097944e-11,1.3944905931357762e-11,-0.1919869535009988
1.56724,2.263274196065793e-11,2.3258351284848792e-11,3.39442481683231e-11,2.911854192757878e-11,1.4774835418186642e-11,-0.09495555300209026
1.56774,2.5504975644012124e-11,2.228249277897131e-11,3.316738290694721e-11,2.8254202220967967e-11,1.3952113862675594e-11,0.5098393885035162
1.56823,2.6897463426386598e-11,2.2261904221438983e-11,3.313861749419952e-11,2.82291259738097e-11,1.393881450807058e-11,0.7561855149935371
1.56873,2.7953869755905172e-11,2.2239953481430036e-11,3.322904559743847e-11,2.821259607179112e-11,1.3924920772584613e-11,0.9538506671013766
1.56922,3.035507108259848e-11,2.2477409694941794e-11,3.333004110982568e-11,2.8442191615725937e-11,1.3965075760676194e-11,1.387164049569764
1.56972,3.2443347161067096e-11,2.256172687319756e-11,3.340221665126091e-11,2.8513144075535283e-11,1.4134367082098548e-11,1.8040919123774413
1.57021,2.9509048681397917e-11,2.2249415072892182e-11,3.321957497591606e-11,2.8208373520083868e-11,1.392535462854391e-11,1.2491532698207801
1.57071,2.7235307055080713e-11,2.22950874876468e-11,3.3190239015577135e-11,2.8272012687575477e-11,1.3958918951167387e-11,0.8093210484379699
1.57121,2.0671513778156887e-11,2.254673526534181e-11,3.344876093147943e-11,2.8535756428641438e-11,1.3971359931923428e-11,-0.26689909426691244
1.5717,1.3876662944459524e-11,2.2163708832563864e-11,3.29993450733325e-11,2.8105262716932713e-11,1.3876662944459524e-11,-1.525488694836081
1.5722,1.393149942765225e-11,2.2155498854515442e-11,3.29063219288099e-11,2.8051515227708442e-11,1.393149942765225e-11,-2.566600239817307
1.5727,1.3969773056102596e-11,2.2167037813616177e-11,3.285701775714548e-11,2.8026394686620708e-11,1.3969773056102596e-11,-3.133328522737095
1.5732,1.3702350834714848e-11,2.1883241546354113e-11,3.257342288455877e-11,2.7748216857730973e-11,1.3702350834714848e-11,-3.038103820886258
1.57369,1.3679449836100156e-11,2.184681474040466e-11,3.252046345687659e-11,2.7702399146233167e-11,1.3679449836100156e-11,-2.6800732281775024
1.57419,1.3604671762748545e-11,2.172783639460781e-11,3.234435370085448e-11,2.755210529170974e-11,1.3604671762748545e-11,-2.109298166632054
1.57469,1.361135524033891e-11,2.1738042539865086e-11,3.2358923380836174e-11,2.756482918622377e-11,1.361135524033891e-11,-1.6816635180424413
1.57519,1.4990733384979264e-11,2.1793205378633668e-11,3.246253826497362e-11,2.7644871021893647e-11,1.3637481021545687e-11,-0.8673064410617779
1.57568,1.9864651927940478e-11,2.1840959208224405e-11,3.252951826779343e-11,2.7698360178616175e-11,1.3674729894807994e-11,-0.28419697575328323
1.57618,2.6239883963337584e-11,2.184282900865183e-11,3.256387408428535e-11,2.7738330586621868e-11,1.366637935855018e-11,0.707835437270856
1.57668,3.031104657136881e-11,2.1767352066271655e-11,3.2403639719076494e-11,2.7602373127407444e-11,1.3628792121169972e-11,1.5446116458935455
1.57718,3.171728622314798e-11,2.1708437960827704e-11,3.231513101442663e-11,2.7527474843413764e-11,1.3592901361313323e-11,1.8663434099634961
1.57768,3.2510939884505055e-11,2.1735920234696392e-11,3.235724881030658e-11,2.756263517682104e-11,1.3609645094939193e-11,2.03503545056447
1.57818,3.110284197457593e-11,2.2052825704245812e-11,3.264359110249822e-11,2.7865816487973448e-11,1.3815772168125525e-11,1.6764022158064513
1.57867,2.944305648699608e-11,2.179115693216541e-11,3.243599310287502e-11,2.7631367296557775e-11,1.3644845856620985e-11,1.3576851755023707
1.57917,2.7619200845598827e-11,2.1826621515473443e-11,3.248027502432875e-11,2.7670435145900746e-11,1.3678904952395665e-11,0.993935073960868
1.57967,2.201872842655604e-11,2.182334838140551e-11,3.249099527418535e-11,2.7675035917887276e-11,1.3663553076739444e-11,0.029605869237913564
1.58017,1.744697197057237e-11,2.179859021369793e-11,3.246124808180014e-11,2.7647905878552136e-11,1.3639223491262417e-11,-0.59210859708442
1.58067,1.3671602646498694e-11,2.2401959697436417e-11,3.305325928524964e-11,2.8268057314053646e-11,1.3671602646498694e-11,-1.1182024006553233
1.58117,1.3673861894146758e-11,2.1838830872254714e-11,3.25102399224676e-11,2.769310937719555e-11,1.3673861894146758e-11,-1.080861758324629
1.58167,1.7438652413919496e-11,2.179876862291495e-11,3.2452322756574225e-11,2.7642981378190165e-11,1.3648754008335821e-11,-0.5922054694032172
1.58217,2.1589817264686258e-11,2.176736155624759e-11,3.240690711093408e-11,2.7603873928816938e-11,1.3628243227454279e-11,-0.026773445561744193
1.58267,2.426670520315395e-11,2.1756825098909524e-11,3.238893805914733e-11,2.758955248946006e-11,1.3622205358539606e-11,0.40139271494485956
1.58317,2.4927016000938295e-11,2.178042491040765e-11,3.241759750322995e-11,2.761659285226954e-11,1.3638859274369978e-11,0.5094666299442611
1.58367,2.5160315926865015e-11,2.179318351282934e-11,3.2460657913470415e-11,2.764370121842318e-11,1.3660057506367795e-11,0.549231627016665
1.58418,2.5310317695099143e-11,2.176931960830323e-11,3.2421286620131795e-11,2.7614446422512906e-11,1.3610379780307726e-11,0.49590274454666206
1.58468,2.499197664415308e-11,2.1755612932419388e-11,3.238402817462932e-11,2.7586469777588837e-11,1.3622556090696176e-11,0.525734418450661
1.58518,2.4563411793237603e-11,2.1675612206477626e-11,3.226706193258662e-11,2.748599033803451e-11,1.3572575736741062e-11,0.46754687441763015
1.58568,2.3161425912266145e-11,2.163494345548572e-11,3.220691490696671e-11,2.7434575657714415e-11,1.3546906092130561e-11,0.2404592658580497
1.58618,2.159609260888231e-11,2.158713654157165e-11,3.2135988072931974e-11,2.737421384556726e-11,1.351615774845441e-11,0.0013627046130774117
1.58668,1.9784419364677634e-11,2.1577147078077787e-11,3.212012365521492e-11,2.7361174526178143e-11,1.3509690322074112e-11,-0.2620109372467063
1.58718,1.8316863355853106e-11,2.156805217683797e-11,3.210486046184692e-11,2.7348924198223814e-11,1.3504406763832274e-11,-0.4585288145112297
1.58769,1.840385683316617e-11,2.1582186837722858e-11,3.212079959845722e-11,2.7364342195358307e-11,1.3515130711865063e-11,-0.4486542605767805
1.58819,2.008651787888464e-11,2.1575359754901077e-11,3.211480689581223e-11,2.735777226828951e-11,1.3509279288295798e-11,-0.21920168883758412
1.58869,2.0651091701917412e-11,2.1577987085432053e-11,3.2118062378037955e-11,2.7360617751469046e-11,1.3511974415079326e-11,-0.13819104081175287
1.58919,2.2358372484230233e-11,2.156963958929516e-11,3.210859614226336e-11,2.735149687060768e-11,1.3505221387138815e-11,0.1224296924563942
1.5897,2.2735954695501784e-11,2.1384935838765474e-11,3.183490485420852e-11,2.7117649640034504e-11,1.339014070468339e-11,0.2143628688835249
1.5902,2.3133744859564047e-11,2.1373741697781868e-11,3.185348305851503e-11,2.7104956628890065e-11,1.338253285618585e-11,0.2819311125376697
1.5907,2.3188389554249607e-11,2.1375037557919037e-11,3.181694011965219e-11,2.7103796642520725e-11,1.3384175411230035e-11,0.29092932903056445
1.59121,2.312756145816511e-11,2.1385576742614082e-11,3.183152399372389e-11,2.711669370466823e-11,1.3390987044249451e-11,0.27881897377169046
1.59171,2.244874642837161e-11,2.1374769689757594e-11,3.181680920031557e-11,2.7103559129677403e-11,1.3384208395757712e-11,0.16950256316037163
1.59221,2.140214168885546e-11,2.1346766289383205e-11,3.1777820515542974e-11,2.7069340152223903e-11,1.3365280677249749e-11,0.00845504544846692
1.59272,2.0214114562928635e-11,2.1345515773302787e-11,3.177703168562308e-11,2.7068161536240675e-11,1.3364591776496205e-11,-0.16978446332915437
1.59322,1.9266483556290417e-11,2.135137005715805e-11,3.1786221707057906e-11,2.7075664618682837e-11,1.3368912920764053e-11,-0.30548705566211926
1.59372,1.8152805179251228e-11,2.1215216429462526e-11,3.1584953511280096e-11,2.6903736491788265e-11,1.328261314329209e-11,-0.44067618862687785
1.59423,1.7775873120145484e-11,2.109318714911875e-11,3.140308217754777e-11,2.6748929722187066e-11,1.3206042811303826e-11,-0.47679340974720674
1.59473,1.743794866596281e-11,2.103558104391989e-11,3.1316595279293566e-11,2.667549676159205e-11,1.3170535211066507e-11,-0.514560414333159
1.59524,1.7185728789233327e-11,2.0973877221131575e-11,3.122343810159487e-11,2.65968699770751e-11,1.3131857561956132e-11,-0.5405688297818876
1.59574,1.5676522551693215e-11,2.0989682686212907e-11,3.1243825391879754e-11,2.661527549924349e-11,1.3142779234511395e-11,-0.7272894360665485
1.59625,1.7135007961718714e-11,2.0962593742682144e-11,3.120367666266222e-11,2.658102613417489e-11,1.3125778904317723e-11,-0.5457931550837879
1.59675,1.76236793212681e-11,2.0939673333127207e-11,3.11694475427886e-11,2.6551980212234832e-11,1.3111634787224026e-11,-0.47966311602207223
1.59726,1.8148484148454486e-11,2.0924431172630748e-11,3.114629731869497e-11,2.6532573538387727e-11,1.3101576125803315e-11,-0.4074906476103683
1.59776,1.8299163382331654e-11,2.0919114556365273e-11,3.1137878141695036e-11,2.652549600191772e-11,1.3098872668515975e-11,-0.38614510801324103
1.59827,1.8612471429360698e-11,2.090475823967234e-11,3.11164518812112e-11,2.650727822725707e-11,1.309001867710946e-11,-0.34086950057850673
1.59877,1.8945116559925563e-11,2.0903000936767442e-11,3.1115614255701845e-11,2.650612960701034e-11,1.3085194467399565e-11,-0.29400142996331874
1.59928,1.7988973538814464e-11,2.096518587131291e-11,3.120990075501811e-11,2.659460284347144e-11,1.3084221250938206e-11,-0.4365633614296562
1.59979,1.9041087382817566e-11,2.090592031081199e-11,3.111842135012688e-11,2.6508820286214617e-11,1.3090863734570818e-11,-0.2802566309490438
1.60029,2.0887059971791817e-11,2.0904538153193694e-11,3.1119386037664744e-11,2.6508501118957834e-11,1.308869711239836e-11,-0.002705835845496801
1.6008,2.3037417757894485e-11,2.0905538808325426e-11,3.112694242716243e-11,2.651084691189633e-11,1.308891636377103e-11,0.35264868739222055
1.60131,2.520527592989273e-11,2.092911085835835e-11,3.11589749318336e-11,2.654067561063254e-11,1.3103814639729563e-11,0.7410099830320769
1.60181,2.6234750526012195e-11,2.092473689814323e-11,3.115006665983709e-11,2.6533880607903887e-11,1.310137537904796e-11,0.940975759085313
1.60232,2.507716580180164e-11,2.0926413606702073e-11,3.1152631135708774e-11,2.653648470430912e-11,1.3102057211921584e-11,0.7174023218728527
1.60283,2.424222384463773e-11,2.0909282250578083e-11,3.112743939163607e-11,2.6514888413843105e-11,1.3091715232487603e-11,0.5662756702650458
1.60334,2.3489585637169956e-11,2.091913793875844e-11,3.1142318197173636e-11,2.6527431675467763e-11,1.3097970190762864e-11,0.42914017730892395
1.60384,2.3061478971578698e-11,2.0900867916287707e-11,3.111426125442911e-11,2.650362835120659e-11,1.3086842592131997e-11,0.3577446095310739
1.60435,2.3120343501100103e-11,2.0893740490695726e-11,3.110304209371701e-11,2.6494755030335332e-11,1.308244560551299e-11,0.3693308380851619
1.60486,2.432690801081856e-11,2.0887324820777593e-11,3.109316914819958e-11,2.6486302629734822e-11,1.3078768729143357e-11,0.5864992070524997
1.60537,2.346791961701374e-11,2.0898708886167028e-11,3.111090371378816e-11,2.6501030457072285e-11,1.3085674335350262e-11,0.42941619627784805
1.60587,2.2495977302405248e-11,2.0895668587547685e-11,3.110677209269157e-11,2.649731257593818e-11,1.3083930545016632e-11,0.2616619625626755
1.60638,2.177808411147319e-11,2.088878245775678e-11,3.1093501667859595e-11,2.648739205000942e-11,1.3080107238338345e-11,0.14315068686755525
1.60689,2.224225776943856e-11,2.089378831325361e-11,3.110149133461538e-11,2.6494025104314575e-11,1.3082447584795665e-11,0.2191320207194386
1.6074,2.354358236300256e-11,2.0903915026931865e-11,3.1117273052634014e-11,2.6507153934954894e-11,1.308876631403421e-11,0.4416282523346817
1.60791,2.352574922215413e-11,2.094326618973901e-11,3.117570937796505e-11,2.6556850536083083e-11,1.3113503675634865e-11,0.4306717671402557
1.60842,2.1115103875251446e-11,2.0999642923607834e-11,3.1259248892436415e-11,2.662831342944993e-11,1.3148429711108686e-11,0.01808056651537296
1.60893,1.8711324172151418e-11,2.0987919293247338e-11,3.12430286244111e-11,2.6614075064329254e-11,1.3140242440435356e-11,-0.33757402727102137
1.60944,1.631590778989093e-11,2.0997309442857923e-11,3.125581711961209e-11,2.6625303055166277e-11,1.3147430852176777e-11,-0.651655641738492
1.60995,1.6095806939105058e-11,2.0977387896399783e-11,3.12277048850487e-11,2.660070279286623e-11,1.3134906619191772e-11,-0.6764405835588166
1.61046,1.5418941055843176e-11,2.1044595145333174e-11,3.1291619226097006e-11,2.6665833108489987e-11,1.319059687089614e-11,-0.7604474924496705
1.61097,1.7506306998489155e-11,2.099152398356431e-11,3.1252897729462866e-11,2.6621102512827116e-11,1.313681871466029e-11,-0.501529501543666
1.61148,1.803540531254503e-11,2.0984154892455866e-11,3.123724936717471e-11,2.6609180635335502e-11,1.3138761081193108e-11,-0.42980526766784527
1.61199,1.8442719959971796e-11,2.0975079189870137e-11,3.1223256792655065e-11,2.6597364513555003e-11,1.3133547139254565e-11,-0.3731539647380641
1.6125,2.03646493043321e-11,2.0962037330375013e-11,3.125016730218055e-11,2.65813383370822e-11,1.3124833576571268e-11,-0.09244517402784144
1.61301,2.0537781395419794e-11,2.097323302446685e-11,3.122207775523184e-11,2.659570279256343e-11,1.3131865270025513e-11,-0.06760158894617317
1.61352,2.17469868531333e-11,2.096513063354218e-11,3.1294308293188916e-11,2.6582689839678463e-11,1.3127986430110743e-11,0.1250056858082322
1.61403,2.2983400044248714e-11,2.099789398791534e-11,3.12589853349345e-11,2.6627123298412572e-11,1.3146989332780111e-11,0.32579719130901424
1.61454,2.4037379302770032e-11,2.0991063218683797e-11,3.124755195326035e-11,2.661782384974557e-11,1.3143610252985635e-11,0.5121904251869586
1.61505,2.427158184867993e-11,2.0995122955787065e-11,3.125371212661963e-11,2.662303996056457e-11,1.314637257170785e-11,0.5535607030964343
1.61556,2.3516302989817327e-11,2.0971789769919537e-11,3.121923749347625e-11,2.6593629390208185e-11,1.3130951453685528e-11,0.4233483151574342
1.61608,2.419323908475262e-11,2.1173283436954848e-11,3.136276483867457e-11,2.6759265632659542e-11,1.3375656517628497e-11,0.5007637329278235
1.61659,2.3839817396503145e-11,2.093617393604415e-11,3.116694697881343e-11,2.654872299337408e-11,1.3108341813331821e-11,0.4878578100780188
1.6171,2.320078399922349e-11,2.0946201761034795e-11,3.1181564855074746e-11,2.656139242729495e-11,1.3114725601393001e-11,0.373128584576735
1.61761,2.1824661841939212e-11,2.0953291187206872e-11,3.119071106049956e-11,2.6569736925110468e-11,1.3119717584963184e-11,0.13966281783032283
1.61812,2.009481905100806e-11,2.0971518255320425e-11,3.1217219109761026e-11,2.6592573156475615e-11,1.3131196028500832e-11,-0.1346416772594155
1.61864,1.7797869378774633e-11,2.0966017114715363e-11,3.120978920410295e-11,2.6585953920320987e-11,1.3127654915472112e-11,-0.4595397445576747
1.61915,1.4852301819907445e-11,2.0966215528360665e-11,3.120945791889946e-11,2.658586042160031e-11,1.3127503938560662e-11,-0.8194356487040784
1.61966,1.312204486865061e-11,2.0957053570525865e-11,3.119552747925228e-11,2.6574179020368018e-11,1.312204486865061e-11,-1.177336550186614
1.62018,1.311366425840115e-11,2.094367833554451e-11,3.117538218080387e-11,2.6557178942225276e-11,1.311366425840115e-11,-1.2992028743826678
1.62069,1.3109926014340389e-11,2.0937768272568586e-11,3.116670049132098e-11,2.654970141643261e-11,1.3109926014340389e-11,-1.0713365188391801
1.6212,1.5818447625211084e-11,2.0959190148157963e-11,3.120097792725455e-11,2.657784668948306e-11,1.312283395202565e-11,-0.7079665505221022
1.62172,2.1631085595409287e-11,2.0964269379756002e-11,3.1206994398364074e-11,2.6583628695561353e-11,1.3126619784209776e-11,0.10631908069391653
1.62223,2.5089982199201257e-11,2.0989358674526244e-11,3.124461026683162e-11,2.6615493397142644e-11,1.3142281821924286e-11,0.7054617000616823
1.62274,2.8006601438625355e-11,2.0972865718297913e-11,3.1219955163039887e-11,2.6594676992494144e-11,1.3132042536378391e-11,1.2881290872590998
1.62326,2.7940445063073957e-11,2.0969941544643656e-11,3.1215495921949985e-11,2.6590897500795845e-11,1.3129929966578876e-11,1.275324633166607
1.62377,2.6200198621171564e-11,2.0946050955235183e-11,3.1181968571751267e-11,2.6561470361566906e-11,1.3114354665468061e-11,0.9286494202130346
1.62429,2.357683746329747e-11,2.094152361616102e-11,3.1174345490435555e-11,2.655521906505244e-11,1.3111897510609561e-11,0.4400623673565212
1.6248,2.0039643086159624e-11,2.0949051242473522e-11,3.118115371469155e-11,2.6562771657517452e-11,1.3117282508076586e-11,-0.13993695638864398
1.62532,1.734073838911753e-11,2.0967101755231312e-11,3.1204618754345127e-11,2.6583626033791543e-11,1.3132313058423345e-11,-0.5193966622614353
1.62583,1.7845046364757435e-11,2.0928020991991277e-11,3.115402996177396e-11,2.6538104506619985e-11,1.3103578991184326e-11,-0.4489367815377341
1.62635,1.7119085564211003e-11,2.0915849481220146e-11,3.122975609088249e-11,2.6570803890570342e-11,1.3102333900379156e-11,-0.5424439751137741
1.62686,1.8299662968429347e-11,2.09495926754952e-11,3.1177544206037746e-11,2.6558023692773388e-11,1.3140117042784984e-11,-0.3872329138142352
1.62738,1.9272731965139564e-11,2.0945230016806858e-11,3.116980253646136e-11,2.6555898544001554e-11,1.3114621467126192e-11,-0.252200922551389
1.62789,1.9225876161844584e-11,2.092121421128332e-11,3.1141397458699955e-11,2.6528949987228353e-11,1.30993675433837e-11,-0.2558141875497876
1.62841,1.943844183558353e-11,2.0900344788397986e-11,3.1110717908228425e-11,2.6502080289950988e-11,1.3086877921241553e-11,-0.22201722332491608
1.62893,1.950377865476509e-11,2.0891753900443656e-11,3.1098572467676717e-11,2.6491460955177326e-11,1.3081354802517035e-11,-0.21126672320884726
1.62944,1.9641568114326135e-11,2.090366591671624e-11,3.111655000798703e-11,2.6506674661858593e-11,1.3088914771677968e-11,-0.19259271795203545
1.62996,2.0169786439144748e-11,2.090132024511596e-11,3.111362226406621e-11,2.6503977103311208e-11,1.3086849285745937e-11,-0.11314781772601673
1.63048,1.9579835721524436e-11,2.0888452364873662e-11,3.1094016317924314e-11,2.6487393415419656e-11,1.3079312153501273e-11,-0.1995963845458548
1.63099,1.858758821743449e-11,2.0879932410868135e-11,3.1081343739422014e-11,2.647665573527069e-11,1.3073714317530442e-11,-0.3413373078418868
1.63151,1.7472380121350387e-11,2.090394208735593e-11,3.111684930096648e-11,2.6507199093649957e-11,1.308836111192598e-11,-0.4957388017830439
1.63203,1.6836560539422625e-11,2.0879680808135683e-11,3.108055345107443e-11,2.6476308629441245e-11,1.3073438885580065e-11,-0.5753453271898196
1.63254,1.7245551047864153e-11,2.088575390967054e-11,3.10898510987973e-11,2.6483947953313128e-11,1.3077480302800428e-11,-0.5233803747231988
1.63306,1.929722807041444e-11,2.0927981341683977e-11,3.115248233981282e-11,2.6537364424076155e-11,1.3103803638978862e-11,-0.2463790941798625
1.63358,2.2351744453491674e-11,2.0989543073808384e-11,3.1242229199685834e-11,2.661458669190405e-11,1.3142949392648107e-11,0.22033461791816206
1.6341,2.3475708360180085e-11,2.0975412042557395e-11,3.122549010912688e-11,2.6598521123525624e-11,1.3133514416965234e-11,0.4154603227500886
1.63462,2.402233004885333e-11,2.0965990199983087e-11,3.1209974375120875e-11,2.6586213572700714e-11,1.3126883084554563e-11,0.5142274167088999
1.63513,2.363234846445918e-11,2.101089497141796e-11,3.127677273701195e-11,2.6642942633519818e-11,1.3156678592632356e-11,0.4361656480977139
1.63565,2.2759217273203676e-11,2.1010552161047874e-11,3.127733738754009e-11,2.6642970350910437e-11,1.3154964847255224e-11,0.28513321418913745
1.63617,2.1707884803814313e-11,2.0993882664354544e-11,3.125142938139683e-11,2.6621324242783697e-11,1.3144816576331493e-11,0.11374786355146904
1.63669,2.017221217181723e-11,2.1009026403276948e-11,3.131009590662386e-11,2.6640661701997604e-11,1.3154473501116166e-11,-0.1283659970465945
1.63721,1.980257388182464e-11,2.1030403489488203e-11,3.134905190857996e-11,2.668251300377423e-11,1.3167945407366734e-11,-0.18643463027992957
1.63773,1.9425246124308984e-11,2.1089058206408534e-11,3.1393003585901e-11,2.6742017192332893e-11,1.3204961314620763e-11,-0.24925678009003857
1.63825,1.6814983050489307e-11,2.1061549423921157e-11,3.135494244679949e-11,2.6708298024065835e-11,1.3187066001031314e-11,-0.5964466418581694
1.63877,1.5031134882161602e-11,2.1064781577190275e-11,3.136150567305573e-11,2.6713282195995575e-11,1.3187849213806776e-11,-0.8074715090254084
1.63929,1.84875334518658e-11,2.1128325823103557e-11,3.144997735291637e-11,2.67903907572749e-11,1.3232340397438296e-11,-0.3852308421506944
1.63981,1.9082899411627193e-11,2.1103583294483187e-11,3.1410251723063945e-11,2.6761350420913902e-11,1.3213157893100885e-11,-0.2999508421508356
1.64033,2.0831219777824174e-11,2.112047666484126e-11,3.1441294993915493e-11,2.6782451119738836e-11,1.3224011176566032e-11,-0.04474607196021394
1.64085,1.9956601020076408e-11,2.1154857540280635e-11,3.149073858447984e-11,2.6825283440310922e-11,1.3245943480838505e-11,-0.1810456530308048
1.64137,2.09928714704744e-11,2.1796408899847983e-11,3.197414705419902e-11,2.7373598923726663e-11,1.3922003497412956e-11,-0.12622572495701237
1.64189,2.1253076768897783e-11,2.1169865936826863e-11,3.1511266089846727e-11,2.6843598163129847e-11,1.3256074579637348e-11,0.013048943700987805
1.64241,2.3772473989039177e-11,2.1178968589536153e-11,3.152509050756191e-11,2.6855229224165193e-11,1.3261210188610806e-11,0.4274155267196925
1.64293,2.71394316461205e-11,2.117348712177263e-11,3.151814830411464e-11,2.6848719453618487e-11,1.325798787460315e-11,1.0575295114980305
1.64345,3.050426134544718e-11,2.114403588216141e-11,3.147351392758826e-11,2.6810774108569956e-11,1.3239540675827838e-11,1.7781406724671884
1.64397,3.2609912469970354e-11,2.11532173130125e-11,3.148962544328463e-11,2.6822885775990326e-11,1.324546513460094e-11,2.2638535076655595
1.64449,3.4474918361952575e-11,2.1203459008206713e-11,3.161460302277985e-11,2.6922503402121334e-11,1.325309663127398e-11,2.7193924212181373
1.64501,3.567582006506177e-11,2.1260773108377915e-11,3.160156007927379e-11,2.6935900619285213e-11,1.3326109416906595e-11,2.996734473810277
1.64554,3.385105441813869e-11,2.1170576899187696e-11,3.15269218514886e-11,2.6852909851789894e-11,1.3248620307948784e-11,2.53976267853146
1.64606,3.010307105577847e-11,2.1232478900863596e-11,3.1607596674800666e-11,2.6924233396020063e-11,1.3293999421475394e-11,1.6616415655810175
1.64658,2.2667722496384828e-11,2.1373794856084978e-11,3.1776524048164875e-11,2.7082238746406126e-11,1.3333879387256734e-11,0.20650969727571086
1.6471,1.3312144004781665e-11,2.1260760383043297e-11,3.164919046034543e-11,2.695990319240388e-11,1.3312144004781665e-11,-1.3980099075136077
1.64762,1.3253302672994171e-11,2.1166406331489822e-11,3.150829651307836e-11,2.6840089803487427e-11,1.3253302672994171e-11,-2.993528846213781
1.64815,1.325727947560495e-11,2.12297671556608e-11,3.153224446381188e-11,2.6895744745017613e-11,1.325727947560495e-11,-4.1245096535783
1.64867,1.3160044933486158e-11,2.1016720781454662e-11,3.128197717808213e-11,2.6648830876478964e-11,1.3160044933486158e-11,-4.6890947045045985
1.64919,1.3155936105437437e-11,2.1012005341235504e-11,3.1278152021646464e-11,2.6644281524299898e-11,1.3155936105437437e-11,-4.814006614922342
1.64972,1.3172158584805539e-11,2.1035843862369354e-11,3.1309950085456795e-11,2.6672831590135638e-11,1.3172158584805539e-11,-4.370700087725896
1.65024,1.318993644893903e-11,2.1065898654688173e-11,3.135827014605363e-11,2.6712552567615544e-11,1.318993644893903e-11,-3.3955229127788855
1.65076,1.3231450085588767e-11,2.1132207362618888e-11,3.145871606560598e-11,2.679728278989447e-11,1.3231450085588767e-11,-2.1617861296175795
1.65129,1.712134631757127e-11,2.1186397621035767e-11,3.182206975970087e-11,2.7032243477263104e-11,1.326326409709243e-11,-0.5708628817877612
1.65181,2.991261722148782e-11,2.1240255120258123e-11,3.160915183415085e-11,2.6929504587546963e-11,1.3302044969826698e-11,1.6159796803670823
1.65234,3.6258667810705183e-11,2.1182746163288762e-11,3.1533922928998864e-11,2.6861357229824158e-11,1.32629712595523e-11,3.1741621320839863
1.65286,3.748297817444996e-11,2.1169596645492878e-11,3.1516331178465846e-11,2.6845808648237658e-11,1.3253841903260194e-11,3.5127187972499385
1.65338,3.681373914712996e-11,2.1379687839929917e-11,3.176955978394954e-11,2.7095006310758584e-11,1.3340850418067349e-11,3.2838745153903317
1.65391,3.3699099748879477e-11,2.1238063133425088e-11,3.161600173960353e-11,2.6931236562362423e-11,1.3297786366907281e-11,2.4966458431116094
1.65443,2.9402466920334325e-11,2.1241560010579005e-11,3.1623913032211525e-11,2.6937265581617382e-11,1.3298250212934132e-11,1.503066183114008
1.65496,2.4977768613024442e-11,2.1275798673721866e-11,3.166456907234534e-11,2.6976826403151894e-11,1.3319365955106958e-11,0.6227643958268779
1.65548,2.1324955589605472e-11,2.1247252783050586e-11,3.1707481897784284e-11,2.6943165775668422e-11,1.3303617222474674e-11,0.012055732874721014
1.65601,1.9208022847217366e-11,2.2106053410620422e-11,3.234665920464574e-11,2.7735803597652966e-11,1.3324670273522971e-11,-0.43521687231223477
1.65653,1.9470948734989717e-11,2.123195885458771e-11,3.160655021083352e-11,2.6923511080076906e-11,1.3293857325617887e-11,-0.2615574201611559
1.65706,1.8194557718339122e-11,2.123019089426751e-11,3.160315746690317e-11,2.6919336685642918e-11,1.3293943538724923e-11,-0.43667314313651917
1.65759,1.917483948574507e-11,2.127388850353723e-11,3.2087179415693506e-11,2.7243196819414444e-11,1.3317987204045695e-11,-0.30868372185013704
1.65811,2.1692585905472512e-11,2.133228395015136e-11,3.18430814699228e-11,2.7136604093692015e-11,1.336293315594671e-11,0.056035384910166235
1.65864,2.2954774284111898e-11,2.1099866488131626e-11,3.141744304477491e-11,2.6760962764018086e-11,1.3198404504497478e-11,0.299622612322956
1.65917,2.2734874360765642e-11,2.1364873421721737e-11,3.1526643429430325e-11,2.6910002570742136e-11,1.3609434388008032e-11,0.22364646317259587
1.65969,2.5489484781538938e-11,2.084984250431758e-11,3.103689346668127e-11,2.643922757824429e-11,1.3037176867207549e-11,0.7996015733708339
1.66022,2.680770250208028e-11,2.086253108185981e-11,3.1058034664848055e-11,2.6456340732956497e-11,1.3063899354267685e-11,1.0709447946161526
1.66075,2.662546090101839e-11,2.0870447650594558e-11,3.106640671343303e-11,2.646439372816272e-11,1.3067840548284612e-11,1.0320790048175317
1.66127,2.7105645164829376e-11,2.0832431624273478e-11,3.1011365556378234e-11,2.6415486127479734e-11,1.3084485751709262e-11,1.0543336289509693
1.6618,2.7058016700595974e-11,2.0641700870662846e-11,3.073126435356707e-11,2.617633256077059e-11,1.2924244963129278e-11,1.1819114435754323
1.66233,2.484514068150852e-11,2.0151651831968715e-11,2.9984510682367416e-11,2.5545498835509227e-11,1.2631700029858567e-11,0.8520467824133046
1.66286,2.365142701867567e-11,2.0144311917574647e-11,2.9990545186501294e-11,2.5545599921434254e-11,1.2612276607081553e-11,0.6227052164672775
1.66338,2.2867286147254322e-11,2.0078843675275644e-11,2.989368889619741e-11,2.546288065114744e-11,1.2571029566279938e-11,0.48865663548962457
1.66391,1.9956260003580698e-11,2.009594295375059e-11,2.992049925157657e-11,2.5485200822121465e-11,1.258107180653531e-11,-0.0228961557097503
1.66444,1.6803775833338996e-11,2.0116379579834113e-11,2.996268760244463e-11,2.5517910906978065e-11,1.2579690878312823e-11,-0.4988245218384128
1.66497,1.2597198649438568e-11,2.012189134188324e-11,2.996215605679317e-11,2.5519295272874272e-11,1.2597198649438568e-11,-1.5922439396049943
1.6655,1.2572155562949778e-11,2.0079900093069994e-11,2.9896057676728996e-11,2.5464264063669395e-11,1.2572155562949778e-11,-2.6981410128113654
1.66603,1.2504076536211443e-11,1.9971026699898846e-11,2.973265807126877e-11,2.5325859403244343e-11,1.2504076536211443e-11,-3.3922509514536157
1.66655,1.24368463085311e-11,1.986253666243261e-11,2.956709771320604e-11,2.518659317571941e-11,1.24368463085311e-11,-3.306467427496972
1.66708,1.2284694633071863e-11,1.9619182163733477e-11,2.9202905000058565e-11,2.487719963808751e-11,1.2284694633071863e-11,-2.8827375682522107
1.66761,1.2258351347828694e-11,1.9575907911096397e-11,2.913572451813177e-11,2.482111685641359e-11,1.2258351347828694e-11,-2.286285585781793
1.66814,1.2240053801895449e-11,1.9554786281102035e-11,2.934364095142153e-11,2.4898306653978105e-11,1.2240053801895449e-11,-1.1336456697156192
1.66867,1.8411707149083532e-11,1.9609273491859097e-11,2.930100387550395e-11,2.4936988817454736e-11,1.2280828410117514e-11,-0.19457394289198324
1.6692,2.213572866965657e-11,1.9587917747866193e-11,2.915388500170521e-11,2.483638574607489e-11,1.2265947488677631e-11,0.45558327721769853
1.66973,2.3676388232118956e-11,1.956460715870882e-11,2.9126603977245714e-11,2.481034109222133e-11,1.2249420706379693e-11,0.7642971954791676
1.67026,2.4684116627156792e-11,1.9522665521561288e-11,2.9067671367452045e-11,2.4758307518704575e-11,1.2222764422876737e-11,0.9850914518447879
1.67079,2.5077640296015827e-11,1.951543444199573e-11,2.9052763825129804e-11,2.4747482478403477e-11,1.221916416025553e-11,1.0715035105039965
1.67132,2.3761607286108604e-11,1.9502618048730376e-11,2.9032698981202588e-11,2.4730754019676524e-11,1.2211429740035865e-11,0.7969610014222023
1.67185,2.2998164270003495e-11,1.9522843181591335e-11,2.905260133593674e-11,2.4750761217473094e-11,1.2228941548044497e-11,0.6426973239474661
1.67239,2.2602887962799172e-11,1.9504512434010353e-11,2.9028454496533184e-11,2.4729361518236742e-11,1.2213093360343003e-11,0.5706894428222287
1.67292,2.2373502746710494e-11,1.9436251369161282e-11,2.8935656650846562e-11,2.4647382889271905e-11,1.216914097970787e-11,0.5348317265280534
1.67345,2.2167376023549916e-11,1.9437932606516437e-11,2.893683134990331e-11,2.4648967070071803e-11,1.2170969350779193e-11,0.49449243688727323
1.67398,2.3361444915661125e-11,1.9420458820770892e-11,2.8916982511658838e-11,2.4630464503754295e-11,1.2153377353624747e-11,0.7312892162909307
1.67451,2.4224430845419292e-11,1.9756142005457994e-11,2.928106284291465e-11,2.5004605476598906e-11,1.2176162953271118e-11,0.8474610350942612
1.67504,2.420207075823346e-11,1.9999508382904845e-11,2.935871576479679e-11,2.5124257072711135e-11,1.2873505747179045e-11,0.799221080595773
1.67558,2.1590635824798938e-11,1.9516309830281573e-11,2.9092013338449958e-11,2.4753783242351552e-11,1.2217863921657692e-11,0.3684269754638318
1.67611,2.0392640813575652e-11,1.9414892080351023e-11,2.894888227389301e-11,2.462519836378545e-11,1.215443959892441e-11,0.1699252507036365
1.67664,2.196972556444609e-11,1.9167674230547103e-11,2.8531915434379708e-11,2.430508848404085e-11,1.2001762689510508e-11,0.5164056788271063
1.67717,2.1907674522623222e-11,1.8992628434377603e-11,2.8272703697106286e-11,2.408374091512528e-11,1.1892173071231614e-11,0.5437387063596644
1.67771,2.2188651045476257e-11,1.903683733754879e-11,2.8344920163435744e-11,2.4142910910873e-11,1.1918732270347886e-11,0.5902413590478843
1.67824,2.2685854150975004e-11,1.9019222762450834e-11,2.8312419897907486e-11,2.4117768008955533e-11,1.1908696704977174e-11,0.6953887680403636
1.67877,2.2597601835436498e-11,1.900478392255901e-11,2.8315660313997803e-11,2.4105764731387145e-11,1.1902773527515517e-11,0.6798294729507771
1.67931,2.1472266854562582e-11,1.9012336238541142e-11,2.8283871438084478e-11,2.4100536527955405e-11,1.1907680626559748e-11,0.45273390825690263
1.67984,2.0686624787940445e-11,1.8863173372857364e-11,2.8076430493411968e-11,2.391806929835692e-11,1.1811865894570687e-11,0.33330447068810837
1.68037,1.9804062925385166e-11,1.884665022777146e-11,2.8055265731288092e-11,2.3897555205854626e-11,1.180135068473257e-11,0.1713591783082828
1.68091,1.9083454030925437e-11,1.8870662863815708e-11,2.8087401979193418e-11,2.3927467415498586e-11,1.1816458367207943e-11,0.03731420110015594
1.68144,1.7377523803973987e-11,1.883039127351757e-11,2.8026938923349424e-11,2.387619747447718e-11,1.1791220907908865e-11,-0.24398155007283542
1.68198,1.620082130784652e-11,1.868010127518544e-11,2.7801481364279103e-11,2.368480031528779e-11,1.1697875974354791e-11,-0.40751363499129734
1.68251,1.530059051669173e-11,1.8522761252696793e-11,2.7572376059759075e-11,2.348747758826208e-11,1.1598171650667252e-11,-0.522445247226384
1.68304,1.2434733228803345e-11,1.842141768235936e-11,2.7422669684213992e-11,2.3359551707778778e-11,1.153431484867239e-11,-0.8953823540730633
1.68358,1.153252112978763e-11,1.8418836327926558e-11,2.7419402485289958e-11,2.3356434674885078e-11,1.153252112978763e-11,-1.2550082530494768
1.68411,1.1530799352609253e-11,1.8417243098365324e-11,2.7420782399639595e-11,2.3356083995214924e-11,1.1530799352609253e-11,-1.438777957445369
1.68465,1.1533258250007184e-11,1.8423131944622027e-11,2.7431721395036853e-11,2.3364688812882013e-11,1.1533258250007184e-11,-1.497264062928859
1.68518,1.1532409363247202e-11,1.841955495276633e-11,2.7423639315955217e-11,2.3358850137186518e-11,1.1532409363247202e-11,-1.1843033889613714
1.68572,1.3695542816685182e-11,1.8424782534115143e-11,2.7429885655090133e-11,2.3364751325058797e-11,1.1535775482948942e-11,-0.7360947959293419
1.68626,1.6331789747128298e-11,1.8440988044758405e-11,2.7450618413089107e-11,2.338383261814946e-11,1.1546716451416398e-11,-0.35472753563364867
1.68679,2.1239369459158077e-11,1.8448566135786106e-11,2.7526083511185652e-11,2.3404497199362337e-11,1.1549214576535223e-11,0.5352859426120271
1.68733,2.47511948807549e-11,1.840263091496351e-11,2.7391955287845127e-11,2.3337381356892863e-11,1.1523765989644239e-11,1.3300440362403105
1.68786,2.6751240725202526e-11,1.8439772419358958e-11,2.7431247773321696e-11,2.3374291360404342e-11,1.1557936246042063e-11,1.8072060466162598
1.6884,2.5778476573799093e-11,1.8442581793146434e-11,2.74905353434792e-11,2.341609889770862e-11,1.1539100480890418e-11,1.571295560543342
1.68894,2.5536464357967716e-11,1.8468027940041288e-11,2.7492195813682095e-11,2.3418760029694575e-11,1.1563184784998183e-11,1.5001864390407234
1.68947,2.4993305443683192e-11,1.848664579173415e-11,2.7521234084439008e-11,2.3442856521986173e-11,1.1574661887527641e-11,1.3618656206191686
1.69001,2.2097994990472077e-11,1.876533163870755e-11,2.7743524284465304e-11,2.3689896745338095e-11,1.1765606917266184e-11,0.6613162321676175
1.69055,1.6879903561056447e-11,1.8438478004776774e-11,2.7451645603543573e-11,2.338270395068253e-11,1.1544076017627145e-11,-0.26638501505236173
1.69109,1.302862451774697e-11,1.8503912432250774e-11,2.7580844615217893e-11,2.350460650212219e-11,1.153216394328355e-11,-0.8364321902205826
1.69162,1.1545348444401333e-11,1.8439699546287823e-11,2.7450711045353153e-11,2.338310008463363e-11,1.1545348444401333e-11,-1.1444458169755625
1.69216,1.1561561798598124e-11,1.8460243841782468e-11,2.7477725710190407e-11,2.3407195528205314e-11,1.1561561798598124e-11,-1.1848280170894252
1.6927,1.1571475803400753e-11,1.8480882015006865e-11,2.7510885592677185e-11,2.3434838567476895e-11,1.1571475803400753e-11,-1.022283864067296
1.69324,1.4490102041324269e-11,1.8465508699341455e-11,2.7487483739313515e-11,2.3415072083921697e-11,1.156218917898388e-11,-0.631962359497096
1.69378,1.579692006090355e-11,1.8456810878361518e-11,2.747529490170426e-11,2.340444698809742e-11,1.1556441469308941e-11,-0.4399404499518601
1.69431,1.7516887415900348e-11,1.8446318403426143e-11,2.746055969156285e-11,2.3391462659954762e-11,1.1549341094409924e-11,-0.1616523457371598
1.69485,1.8876543825142364e-11,1.8438659673946452e-11,2.7450027266381227e-11,2.3382102016526092e-11,1.1544684894691848e-11,0.07905905781245055
1.69539,1.998857665107439e-11,1.8449162552884076e-11,2.7466811795907742e-11,2.3395908415202964e-11,1.1551172785911303e-11,0.2860124756610335
1.69593,2.0345760389599103e-11,1.8438258597597628e-11,2.744910351267858e-11,2.338145970604506e-11,1.1544514396727597e-11,0.3579780395430602
1.69647,1.997247832126668e-11,1.8450615618560128e-11,2.7465791142936784e-11,2.339643131971251e-11,1.1552489988522826e-11,0.2825094201573047
1.69701,2.1238537613240788e-11,1.8467506494567718e-11,2.7488608637044096e-11,2.3416818191921334e-11,1.1563383883971836e-11,0.5306352707390338
1.69755,2.3075317911140702e-11,1.8451817341303277e-11,2.7466072924867412e-11,2.3397361607105873e-11,1.1553898257252585e-11,0.9271326214720097
1.69809,2.3800381613154448e-11,1.8439723182184282e-11,2.744829487900746e-11,2.3382038629165954e-11,1.1546063363665635e-11,1.0951279699530612
1.69863,2.3512059780803837e-11,1.844123352351748e-11,2.7455986610368503e-11,2.3383765575741546e-11,1.1546486091210505e-11,1.028765609890441
1.69917,2.447392926434422e-11,1.8765049693152798e-11,2.7728095715625377e-11,2.3681781215503862e-11,1.1628400653046295e-11,1.197468350664839
1.69971,2.3956953037626025e-11,1.8478372731388184e-11,2.7506449437091977e-11,2.3431248614579156e-11,1.157015189377357e-11,1.119908932036526
1.70025,2.1591570388323498e-11,1.8475563047352088e-11,2.750418292572683e-11,2.342861476131217e-11,1.1567694062505918e-11,0.601801165440322
1.70079,1.943381942077416e-11,1.846428366507134e-11,2.748786979060116e-11,2.3414488275571395e-11,1.1560759088234086e-11,0.17728917672714192
1.70133,1.6495670999872847e-11,1.845991174598078e-11,2.748139748155973e-11,2.3408967492347056e-11,1.1558002547591963e-11,-0.33144996268746063
1.70187,1.1562151037711664e-11,1.8465955695277487e-11,2.7488971607668763e-11,2.3416000444436136e-11,1.1562151037711664e-11,-1.2251386054757436
1.70242,1.1539950299470708e-11,1.8431098034336534e-11,2.7437357478413546e-11,2.3371937353327426e-11,1.1539950299470708e-11,-1.6893496678709934
1.70296,1.1523688040377139e-11,1.8404234303198117e-11,2.7395214884331704e-11,2.333696919342068e-11,1.1523688040377139e-11,-2.112174250409264
1.7035,1.1519539486113252e-11,1.8397495581956688e-11,2.738668193924312e-11,2.3328337490616562e-11,1.1519539486113252e-11,-2.315696704573588
1.70404,1.1532017790625747e-11,1.841746957114462e-11,2.7415701258132613e-11,2.3354127300753626e-11,1.1532017790625747e-11,-2.063377340178526
1.70458,1.153794325086373e-11,1.8425345202722377e-11,2.742810790077903e-11,2.336424648129094e-11,1.153794325086373e-11,-1.475059622972487
1.70512,1.1544242240725219e-11,1.8437041033050397e-11,2.744526662777601e-11,2.3378927338696138e-11,1.1544242240725219e-11,-1.0623616222751993
1.70567,1.570922117616933e-11,1.847110778681469e-11,2.7496101358201023e-11,2.3422261169453398e-11,1.1565803175771611e-11,-0.45504433394443766
1.70621,1.9228308248885812e-11,1.8492109073474155e-11,2.7523297781953662e-11,2.344721052723783e-11,1.1579476408469853e-11,0.13355415925628877
1.70675,2.0013342257234718e-11,1.8484484744520997e-11,2.7523000303478374e-11,2.3441403037968282e-11,1.1581812195652456e-11,0.2838928137331603
1.7073,1.9632219603284818e-11,1.8475723531146278e-11,2.7499039674426642e-11,2.3426462946659572e-11,1.1569365325473297e-11,0.21234132809390355
1.70784,1.9090754593232798e-11,1.844556260248531e-11,2.745824665723258e-11,2.33900101299933e-11,1.154932921570108e-11,0.11707867377713509
1.70838,1.9096578325582567e-11,1.843436208893607e-11,2.7442658659160915e-11,2.3376264340982973e-11,1.1542299620841274e-11,0.12034799187451987
1.70893,1.9869333098427146e-11,1.8440633279974617e-11,2.745272788796626e-11,2.3384528469592593e-11,1.1545844168324396e-11,0.2647225286856354
1.70947,2.1129877124058098e-11,1.8465017393878758e-11,2.7482177407208218e-11,2.341199870049288e-11,1.1565368917646943e-11,0.5093473247214597
1.71001,2.2301913386306755e-11,1.846779713784772e-11,2.7526269731541046e-11,2.343921705050182e-11,1.1561891229543527e-11,0.7543018756690542
1.71056,2.330958571619832e-11,1.8339207984673526e-11,2.730119039678891e-11,2.3255692872301816e-11,1.148254361511265e-11,1.0124863753254085
1.7111,2.3812181234853955e-11,1.8324463844670357e-11,2.7278528385522154e-11,2.323674933391845e-11,1.1473493320968801e-11,1.1327220524235273
1.71165,2.3628698074354006e-11,1.7986175779200492e-11,2.6772122236535377e-11,2.280661570515579e-11,1.1261966578717563e-11,1.1940160606940218
1.71219,2.375067117345426e-11,1.80416084499943e-11,2.687370355611482e-11,2.2909021669379566e-11,1.1238373940369506e-11,1.21473476206907
1.71274,2.3651317231215785e-11,1.770224303341417e-11,2.6350427518380867e-11,2.2447263863073363e-11,1.1083979993473487e-11,1.2913552294522543
1.71328,2.4084396759791462e-11,1.7699566324825367e-11,2.6348210290637442e-11,2.2444314735084318e-11,1.1081875534223925e-11,1.4005891924926888
1.71383,2.320746713240559e-11,1.7723150453906925e-11,2.6383240696620173e-11,2.2474067818398875e-11,1.1097482910807675e-11,1.1753907374193981
1.71437,2.28342841379359e-11,1.7742784604157174e-11,2.6415293607218306e-11,2.2500413329946406e-11,1.1109182687557069e-11,1.0792234641931757
1.71492,2.133597165267774e-11,1.7744300545868434e-11,2.64182181723257e-11,2.250228525122924e-11,1.110934317889159e-11,0.733544409504737
1.71546,1.8812928076457485e-11,1.7692619253999684e-11,2.6342232139024196e-11,2.2437119656978165e-11,1.1077500583916173e-11,0.21505991532149232
1.71601,1.6006226799625463e-11,1.76705651399496e-11,2.6309141752584576e-11,2.2409154077684392e-11,1.1063219226662184e-11,-0.2953162197562001
1.71656,1.3233023869360589e-11,1.7663454831490996e-11,2.629787411840435e-11,2.2399845071196876e-11,1.1058965929255688e-11,-0.7217436961005798
1.7171,1.1026917802750843e-11,1.7611908069953395e-11,2.6218269251265695e-11,2.2333236550225353e-11,1.1026917802750843e-11,-1.0944357538038834
1.71765,1.1035610903756569e-11,1.7626786977676956e-11,2.626678497746566e-11,2.2354948994455993e-11,1.1035610903756569e-11,-1.2500602478579095
1.7182,1.1040265926112101e-11,1.763335548190689e-11,2.6255739022148327e-11,2.2361164530281477e-11,1.1040265926112101e-11,-1.2789802364494438
1.71874,1.1044607700691942e-11,1.763933264882951e-11,2.6258128915914946e-11,2.2367661872878684e-11,1.1044607700691942e-11,-1.4483301064648717
1.71929,1.102851836967824e-11,1.761513721479205e-11,2.622788478623987e-11,2.2337180217601704e-11,1.102851836967824e-11,-1.5570070424086442
1.71984,1.102691682819058e-11,1.7610542294865658e-11,2.6217232515126228e-11,2.2331727192922394e-11,1.102691682819058e-11,-1.8992232155083968
1.72038,1.1035136653977514e-11,1.762458619503794e-11,2.6236195953416425e-11,2.2348940651180093e-11,1.1035136653977514e-11,-1.9914574464755508
1.72093,1.1021271139653851e-11,1.7602513819428475e-11,2.6205223586917216e-11,2.2321713987572847e-11,1.1021271139653851e-11,-1.9023378586279875
1.72148,1.096642109131437e-11,1.753188214577161e-11,2.630453206370797e-11,2.236136462822479e-11,1.096642109131437e-11,-2.0153569441566646
1.72203,1.099082980238547e-11,1.75533953285151e-11,2.613147161125236e-11,2.225941115261877e-11,1.099082980238547e-11,-1.6051984313693266
1.72258,1.0986285769660164e-11,1.754709788716275e-11,2.6169064425691126e-11,2.2251317858102028e-11,1.0986285769660164e-11,-1.0154427344192967
1.72313,1.42965705588723e-11,1.7554277317948363e-11,2.612835375185796e-11,2.2258238290036768e-11,1.099250954561919e-11,-0.5537185202821473
1.72367,1.6747430306063286e-11,1.7549606752042226e-11,2.6124839384230268e-11,2.225394775251975e-11,1.0988486127106441e-11,-0.14692269037041092
1.72422,1.883437439320774e-11,1.7557972249103142e-11,2.6137061674461826e-11,2.2264504041918797e-11,1.099360725854386e-11,0.24779640559910873
1.72477,2.038448646366475e-11,1.7571068267696755e-11,2.61557034643967e-11,2.2280771556254617e-11,1.1000391650366269e-11,0.5688408889434904
1.72532,2.102520066630007e-11,1.7577250409438772e-11,2.6162143468430325e-11,2.229070888835674e-11,1.1005792160078868e-11,0.7086113700371197
1.72587,2.233714649783104e-11,1.7633659224835055e-11,2.6235116661575683e-11,2.2352994045125034e-11,1.1050474098199548e-11,0.9964632399403395
1.72642,2.2622367086538264e-11,1.7579684139581905e-11,2.6213864157817046e-11,2.2315793403416733e-11,1.1010813501977347e-11,1.078460853076804
1.72697,2.3171410289547312e-11,1.7486060815087875e-11,2.6031930452734075e-11,2.2173526717521317e-11,1.0948338215895378e-11,1.2435720795699357
1.72752,2.476974243808398e-11,1.752589505787331e-11,2.6013586180852854e-11,2.2179277400589496e-11,1.1012511088171889e-11,1.649373436068518
1.72807,2.4782847290186154e-11,1.7459623138628668e-11,2.5970559111424897e-11,2.2124803206014877e-11,1.0947579865999098e-11,1.649220300601886
1.72862,2.3976612468279827e-11,1.7562500737165992e-11,2.606668220656425e-11,2.2232966420481012e-11,1.095093264737265e-11,1.441625290290216
1.72917,2.3692626450006256e-11,1.7326137677157924e-11,2.579248495625997e-11,2.1970661396774458e-11,1.0848516747090759e-11,1.4307876976424672
1.72972,2.2548821827914322e-11,1.7224112064021578e-11,2.564124099996708e-11,2.1841731813474856e-11,1.078462468784121e-11,1.1741024152444455
1.73027,2.0848892332678938e-11,1.7282801442023944e-11,2.5741023885462064e-11,2.195035398923994e-11,1.0760796967133742e-11,0.7577287925241465
1.73082,1.8864174447415465e-11,1.7181544878215755e-11,2.5574892130486057e-11,2.178643580960075e-11,1.0758168877383302e-11,0.3378397984544551
1.73138,1.505599514157289e-11,1.7159390138934405e-11,2.554815482759078e-11,2.176220940673568e-11,1.073419338146119e-11,-0.38005969506562914
1.73193,1.0726862230369766e-11,1.713161664615065e-11,2.5501350195291908e-11,2.1723463155835318e-11,1.0726862230369766e-11,-1.0338239096381094
1.73248,1.0622079082194289e-11,1.696487751844554e-11,2.5255291771336652e-11,2.1512926192858188e-11,1.0622079082194289e-11,-1.6742016483927733
1.73303,1.0615763354170005e-11,1.6954178167764628e-11,2.5237796539624487e-11,2.149863628010399e-11,1.0615763354170005e-11,-1.9339859577731842
1.73358,1.0620529728397889e-11,1.69626889581302e-11,2.525439595217578e-11,2.151101964736787e-11,1.0620529728397889e-11,-1.8438741270869925
1.73414,1.0621142364616566e-11,1.6962588274235964e-11,2.5248746109373685e-11,2.1508819660215032e-11,1.0621142364616566e-11,-1.542121823114153
1.73469,1.055326815668077e-11,1.685516086293202e-11,2.508979442182644e-11,2.1373560077508074e-11,1.055326815668077e-11,-1.4073446300774728
1.73524,1.286500196205333e-11,1.6775244075385574e-11,2.4973786455713907e-11,2.1272810034523764e-11,1.0502987333017683e-11,-0.6775145682986186
1.73579,1.637740893111345e-11,1.6704437226371245e-11,2.4868631374774286e-11,2.1183039755691885e-11,1.0459305226037308e-11,-0.06379503650244708
1.73635,1.8974411688762623e-11,1.6633623191504066e-11,2.476510229545186e-11,2.109407489717546e-11,1.0414131705847453e-11,0.49569708694451803
1.7369,2.0652178862695643e-11,1.659392707176675e-11,2.4705600647499643e-11,2.1043611303175898e-11,1.0389111904683516e-11,0.9031309200557514
1.73745,2.3067877063404324e-11,1.660182752633588e-11,2.4718205238901278e-11,2.1054028814246277e-11,1.0393942766134685e-11,1.5316920394628157
1.73801,2.4155348936595033e-11,1.6596887795701824e-11,2.4710520407890264e-11,2.1047423525690016e-11,1.039099966263066e-11,1.8402482150841077
1.73856,2.322543516771565e-11,1.682371280836878e-11,2.4906914431901626e-11,2.127021363282972e-11,1.0511233799312853e-11,1.5384055607107259
1.73911,2.1023434306446316e-11,1.6522282990653736e-11,2.459494696671577e-11,2.0951014248111458e-11,1.0345383912523789e-11,1.018319339630287
1.73967,1.8699060287503674e-11,1.636079417787654e-11,2.4391988146104427e-11,2.074017467257394e-11,1.0243383345495543e-11,0.5035553787458503
1.74022,1.7247550094780273e-11,1.6380176759864067e-11,2.4381002364732235e-11,2.0769809248944486e-11,1.0256769590010681e-11,0.17875209342830434
1.74078,1.6342762715247188e-11,1.639983482550499e-11,2.4409510206888658e-11,2.0794411317743732e-11,1.0269262088141588e-11,-0.011409630850729451
1.74133,1.622008623729185e-11,1.649995489849399e-11,2.4826523628306825e-11,2.1074753683303093e-11,1.0331160661878211e-11,-0.05538536783528806
1.74189,1.6841250042962754e-11,1.673170804594398e-11,2.5040610256354857e-11,2.139272390416948e-11,1.036825616956406e-11,0.02204570558210625
1.74244,1.7470108248754943e-11,1.6555950953345037e-11,2.4595675882831462e-11,2.0968122781818058e-11,1.0354629833358534e-11,0.18817667325608342
1.743,1.7142257486447637e-11,1.651498098652112e-11,2.4583389684362554e-11,2.0941446516633574e-11,1.0340964063139551e-11,0.12734179355217037
1.74355,1.6583094754810615e-11,1.6516699116778437e-11,2.4585293779601345e-11,2.0943367785860872e-11,1.034213512037292e-11,0.013269945655257851
1.74411,1.7241551482972035e-11,1.6529880947606515e-11,2.460547414926686e-11,2.0960394902879474e-11,1.0350252275719997e-11,0.1446908220953983
1.74467,1.7726087151387804e-11,1.652837338920345e-11,2.4603432148862442e-11,2.0958469861610402e-11,1.0349340362848007e-11,0.2470782159314505
1.74522,1.906668131791449e-11,1.66764630885196e-11,2.471973068002795e-11,2.1094799435300285e-11,1.0410748390408225e-11,0.5169667897603598
1.74578,1.987873596014756e-11,1.6499136946216872e-11,2.455978266571651e-11,2.0921385071960644e-11,1.0330848641877932e-11,0.7427541494206517
1.74633,1.9948691847007027e-11,1.6499274897262804e-11,2.4559372088006883e-11,2.0924623030231248e-11,1.033048993567357e-11,0.7595030631663365
1.74689,2.0061092097453925e-11,1.651924555297111e-11,2.459074942734816e-11,2.094731553493672e-11,1.0343438666269245e-11,0.7809389624943508
1.74745,1.8527601783065737e-11,1.6525110647999884e-11,2.4599649620208335e-11,2.095483888603972e-11,1.0346949623308573e-11,0.42280687969832315
1.74801,1.674777148249984e-11,1.6520313043088372e-11,2.4592247187836985e-11,2.0948713784288393e-11,1.0343858783371243e-11,0.045579592913615186
1.74856,1.4882892472519513e-11,1.6587826294791418e-11,2.466397375514087e-11,2.1021154836159292e-11,1.033098933661212e-11,-0.3245872254156715
1.74912,1.4593798594804573e-11,1.6532009922092534e-11,2.4612965025743685e-11,2.096490525098102e-11,1.035049377592506e-11,-0.3631544356095512
1.74968,1.5170870046776436e-11,1.6536056446666868e-11,2.4620075626395795e-11,2.0970502977071645e-11,1.0352849479207523e-11,-0.2604499940900857
1.75024,1.5775666436450963e-11,1.6583384701690245e-11,2.4688933125726867e-11,2.102980904830427e-11,1.0382201205806911e-11,-0.15644477576817362
1.75079,1.710888028953023e-11,1.655236460907011e-11,2.4646186135865507e-11,2.0990014970621326e-11,1.0363699953652163e-11,0.11250602158434612
1.75135,1.8272667899568012e-11,1.6667850268180784e-11,2.4780478960459713e-11,2.1118495942063803e-11,1.0458427299397651e-11,0.33433699240694265
1.75191,1.7549534068070734e-11,1.65513700705708e-11,2.4715190394825567e-11,2.1010410649471612e-11,1.036237522762378e-11,0.20442081164603362
1.75247,1.6449098858765223e-11,1.6543428886991975e-11,2.462899024375526e-11,2.097896714955863e-11,1.0357880417797537e-11,-0.018707996892111025
1.75303,1.5118333366598466e-11,1.6542495505734893e-11,2.4627505587423466e-11,2.097776226603634e-11,1.0357290885027433e-11,-0.2710705861286076
1.75359,1.5221194540996423e-11,1.6540594006576615e-11,2.4625572561842882e-11,2.097572280002864e-11,1.0355963517129973e-11,-0.2519930571748725
1.75415,1.2800156764444836e-11,1.653752512566559e-11,2.4620328835996952e-11,2.0971802126726108e-11,1.0354279089843156e-11,-0.6594960712230084
1.75471,1.0363795141718092e-11,1.655103085334835e-11,2.463801594838216e-11,2.098758196373291e-11,1.0363795141718092e-11,-1.0807443599490554
1.75527,1.0357803802404264e-11,1.6541734449134804e-11,2.4623254662652753e-11,2.0975616385159634e-11,1.0357803802404264e-11,-1.1607903813777338
1.75582,1.0367421625005788e-11,1.6557540140740814e-11,2.464785033450157e-11,2.099631286474292e-11,1.0367421625005788e-11,-1.0063848855340145
1.75639,1.0984172461309018e-11,1.6576063695252945e-11,2.467229504015733e-11,2.1017990226976653e-11,1.0379520123183373e-11,-0.9224953567923652
1.75695,1.2233579915810987e-11,1.65767907387757e-11,2.4673185514052426e-11,2.1018895421860313e-11,1.0379929421723563e-11,-0.748923946973054
1.75751,1.3273659259051415e-11,1.6556096254752527e-11,2.4706957962967734e-11,2.0990667566456625e-11,1.0367925899270854e-11,-0.5873637720473512
1.75807,1.3730991359475113e-11,1.6542285760124453e-11,2.462321507150903e-11,2.0975895260992583e-11,1.035821649797785e-11,-0.5115033069804272
1.75863,1.3391559372989602e-11,1.6557247645848857e-11,2.4645633575930075e-11,2.099478975697077e-11,1.0367941876821669e-11,-0.5687402192886415
1.75919,1.2661118238282921e-11,1.6559814964466203e-11,2.4649909703888925e-11,2.0998193999818957e-11,1.0368839054343681e-11,-0.6833067598843582
1.75975,1.405446788467964e-11,1.6572657808815448e-11,2.4673984467078987e-11,2.1016959665689083e-11,1.0372144333718902e-11,-0.4625873296556004
1.76031,1.6585474178063602e-11,1.6566094426142605e-11,2.4657353109749706e-11,2.1005421571718627e-11,1.0373162499708095e-11,0.0038314945327392086
1.76087,1.8508300528525505e-11,1.6537013706791253e-11,2.461789391906065e-11,2.0970239673623045e-11,1.0354053144143101e-11,0.4154346727448363
1.76143,2.1195390375782142e-11,1.6543570008357673e-11,2.4630119411724957e-11,2.098042629288781e-11,1.0357933894388919e-11,1.0552068391844311
1.762,2.385919575957391e-11,1.6558578549317467e-11,2.4651061841346247e-11,2.0998034047460956e-11,1.0367270098448761e-11,1.7704508897324507
1.76256,2.4051074489682984e-11,1.6559817406582216e-11,2.4649187757591823e-11,2.099795242338719e-11,1.036767725812167e-11,1.8274250040651456
1.76312,2.3518853196611607e-11,1.6550225263947276e-11,2.463641432356403e-11,2.0986537092276167e-11,1.036122888128586e-11,1.6788069385995184
1.76368,2.165768418060627e-11,1.6531897591077465e-11,2.4609909269343144e-11,2.096309338112341e-11,1.0354127179135761e-11,1.1751197027240887
1.76425,1.9651670064641624e-11,1.654330647743565e-11,2.4610598390656826e-11,2.0969916186882537e-11,1.0361873093783246e-11,0.6753819642156509
1.76481,1.7656515985127928e-11,1.652871565536572e-11,2.460570340924684e-11,2.0959690949698175e-11,1.0349092298658384e-11,0.2321372884001324
1.76537,1.7314244403584688e-11,1.653096267354265e-11,2.4607714405978595e-11,2.0962025826675322e-11,1.0350878410097836e-11,0.15963794836479706
1.76594,1.6098625301444405e-11,1.651287348561092e-11,2.458014203282591e-11,2.0938733961221108e-11,1.0339584826181998e-11,-0.08148147827536116
1.7665,1.4573127955756145e-11,1.6525827664471457e-11,2.4602115572871805e-11,2.0956475826335976e-11,1.0347731761557616e-11,-0.3656834015431076
1.76706,1.2828739230616168e-11,1.6509740918757156e-11,2.4575336756166608e-11,2.0934688161475967e-11,1.0337441368825989e-11,-0.651686621347408
1.76763,1.2567849129791193e-11,1.652211888993575e-11,2.459476727742233e-11,2.095084240399104e-11,1.034531781747113e-11,-0.6930835154181196
1.76819,1.2396348696456508e-11,1.652231110602952e-11,2.459674987290736e-11,2.0951871221141832e-11,1.0344681250170675e-11,-0.7189942066218341
1.76875,1.3047228152344844e-11,1.653258868924256e-11,2.4612584091260192e-11,2.0965084302943027e-11,1.0351303129077476e-11,-0.6204610213639611
1.76932,1.263531945736773e-11,1.682880238147128e-11,2.4847104370545813e-11,2.1236617103912184e-11,1.0347674200516595e-11,-0.7320172032512153
1.76988,1.4121138532223467e-11,1.648513218274675e-11,2.4541035517201004e-11,2.090451632193389e-11,1.0321839600999171e-11,-0.43792044992938073
1.77045,1.4411459164551917e-11,1.6499684077950683e-11,2.4566127904585795e-11,2.0924253039577914e-11,1.0330233165436281e-11,-0.3900800018801429
1.77101,1.5812473065862613e-11,1.652879506906583e-11,2.4640370232446992e-11,2.0978579345201516e-11,1.0346618437272912e-11,-0.13956631051700663
1.77158,1.837018275822684e-11,1.6483795545022272e-11,2.4535372596684913e-11,2.0901246635508743e-11,1.0321723156020137e-11,0.39795113573761987
1.77214,1.9546054190474505e-11,1.646387522018098e-11,2.4507218773073127e-11,2.0876681420817933e-11,1.0308753592871266e-11,0.6734086911842008
1.77271,1.995812180076238e-11,1.645401856256434e-11,2.4492078600024885e-11,2.0863904764091765e-11,1.030311973629741e-11,0.7752313839412198
1.77328,1.985043677194048e-11,1.6457516173679547e-11,2.449796538705205e-11,2.086868666330358e-11,1.0304918924341032e-11,0.7481109345292549
1.77384,1.9409427034174243e-11,1.6467367272284652e-11,2.4512443868597658e-11,2.0881056256493527e-11,1.031128959176124e-11,0.6402662522546978
1.77441,1.7802520501779185e-11,1.6446036023827162e-11,2.4481159013533866e-11,2.0854258301239757e-11,1.0297573784662042e-11,0.2825273504141242
1.77498,1.707260222546133e-11,1.6551131982004506e-11,2.463775118173798e-11,2.098747167500039e-11,1.0363391733713555e-11,0.10528583957695865
1.77554,1.648743142082793e-11,1.6588145376840355e-11,2.46929565485518e-11,2.1034582478186972e-11,1.0386439029080502e-11,-0.019914381614819857
1.77611,1.6947615025875977e-11,1.6653626841427026e-11,2.4790179870778203e-11,2.1117487672661074e-11,1.042760354427639e-11,0.0586088148682325
1.77668,1.658990005546343e-11,1.6798493756156916e-11,2.5005581671409114e-11,2.1301108768577028e-11,1.0518256901294542e-11,-0.040600659078513006
1.77724,1.5179995774138884e-11,1.6804757093229157e-11,2.5014652804674372e-11,2.130892734041055e-11,1.0522128546113405e-11,-0.3026783469383396
1.77781,1.393863141818785e-11,1.6820412127620186e-11,2.5035233560930825e-11,2.1326880716313283e-11,1.0543283827899407e-11,-0.5138837890240058
1.77838,1.3533007631963897e-11,1.6826608392509597e-11,2.5047722118700563e-11,2.133749617372173e-11,1.0534757193893618e-11,-0.5810144954472574
1.77895,1.4367607554003846e-11,1.683388540628242e-11,2.505717887298253e-11,2.1345402257346397e-11,1.0541154779412724e-11,-0.4465523201996561
1.77951,1.5273204988084687e-11,1.6819655738333312e-11,2.503931575753293e-11,2.1328876448259313e-11,1.0530987460937366e-11,-0.2885855899092771
1.78008,1.5579678667108983e-11,1.6805073189268957e-11,2.5018464810185854e-11,2.1310789502591378e-11,1.0521585266989867e-11,-0.23119005845784577
1.78065,1.6345154758347125e-11,1.679441647317276e-11,2.5002836988207694e-11,2.129729826301792e-11,1.0515243365830935e-11,-0.08684796562213079
1.78122,1.542200690568507e-11,1.6791195984224596e-11,2.4998180025184464e-11,2.1293276906008404e-11,1.0512993774199567e-11,-0.2573570869040477
1.78179,1.4871050438393858e-11,1.6658948815889614e-11,2.4798828480297934e-11,2.112451081374157e-11,1.043125509667163e-11,-0.33405029501860445
1.78236,1.346081478724524e-11,1.6597461705957243e-11,2.4706298020591152e-11,2.104608180224829e-11,1.0392762710352525e-11,-0.5628852673590528
1.78293,1.3456153078526209e-11,1.660978088669877e-11,2.4723316007503453e-11,2.1061180825626675e-11,1.0400650669118553e-11,-0.5652206058821958
1.7835,1.5254102950840865e-11,1.6604007020530864e-11,2.4716581258074354e-11,2.1054685478701913e-11,1.0396253255817047e-11,-0.25660716285407187
1.78407,1.7100247746566015e-11,1.660114502687243e-11,2.4713252015039434e-11,2.1051449293835673e-11,1.0394460355922139e-11,0.10040989136237988
1.78464,1.8498636887955345e-11,1.6643519953391994e-11,2.4775748923926286e-11,2.1105032565369784e-11,1.0420932052810845e-11,0.387150274364638
1.78521,1.903878598219811e-11,1.6582250038625146e-11,2.4680622609179123e-11,2.1025374716928364e-11,1.0382932229553887e-11,0.5236824182671233
1.78578,2.003704879372574e-11,1.6379404064815353e-11,2.4381125517909783e-11,2.076938547886093e-11,1.0256151115294156e-11,0.8166101887786823
1.78635,2.053433378575614e-11,1.637030547950489e-11,2.4368601447741788e-11,2.0758305494630766e-11,1.0250151540675069e-11,0.9432251307821249
1.78692,2.097648748789699e-11,1.634935704036145e-11,2.4338413743757123e-11,2.073215163825571e-11,1.0236864936893481e-11,1.0629127844777377
1.78749,2.0159643632498607e-11,1.6349498985794432e-11,2.433030538870585e-11,2.0727283102614154e-11,1.0241899947527505e-11,0.8557612644242691
1.78806,1.8012144981574945e-11,1.6353069813944777e-11,2.4342221207159768e-11,2.07361532268256e-11,1.0239470835890657e-11,0.3506575410170795
1.78863,1.6267516983657503e-11,1.6365042112020335e-11,2.436021183196487e-11,2.0751411203366014e-11,1.0246833666071204e-11,-0.01955899028710141
1.7892,1.3811988478261486e-11,1.6379361296739418e-11,2.4380948676683542e-11,2.0769296844112402e-11,1.025606187494608e-11,-0.4751845135945913
1.78977,1.0759725728647236e-11,1.6413014341808597e-11,2.440648637046874e-11,2.0797183990976705e-11,1.0293320844421376e-11,-0.9359445658747386
1.79035,1.0253368254068335e-11,1.637658393405189e-11,2.4378339612607617e-11,2.076658935229948e-11,1.0253368254068335e-11,-1.0207889078456718
1.79092,1.0249805602178381e-11,1.636860879812461e-11,2.4377435618096483e-11,2.074621185236065e-11,1.0249805602178381e-11,-0.9999723926302353
1.79149,1.1387913117207964e-11,1.6569908610667353e-11,2.4526729180273187e-11,2.0930867837830504e-11,1.0441369402315717e-11,-0.858407973964227
1.79206,1.2927797426883647e-11,1.6392420523970094e-11,2.4405053851480685e-11,2.0787841608024038e-11,1.0263076404963933e-11,-0.6219147834052647
1.79263,1.5316528555406665e-11,1.6394845934622653e-11,2.441212731884067e-11,2.0792381583303752e-11,1.0263981271849609e-11,-0.2093482895616743
1.79321,1.7523075802848422e-11,1.6331123932866276e-11,2.433925037268722e-11,2.0725276219562853e-11,1.0196640728105494e-11,0.18325074213521034
1.79378,1.979090726461845e-11,1.64184210102406e-11,2.4443273058183623e-11,2.0820655989247004e-11,1.0279549539219372e-11,0.7452655781347105
1.79435,2.11476239236559e-11,1.6416891545488564e-11,2.4440967812692542e-11,2.081863669575964e-11,1.0278764496542989e-11,1.0849022492885798
1.79493,2.105607952870055e-11,1.64033598877865e-11,2.4415067533189214e-11,2.0799376104989683e-11,1.0269107423296916e-11,1.0661566304282748
1.7955,2.119790880048737e-11,1.6376012251678934e-11,2.4378655492856194e-11,2.076617259089311e-11,1.0253449877014382e-11,1.1114862904012708
1.79607,2.144205773455328e-11,1.6394812601275552e-11,2.4407316032565863e-11,2.0790421104827537e-11,1.0264787081511455e-11,1.1688155402643055
1.79665,2.1441422656581015e-11,1.641639806696475e-11,2.4439566814849873e-11,2.0817762134059743e-11,1.0278422366928895e-11,1.1613180338839382
1.79722,2.0648670892570428e-11,1.6431674657368493e-11,2.4465267064395454e-11,2.0839197141378868e-11,1.0287707054829304e-11,0.9529186059564603
1.7978,1.8230204094658455e-11,1.640975449067465e-11,2.4428198401386452e-11,2.0808710985680343e-11,1.0274557551995589e-11,0.3851852452643343
1.79837,1.7056558906585577e-11,1.639637073718626e-11,2.4407461988684872e-11,2.0791381060234742e-11,1.0266415237984365e-11,0.13513121369088407
1.79895,1.5900371854594195e-11,1.640009257964766e-11,2.4412597345078723e-11,2.0795922932278608e-11,1.0268860862511747e-11,-0.09869756245702785
1.79952,1.5204522138736916e-11,1.641077082151079e-11,2.4428164047338234e-11,2.080937924746219e-11,1.0275667095437201e-11,-0.23292950285127292
1.8001,1.3415046964711673e-11,1.643473501807818e-11,2.4464288221678183e-11,2.083998305497325e-11,1.029047584434496e-11,-0.548896009159663
1.80067,1.3282569291070516e-11,1.6419002045022703e-11,2.44414119014437e-11,2.0820172625844336e-11,1.0280615067556815e-11,-0.568376204628657
1.80125,1.272056297421975e-11,1.641082027511603e-11,2.4428171379123597e-11,2.080928330714682e-11,1.0275879368941791e-11,-0.656510127394594
1.80182,1.2416554910328727e-11,1.638978455942117e-11,2.439731469080738e-11,2.0782930959412432e-11,1.0262179889234354e-11,-0.7008297861889877
1.8024,1.211237086609781e-11,1.639025409284405e-11,2.4398002320674298e-11,2.0783466650467552e-11,1.0262669890823186e-11,-0.746544770662694
1.80298,1.2648837389968581e-11,1.639499815402172e-11,2.4404290074272265e-11,2.078920362468155e-11,1.0265413810924632e-11,-0.6658070279256394
1.80355,1.4051098589491968e-11,1.642448242107504e-11,2.4485316741125422e-11,2.0860398958010862e-11,1.0266605530278306e-11,-0.44257433226576387
1.80413,1.5552640291000307e-11,1.6384959711906492e-11,2.438972579857905e-11,2.0776562504942457e-11,1.0259630753695651e-11,-0.16283270201326216
1.80471,1.773934161684156e-11,1.6375017648236083e-11,2.4375245287875713e-11,2.0764138559609584e-11,1.0253109385475636e-11,0.2854809901533373
1.80528,1.9120176843854973e-11,1.636396969973222e-11,2.435966560211479e-11,2.075044453750602e-11,1.024586315133877e-11,0.6007588654635884
1.80586,1.9971529830763636e-11,1.6373895767408574e-11,2.4374515887371454e-11,2.076312393196746e-11,1.0252209742835186e-11,0.802220291881228
1.80644,1.9463138667344566e-11,1.638536649744503e-11,2.4391914559657522e-11,2.0777797938955105e-11,1.0259342478587534e-11,0.6760274137042914
1.80702,1.846172460685091e-11,1.6396333992703727e-11,2.44098451108819e-11,2.0792377616702346e-11,1.0265916281068667e-11,0.44059691533964057
1.80759,1.6365200929564355e-11,1.639669812087337e-11,2.4410962850139336e-11,2.079311296210957e-11,1.0265620398530146e-11,-0.006315228024231056
1.80817,1.450463859084091e-11,1.6216570181265232e-11,2.4142504826651503e-11,2.0564556757658623e-11,1.0153176085781203e-11,-0.3290065319047238
1.80875,1.3009104726987494e-11,1.6174985196371927e-11,2.407990952441629e-11,2.051159052751934e-11,1.0127016725583216e-11,-0.5809538334441883
1.80933,1.2857299031690609e-11,1.6149512334310072e-11,2.4040546175551013e-11,2.0478608257765364e-11,1.0111684964940072e-11,-0.6022852270395856
1.80991,1.2841543003120639e-11,1.6082959110423e-11,2.394082876431523e-11,2.039389619085131e-11,1.0069984746611706e-11,-0.5962184384971789
1.81049,1.3357060686475263e-11,1.6012454516678168e-11,2.3823511616828514e-11,2.0301538925021874e-11,1.002116387975583e-11,-0.5007707137216498
1.81106,1.3307389930538054e-11,1.596636960737265e-11,2.376657001092529e-11,2.0245868624298438e-11,9.997041274638406e-12,-0.5022452466071942
1.81164,1.4654940522638985e-11,1.5917516615256826e-11,2.3694779073491696e-11,2.01842577097825e-11,9.966433867791054e-12,-0.25060377095649455
1.81222,1.6256776909395028e-11,1.61051188791539e-11,2.3768611979208453e-11,2.030324826772214e-11,1.0287848662885642e-11,0.03251628937649671
1.8128,1.683316304139266e-11,1.580226450699046e-11,2.3521628558005904e-11,2.003710427478407e-11,9.897373689923485e-12,0.22124652131950756
1.81338,1.6850136944896905e-11,1.574899944931547e-11,2.351214035058089e-11,2.0003250306347646e-11,9.862977981869103e-12,0.23808679854787929
1.81396,1.7125312818733048e-11,1.5753856779391258e-11,2.345847265117887e-11,1.9993231862576315e-11,9.825592488835542e-12,0.3006922270375896
1.81454,1.724228855659447e-11,1.566536395064533e-11,2.3320866542373648e-11,1.9864930319449487e-11,9.80836238865714e-12,0.34783413814652225
1.81512,1.730139245253359e-11,1.552761928637385e-11,2.311452129498245e-11,1.9689923301062096e-11,9.722199030148426e-12,0.3971908248769207
1.8157,1.7595029124838566e-11,1.5400935101042587e-11,2.292684905217344e-11,1.952958120665846e-11,9.643337231458738e-12,0.5020598383224342
1.81629,1.8725752568199646e-11,1.5336475545448453e-11,2.282270122396046e-11,1.945596081018736e-11,9.578575791281942e-12,0.8140951780194624
1.81687,1.8419766264319904e-11,1.5205877258850782e-11,2.2669464951069006e-11,1.9302445427835633e-11,9.503319453761826e-12,0.754028060347713
1.81745,1.5778568249159366e-11,1.5259246936700403e-11,2.2935203579612506e-11,1.9539141970374643e-11,9.527269306003603e-12,0.11451822988548417
1.81803,1.506492942273364e-11,1.5152055265467692e-11,2.2556694829679133e-11,1.921420677567213e-11,9.486857029711611e-12,-0.018887696235911623
1.81861,1.3835632184938199e-11,1.5151419354781664e-11,2.2556050527828345e-11,1.921319176347923e-11,9.48702559932506e-12,-0.27326760184295595
1.81919,1.1814728131024323e-11,1.5149444979386346e-11,2.255106785035491e-11,1.9210267689821995e-11,9.485753463571718e-12,-0.6444118865687319
1.81978,1.2502814573423081e-11,1.51690869608975e-11,2.2671478288891505e-11,1.9283018082723953e-11,9.497122067342375e-12,-0.527532118187696
1.82036,1.4039599571796339e-11,1.5087394691969296e-11,2.2456590067068313e-11,1.9130500864372382e-11,9.447320363961443e-12,-0.22049139730646758
1.82094,1.50069371723914e-11,1.5065897180827274e-11,2.2425463152802133e-11,1.9103699865870215e-11,9.433427236495757e-12,-0.012856579682829992
1.82152,1.620054342647152e-11,1.5065419754332504e-11,2.2425245150000408e-11,1.910322756254513e-11,9.43337682121891e-12,0.2572135713956329
1.82211,1.7890128224329946e-11,1.5070680477131304e-11,2.244184164558577e-11,1.9117621236385007e-11,9.42742225306128e-12,0.6746745033639484
1.82269,1.92987448896805e-11,1.502335023895267e-11,2.236338174271794e-11,1.9050293580497617e-11,9.408072048070826e-12,1.0674479558355587
1.82327,1.9151416064738993e-11,1.501571414661509e-11,2.2393583670932806e-11,1.906115342744105e-11,9.402877098457611e-12,1.0292936191893036
1.82386,1.851658999513547e-11,1.5020296120359913e-11,2.2359595952747492e-11,1.904666675494953e-11,9.404721057538893e-12,0.8548819499554282
1.82444,1.688367632018838e-11,1.501977816355024e-11,2.2359278904313386e-11,1.9046204774808326e-11,9.404478114771781e-12,0.4336326517192407
1.82502,1.5065664785820888e-11,1.4996955697306264e-11,2.2325394825704724e-11,1.9017394902456524e-11,9.389785480013932e-12,0.015107960230542264
1.82561,1.2735033361376688e-11,1.506732599283583e-11,2.238199773247968e-11,1.908077827890711e-11,9.443791348466862e-12,-0.46931843611419516
1.82619,1.087912121553435e-11,1.5006022127211876e-11,2.2337493614853325e-11,1.902812956592871e-11,9.39579551210238e-12,-0.7803141168356972
1.82678,1.122479363550422e-11,1.4976710400318284e-11,2.229479541327151e-11,1.8991482720496757e-11,9.377209989129379e-12,-0.7209257215135867
1.82736,1.3420139763022282e-11,1.4949075522269053e-11,2.2253415489005336e-11,1.8956311799819008e-11,9.360123236331532e-12,-0.31925088690736897
1.82795,1.4630594759104294e-11,1.4919847259777494e-11,2.2210407782452012e-11,1.8919488125839138e-11,9.341535412126393e-12,-0.06320508973521127
1.82853,1.5267700836205844e-11,1.48628130707977e-11,2.215334495525466e-11,1.8868020735749977e-11,9.305813918502481e-12,0.09085649011781569
1.82912,1.5941870425044614e-11,1.4868711694381313e-11,2.2133465961369414e-11,1.8854268935487215e-11,9.30980786686926e-12,0.24606384375635523
1.8297,1.620557857230261e-11,1.4917764909133797e-11,2.2317389956593794e-11,1.8966750745871936e-11,9.337061992041463e-12,0.29655077717934397
1.83029,1.6270529379446615e-11,1.5058354251827904e-11,2.2296238558524666e-11,1.9027493527996524e-11,9.44234084816847e-12,0.27866310829515045
1.83087,1.5485134390920583e-11,1.4882593805583685e-11,2.2154844338309333e-11,1.8872180133598442e-11,9.318379726279588e-12,0.13588849067737122
1.83146,1.6669818159751476e-11,1.4877179636133506e-11,2.214658259748167e-11,1.886523682155907e-11,9.315024767159227e-12,0.4202735267769296
1.83205,1.691577144442246e-11,1.4816856187775225e-11,2.2057065098856754e-11,1.878883900442979e-11,9.277254473245427e-12,0.4990378754362485
1.83263,1.727183221658889e-11,1.4754073705945687e-11,2.1963792751768833e-11,1.8709087218019583e-11,9.2385294002577e-12,0.6092182669885665
1.83322,1.6880201220612644e-11,1.461700644331038e-11,2.1758391765770407e-11,1.8534748528060316e-11,9.152358806834792e-12,0.5487310300490426
1.83381,1.555988822881959e-11,1.4611037115087538e-11,2.1749920174976176e-11,1.8527545962538213e-11,9.148550593553861e-12,0.22059333284389623
1.8344,1.3119996933690131e-11,1.4571062162405036e-11,2.169097619847841e-11,1.8477106395968038e-11,9.123341360148648e-12,-0.3113032709821136
1.83498,1.134689532433859e-11,1.4507073461463007e-11,2.159606923683773e-11,1.8396089817524394e-11,9.083246395457763e-12,-0.6385836032942709
1.83557,1.0247729551731665e-11,1.4381794877863338e-11,2.141111339545914e-11,1.8237859985221855e-11,9.00446938192255e-12,-0.8097871982844098
1.83616,1.0198620496336387e-11,1.4366281096718366e-11,2.138674458602845e-11,1.8217980485881333e-11,8.995169105844092e-12,-0.8159369767431653
1.83675,1.2060792629692721e-11,1.4379731258070111e-11,2.1421807923706905e-11,1.8235749592114896e-11,9.003081863384579e-12,-0.48781021338899005
1.83733,1.2929533791980148e-11,1.4392518065500446e-11,2.142406914767738e-11,1.8250199689980675e-11,9.011784146098686e-12,-0.31738212139317473
1.83792,1.5174233100251988e-11,1.4371363401857235e-11,2.139198280233634e-11,1.822310444207056e-11,8.998738986238505e-12,0.18890760495941192
1.83851,1.545330484998511e-11,1.4379502146093867e-11,2.1403893674068024e-11,1.8233368225495578e-11,9.00366908417496e-12,0.2547354307364615
1.8391,1.5677811071253355e-11,1.4377587833509988e-11,2.1400878696519323e-11,1.8230819289567226e-11,9.002745092257429e-12,0.3109176350982424
1.83969,1.5838089312026107e-11,1.4398481603913405e-11,2.1432905637952298e-11,1.8257795245310657e-11,9.015317108799663e-12,0.3452664327668031
1.84028,1.526686113414527e-11,1.4383904156977528e-11,2.1410309983828756e-11,1.8238604696704156e-11,9.00864396495445e-12,0.20778123406992943
1.84087,1.467163740118145e-11,1.4385851769277125e-11,2.1415120436613905e-11,1.8242133815819364e-11,9.007445988200083e-12,0.06600121599653452
1.84146,1.4421968625262242e-11,1.4395821979740833e-11,2.1430772784268147e-11,1.825513235234908e-11,9.013527646989503e-12,0.005983825748672777
1.84205,1.3992362380937747e-11,1.4388827784388155e-11,2.144470224323741e-11,1.8267183372413373e-11,9.006961241463579e-12,-0.08945417037863335
1.84264,1.4219355193140058e-11,1.4397860532693775e-11,2.143231360872136e-11,1.8257211275428745e-11,9.014999351313741e-12,-0.040531201261329454
1.84323,1.482994233554111e-11,1.4424094619122565e-11,2.1469443128636314e-11,1.828955232482394e-11,9.031841086668855e-12,0.0938155031321266
1.84382,1.3563764152612469e-11,1.4439630100404503e-11,2.154966319664056e-11,1.83113272727708e-11,9.040788169589267e-12,-0.19352637663897013
1.84441,1.3122438843795292e-11,1.4451942933286555e-11,2.1515536646476434e-11,1.8326760078629143e-11,9.048332511722833e-12,-0.2887544488184742
1.845,1.2650128316460979e-11,1.442726114095301e-11,2.1490904609230677e-11,1.8302818675665722e-11,9.015271407403582e-12,-0.3825126710270612
1.84559,1.1425989580442723e-11,1.44691414127834e-11,2.153958199607039e-11,1.8347960336156577e-11,9.05950406786747e-12,-0.6191475613665914
1.84618,1.0790562357577059e-11,1.4466659385673505e-11,2.1535669362850238e-11,1.8344726838678216e-11,9.057995800154221e-12,-0.7297410455879239
1.84678,1.1043379027976284e-11,1.4482417417069165e-11,2.155957231131373e-11,1.836494782769413e-11,9.067670056469486e-12,-0.6884704279232465
1.84737,1.1388912849225843e-11,1.449382361708269e-11,2.1574652246957906e-11,1.837853445981375e-11,9.075305105912322e-12,-0.6292127463208288
1.84796,1.2584574223027118e-11,1.4493077012843046e-11,2.1575030851086295e-11,1.8378275587790367e-11,9.074231883100956e-12,-0.40471739146932606
1.84855,1.3098791878872448e-11,1.450387458745069e-11,2.1588625125993286e-11,1.839086960892755e-11,9.081650418648871e-12,-0.30325439943216803
1.84914,1.3649274926621523e-11,1.4498501191987023e-11,2.1581562290566818e-11,1.838441910738399e-11,9.078319899968152e-12,-0.18701383486508444
1.84974,1.334404471366695e-11,1.450544654766086e-11,2.158592720628811e-11,1.8390014772501744e-11,9.083882727635204e-12,-0.25278550062064964
1.85033,1.3334736255755996e-11,1.4523857487988228e-11,2.1625199539302752e-11,1.84156600140871e-11,9.094812595552376e-12,-0.25821992567169705
1.85092,1.2652684887244153e-11,1.451541682282898e-11,2.1606040686793127e-11,1.8405499922711654e-11,9.089555455509842e-12,-0.39495327725479396
1.85152,1.2394071383483442e-11,1.4510537091453069e-11,2.1613076381821335e-11,1.8407594376341363e-11,9.065230306360518e-12,-0.44796419297418627
1.85211,1.3072872572839061e-11,1.4499073752185377e-11,2.1585481969531102e-11,1.8386470563212314e-11,9.077993907598902e-12,-0.30771436803612195
1.8527,1.5439210750944067e-11,1.4492283351614039e-11,2.1576426468432167e-11,1.8378310282084424e-11,9.073492527406939e-12,0.22203015035696963
1.8533,1.684311280005249e-11,1.4448627768014866e-11,2.1513751951437337e-11,1.832377886409016e-11,9.050547579199616e-12,0.5852166418854831
1.85389,1.9027804349505697e-11,1.4478462227027148e-11,2.1547355217238897e-11,1.835507364407691e-11,9.073096308992653e-12,1.1942587644638287
1.85448,1.9594921507553142e-11,1.444233893637718e-11,2.1504353246240345e-11,1.8315907001193528e-11,9.04196198117731e-12,1.3839929378526865
1.85508,2.0387802095730993e-11,1.4413640431995398e-11,2.1459214887271434e-11,1.8278504416817315e-11,9.024173383231114e-12,1.646725485537897
1.85567,2.0381389482207574e-11,1.4427279456343941e-11,2.1477856473629246e-11,1.8295250757505453e-11,9.033019884530025e-12,1.637947100416955
1.85627,1.9190489901036156e-11,1.4417378101575583e-11,2.1459809666455877e-11,1.8282447201672538e-11,8.996598786590468e-12,1.2125697322226698
1.85686,1.7695700580084357e-11,1.5205861610506458e-11,2.195491507384489e-11,1.8894592790327015e-11,1.0084378026598134e-11,0.668906477983833
1.85746,1.595939537302124e-11,1.4276123729328658e-11,2.1300240786498387e-11,1.8102173744004586e-11,8.939182385130432e-12,0.4105074208039289
1.85806,1.4995934385093526e-11,1.4168773925541361e-11,2.1181840675448237e-11,1.796798519593653e-11,8.87240574372659e-12,0.19759250530525224
1.85865,1.3335492237475303e-11,1.4159390126387289e-11,2.1078354532964844e-11,1.7954992933588687e-11,8.865775128123646e-12,-0.18582699748252937
1.85925,1.3482761271883216e-11,1.4797654049080845e-11,2.1616380947120748e-11,1.854110919688841e-11,9.224822620832802e-12,-0.30224843476258056
1.85984,1.2620417027975307e-11,1.4203292256554342e-11,2.114902004670697e-11,1.8012896115933795e-11,8.892497620692358e-12,-0.3462534832817593
1.86044,1.0711030317246932e-11,1.4214910157513137e-11,2.1173660688388513e-11,1.8028145884725002e-11,8.899690572707199e-12,-0.7110622443328721
1.86104,1.0860923961276505e-11,1.4215755057280979e-11,2.1166228262937898e-11,1.8028193636597998e-11,8.900097185052404e-12,-0.6848719221220516
1.86163,1.1599078031666429e-11,1.4216382666155335e-11,2.1166760018823998e-11,1.8028843501549858e-11,8.900373014605194e-12,-0.5500427146889648
1.86223,1.1796597727502529e-11,1.4188871685705259e-11,2.11250287576854e-11,1.7993628330503498e-11,8.883336558352149e-12,-0.5079990759182784
1.86283,1.3221235459734366e-11,1.4175111498572191e-11,2.1105360273309256e-11,1.797645468388746e-11,8.875105881361322e-12,-0.21386584607017936
1.86342,1.1744502508349258e-11,1.4160240215203618e-11,2.1080630895401094e-11,1.7956487174963172e-11,8.866199633579726e-12,-0.5133409910997514
1.86402,8.863436580929266e-12,1.4155477312581496e-11,2.107179817565697e-11,1.794976573250235e-11,8.863436580929266e-12,-1.1870983236327073
1.86462,8.849320103253893e-12,1.4134664644449586e-11,2.104269807263531e-11,1.7924264160758068e-11,8.849320103253893e-12,-1.5361665396552338
1.86522,8.863885069415041e-12,1.415809082889111e-11,2.107921749529963e-11,1.7954660159800087e-11,8.863885069415041e-12,-1.4051552406372116
1.86582,9.772874061816279e-12,1.4144724132905998e-11,2.1056864240798363e-11,1.7936825992999026e-11,8.856849808913325e-12,-0.859622592883768
1.86642,1.3502234488318897e-11,1.4121339831136117e-11,2.1020719548483186e-11,1.7906415201567654e-11,8.842306131682065e-12,-0.14098220894308353
1.86701,1.429849488656435e-11,1.410855706980536e-11,2.100254777536553e-11,1.7890590613808728e-11,8.833786272459351e-12,0.044586239578597295
1.86761,1.4582369652433122e-11,1.4112464332557226e-11,2.1008408070020143e-11,1.7895659396954482e-11,8.835970836842291e-12,0.11132025990336727
1.86821,1.53680140146569e-11,1.4108567294965727e-11,2.099924066061397e-11,1.788894193953514e-11,8.833845559531861e-12,0.3067818301028363
1.86881,1.5430103028435836e-11,1.4094060375732483e-11,2.0979009931342227e-11,1.787134475644711e-11,8.825223553228382e-12,0.32657381313933365
1.86941,1.6132541270252272e-11,1.4088031560582651e-11,2.0971107603573084e-11,1.7864661703112328e-11,8.815066815157321e-12,0.4971452290015654
1.87001,1.6570583272139663e-11,1.4066335196060957e-11,2.0938017650815033e-11,1.783623270985816e-11,8.807999840655632e-12,0.6376738521362576
1.87061,1.6179477758277884e-11,1.4041587132681993e-11,2.0906960605820035e-11,1.78076765002436e-11,8.795643019344321e-12,0.5289837625354757
1.87121,1.6503034498366527e-11,1.4116810080036265e-11,2.1164456787484326e-11,1.8010918117840174e-11,8.841473619623406e-12,0.6034464569187298
1.87181,1.7697757635126886e-11,1.4187442206446939e-11,2.1156828692453595e-11,1.802189058650027e-11,8.85526875629886e-12,0.9216985637916802
1.87241,1.6886894950644812e-11,1.4047547380073738e-11,2.0910943494158855e-11,1.7812865162951e-11,8.795839958398863e-12,0.7321677961800713
1.87301,1.517038968702069e-11,1.3973710814161776e-11,2.0972673165820317e-11,1.7855444908450113e-11,8.74740119480489e-12,0.2935964769318545
1.87361,1.376263541792303e-11,1.3945206749333953e-11,2.0760341380833512e-11,1.768357123833402e-11,8.732969144399706e-12,-0.04250860964253935
1.87422,1.1371220678260145e-11,1.3865879681065396e-11,2.0638258231674958e-11,1.7581499610113177e-11,8.682611871863925e-12,-0.538520719248837
1.87482,1.1012697289651178e-11,1.3850939671613393e-11,2.0616339642618096e-11,1.7562548068393748e-11,8.673394683189893e-12,-0.6049120750605225
1.87542,1.1470063083801271e-11,1.3822356360658722e-11,2.056801262560297e-11,1.7523015477671597e-11,8.662446555004117e-12,-0.5110338857766707
1.87602,1.2567362095823619e-11,1.3823317678668042e-11,2.0586722698151764e-11,1.7531812719511597e-11,8.654186132110775e-12,-0.28539252496499307
1.87662,1.2897974420808173e-11,1.3806658512874422e-11,2.0550873373913227e-11,1.750669855676265e-11,8.645573132646387e-12,-0.20934058992093574
1.87722,1.619455367221942e-11,1.3807385661906787e-11,2.055278797088481e-11,1.7508151889338862e-11,8.645446682540478e-12,0.6179440426914774
1.87783,1.8390189994484783e-11,1.3798572415307446e-11,2.0539229852420425e-11,1.7496738392165535e-11,8.640010108174948e-12,1.276610283742497
1.87843,1.9289249964662358e-11,1.38095584117882e-11,2.0557285851203486e-11,1.7511350246526396e-11,8.646620296995436e-12,1.5643231807154223
1.87903,1.95890244605891e-11,1.3817974320159384e-11,2.0569341763578017e-11,1.7522012415907384e-11,8.652399816469767e-12,1.6609978575906166
1.87964,1.9339090263403946e-11,1.3841953203962664e-11,2.060694308468874e-11,1.7552992291912447e-11,8.66667110827078e-12,1.5660942445773054
1.88024,1.908065361755884e-11,1.3856846762178635e-11,2.0635216058642673e-11,1.7573169335088925e-11,8.675038356504864e-12,1.4751459816474914
1.88084,1.812541434099937e-11,1.3832327003416799e-11,2.0596250254424593e-11,1.7542329528156613e-11,8.659934129145699e-12,1.180151373053291
1.88145,1.7037091116400476e-11,1.3840031258883073e-11,2.060555469351817e-11,1.755113016738862e-11,8.6650683897991e-12,0.8482289246369209
1.88205,1.541056856769491e-11,1.38562247610051e-11,2.062820438608421e-11,1.7571179657354312e-11,8.675181206245792e-12,0.38969377158583557
1.88266,1.0853724070878607e-11,1.4231496436971965e-11,2.0941198046248086e-11,1.791885122450456e-11,8.77680448252534e-12,-0.7019797233616446
1.88326,8.626526790552552e-12,1.3834292910065246e-11,2.061026106366844e-11,1.755293089624044e-11,8.626526790552552e-12,-1.5675772701782265
1.88386,8.649710402096421e-12,1.422297994018862e-11,2.1268815216124896e-11,1.8128825515083445e-11,8.649710402096421e-12,-2.441015540527827
1.88447,8.651758885125333e-12,1.3816834641187199e-11,2.064335015161456e-11,1.7490134989390474e-11,8.651758885125333e-12,-2.845578930171574
1.88507,8.630155042474354e-12,1.3784768459148155e-11,2.0520717330760777e-11,1.7480403279913648e-11,8.630155042474354e-12,-2.5075305896927302
1.88568,8.631669250229941e-12,1.3784877113664138e-11,2.0518739926239342e-11,1.7479577083882178e-11,8.631669250229941e-12,-1.958325242298309
1.88629,8.630304520086297e-12,1.378272101618919e-11,2.0515457353383563e-11,1.747652058238614e-11,8.630304520086297e-12,-1.4005845318212762
1.88689,1.0252437853263234e-11,1.3805087459675433e-11,2.0547658877282087e-11,1.750434137953836e-11,8.644856409154126e-12,-0.7374989923724963
1.8875,1.2336743711307876e-11,1.381377394415224e-11,2.0570389618228794e-11,1.7520908673524384e-11,8.637603361150596e-12,-0.33541255637523304
1.8881,9.66872508989378e-12,1.4088899331133037e-11,2.091421452641567e-11,1.7846002749385537e-11,8.954013289893122e-12,-0.8487715740303893
1.88871,8.654139989409296e-12,1.3822052100754726e-11,2.058613431860355e-11,1.752756222221696e-11,8.654139989409296e-12,-1.2008063412564551
1.88932,8.648194225807213e-12,1.3811997251309202e-11,2.0561016814704935e-11,1.7514523835254263e-11,8.648194225807213e-12,-1.4931016968239816
1.88992,8.649638068690723e-12,1.3814459443598783e-11,2.0564745919373792e-11,1.751764223333517e-11,8.649638068690723e-12,-1.3584825564298246
1.89053,8.642630980564314e-12,1.3803492843820707e-11,2.0549305336795623e-11,1.75041113215462e-11,8.642630980564314e-12,-1.0411590109387765
1.89114,1.2463735954169434e-11,1.376465673454392e-11,2.0494024202665442e-11,1.7455915026046212e-11,8.6178229352273e-12,-0.2962856334833216
1.89174,1.4424139187055522e-11,1.3776901625214593e-11,2.0514674439089088e-11,1.7472461320115395e-11,8.62521073106216e-12,0.15823905035586502
1.89235,1.5670639166243896e-11,1.3749376709837913e-11,2.047484436877536e-11,1.7438118637300133e-11,8.607249428161017e-12,0.4920630146239788
1.89296,1.6980087240477144e-11,1.3742938202952499e-11,2.046598491464723e-11,1.7430121625566606e-11,8.603469788624445e-12,0.8669091771461898
1.89357,1.8359188798204658e-11,1.3741378033962199e-11,2.0461099999069892e-11,1.7427143854595866e-11,8.602843360113687e-12,1.2921662623317223
1.89418,1.942213901983782e-11,1.3693488807990121e-11,2.038688680668416e-11,1.7365188530298077e-11,8.57348049753305e-12,1.6650232498807647
1.89479,1.8946814121953848e-11,1.3622192582233199e-11,2.0280451824880716e-11,1.7277409732204337e-11,8.52962527167946e-12,1.5369092063953012
1.89539,1.8305758828542484e-11,1.3605576867156039e-11,2.025334376605255e-11,1.7252439492048382e-11,8.519150671787084e-12,1.3327184677311028
1.896,1.774712690956944e-11,1.3632136948904847e-11,2.0269288134200746e-11,1.7273000645699986e-11,8.545954846557617e-12,1.136103095063087
1.89661,1.685439589121772e-11,1.3632114288518043e-11,2.0292683735332642e-11,1.7286127983257276e-11,8.535735887476319e-12,0.8692414755950395
1.89722,1.5668335389141934e-11,1.3617119104758647e-11,2.02676038225601e-11,1.726594469222317e-11,8.526936309672787e-12,0.5325665367984459
1.89783,1.3879511955203316e-11,1.3628138064772325e-11,2.028556446636868e-11,1.7280817565897858e-11,8.533232856297827e-12,0.06120144624561056
1.89844,1.4698624350884864e-11,1.3647219284911462e-11,2.0315420853077896e-11,1.730541042342858e-11,8.54511113907616e-12,0.26321672478626096
1.89905,1.438706801618279e-11,1.3687365916653837e-11,2.036794611097239e-11,1.7353134775327865e-11,8.570871693826006e-12,0.17246432946941326
1.89966,1.3229067150273241e-11,1.3668166327147676e-11,2.0347173270660795e-11,1.73322138033332e-11,8.558255987295786e-12,-0.10401641287198271
1.90027,1.2373032554565148e-11,1.3694877471189758e-11,2.0388576288614055e-11,1.7365240325690694e-11,8.575786346182122e-12,-0.30210829228144
1.90088,1.2021489748714328e-11,1.3679671168595026e-11,2.0362468210383144e-11,1.7346025982419772e-11,8.565332570502002e-12,-0.374591200389601
1.90149,1.0812861361880146e-11,1.3887564651469625e-11,2.073373063405897e-11,1.7691615719193396e-11,8.566258656628461e-12,-0.6673563181783835
1.9021,1.3156569120338705e-11,1.367697859363215e-11,2.041949992798216e-11,1.7390296515392704e-11,8.546537533693102e-12,-0.12480385905257214
1.90272,1.2604868371229183e-11,1.359017145469383e-11,2.025562466851701e-11,1.724069277303195e-11,8.507354169687998e-12,-0.22999956228477858
1.90333,1.2687385254747364e-11,1.3413143020162982e-11,1.9972627547216737e-11,1.7011201958005637e-11,8.395884252865359e-12,-0.17348921552600208
1.90394,1.2048253926637069e-11,1.34127536392288e-11,1.9970071634542163e-11,1.7009556645798535e-11,8.397599971706486e-12,-0.3176937997337599
1.90455,1.2985285260770014e-11,1.342531084938152e-11,1.99898008956364e-11,1.7025988801689374e-11,8.405214314143263e-12,-0.10608897614725762
1.90516,1.264373251991806e-11,1.341211798991778e-11,1.9969069111405314e-11,1.7008789733915336e-11,8.3971652829196e-12,-0.18310268891428697
1.90578,1.2585691515105919e-11,1.3404084843530394e-11,1.995641359426311e-11,1.699829251576055e-11,8.392320301769163e-12,-0.19475088504231877
1.90639,1.2092636532266562e-11,1.340102080889413e-11,1.995003569216979e-11,1.699364125096558e-11,8.390754667957793e-12,-0.3055131625151446
1.907,1.1962346633706476e-11,1.3419229537429553e-11,1.9980009032783808e-11,1.7017962272333545e-11,8.401481969101827e-12,-0.33784670314463283
1.90761,1.4051882987357952e-11,1.3378824870247498e-11,1.992113182373114e-11,1.696728077047061e-11,8.375870563869386e-12,0.16974308872247842
1.90823,1.4441878705951393e-11,1.3307555108424446e-11,1.983071988621673e-11,1.6875626244636766e-11,8.331366519834827e-12,0.2923457605234371
1.90884,1.5093121113040995e-11,1.3352017188457125e-11,1.9851673628769146e-11,1.691868250801934e-11,8.365454814827362e-12,0.4568223876656699
1.90946,1.6397526400394862e-11,1.3333674270242934e-11,1.985130574083399e-11,1.6908892295354563e-11,8.348314850771254e-12,0.843021214998497
1.91007,1.640353804487224e-11,1.33631696229279e-11,1.9895844411774327e-11,1.6946532595699736e-11,8.366615297103674e-12,0.8337757199548426
1.91068,1.5706212087902016e-11,1.3354520628781342e-11,1.9878289150133677e-11,1.69340158999147e-11,8.361397776091864e-12,0.6303863658853432
1.9113,1.4040362924841632e-11,1.3305574975100615e-11,1.9819067530166563e-11,1.6873928640776093e-11,8.33023789808012e-12,0.1867272939361504
1.91191,1.305292997292287e-11,1.3228945681906606e-11,1.9694490571594168e-11,1.6775688530113618e-11,8.282839124507851e-12,-0.04348078646612534
1.91253,1.1944271848188063e-11,1.3177295631235414e-11,1.9614939137226525e-11,1.6709079042844777e-11,8.25119649873896e-12,-0.2933804747976961
1.91314,1.0520973764917082e-11,1.3192196116787756e-11,1.9635442465360198e-11,1.6727266545159217e-11,8.260661528287657e-12,-0.5985884768366604
1.91376,8.844591488190993e-12,1.3163876181472938e-11,1.9633928332951037e-11,1.6726532979815225e-11,8.22817731834941e-12,-0.9058533615911403
1.91437,8.209291757767307e-12,1.3111258738992435e-11,1.951844064356826e-11,1.6626155555198895e-11,8.209291757767307e-12,-1.054088851785906
1.91499,8.220064162018705e-12,1.3130914464652009e-11,1.9551225239176084e-11,1.665278687568354e-11,8.220064162018705e-12,-1.034692900853522
1.9156,8.221721079302663e-12,1.313117648717337e-11,1.9549654803495666e-11,1.6652045285578717e-11,8.221721079302663e-12,-1.1348138787298157
1.91622,8.222075074176433e-12,1.3133429996338207e-11,1.955636821248841e-11,1.665627891435317e-11,8.222075074176433e-12,-1.3366455652589149
1.91684,9.398652166975333e-12,1.3182477062317721e-11,1.9710928206006664e-11,1.677461447578582e-11,8.252087139289984e-12,-0.8087849006130963
1.91745,1.2073719479257737e-11,1.3152583855580721e-11,1.9579150321306973e-11,1.667874525886493e-11,8.233999216023238e-12,-0.2588846352993731
1.91807,1.6067953443541576e-11,1.3166218892430194e-11,1.9596376064281948e-11,1.6694228670255064e-11,8.24444071948901e-12,0.8045269609667548
1.91869,1.7264757994491514e-11,1.3187978073741382e-11,1.9630279113922504e-11,1.6722365494746437e-11,8.257893841520526e-12,1.1738629114095396
1.9193,1.8013756980185165e-11,1.3190140184270492e-11,1.9634462276816355e-11,1.6725560885550137e-11,8.258932795883681e-12,1.4228656815468987
1.91992,1.625036206661792e-11,1.3241936468380742e-11,1.9706335304129964e-11,1.6788476272910026e-11,8.29148033450954e-12,0.8375125233869132
1.92054,1.5378337206006862e-11,1.3241627754675104e-11,1.9710585929156308e-11,1.6790591058614942e-11,8.291210822923608e-12,0.5735911234110007
1.92116,1.4323798954838694e-11,1.3273089013101198e-11,1.986014372794192e-11,1.6891354160559065e-11,8.312016537672682e-12,0.2705608819875488
1.92178,1.401933054869116e-11,1.3304168984872642e-11,1.9804542922433934e-11,1.6870215414170693e-11,8.33032967336117e-12,0.18158470629576545
1.92239,1.4194410845258908e-11,1.333687607358947e-11,1.9880933595155057e-11,1.6924829208676e-11,8.349705379911194e-12,0.21827172412802456
1.92301,1.293351685622509e-11,1.3370036530436994e-11,1.9912322230134767e-11,1.6953414661343062e-11,8.372102019658426e-12,-0.1057218662817768
1.92363,1.274840446768848e-11,1.3393852547006741e-11,1.996995045235575e-11,1.6980527723556592e-11,8.388709453288121e-12,-0.15462945221331184
1.92425,1.361963206828373e-11,1.343678321444438e-11,2.0031660128082946e-11,1.7059828844133403e-11,8.39561224372886e-12,0.04525870295102535
1.92487,1.4588456138361553e-11,1.3419405923093658e-11,2.0050275826819123e-11,1.7043291255286662e-11,8.388560707978704e-12,0.29706958404582445
1.92549,1.5144611418536176e-11,1.3563794625450329e-11,2.0209610175574315e-11,1.7225249083462293e-11,8.4293604463802e-12,0.4115184309811929
1.92611,1.419050904594748e-11,1.3487879467908165e-11,2.0264851714081973e-11,1.724483698934671e-11,8.422207640110012e-12,0.1768475283759572
1.92673,1.4347558292862895e-11,1.3491766499371282e-11,2.0253401766406415e-11,1.7111784914232753e-11,8.44614703990479e-12,0.21535918548956154
1.92735,1.5639718799665803e-11,1.3505142992895475e-11,2.010293339933979e-11,1.712466920259041e-11,8.456636367072174e-12,0.5612292698438186
1.92797,1.6302138076991788e-11,1.3431889255359785e-11,1.99977419798129e-11,1.7033737464008296e-11,8.409764824230477e-12,0.7781856554760451
1.92859,1.6855594087635624e-11,1.3388891756124222e-11,2.002980429686418e-11,1.70412705960246e-11,8.386291699436316e-12,0.961799658075715
1.92921,1.7151364185151587e-11,1.3377251936084657e-11,1.9917124293418003e-11,1.6964606322634694e-11,8.37517203824545e-12,1.0594611343259266
1.92983,1.7106166696188785e-11,1.3377236365757596e-11,2.0038392442197186e-11,1.6995569871795656e-11,8.378880877808626e-12,1.0450258738299176
1.93045,1.7667973399236805e-11,1.3414244308495169e-11,1.9964687093017632e-11,1.7007178982402063e-11,8.400214525474369e-12,1.2102430954072014
1.93107,1.690389749911372e-11,1.3403965689522882e-11,1.994874403007344e-11,1.6994508691950834e-11,8.396284409965803e-12,0.9734913128291935
1.9317,1.2768536199374427e-11,1.3485607275581765e-11,2.0070783337490664e-11,1.7098720208886733e-11,8.444817250161009e-12,-0.1702182461790366
1.93232,8.522308130716754e-12,1.3666130672378049e-11,2.028912857209739e-11,1.730725395002348e-11,8.522308130716754e-12,-1.8889097586094428
1.93294,8.542832731308418e-12,1.3644283501236844e-11,2.0312101999647257e-11,1.730234388384276e-11,8.542832731308418e-12,-3.7707370752295617
1.93356,8.490507877862348e-12,1.3560654353355036e-11,2.018894824996632e-11,1.7196581164591073e-11,8.490507877862348e-12,-5.073321772173272
1.93418,8.466557046318247e-12,1.3522809679752798e-11,2.0133481325272884e-11,1.7148926856537576e-11,8.466557046318247e-12,-5.095775957756302
1.93481,8.563943525548083e-12,1.3710907994250971e-11,2.0313096144109593e-11,1.7343290498821456e-11,8.563943525548083e-12,-4.0668272351788275
1.93543,8.522409615740614e-12,1.3560042536045983e-11,2.013008995112082e-11,1.7163675620581744e-11,8.522409615740614e-12,-2.619590382943312
1.93605,8.39573569286296e-12,1.3408621054129177e-11,1.9961991322592145e-11,1.7001451475064273e-11,8.39573569286296e-12,-1.0985902856506826
1.93668,1.596106686210934e-11,1.341047147731921e-11,1.9959053408604114e-11,1.7003466162253826e-11,8.398066835638387e-12,0.684813687246737
1.9373,1.9239653010116503e-11,1.3583186736166197e-11,2.0134153771719124e-11,1.7183900052466785e-11,8.48433512563436e-12,1.6881666972626221
1.93792,2.0483528619218283e-11,1.3419832857536804e-11,1.9977108367039518e-11,1.701713686644582e-11,8.402609972113059e-12,2.1870742185120124
1.93855,2.03104791133218e-11,1.3359258365943353e-11,1.9886384886345574e-11,1.6939834333649633e-11,8.366563567382531e-12,2.157252458145415
1.93917,1.9613343042224812e-11,1.3306232352367645e-11,1.980908663287721e-11,1.6873636917000343e-11,8.331123926234634e-12,1.9293892515609103
1.9398,1.9551947168091956e-11,1.3315757737661117e-11,1.9830324303802893e-11,1.6886256153024717e-11,8.353228586554607e-12,1.893550773667759
1.94042,1.9465034782732784e-11,1.3303613613667546e-11,1.9787698344515723e-11,1.6870019187212693e-11,8.307214477577175e-12,1.8811086896516036
1.94105,1.7848160689724675e-11,1.3189683478850675e-11,1.9633032513747726e-11,1.6724490612917054e-11,8.258558848457467e-12,1.3671348102251484
1.94167,1.5942212301973213e-11,1.3840442198327526e-11,2.019531355001823e-11,1.732304744030933e-11,8.99066406317855e-12,0.5955967690824012
1.9423,1.2123308779404417e-11,1.3171777010811641e-11,1.9609564201739045e-11,1.670325562489096e-11,8.24674320076837e-12,-0.2514966851099318
1.94292,1.0110839292175446e-11,1.3152926225389513e-11,1.959429684053337e-11,1.667947017250664e-11,8.235443485114609e-12,-0.6728829046403763
1.94355,8.62122654415441e-12,1.3345236050332771e-11,1.9766172815244675e-11,1.6865503600276916e-11,8.395679351197443e-12,-0.9495168071951985
1.94417,8.276730283255975e-12,1.3222533223703546e-11,1.9747799063890037e-11,1.6805805242123497e-11,8.276730283255975e-12,-1.2737543093701194
1.9448,9.514302524009e-12,1.3250243279601847e-11,1.972680792175716e-11,1.6802852642859567e-11,8.296257500468113e-12,-0.7968095319237557
1.94543,1.0682003150651138e-11,1.3154141163764469e-11,1.9585936835681102e-11,1.668202075859921e-11,8.235527466619156e-12,-0.5602632554747138
1.94605,1.1656607561953315e-11,1.3141861556511396e-11,1.956629046974125e-11,1.6665900697736583e-11,8.22803561289474e-12,-0.3508406573075922
1.94668,1.177278707396527e-11,1.3113787692598182e-11,1.9518530185871954e-11,1.6627040800959125e-11,8.212255628328632e-12,-0.31915366549406415
1.94731,1.1844244891056558e-11,1.3103315761851454e-11,1.9517476995015272e-11,1.6620448147212035e-11,8.202429962226124e-12,-0.3011056867935158
1.94794,1.300941014077078e-11,1.3161142682108473e-11,1.9626119123651737e-11,1.6699270342704566e-11,8.23620907057294e-12,-0.03776916478018235
1.94856,1.542713673937984e-11,1.3113142284619775e-11,1.9540444986437866e-11,1.662989502152565e-11,8.210185803325677e-12,0.6318498711755911
1.94919,1.528604535565865e-11,1.3098230518991072e-11,1.950763148132236e-11,1.661630770041992e-11,8.195358608612969e-12,0.59661737221808
1.94982,1.621835509795209e-11,1.3061269068966707e-11,1.9447355339351944e-11,1.6557293541850425e-11,8.177071493822317e-12,0.8794384313712376
1.95045,1.6471102704272784e-11,1.3017580343482862e-11,1.9368996599696188e-11,1.6502538859582117e-11,8.139062050168354e-12,1.0027638906967324
1.95108,1.6739082613333155e-11,1.3013352272714601e-11,1.9374589177033514e-11,1.6503798025012642e-11,8.14389102136211e-12,1.0766194113098912
1.95171,1.526000491160884e-11,1.30089458947851e-11,1.9365980222065996e-11,1.6496417348840053e-11,8.145177069308074e-12,0.6184445613177653
1.95233,1.4326264277279308e-11,1.3027512900031816e-11,1.9393494663340946e-11,1.651977649422098e-11,8.156773492284997e-12,0.3443530364176786
1.95296,1.263357675909229e-11,1.3032109257817649e-11,1.9400515272462006e-11,1.652574143105117e-11,8.159779215390184e-12,-0.09906585267075102
1.95359,1.0448422670168527e-11,1.3106914216072256e-11,1.9509699973796046e-11,1.6620319555137036e-11,8.205951922920077e-12,-0.5996983076649828
1.95422,1.0541621490973295e-11,1.3182311541604658e-11,1.9567313654796224e-11,1.668621471324409e-11,8.292611848955216e-12,-0.5870555302490866
1.95485,1.091507097258503e-11,1.304366820197444e-11,1.9418494004874248e-11,1.6540688177129673e-11,8.166698815115617e-12,-0.4930954956363429
1.95548,1.2877803530359472e-11,1.3014780057765695e-11,1.9372010839073208e-11,1.6502704130307847e-11,8.149422029756882e-12,-0.034455809881330984
1.95611,1.2627101865216818e-11,1.3367947866066744e-11,1.9681369758484095e-11,1.6799436494169505e-11,8.654788202645758e-12,-0.1365912599772125
1.95674,1.280130615301203e-11,1.3081187896311505e-11,1.9468187383829532e-11,1.6585664360182374e-11,8.191863354202263e-12,-0.06960758259606452
1.95737,1.4215253607614426e-11,1.3064452672205521e-11,1.9451927706601004e-11,1.656880355667211e-11,8.179989385386714e-12,0.30248692971765156
1.95801,1.5284864267976945e-11,1.3055172454933055e-11,1.943022105409384e-11,1.6553049544942487e-11,8.17509990917858e-12,0.6095259862953144
1.95864,1.6581000016612098e-11,1.307143269384173e-11,1.94560082165552e-11,1.6574307881454012e-11,8.184999835743013e-12,1.001431582926444
1.95927,1.5802503814492357e-11,1.3079690161508574e-11,1.9468926863428768e-11,1.6585057946984028e-11,8.189996027457277e-12,0.755875756030965
1.9599,1.4814345028504595e-11,1.3109236573943938e-11,1.9511829423660996e-11,1.662196457919057e-11,8.209305076123892e-12,0.4555933946585937
1.96053,1.3787112223348285e-11,1.3099526163685632e-11,1.950083730114899e-11,1.6611205416727084e-11,8.202018615005635e-12,0.17722834962287087
1.96116,1.2228632438553547e-11,1.3103396231190473e-11,1.9506700507883126e-11,1.6616093063473914e-11,8.204452038548209e-12,-0.21217408059109855
1.9618,1.2006615155606945e-11,1.3100625002185979e-11,1.9504257674367553e-11,1.661322785460665e-11,8.202289796770164e-12,-0.263293632029607
1.96243,1.1005130349912184e-11,1.3122535853031899e-11,1.953713548893909e-11,1.6641288381260948e-11,8.2160314986025e-12,-0.48804618045452336
1.96306,9.94654138187514e-12,1.3138829536238339e-11,1.956167532380186e-11,1.666203818994737e-11,8.226143484773235e-12,-0.7022710914242845
1.96369,8.753657943796526e-12,1.3146779407229444e-11,1.9573518962223197e-11,1.6672103639805736e-11,8.231143924289083e-12,-0.9157032329584199
1.96433,8.232486281334509e-12,1.3149410558797531e-11,1.9578669259161185e-11,1.6675978193059627e-11,8.232486281334509e-12,-1.073768904442022
1.96496,8.234165450988422e-12,1.3152176624389516e-11,1.9582994968252936e-11,1.6679574026032027e-11,8.234165450988422e-12,-1.2651487117132896
1.96559,8.226160635264738e-12,1.3139090253536138e-11,1.9562378645999095e-11,1.6662523561347598e-11,8.226160635264738e-12,-1.3749442912368188
1.96623,8.222866900421007e-12,1.3132916060006968e-11,1.9550604015026498e-11,1.665359350060846e-11,8.222866900421007e-12,-1.5834994223935803
1.96686,8.242600627403562e-12,1.3161988236573833e-11,1.958732046331527e-11,1.6687556381316993e-11,8.242600627403562e-12,-1.7772011623617487
1.9675,8.223847200109926e-12,1.3133707653287927e-11,1.9548858120883108e-11,1.6653344556385497e-11,8.223847200109926e-12,-1.3981651909510517
1.96813,8.208344501605429e-12,1.3108689662463977e-11,1.951163356425884e-11,1.662152705967365e-11,8.208344501605429e-12,-1.3355937082761165
1.96877,8.175743217554386e-12,1.3049942927839654e-11,1.949601917113599e-11,1.6600152935702483e-11,8.175743217554386e-12,-1.1530667652987123
1.9694,1.0046947005342878e-11,1.3139783756854257e-11,1.94970560037183e-11,1.662669249982693e-11,8.265967987441973e-12,-0.6770858192985764
1.97004,1.3049522501091541e-11,1.3079558205977886e-11,1.9469627945141508e-11,1.6585273418935918e-11,8.189685298127193e-12,-0.007551489653554622
1.97067,1.6509594532730272e-11,1.3078659293114091e-11,1.9468214556124497e-11,1.6584026576819795e-11,8.189377993657526e-12,0.9760776228541399
1.97131,1.9863096572582398e-11,1.3119697998914467e-11,1.952661088635893e-11,1.6636439740928544e-11,8.214394158723562e-12,2.124997251540663
1.97194,2.195249596902325e-11,1.3078745826053139e-11,1.94639333531129e-11,1.658216667375374e-11,8.190172246990902e-12,2.9873615962503552
1.97258,2.268483043345821e-11,1.3053881788319545e-11,1.9432621685823467e-11,1.655323838987166e-11,8.173357621837851e-12,3.3222264443299228
1.97322,2.1967971118023317e-11,1.307145622169437e-11,1.9460552774480728e-11,1.6576319380202182e-11,8.184047682744594e-12,3.001513205770964
1.97385,2.178861499604101e-11,1.3146823045851157e-11,1.9621826490470883e-11,1.669508664627072e-11,8.22876336217649e-12,2.876577472016358
1.97449,1.8708288560564882e-11,1.3128264719261872e-11,1.9579918149217615e-11,1.6652868471925064e-11,8.219031137842083e-12,1.696575039364651
1.97513,1.593242159309294e-11,1.3113192635715984e-11,1.9518513209379193e-11,1.6629596152889904e-11,8.196241415336387e-12,0.7879239375204129
1.97577,1.4064784875552501e-11,1.3038686551082838e-11,1.9414084424110337e-11,1.6535692910983592e-11,8.16309604917684e-12,0.2691608088605
1.9764,1.2668833128850997e-11,1.2999159716684249e-11,1.935254444652089e-11,1.6484432121564783e-11,8.138920647332012e-12,-0.08254016739971366
1.97704,1.1340196773574357e-11,1.3001068899456375e-11,1.935502206852633e-11,1.6486678942404017e-11,8.14028258277317e-12,-0.39342382675845455
1.97768,9.02032986325992e-12,1.3010621475118333e-11,1.9368452610862017e-11,1.6498472039536242e-11,8.14631032632793e-12,-0.8542337634641115
1.97832,8.14689101315693e-12,1.3011683446380283e-11,1.93689165795047e-11,1.649945099842057e-11,8.14689101315693e-12,-1.309088362144448
1.97896,8.152590918431014e-12,1.301969097137524e-11,1.937910559232019e-11,1.6508695312218607e-11,8.152590918431014e-12,-1.6773567633857733
1.97959,8.152522109595737e-12,1.3019612507721214e-11,1.9379211298946672e-11,1.650876318902453e-11,8.152522109595737e-12,-1.8934564527888653
1.98023,8.18011033313889e-12,1.3049367768329957e-11,1.9411714930064896e-11,1.653866767005075e-11,8.18011033313889e-12,-1.9699980031985123
1.98087,8.161955196070165e-12,1.3034873102409858e-11,1.9402261394004972e-11,1.6528263850273824e-11,8.161955196070165e-12,-1.7509504849627886
1.98151,8.157560617175447e-12,1.3028172625369262e-11,1.9393066262045796e-11,1.652011505218089e-11,8.157560617175447e-12,-1.134923224011245
1.98215,1.0837830891636713e-11,1.3027194383997608e-11,1.939479493093398e-11,1.652015011034686e-11,8.156377434346016e-12,-0.5064675685884452
1.98279,1.1429029224944615e-11,1.3014912831350182e-11,1.9375267314410188e-11,1.650411288672255e-11,8.148867661543051e-12,-0.37645593601900196
1.98343,1.188329734083555e-11,1.3018208538629156e-11,1.9379854937102242e-11,1.6508148634336578e-11,8.15097633477963e-12,-0.2743145239274474
1.98407,1.3257811813325804e-11,1.3009821104887405e-11,1.9367986521651024e-11,1.6497779548145484e-11,8.145579106735208e-12,0.06329638029108504
1.98471,1.3025797209768468e-11,1.2982265582502594e-11,1.9326658810461563e-11,1.646272139120121e-11,8.12836923971992e-12,0.011038333615993006
1.98535,1.2850082374167599e-11,1.2992684276403568e-11,1.934101091557001e-11,1.647541822558232e-11,8.135134971720779e-12,-0.03593473223540235
1.98599,1.2169645055837789e-11,1.3003818583731328e-11,1.9355166521412543e-11,1.6488441054257734e-11,8.14246126041929e-12,-0.2041617495653524
1.98664,1.2014893262120482e-11,1.2987401846190429e-11,1.9332225978228727e-11,1.6468154534122486e-11,8.133200826047662e-12,-0.2369175436431966
1.98728,1.1797414445268453e-11,1.2955159032824661e-11,1.928583687496605e-11,1.642816508762989e-11,8.111512305077429e-12,-0.28086069783799
1.98792,1.2506270754262324e-11,1.2944561302615218e-11,1.926810175427019e-11,1.641378279618594e-11,8.105393139750846e-12,-0.10948450946543518
1.98856,1.5074661370114577e-11,1.2941517203727466e-11,1.9265992517223615e-11,1.641087136624946e-11,8.102818298501473e-12,0.5870381221150165
1.9892,1.7272564531902957e-11,1.2906397856436383e-11,1.921464599944244e-11,1.6366918631734218e-11,8.080680360644328e-12,1.3014611111500005
1.98985,1.7547674528864408e-11,1.2946698643007587e-11,1.9223385153589706e-11,1.638696025284573e-11,8.13880242447583e-12,1.355238065930242
1.99049,1.7287846139524234e-11,1.2870824978609304e-11,1.9160458708726346e-11,1.6321134926505094e-11,8.058674211070759e-12,1.3229448834870585
1.99113,1.598532558057766e-11,1.2956538241150503e-11,1.922383346583952e-11,1.639831092838899e-11,8.12833877581079e-12,0.8531093196826285
1.99177,1.4022338953061993e-11,1.2840905006717259e-11,1.913349055376389e-11,1.6293891503508516e-11,8.030423131675231e-12,0.3154508547500368
1.99242,1.141758351963976e-11,1.2854422656972328e-11,1.9135483210328615e-11,1.6300250521243537e-11,8.048523453331932e-12,-0.34717149570667
1.99306,9.496119148361774e-12,1.2842564468471673e-11,1.9117451415453928e-11,1.6285058609148854e-11,8.041166689330267e-12,-0.7455288723166813
1.9937,8.043936392944464e-12,1.2846537263831952e-11,1.912227156765721e-11,1.6289599967880462e-11,8.043936392944464e-12,-1.1995538257588167
1.99435,8.033151618885466e-12,1.2829390432708563e-11,1.909684328835372e-11,1.6267909023593037e-11,8.033151618885466e-12,-1.3601080723370598
1.99499,8.036710221241478e-12,1.2835162728478472e-11,1.9105597338383795e-11,1.627530614375462e-11,8.036710221241478e-12,-1.361755445465194
1.99564,8.287805615619664e-12,1.2838157995027976e-11,1.9111080334179558e-11,1.6279530817166164e-11,8.038368019866307e-12,-0.9593690475700891
1.99628,1.027248826992257e-11,1.2847193298768388e-11,1.912533650997259e-11,1.629132212484712e-11,8.04388434598403e-12,-0.593252790248938
1.99693,1.2012838740597194e-11,1.2850863348281738e-11,1.9130891327077822e-11,1.629604016162324e-11,8.046348338077117e-12,-0.20754563078026705
1.99757,1.2936011080975498e-11,1.2873567009756394e-11,1.9168873804717656e-11,1.6326588959636968e-11,8.06038294972729e-12,0.015989831283265754
1.99822,1.3207575626077988e-11,1.2855037357593708e-11,1.913790873340757e-11,1.6301598125783542e-11,8.049004249849884e-12,0.09144501950852767
1.99886,1.3592840106181225e-11,1.2871321702300365e-11,1.9164191680332955e-11,1.6323459028094496e-11,8.055183132633643e-12,0.18972595163141495
1.99951,1.366551425642414e-11,1.2859823637262842e-11,1.914368303267332e-11,1.630720421214853e-11,8.051822009055425e-12,0.2125730409731117
2.00016,1.321121844722494e-11,1.2856382914810044e-11,1.9138752601365813e-11,1.630290469580692e-11,8.049718083904234e-12,0.09205620810368446
2.0008,1.2782404434472247e-11,1.2854384574494974e-11,1.9136503964254032e-11,1.630069146842972e-11,8.047960637840262e-12,-0.018372608266399876
2.00145,1.2373755490976243e-11,1.2857821018793273e-11,1.91403237078683e-11,1.630441357740363e-11,8.05073303413716e-12,-0.1215375487369152
2.0021,1.2214209720423236e-11,1.2864106594535377e-11,1.9148400204092825e-11,1.6311907813681166e-11,8.055056108442795e-12,-0.1619091660862621
2.00274,1.1868911618008026e-11,1.284323460707762e-11,1.9118835031978234e-11,1.6286069676392232e-11,8.041550550373739e-12,-0.24009518136569427
2.00339,1.263990540220187e-11,1.2856479256404756e-11,1.913862947740407e-11,1.6302916920895605e-11,8.050061582853495e-12,-0.054946371386936414
2.00404,1.344535401512639e-11,1.287512886294676e-11,1.9167631762001972e-11,1.6327056026141754e-11,8.061138912937773e-12,0.14896454765154657
2.00468,1.377039144118038e-11,1.2878344191141195e-11,1.91715797595015e-11,1.6330820663055602e-11,8.06337167964067e-12,0.2357736330321631
2.00533,1.2720915516010075e-11,1.2891794905896249e-11,1.919615728070229e-11,1.6348677768900565e-11,8.071535974946479e-12,-0.04330864985463301
2.00598,1.1147810016760877e-11,1.290119825074491e-11,1.9206475991115333e-11,1.6360240972772218e-11,8.077390260390195e-12,-0.41678134146373486
2.00663,9.693586771443412e-12,1.289168323309686e-11,1.9191458500223315e-11,1.6347693452766362e-11,8.071772489763882e-12,-0.7148899425729516
2.00728,8.078267372726708e-12,1.2901798858096549e-11,1.9206042163579745e-11,1.6360318150574458e-11,8.078267372726708e-12,-1.0195739379630817
2.00793,8.199877826305514e-12,1.2921079427641874e-11,1.9240040907531506e-11,1.6387007612523032e-11,8.08924149281402e-12,-0.9825948448114387
2.00858,1.0130765021705321e-11,1.2930083871200999e-11,1.9256126630263527e-11,1.6399356760963844e-11,8.101659530579167e-12,-0.6341926495447795
2.00923,1.1378310708805374e-11,1.2950304516340949e-11,1.9286250207499677e-11,1.6424818970418354e-11,8.106218402593337e-12,-0.3753995751724274
2.00987,1.402577950063046e-11,1.3043775257954785e-11,1.9411077110877805e-11,1.6563075159871155e-11,8.08199453685756e-12,0.25787960881003286
2.01052,1.622559364936576e-11,1.2926103201252378e-11,1.92234666087985e-11,1.6379946536019348e-11,8.104834930334722e-12,0.9360015965982689
2.01117,1.75485620537219e-11,1.2932275258766947e-11,1.919932910895157e-11,1.636803696467534e-11,8.129212833576324e-12,1.3564583530761503
2.01183,1.8291518987930744e-11,1.2866987875845536e-11,1.91513785958042e-11,1.631498251313898e-11,8.056977942030415e-12,1.6783110598483781
2.01248,1.890933219850494e-11,1.2851262075300813e-11,1.9128738184075256e-11,1.629539702841085e-11,8.046950924002696e-12,1.9157231802036367
2.01313,1.8988625263060894e-11,1.2843537520635335e-11,1.9117628475260057e-11,1.628571855311111e-11,8.042067369717865e-12,1.9497954428725053
2.01378,1.8715832880868084e-11,1.2869007560168359e-11,1.9144359530722154e-11,1.631321499048682e-11,8.059292737105902e-12,1.8358111723593635
2.01443,1.7884433327233717e-11,1.287936402399102e-11,1.917739642784158e-11,1.633122876736335e-11,8.0649804432853e-12,1.5266749409165785
2.01508,1.6500740893430986e-11,1.2869315679458385e-11,1.9158964683165303e-11,1.6319763343648086e-11,8.057502748987352e-12,1.0594410982321583
2.01573,1.4402828158180977e-11,1.2866249697743643e-11,1.9182905058760606e-11,1.6302473975310967e-11,8.053626533338348e-12,0.41718703304439125
2.01638,1.2186930229806733e-11,1.2854025151509661e-11,1.9134811535233356e-11,1.629970166807343e-11,8.048292474639481e-12,-0.1662992522287238
2.01704,9.187508231651756e-12,1.2869807526858894e-11,1.9157681411655066e-11,1.6319494517680792e-11,8.05825610138119e-12,-0.8065881403134398
2.01769,8.062659118211439e-12,1.287680702006295e-11,1.9167969073741953e-11,1.6328335612060774e-11,8.062659118211439e-12,-1.2087011453050513
2.01834,8.054754861002605e-12,1.2864263123504869e-11,1.9150138762759585e-11,1.6312718670945037e-11,8.054754861002605e-12,-1.5111445952684495
2.01899,8.0520995032854e-12,1.2860210975466979e-11,1.914475325288612e-11,1.630786855554971e-11,8.0520995032854e-12,-1.4029173703237008
2.01965,8.046303149063487e-12,1.2851806359736784e-11,1.913327407267393e-11,1.6297866237606685e-11,8.046303149063487e-12,-1.1858570624678446
2.0203,8.318750050274452e-12,1.285317758824439e-11,1.9133723110415115e-11,1.6298726131763292e-11,8.047723274210355e-12,-0.9558638158931025
2.02095,1.01131509458317e-11,1.2860868183494992e-11,1.9144966543998673e-11,1.6308395912872318e-11,8.052539222407923e-12,-0.6277759595101499
2.02161,1.1862946314244261e-11,1.2858256614649717e-11,1.9140019010937925e-11,1.6304606093344176e-11,8.050969375945125e-12,-0.24479934117380653
2.02226,1.2761558792327063e-11,1.2871715385029373e-11,1.9161897065378153e-11,1.6322516939715488e-11,8.059095729372107e-12,-0.028040468880967045
2.02292,1.384780518496475e-11,1.2862645881387422e-11,1.9154919476089504e-11,1.631244410520436e-11,8.053287772651936e-12,0.26168896092975913
2.02357,1.4146879647291836e-11,1.2859633944962153e-11,1.9141391754068357e-11,1.6306022893407152e-11,8.052313616471518e-12,0.3457159611226465
2.02423,1.371853420615523e-11,1.284856626711508e-11,1.912617899904852e-11,1.6292606031299388e-11,8.044920208292732e-12,0.23028277331538363
2.02488,1.251732204619252e-11,1.2850811299795704e-11,1.912952414454418e-11,1.629541441207331e-11,8.046485890680217e-12,-0.08426469281272822
2.02554,1.1079596248934438e-11,1.2858402395988339e-11,1.9140983646457236e-11,1.630512652628645e-11,8.05108766723955e-12,-0.4236121675516667
2.02619,1.0916727289080223e-11,1.2858501602808405e-11,1.9140820080212563e-11,1.6305118483452655e-11,8.051191420547341e-12,-0.45926429567801813
2.02685,1.0911916720302816e-11,1.2849569529432194e-11,1.9128080183662646e-11,1.629403482876801e-11,8.045538637660776e-12,-0.45867052909965733
2.0275,1.1864971903241143e-11,1.2853075461047869e-11,1.91319381886282e-11,1.6297860081545287e-11,8.04801030255283e-12,-0.24315655494789204
2.02816,1.3021711582835477e-11,1.284612983903519e-11,1.9123610916953494e-11,1.62899131007597e-11,8.043297332012777e-12,0.045273721109810545
2.02882,1.427458595666692e-11,1.2867234159110331e-11,1.9155724311016607e-11,1.6317033189572443e-11,8.05621199256055e-12,0.37954492831700926
2.02947,1.5404984374033522e-11,1.3029272260277649e-11,1.9385698701958433e-11,1.6547442850680908e-11,8.005344694227652e-12,0.6771535699026084
2.03013,1.670405627729931e-11,1.2874090683815584e-11,1.916047074376058e-11,1.6322309313689642e-11,8.064514782874149e-12,1.1215500981813458
2.03079,1.6720799833292867e-11,1.2860481698714825e-11,1.914500341466015e-11,1.6308158975459306e-11,8.052225441949092e-12,1.1358464720718549
2.03144,1.622753547932262e-11,1.2870234386423712e-11,1.9159882384845856e-11,1.6320649147399144e-11,8.05829739856756e-12,0.970209979414971
2.0321,1.5868357655060264e-11,1.2874058873934042e-11,1.9165419626738435e-11,1.6325461401393118e-11,8.060660603319309e-12,0.8542298254623114
2.03276,1.4280093172522167e-11,1.2880206506620488e-11,1.9174798511968186e-11,1.63333498615821e-11,8.064443632096885e-12,0.37698371553619764
2.03342,1.3684693343126796e-11,1.2883310140231026e-11,1.9178664220521633e-11,1.6336930841858248e-11,8.066604671846716e-12,0.21101066086856343
2.03408,1.3194664217872222e-11,1.295428983143644e-11,1.9265769985744472e-11,1.6425080842621692e-11,8.052112975869302e-12,0.06235367135422579
2.03473,1.2651055281404826e-11,1.2884227349879467e-11,1.917850309153074e-11,1.6337298343057294e-11,8.06851518305487e-12,-0.05895843419255811
2.03539,1.1420368869861137e-11,1.2889898184264228e-11,1.918785719254134e-11,1.634506809774749e-11,8.070852678341976e-12,-0.35366413476818714
2.03605,1.1319604188256553e-11,1.28988643238865e-11,1.9200742145772832e-11,1.6356203290669772e-11,8.07650509110568e-12,-0.37810597246580874
2.03671,1.0878565572576671e-11,1.2901104557504633e-11,1.920570139253367e-11,1.6359762354321588e-11,8.077665761054861e-12,-0.4753264294318967
2.03737,1.0839563842398197e-11,1.2958393875396411e-11,1.9290939383008587e-11,1.6432373166627397e-11,8.113493126152168e-12,-0.4939515224831262
2.03803,1.091633210798095e-11,1.2975189554424843e-11,1.9315567708139982e-11,1.6453521753609762e-11,8.124078719452734e-12,-0.4806013866735987
2.03869,1.1982397657434056e-11,1.3056220751464768e-11,1.9395983109511055e-11,1.6534758532607564e-11,8.165607263605867e-12,-0.2613270836314602
2.03935,1.3780957419603809e-11,1.2999736424103335e-11,1.9352382989150976e-11,1.6485281421746885e-11,8.138085711332528e-12,0.20371933746070275
2.04001,1.504225962272357e-11,1.300410769474718e-11,1.9357523348238824e-11,1.6488939768195252e-11,8.142337871154124e-12,0.5559267940674698
2.04067,1.593268603986005e-11,1.2973254039099854e-11,1.9313924589707676e-11,1.64524983093984e-11,8.121338999294264e-12,0.8366260409234573
2.04133,1.7230765499952994e-11,1.2938740157594123e-11,1.927261222100481e-11,1.6412401553950043e-11,8.100624141470173e-12,1.27222241823097
2.04199,1.7471469669833868e-11,1.2919081351418725e-11,1.923267189777705e-11,1.6382647224610125e-11,8.08882781180178e-12,1.3637087164483777
2.04266,1.7184727555983604e-11,1.2894633235685847e-11,1.9195339430761742e-11,1.635124980405497e-11,8.073698915010655e-12,1.276637031940632
2.04332,1.7074554944625575e-11,1.2884741305408613e-11,1.9183672123246123e-11,1.634076064155895e-11,8.065734860123577e-12,1.2440682006916026
2.04398,1.6628944584073503e-11,1.2939198389491666e-11,1.9320972240919985e-11,1.644535618235898e-11,8.07797253854197e-12,1.0823330924633443
2.04464,1.5046816118237012e-11,1.2888720853573354e-11,1.9187284436570262e-11,1.6343960102352602e-11,8.069836437195482e-12,0.5970426051157087
2.0453,1.267188226422475e-11,1.2887311080759485e-11,1.918397135274097e-11,1.6341766372376705e-11,8.069232398024978e-12,-0.05452918592282913
2.04597,1.0592646235242599e-11,1.2890356202832501e-11,1.9188861829542587e-11,1.6345781405372604e-11,8.071053531692907e-12,-0.5341334487214391
2.04663,8.083845641573401e-12,1.290601664670637e-11,1.9246875664153528e-11,1.6375551973977086e-11,8.083845641573401e-12,-1.0558974152752634
2.04729,8.076495206452526e-12,1.2899822262670129e-11,1.920492876107941e-11,1.635870478629721e-11,8.076495206452526e-12,-1.5140438529052875
2.04796,8.088136210629114e-12,1.2917823753312989e-11,1.9230272864207284e-11,1.6380835545958365e-11,8.088136210629114e-12,-1.879879151878583
2.04862,8.074762248069487e-12,1.2896499248902705e-11,1.919822043710924e-11,1.635368933174232e-11,8.074762248069487e-12,-2.138931153147196
2.04928,8.111940247858171e-12,1.2955887986027862e-11,1.9287029160098183e-11,1.6429167894030353e-11,8.111940247858171e-12,-2.005942288987154
2.04995,8.114841834204809e-12,1.296036676891902e-11,1.929333485413358e-11,1.6434656785750756e-11,8.114841834204809e-12,-1.7398039029491188
2.05061,8.156765296713273e-12,1.3027670592852775e-11,1.9394500544534296e-11,1.6520412387897883e-11,8.156765296713273e-12,-1.0056635258500253
2.05128,9.611933763839705e-12,1.302422397947447e-11,1.938855491127986e-11,1.6515675277157197e-11,8.154743108391555e-12,-0.7490088556250692
2.05194,1.140553694885997e-11,1.3070254580332532e-11,1.945553896188375e-11,1.6573436933526733e-11,8.18392184946276e-12,-0.39229612448351076
2.05261,1.27059454890247e-11,1.3091326035803031e-11,1.9486276939798633e-11,1.6599858632547426e-11,8.197311218913543e-12,-0.09540860549347813
2.05327,1.4245224311057592e-11,1.3145575258433017e-11,1.9566494267006462e-11,1.6668453880202048e-11,8.231952337524912e-12,0.2866260944664959
2.05394,1.5855944938961272e-11,1.3183185747621234e-11,1.9624779666069196e-11,1.6716975683825666e-11,8.254609964136109e-12,0.73443422256623
2.0546,1.7526064871729096e-11,1.3161194142243926e-11,1.9601428492004268e-11,1.6693765636110975e-11,8.241584545067563e-12,1.259294451118248
2.05527,1.8473247454762845e-11,1.3187302057086975e-11,1.9627307089010328e-11,1.672068939067021e-11,8.258257502546246e-12,1.5786640412356248
2.05593,1.8957774346422358e-11,1.3170713455044131e-11,1.9604428102127388e-11,1.670051779950954e-11,8.246884836684066e-12,1.7625109471078688
2.0566,1.8755330747941338e-11,1.3166350547982272e-11,1.959975849819728e-11,1.6695779095301848e-11,8.243834015927037e-12,1.6929233371821732
2.05727,1.771471638898611e-11,1.3166329482564461e-11,1.9600282161619166e-11,1.6696022248050688e-11,8.2436444905982e-12,1.3329257622879342
2.05793,1.595633391963976e-11,1.3174147973392513e-11,1.9611823938257065e-11,1.6705855839402033e-11,8.248603981834819e-12,0.7681436332514208
2.0586,1.3500051687957255e-11,1.3180350253878678e-11,1.9620983649370267e-11,1.671369167922685e-11,8.252484193751053e-12,0.08075097739250192
2.05927,9.97570026124707e-12,1.3193891027617203e-11,1.964165127647423e-11,1.6730900706902227e-11,8.261060554747142e-12,-0.7045600544129552
2.05994,8.252439758453586e-12,1.3179726158294896e-11,1.96196509287299e-11,1.6712773091873614e-11,8.252439758453586e-12,-1.3286946386299696
2.06061,8.268649021263324e-12,1.3205590924129453e-11,1.9659616451553994e-11,1.6746195286294313e-11,8.268649021263324e-12,-1.5591031797764145
2.06127,8.278258856100375e-12,1.3220746403793788e-11,1.968526815192932e-11,1.6764978733640302e-11,8.278258856100375e-12,-1.7791481905015334
2.06194,9.97657203178407e-12,1.3176550849657564e-11,1.961321574318814e-11,1.670886570622106e-11,8.251297810424263e-12,-0.701738159080781
2.06261,1.3899391019218087e-11,1.3179231000569526e-11,1.9619782996977127e-11,1.6712482794039073e-11,8.251808037777084e-12,0.18471569611182906
2.06328,1.6159761962722983e-11,1.3258811181761645e-11,1.9700457210062978e-11,1.6797531094331812e-11,8.277445973729521e-12,0.8107737398565952
2.06395,1.760056675953339e-11,1.3205250222665318e-11,1.965526249679399e-11,1.6749005566215544e-11,8.265261517240013e-12,1.2606256408054854
2.06462,1.7409352525714143e-11,1.3213425981665596e-11,1.967191321004198e-11,1.67563119389896e-11,8.272830504515333e-12,1.2109455538366556
2.06529,1.4718999199101956e-11,1.3212308726878473e-11,1.9671872235724254e-11,1.675650175010803e-11,8.26520040589326e-12,0.39791757494298924
2.06596,1.1441822169808594e-11,1.3226015438269629e-11,1.968933405732502e-11,1.6771781714768255e-11,8.280888191327063e-12,-0.4138883064690282
2.06663,8.371878059333573e-12,1.335266828474202e-11,1.9813583778885793e-11,1.6897209428500313e-11,8.371878059333573e-12,-1.077537310844984
2.0673,8.281329694236666e-12,1.3226548609908925e-11,1.96907550771301e-11,1.6772609371681276e-11,8.281329694236666e-12,-1.6019847077246785
2.06797,8.24500839675698e-12,1.3168690912258473e-11,1.960579785454787e-11,1.6700545871803716e-11,8.24500839675698e-12,-1.851085026672194
2.06864,8.249690592650317e-12,1.3188659256560177e-11,1.9645236789519597e-11,1.6734778008822836e-11,8.249690592650317e-12,-2.1167792568599264
2.06931,8.257742559364686e-12,1.3188052508417893e-11,1.9630572448321014e-11,1.672265764081436e-11,8.257742559364686e-12,-2.034167597642668
2.06998,8.272413969025662e-12,1.3211496552018675e-11,1.9665436890559282e-11,1.675237337983195e-11,8.272413969025662e-12,-1.704174601044808
2.07065,8.674587525918775e-12,1.3209378138577371e-11,1.9663294893347786e-11,1.6750220257254778e-11,8.270800539873784e-12,-0.9355115850804007
2.07132,1.2216698829103347e-11,1.3209505109026625e-11,1.9664134704391617e-11,1.675064192811785e-11,8.270279285717924e-12,-0.23802335927781554
2.072,1.4276326699956147e-11,1.3106054499486856e-11,1.9510185937328208e-11,1.66193806141427e-11,8.206091732975776e-12,0.30685301184475405
2.07267,1.4974889495793427e-11,1.3065386797174114e-11,1.9449793593916615e-11,1.656780754621064e-11,8.181000218675195e-12,0.5157578176490459
2.07334,1.5339381290655147e-11,1.303077020271178e-11,1.9398361730901755e-11,1.6524031367096192e-11,8.1588430469705e-12,0.6344846668699549
2.07401,1.5443377419537675e-11,1.2973667884411265e-11,1.9313285573402462e-11,1.6451583148258245e-11,8.123155828722237e-12,0.6859013739314634
2.07469,1.6017490569986552e-11,1.2960108527765548e-11,1.9293739315153007e-11,1.6434683360949786e-11,8.11453793259341e-12,0.8676559804341097
2.07536,1.5875655329721647e-11,1.2961088401808602e-11,1.929464302991219e-11,1.643563187328647e-11,8.115247841441977e-12,0.8230121008721014
2.07603,1.65008037943927e-11,1.2990743457830802e-11,1.9317972424908425e-11,1.6462208609267282e-11,8.138520856278352e-12,1.0089079602386004
2.07671,1.6827010563262206e-11,1.2971435952638104e-11,1.9306536563427896e-11,1.644628012767185e-11,8.127703005644983e-12,1.11631397535752
2.07738,1.7698243986641917e-11,1.2984072418684913e-11,1.9329143700479383e-11,1.646495924718112e-11,8.129953277383487e-12,1.411116750631693
2.07806,1.826755276487232e-11,1.3108537444240304e-11,1.948764503862137e-11,1.6615794976029982e-11,8.1947485865376e-12,1.5701235191306286
2.07873,1.9075624240666236e-11,1.3025847869151656e-11,1.9392354305829422e-11,1.6523526760096602e-11,8.143386802939214e-12,1.889878909538664
2.07941,1.894918134114183e-11,1.3029436498050137e-11,1.9395130796446916e-11,1.652180990679414e-11,8.158277327170245e-12,1.8339953765221633
2.08008,1.878915172544816e-11,1.304067650054789e-11,1.940157151464678e-11,1.653102149050344e-11,8.16625131947845e-12,1.7728250920270237
2.08076,1.8814965010919703e-11,1.3022798954255178e-11,1.9387218385733704e-11,1.6513814530167973e-11,8.153954635474832e-12,1.788738482524917
2.08143,1.7961946768730448e-11,1.3032323131916078e-11,1.939754514642521e-11,1.6522476250279336e-11,8.163341010131528e-12,1.470075160854687
2.08211,1.6252144851901347e-11,1.3015550938961334e-11,1.937501391313541e-11,1.650439330492504e-11,8.149435452872706e-12,0.919791814238869
2.08278,1.3531915356658474e-11,1.3184329020323443e-11,1.953037237443729e-11,1.6666917679058233e-11,8.231653222920493e-12,0.09000003958316852
2.08346,8.594026148903742e-12,1.3052792248866784e-11,1.9433929624337225e-11,1.6553149855160203e-11,8.172033588507006e-12,-0.9319398775251142
2.08414,8.138274531699989e-12,1.3000213791350446e-11,1.9356924539882962e-11,1.6488905924858368e-11,8.138274531699989e-12,-1.7502799847034087
2.08481,8.142072188745351e-12,1.3003020299367731e-11,1.9361038158486852e-11,1.6490297197954915e-11,8.142072188745351e-12,-1.8029587300861625
2.08549,8.139403710580993e-12,1.2996908390182246e-11,1.9345874194970124e-11,1.6479656922478284e-11,8.139403710580993e-12,-1.7805533013299717
2.08617,8.157986871907919e-12,1.3029343678486467e-11,1.9395496973389284e-11,1.652196237544245e-11,8.157986871907919e-12,-1.3252083953429326
2.08684,9.051292931668098e-12,1.3005456781610471e-11,1.9359401264049795e-11,1.6491388473730928e-11,8.143273583291015e-12,-0.8481294657863275
2.08752,1.158393028225921e-11,1.3081978978800355e-11,1.946954316863514e-11,1.65864524279826e-11,8.198871099439408e-12,-0.3534303201819459
2.0882,1.427792629695043e-11,1.3098166927984451e-11,1.9516190204633464e-11,1.6614725432593713e-11,8.201601215879406e-12,0.30445465638295033
2.08888,1.5827191440306023e-11,1.3127310813990333e-11,1.954044755466251e-11,1.6645964995992816e-11,8.218794190875085e-12,0.7462308995820847
2.08956,1.7429004148388594e-11,1.3135902837197641e-11,1.96375112201506e-11,1.6713832597244864e-11,8.212500116365942e-12,1.2509945850049402
2.09024,1.776147328839593e-11,1.3175725866137867e-11,1.961311420603388e-11,1.6707427677013476e-11,8.24959477639007e-12,1.3448819985695541
2.09091,1.704629977687661e-11,1.3152095933628833e-11,1.9594905542067726e-11,1.6675812965326777e-11,8.237635454136757e-12,1.1183376751740066
2.09159,1.599732554661176e-11,1.3135574008259462e-11,1.95556958322429e-11,1.6657485810307404e-11,8.224258554301904e-12,0.7949549004504031
2.09227,1.3934068259781131e-11,1.3133199643133572e-11,1.9552657342889453e-11,1.6654727255749634e-11,8.222945316534619e-12,0.20678900998127647
2.09295,1.1189577785164706e-11,1.3126335972517062e-11,1.9542635156047303e-11,1.664603341658485e-11,8.218276006478668e-12,-0.4496516537508615
2.09363,8.250066010799941e-12,1.3175059919319444e-11,1.9597680651609066e-11,1.669958868411236e-11,8.250066010799941e-12,-1.2535450331657432
2.09431,8.220763081084337e-12,1.313006621721535e-11,1.9549045702113697e-11,1.665124922672677e-11,8.220763081084337e-12,-2.0669353769904744
2.09499,8.205548110010333e-12,1.3105356184189307e-11,1.950987695444943e-11,1.6618765743962076e-11,8.205548110010333e-12,-2.332826561533753
2.09567,8.200430307075497e-12,1.309619429807641e-11,1.949754149075504e-11,1.6607228114476847e-11,8.200430307075497e-12,-2.2910791734068496
2.09635,8.197180037306885e-12,1.3092750623006188e-11,1.948969850482999e-11,1.660304788516029e-11,8.197180037306885e-12,-2.147869167531551
2.09704,8.206188293795586e-12,1.3109838501298056e-11,1.9503454590533106e-11,1.6617405038312887e-11,8.206188293795586e-12,-1.879272195592446
2.09772,8.194002393923242e-12,1.3086806576691624e-11,1.9481136239478726e-11,1.659482474520363e-11,8.194002393923242e-12,-1.1569143414191754
2.0984,1.174047064895836e-11,1.3094624628629793e-11,1.9493170184088047e-11,1.6604888516774316e-11,8.198927430983637e-12,-0.32261012442011616
2.09908,1.5009325084355442e-11,1.3072330630850077e-11,1.9461903542032298e-11,1.6577499632513368e-11,8.183826298381123e-12,0.524071588356343
2.09976,1.718968829040576e-11,1.307014844478887e-11,1.9456481525492186e-11,1.6573768744069167e-11,8.183612884933615e-12,1.2003545591166869
2.10045,1.8208436224077786e-11,1.3054962024352932e-11,1.9432464551548234e-11,1.655251378238969e-11,8.177865423020265e-12,1.5497303967787743
2.10113,1.8137599226792495e-11,1.3145046722843715e-11,1.9511345083744166e-11,1.6635694268256682e-11,8.263027853544174e-12,1.469990011955405
2.10181,1.8023210732649247e-11,1.3133301327641349e-11,1.9580112475012104e-11,1.6685462202951788e-11,8.200051397674867e-12,1.463964750845788
2.10249,1.7154204760899306e-11,1.3082803290294646e-11,1.949857727686245e-11,1.6599505024734527e-11,8.187239958874082e-12,1.1841995371309963
2.10318,1.6436630172837838e-11,1.3112044663620146e-11,1.95271523605756e-11,1.662604607041381e-11,8.234226917176287e-12,0.9214874067097323
2.10386,1.509145186283552e-11,1.3089673150063813e-11,1.9486554461303945e-11,1.659886066738821e-11,8.195865766322139e-12,0.5416429841351602
2.10454,1.4255802026953334e-11,1.3078625979239996e-11,1.946956745532065e-11,1.6584671271740002e-11,8.188863640505995e-12,0.30948272993448983
2.10523,1.2504508713634685e-11,1.3066851659706457e-11,1.9450839890696772e-11,1.6569243808096076e-11,8.181652215668116e-12,-0.1385323735714239
2.10591,1.0513192336673473e-11,1.305048525387711e-11,1.9424876755429156e-11,1.6547650327848112e-11,8.1720904929471e-12,-0.5773034191131211
2.1066,8.18934445248473e-12,1.3062984411986957e-11,1.9444892529800164e-11,1.6564418599469144e-11,8.179024779969344e-12,-0.9984156491507941
2.10728,8.176448188448821e-12,1.3058428584564442e-11,1.943760753458525e-11,1.655831095426293e-11,8.176448188448821e-12,-1.2674798500500764
2.10797,8.17798046804362e-12,1.3060609272139346e-11,1.944053965825678e-11,1.656091126609108e-11,8.17798046804362e-12,-1.334093157798093
2.10865,8.171949681690551e-12,1.305103053081426e-11,1.9426874012960385e-11,1.6549002715940656e-11,8.171949681690551e-12,-1.1212209948097978
2.10934,9.78233756997644e-12,1.3424140407986346e-11,1.970460690675255e-11,1.6867603068578796e-11,8.520331158658717e-12,-0.7521723685096914
2.11003,9.843943555398593e-12,1.3002597776874611e-11,1.9383066074383927e-11,1.6498286884853044e-11,8.142633269704569e-12,-0.7019571812204715
2.11071,1.2820661511125372e-11,1.3045907802588247e-11,1.9421744240441323e-11,1.6543054764833057e-11,8.168498384056383e-12,-0.056310124727120804
2.1114,1.3692484021842629e-11,1.3056680728207589e-11,1.9435244570111158e-11,1.6556108922956787e-11,8.175474571305783e-12,0.16405688698265686
2.11208,1.4987633973004928e-11,1.305691466722977e-11,1.94372603856126e-11,1.6557576915647843e-11,8.174283755664409e-12,0.5227336459374952
2.11277,1.494251859737012e-11,1.3038591143007347e-11,1.9454093796502518e-11,1.6559591805673414e-11,8.16370038162235e-12,0.5147559419345041
2.11346,1.5138736078807878e-11,1.3017853329348836e-11,1.9379016527316195e-11,1.650764869977282e-11,8.15073193065775e-12,0.5796714479604246
2.11415,1.52332158503313e-11,1.3002312131449131e-11,1.9355806455088776e-11,1.648793306488696e-11,8.140978071663322e-12,0.612993308318095
2.11483,1.5100329507698422e-11,1.3008816383600898e-11,1.9364674944546008e-11,1.6495776347314494e-11,8.14538422916561e-12,0.5714185920015342
2.11552,1.526530294459508e-11,1.302964847063015e-11,1.9386947592759587e-11,1.6520506551689108e-11,8.151926238058416e-12,0.6151765197881969
2.11621,1.4389757189621032e-11,1.3000778426698604e-11,1.9353572230183184e-11,1.6485930234560187e-11,8.140170141825255e-12,0.3702665599243778
2.1169,1.4044881376375637e-11,1.2998327150471626e-11,1.934995212352436e-11,1.6482845441716026e-11,8.138543346125626e-12,0.275554444157975
2.11759,1.4025542373571472e-11,1.300748413691871e-11,1.936406256702962e-11,1.6494656847255164e-11,8.144157949782259e-12,0.2675833411061156
2.11828,1.4007918627385823e-11,1.3010648349650279e-11,1.9367959729321936e-11,1.649804568828081e-11,8.147596713423603e-12,0.26162078300163605
2.11896,1.3688435548080455e-11,1.3009676950179889e-11,1.9367902726551022e-11,1.649768026835856e-11,8.14544749547622e-12,0.17613441475501818
2.11965,1.276558566129531e-11,1.3046388138747669e-11,1.9409779970410075e-11,1.6543894530265932e-11,8.141035624529012e-12,-0.07053292905092391
2.12034,1.2263696270457527e-11,1.2979869692625807e-11,1.932463209002864e-11,1.6460342992217085e-11,8.126671956900875e-12,-0.1765244510465164
2.12103,1.2351323732585925e-11,1.2969414492322206e-11,1.930532461033696e-11,1.644518639418505e-11,8.12031054775876e-12,-0.15330480436772248
2.12172,1.3753739122195695e-11,1.2976789237920387e-11,1.93181139553602e-11,1.6455602330323053e-11,8.125021549155338e-12,0.20288270256795063
2.12241,1.5429433196475155e-11,1.2988551306269808e-11,1.933608878155406e-11,1.6470957975768503e-11,8.132114274227491e-12,0.6764592972462656
2.12311,1.6457873940972044e-11,1.2969075034919786e-11,1.9306498771751828e-11,1.6445820017765975e-11,8.120137387112032e-12,1.0041453571844847
2.1238,1.6726136911068516e-11,1.2961433997099569e-11,1.92953518352051e-11,1.6436188539797566e-11,8.115410912731257e-12,1.094418767000018
2.12449,1.583625513035095e-11,1.2954132933512509e-11,1.928185085327909e-11,1.642551101660228e-11,8.111680636348034e-12,0.8132970418449343
2.12518,1.4407704244726622e-11,1.2954896430358114e-11,1.9285281222127232e-11,1.6427785796730352e-11,8.111340701952148e-12,0.38962854020461846
2.12587,1.3493078667765555e-11,1.2948992746127478e-11,1.927634975117714e-11,1.6420221090201016e-11,8.10770023951796e-12,0.1411330961400339
2.12656,1.2442356289889537e-11,1.2949819720741026e-11,1.9277007244659124e-11,1.642101144193746e-11,8.108396217312861e-12,-0.12637251896417243
2.12725,1.1715870589839078e-11,1.2963076975274456e-11,1.9296296745699133e-11,1.6437654002170674e-11,8.116840310103027e-12,-0.30125109957185703
2.12795,1.143813850574912e-11,1.2969930821965578e-11,1.9305590160867836e-11,1.644611100369688e-11,8.118753350821637e-12,-0.3658725741334532
2.12864,1.204415242899676e-11,1.2963165180871524e-11,1.9296009117436066e-11,1.6437599375003388e-11,8.11687987865157e-12,-0.22493515552196858
2.12933,1.3007444548310717e-11,1.2947018894111418e-11,1.9272253146469624e-11,1.6417219979046563e-11,8.106744552534694e-12,0.015391274608750961
2.13003,1.3793499938390791e-11,1.292911065007241e-11,1.924599693172922e-11,1.6394629221632128e-11,8.095438764390936e-12,0.22727227713333276
2.13072,1.4619358550621222e-11,1.2920797559861076e-11,1.9234243216223068e-11,1.6384190469396545e-11,8.090121303959614e-12,0.4608846581969424
2.13141,1.5137720566691096e-11,1.2918716431569556e-11,1.923257361123873e-11,1.6382185792121732e-11,8.08883426378993e-12,0.6136207559136352
2.13211,1.478315439205269e-11,1.2919031428658762e-11,1.9233521780334655e-11,1.6383096614273884e-11,8.088384178030105e-12,0.5091142960911109
2.1328,1.3786129297416182e-11,1.2921001184636563e-11,1.923462329393518e-11,1.6384702562072247e-11,8.090181694346724e-12,0.22764203162177862
2.1335,1.3265756881277012e-11,1.2932128017390409e-11,1.9250707226456402e-11,1.6398581059272946e-11,8.097294071211748e-12,0.08596176316279724
2.13419,1.1097960976936636e-11,1.2923113197016926e-11,1.9251389972393515e-11,1.6388831627927258e-11,8.091087544894212e-12,-0.43189284132203726
2.13489,9.060441958030811e-12,1.2906693572620921e-11,1.9213036700319265e-11,1.6366442336827052e-11,8.081169684818225e-12,-0.83429249310017
2.13558,8.065325608260874e-12,1.2881206615752094e-11,1.9175113502305467e-11,1.6334133679033962e-11,8.065325608260874e-12,-1.3866756296910332
2.13628,8.057288769078694e-12,1.2868276498749668e-11,1.9155637749806704e-11,1.6317625973352895e-11,8.057288769078694e-12,-1.7871143301418795
2.13697,8.053320442826547e-12,1.2862153801076844e-11,1.9147314337315604e-11,1.6310133320353618e-11,8.053320442826547e-12,-1.8236770547342402
2.13767,8.056976596592994e-12,1.2867383789161863e-11,1.915346625838695e-11,1.6316132829366277e-11,8.056976596592994e-12,-1.7035543867787482
2.13836,8.062071773957512e-12,1.2879549191189793e-11,1.918444985033803e-11,1.6336989781721324e-11,8.062071773957512e-12,-1.5108092711547056
2.13906,8.071325552000314e-12,1.2883321394960935e-11,1.9184994873935988e-11,1.6338100036661143e-11,8.071325552000314e-12,-1.2379982241673986
2.13976,9.351557926374681e-12,1.2895684308942621e-11,1.9199486083777518e-11,1.6354515142678192e-11,8.072755657143125e-12,-0.7801525815210253
2.14045,1.1757806038604159e-11,1.2889234423195995e-11,1.9186622837213462e-11,1.6344096086474887e-11,8.07047222855024e-12,-0.2760939635861786
2.14115,1.3995564971370281e-11,1.2885553205600223e-11,1.918139819755525e-11,1.633956896776032e-11,8.068110653441158e-12,0.29557861030542004
2.14185,1.5209145325841083e-11,1.2881828495601872e-11,1.9175867741468688e-11,1.633484499606269e-11,8.065757613229978e-12,0.6480228390333654
2.14255,1.6049013037311495e-11,1.287047129701158e-11,1.915651174366875e-11,1.6319330872006944e-11,8.058992342681357e-12,0.9127597514315752
2.14325,1.669088411848762e-11,1.2919441053346795e-11,1.9247097881522956e-11,1.6398910049909746e-11,8.073947132353228e-12,1.1088782490601274
2.14394,1.7347882307789973e-11,1.2882548873517253e-11,1.9176487875476296e-11,1.6335579280291546e-11,8.066235484930722e-12,1.3378038800936864
2.14464,1.804772876842795e-11,1.2911310310698992e-11,1.9203877669046922e-11,1.636305406384787e-11,8.090403082450445e-12,1.56095686641369
2.14534,1.846428913553038e-11,1.2912786583200388e-11,1.920972605694491e-11,1.6367648306128103e-11,8.088809007647406e-12,1.7141713500362492
2.14604,1.8536619142846687e-11,1.2902411032561497e-11,1.920711979260365e-11,1.636134818944014e-11,8.0783803129244e-12,1.750457148696951
2.14674,1.8086646519461436e-11,1.2910951504472115e-11,1.9201140643810275e-11,1.6361357146940536e-11,8.091999312036541e-12,1.5704025715591767
2.14744,1.673163283015212e-11,1.290592946316242e-11,1.9211484941317172e-11,1.636530939024088e-11,8.080869136008743e-12,1.1196710190029535
2.14814,1.5587356115792807e-11,1.2914573195478244e-11,1.9223877420097033e-11,1.6376038257314004e-11,8.086356703798995e-12,0.751200302827371
2.14884,1.3959396377187071e-11,1.2915570251587037e-11,1.9225307213452836e-11,1.637734403954722e-11,8.087133566031121e-12,0.2765733056725557
2.14954,1.294046356449725e-11,1.2905736572529532e-11,1.9210746901861944e-11,1.6364812907194075e-11,8.080733795270706e-12,0.008851557616419958
2.15024,1.2224886882494399e-11,1.2905236621138488e-11,1.92100823578645e-11,1.636425841607e-11,8.08044700631542e-12,-0.16885865362281177
2.15094,1.1916176699458892e-11,1.2906262379789299e-11,1.919813094434006e-11,1.6357395902079905e-11,8.096790319549635e-12,-0.24106928487228216
2.15164,1.1759482951682684e-11,1.3006209978919716e-11,1.9283095931809053e-11,1.6449694084476292e-11,8.130989315292918e-12,-0.30410674584753083
2.15234,1.117179925759403e-11,1.2875053838002048e-11,1.917962367771496e-11,1.6334359318702004e-11,8.056845648750538e-12,-0.40694447501910386
2.15305,1.1738699355788639e-11,1.303022435336643e-11,1.932637877801506e-11,1.6484992352737993e-11,8.0968498743996e-12,-0.3167908329500402
2.15375,1.0681980089360693e-11,1.2914214652751179e-11,1.922787193992821e-11,1.6377462743994436e-11,8.085538320010384e-12,-0.5195474661437212
2.15445,9.212992582469515e-12,1.2910938293313937e-11,1.9245747051290037e-11,1.6385414238109575e-11,8.077622029123167e-12,-0.808381619465218
2.15515,8.068314027761825e-12,1.2886674879881631e-11,1.9197587917472325e-11,1.6346106680011147e-11,8.068314027761825e-12,-1.2521802634103325
2.15585,8.06695749959236e-12,1.288406892712835e-11,1.918036582398682e-11,1.6338154158496865e-11,8.06695749959236e-12,-1.291141978844906
2.15656,8.072342788755647e-12,1.2892684522369512e-11,1.9193595153088605e-11,1.6349206917371563e-11,8.072342788755647e-12,-1.1490095334962085
2.15726,8.070586388285825e-12,1.2887754107073731e-11,1.9193400481860765e-11,1.6342475031847664e-11,8.070586388285825e-12,-1.027165206582615
2.15796,8.296277061055438e-12,1.2887785483207426e-11,1.9186011638005316e-11,1.6342941033186153e-11,8.069212587758895e-12,-0.9632846272230055
2.15867,9.124110653332827e-12,1.289283140766358e-11,1.9192846826198758e-11,1.634906320142564e-11,8.072460781376282e-12,-0.8210999080871841
2.15937,1.116644378833428e-11,1.289394191465292e-11,1.9193484954581534e-11,1.6350030261741797e-11,8.073417815188574e-12,-0.4112100284605675
2.16008,1.2934200001335619e-11,1.2895126272059669e-11,1.919493020724511e-11,1.635136322405664e-11,8.074133379035283e-12,0.009986157206923892
2.16078,1.5227742469299894e-11,1.2887291765599743e-11,1.91835308086944e-11,1.6341579878971078e-11,8.069239051301182e-12,0.6516624688963566
2.16149,1.679847949309536e-11,1.286934857321193e-11,1.916371316343728e-11,1.632093094797055e-11,8.058303767903923e-12,1.1571110924964758
2.16219,1.729161590498266e-11,1.2896121412287218e-11,1.9188359592945112e-11,1.6349886237983073e-11,8.073389033406089e-12,1.3146493789001121
2.1629,1.7544127795496958e-11,1.2870408265310683e-11,1.9158318895240145e-11,1.632011476119258e-11,8.058757713317224e-12,1.411433815926976
2.1636,1.712767161159344e-11,1.2830853272143067e-11,1.91001124271781e-11,1.6270285132758842e-11,8.033757822657903e-12,1.286162196912698
2.16431,1.695297328707906e-11,1.282848204908086e-11,1.9096334909187028e-11,1.6267152802392226e-11,8.03235496762177e-12,1.2276703248172496
2.16501,1.6461545447668255e-11,1.2836873100430131e-11,1.9108592923259422e-11,1.6277693405634732e-11,8.03766734837102e-12,1.0599718178041597
2.16572,1.6122266663655598e-11,1.2835659342682639e-11,1.910661118096047e-11,1.627608441112272e-11,8.036886747856368e-12,0.9500735062041518
2.16643,1.57752642279806e-11,1.2833406621422278e-11,1.9103105142769858e-11,1.627314534215688e-11,8.035608678539992e-12,0.840498423360696
2.16713,1.5112081882397034e-11,1.284093920656142e-11,1.911462045856831e-11,1.6282834085059637e-11,8.040221143335957e-12,0.6332613713261831
2.16784,1.5124113392321387e-11,1.2829408171439294e-11,1.909733746072283e-11,1.6268155883614425e-11,8.03305778513592e-12,0.6409919932557666
2.16855,1.5255108277094817e-11,1.282434455987596e-11,1.909016413170911e-11,1.6261900098239552e-11,8.029793867856581e-12,0.682620198963285
2.16926,1.51864868909495e-11,1.279985516108029e-11,1.9053884422291116e-11,1.6230915580224018e-11,8.014428180432182e-12,0.670587771345348
2.16996,1.4371778198411917e-11,1.2763168038893552e-11,1.8999432492133678e-11,1.6184531940996572e-11,7.991202477720964e-12,0.44080501891520835
2.17067,1.2981244926532579e-11,1.2682819287208845e-11,1.8883637686139658e-11,1.608218221247783e-11,7.940715614763272e-12,0.07833431537791989
2.17138,1.0820768329065188e-11,1.2640923885580154e-11,1.881859915138675e-11,1.602992696830348e-11,7.91469025743201e-12,-0.4396050545722318
2.17209,7.880961934780663e-12,1.2587155489827887e-11,1.8738807081068538e-11,1.5961858435791303e-11,7.880961934780663e-12,-1.0330050644696098
2.1728,7.871017394368844e-12,1.2571011942975746e-11,1.8714444683670336e-11,1.594122001104364e-11,7.871017394368844e-12,-1.4572317490874256
2.17351,7.885512563778267e-12,1.2583002690591063e-11,1.8711531110493036e-11,1.59452853348683e-11,7.885512563778267e-12,-1.7021182803976225
2.17422,7.865489654433026e-12,1.2557451633334444e-11,1.8691718754566888e-11,1.5921893161385576e-11,7.865489654433026e-12,-1.8318344535996047
2.17493,7.861051823687145e-12,1.2555019183225666e-11,1.8689674085578993e-11,1.5920550987330123e-11,7.861051823687145e-12,-1.7178051515916288
2.17564,7.864800289695394e-12,1.2561180105172684e-11,1.8698929503496654e-11,1.5928440315564884e-11,7.864800289695394e-12,-1.4709860895409177
2.17635,7.868157268637134e-12,1.2567073710923032e-11,1.871193645911287e-11,1.5937514658932766e-11,7.868157268637134e-12,-1.0298953757847298
2.17706,1.0160230794051296e-11,1.2589720157003348e-11,1.8736612258200225e-11,1.5961962205642762e-11,7.885577844938286e-12,-0.5731442073391266
2.17777,1.1084236551337163e-11,1.2521949743377495e-11,1.8645027151061145e-11,1.5881442316853802e-11,7.838564377838604e-12,-0.35622965871729045
2.17848,1.1858328229914815e-11,1.249394598556196e-11,1.8598148325108372e-11,1.5842861335913078e-11,7.822953318637758e-12,-0.163097325525677
2.17919,1.2975218544671853e-11,1.2407270859741433e-11,1.8554465524943886e-11,1.5801368053325372e-11,7.767837492557851e-12,0.15355284425621205
2.1799,1.454439674127901e-11,1.243510911588016e-11,1.8509156249471844e-11,1.5767653255785687e-11,7.786180356078857e-12,0.605468770661092
2.18061,1.5559025679815806e-11,1.243718375223764e-11,1.849258549760352e-11,1.57576766491945e-11,7.803223976278058e-12,0.9105086838276668
2.18132,1.6411127832538568e-11,1.2453330086462702e-11,1.8558071469249483e-11,1.5802505562963478e-11,7.789002955578683e-12,1.2179445833883877
2.18204,1.6151987258456276e-11,1.2397031797285934e-11,1.8453906339465392e-11,1.5719989295631706e-11,7.762264975057805e-12,1.1472244990805158
2.18275,1.5639145514334747e-11,1.240615909945383e-11,1.8466581580804375e-11,1.573116132721385e-11,7.76815064363974e-12,0.9688453459267367
2.18346,1.4311725448202316e-11,1.2418268967427796e-11,1.848530384589427e-11,1.5746798784848685e-11,7.775616592761794e-12,0.5397977086810027
2.18418,1.3427744022753458e-11,1.242141515062982e-11,1.849046248377335e-11,1.5751005897245256e-11,7.777506128326754e-12,0.27731228986884665
2.18489,1.2281258537292063e-11,1.2410135417959172e-11,1.847356371872193e-11,1.5736654249385102e-11,7.770439226285959e-12,-0.03399021201023692
2.1856,1.1394312762221452e-11,1.2409935486422771e-11,1.84730647207763e-11,1.5736308435725466e-11,7.770350423387402e-12,-0.25820587736278694
2.18632,1.186173470619319e-11,1.240866242134687e-11,1.8471501983240787e-11,1.573484011908699e-11,7.769471589085988e-12,-0.1418069398342244
2.18703,1.2014196896087103e-11,1.2412868138877714e-11,1.8477787641672887e-11,1.574017434764993e-11,7.772111530810681e-12,-0.10396371011517916
2.18775,1.1529154873644274e-11,1.2415605053466297e-11,1.8481956978259033e-11,1.5743692497629337e-11,7.773806299993201e-12,-0.22649619246508154
2.18846,1.107681304675683e-11,1.2411276981405663e-11,1.8475504825552556e-11,1.5738202096665546e-11,7.771093896182137e-12,-0.33469795243378087
2.18917,1.067861626797093e-11,1.2415220780185668e-11,1.84812832004648e-11,1.5743154372476845e-11,7.773606693307147e-12,-0.42796842194701284
2.18989,1.0774176149131816e-11,1.2436201251132259e-11,1.8509654189637912e-11,1.57710064939183e-11,7.77869496658965e-12,-0.41132790723795165
2.19061,1.2202650967093262e-11,1.2415248456875764e-11,1.8481604299460833e-11,1.574341857529899e-11,7.773529937792394e-12,-0.055850230273290793
2.19132,1.2363856519951412e-11,1.2424929115063648e-11,1.849686621460585e-11,1.575616477937406e-11,7.778646814593972e-12,-0.01612879106204165
2.19204,1.2668280779933955e-11,1.241812398360099e-11,1.8486028951733547e-11,1.574701727942753e-11,7.775383893738465e-12,0.06694879376867732
2.19275,1.1920757859552893e-11,1.241325546798158e-11,1.8523776869813456e-11,1.5774690947153936e-11,7.77416330168271e-12,-0.1278818467741864
2.19347,1.161233598989131e-11,1.2452815691954767e-11,1.850225415206072e-11,1.5770287500791003e-11,7.82658051095869e-12,-0.21210691814149263
2.19419,1.1524030083192397e-11,1.2410736140549267e-11,1.847547331952439e-11,1.5737840008649507e-11,7.770842502823865e-12,-0.2266205657018116
2.1949,1.1405247406072922e-11,1.2411289363551902e-11,1.847605158243023e-11,1.5738405780992807e-11,7.770808888364368e-12,-0.2558843724134458
2.19562,1.2219522224286145e-11,1.2424149370284215e-11,1.8495112639322748e-11,1.575472008535595e-11,7.779091457318936e-12,-0.05372963822770567
2.19634,1.2956967205898108e-11,1.2425633492706166e-11,1.849713106552544e-11,1.5756547628866374e-11,7.780041086628035e-12,0.1436874491292835
2.19706,1.4382347858250192e-11,1.2432534536960357e-11,1.8507818529167885e-11,1.5765431469467106e-11,7.784294319905779e-12,0.5564272156904484
2.19778,1.4612327903250837e-11,1.2429365513622025e-11,1.850292463281983e-11,1.5761332445320786e-11,7.782299791788228e-12,0.6285389538708491
2.19849,1.43619019939618e-11,1.2428338247112387e-11,1.8506168071169157e-11,1.5763077320091408e-11,7.778985399776191e-12,0.5524699412450735
2.19921,1.312824768319363e-11,1.2431727198830822e-11,1.8506395884035695e-11,1.5764331021039676e-11,7.783770868632909e-12,0.1894778839746711
2.19993,1.1342974010727036e-11,1.2433745457257474e-11,1.850908207996154e-11,1.576673327054431e-11,7.784928809331595e-12,-0.2759572229560419
2.20065,9.091519906698022e-12,1.2440302381263725e-11,1.8517509610879132e-11,1.577444654608833e-11,7.789477173857886e-12,-0.7663258031126319
2.20137,7.792340445080613e-12,1.2450158960863435e-11,1.8558855151637335e-11,1.5795247378271374e-11,7.792340445080613e-12,-1.188933509054916
2.20209,7.779506284317858e-12,1.2424671730176639e-11,1.8495146543695664e-11,1.5755073650823972e-11,7.779506284317858e-12,-1.3617150824139408
2.20281,7.787477520026657e-12,1.2437282762904983e-11,1.8513842510132996e-11,1.5771019899174e-11,7.787477520026657e-12,-1.339252056508134
2.20353,7.797192638972307e-12,1.245314315897489e-11,1.8538636732947702e-11,1.579166426097919e-11,7.797192638972307e-12,-1.0255757889818855
2.20425,1.0415248749337976e-11,1.2463893915371066e-11,1.855353387353944e-11,1.5804813588509572e-11,7.804105249790219e-12,-0.49627273664839366
2.20497,1.3323350665528157e-11,1.2456949593378117e-11,1.8541864380291415e-11,1.57953867840413e-11,7.800073592601088e-12,0.23672616885297623
2.20569,1.5071800345300234e-11,1.2458656188116817e-11,1.8541190289142822e-11,1.579668249942145e-11,7.801191749821236e-12,0.7622844221863854
2.20641,1.6202403591002874e-11,1.2427013702778126e-11,1.849770992247507e-11,1.575760027262888e-11,7.78123258838483e-12,1.1510530988974477
2.20714,1.6617774560688433e-11,1.2415934022711599e-11,1.850232509494877e-11,1.5752797149566384e-11,7.770371272424112e-12,1.3033103383139275
2.20786,1.6602240046395695e-11,1.241531302761288e-11,1.8481151168283452e-11,1.5743179301725488e-11,7.773653379798781e-12,1.296364918449494
2.20858,1.615959991940168e-11,1.241017257184189e-11,1.847358655405435e-11,1.5736691962051263e-11,7.770451130149004e-12,1.143954444493381
2.2093,1.5139767601004434e-11,1.241123601400455e-11,1.8474959756689604e-11,1.5737922029848542e-11,7.771206404565456e-12,0.8026446544344894
2.21002,1.4871790746823837e-11,1.2410170529708126e-11,1.84738606174364e-11,1.5736808857895193e-11,7.770490869846215e-12,0.7171876763554869
2.21075,1.4098423247291725e-11,1.2404161336391987e-11,1.846497061837499e-11,1.572919265717809e-11,7.766682683413018e-12,0.4800228940914538
2.21147,1.3360307170579692e-11,1.2407105245900562e-11,1.8469784675956665e-11,1.5732823364094288e-11,7.768693075613634e-12,0.2624319472256266
2.21219,1.2455063830583853e-11,1.2414144917515959e-11,1.8479787643090194e-11,1.5741824858258397e-11,7.772933120758444e-12,0.010855793203556724
2.21292,1.1085035919389318e-11,1.2425633977902687e-11,1.8512569971200844e-11,1.5766856966853056e-11,7.777413019476723e-12,-0.3360736375290666
2.21364,8.29108143966875e-12,1.2403781531116737e-11,1.845549610134279e-11,1.5728773395526387e-11,7.761880240684097e-12,-0.9105013081385579
2.21437,7.693600186629594e-12,1.2287610382506706e-11,1.829255707252862e-11,1.5581831883666734e-11,7.693600186629594e-12,-1.2078540929505293
2.21509,7.69888296086132e-12,1.2293527713861522e-11,1.8292742379644228e-11,1.5585744806191302e-11,7.69888296086132e-12,-1.2588095405479258
2.21582,7.65047076613347e-12,1.221873329425347e-11,1.8187384140824946e-11,1.5493574876193033e-11,7.65047076613347e-12,-1.104239929704692
2.21654,8.913467527679062e-12,1.2248581296675975e-11,1.8250151975241427e-11,1.5553765007292265e-11,7.651265313256378e-12,-0.7770796110709521
2.21727,1.0947447882460293e-11,1.2203371996086798e-11,1.8165435843301024e-11,1.547431255990332e-11,7.641071292378442e-12,-0.32112556612264903
2.21799,1.253975757124952e-11,1.2214460547716769e-11,1.8182062788675084e-11,1.5488428923830118e-11,7.647973062177905e-12,0.0887774904014203
2.21872,1.3581613629952847e-11,1.2282288069043516e-11,1.8283266106587077e-11,1.557452199981248e-11,7.69042416714887e-12,0.36641739268768386
2.21944,1.4458120037286481e-11,1.232455254093465e-11,1.834641173149947e-11,1.5628229761143828e-11,7.716810145825545e-12,0.6188084423442501
2.22017,1.4548585136674771e-11,1.2408769319134288e-11,1.8474467706186606e-11,1.573617907105348e-11,7.769471751233874e-12,0.6155977337572763
2.2209,1.4062279318365276e-11,1.2477470729360856e-11,1.857401363834744e-11,1.582212592152585e-11,7.812568319511925e-12,0.4443865034428614
2.22162,1.3873689574702442e-11,1.2475465568168793e-11,1.8571263355533064e-11,1.5819684731134958e-11,7.811264075222841e-12,0.38937797855776907
2.22235,1.317539459432735e-11,1.2469514937829206e-11,1.856249562393964e-11,1.5812211645922223e-11,7.807475508192004e-12,0.1915080169604461
2.22308,1.2260233267085624e-11,1.246229558373674e-11,1.855201985352089e-11,1.5803125092722737e-11,7.802923176281093e-12,-0.05291163218825887
2.22381,1.2032159224765253e-11,1.2457273761902659e-11,1.8544448198061435e-11,1.5796733038092117e-11,7.799771093134603e-12,-0.1103543358078176
2.22453,1.201237018634723e-11,1.2463352020126199e-11,1.8553400651658174e-11,1.580439035310937e-11,7.803608413174012e-12,-0.1168960682775892
2.22526,1.233398733868311e-11,1.2463514694926762e-11,1.855384554186172e-11,1.5804698439963245e-11,7.803695036491839e-12,-0.03401973287895024
2.22599,1.212504118843192e-11,1.2466854640657908e-11,1.8558663339662486e-11,1.580885720751033e-11,7.805767420380008e-12,-0.08896706636798202
2.22672,1.216033662882175e-11,1.2463289564970163e-11,1.855389344193293e-11,1.5804555829402134e-11,7.803405786118434e-12,-0.07900484788031426
2.22745,1.1913427485761084e-11,1.2467594234310488e-11,1.856152271345076e-11,1.5810758626057265e-11,7.80566771675905e-12,-0.14301739383943887
2.22818,1.1785166594105796e-11,1.2479293402776383e-11,1.8577404626886785e-11,1.5824732282472125e-11,7.813557769999103e-12,-0.1779039122183858
2.22891,1.104993170782456e-11,1.2530796049101826e-11,1.8653503933948376e-11,1.588978907427756e-11,7.845925999048761e-12,-0.36580028107543283
2.22964,1.0333877297018727e-11,1.2542018530650449e-11,1.8667331746934657e-11,1.5902692745371908e-11,7.853345842595362e-12,-0.5281534399623362
2.23037,9.748515097256406e-12,1.251175070271324e-11,1.8629193913531555e-11,1.586590848197382e-11,7.838274102454613e-12,-0.6456085360680045
2.2311,9.764385057047007e-12,1.2537093788910056e-11,1.8664264275566357e-11,1.589836982994859e-11,7.849761066692405e-12,-0.6471220574205846
2.23183,1.1035509469602871e-11,1.2537793980561848e-11,1.8663803780042528e-11,1.5898615046209023e-11,7.850353167722528e-12,-0.37055680155781756
2.23256,1.2378933107903006e-11,1.253642543651752e-11,1.8661265704780167e-11,1.5896669219734873e-11,7.849600759240714e-12,-0.04106006769475619
2.23329,1.3009796955447171e-11,1.2542807984902705e-11,1.8725080062120543e-11,1.5915649275795297e-11,7.859911891127948e-12,0.1246277925318086
2.23402,1.380130435573377e-11,1.2533135890651701e-11,1.86567964341313e-11,1.589276644456211e-11,7.847333913290267e-12,0.3497272613970252
2.23476,1.414806605327804e-11,1.2534974556586098e-11,1.8660138427494736e-11,1.5895057591102695e-11,7.848703495686384e-12,0.45053880463859997
2.23549,1.4604751247851432e-11,1.2521768593588519e-11,1.865637742163543e-11,1.5883911565969522e-11,7.839765608451982e-12,0.5926065324129653
2.23622,1.5000880782565622e-11,1.2532719171052328e-11,1.8655019350155024e-11,1.589167363162221e-11,7.847343653144382e-12,0.7115943885804866
2.23695,1.5035380859698164e-11,1.2529412844229208e-11,1.8651195360549753e-11,1.588794121449675e-11,7.845090465302258e-12,0.7237540467856847
2.23769,1.5159896728913453e-11,1.2529081071770585e-11,1.865038710821111e-11,1.5887337203548557e-11,7.844962866041143e-12,0.7632239576418758
2.23842,1.4713873052702236e-11,1.2538130986282718e-11,1.868315055366158e-11,1.5909016910669416e-11,7.846462190981772e-12,0.6211104696894395
2.23915,1.4050353333474527e-11,1.256365258088654e-11,1.870076156013241e-11,1.593056591045883e-11,7.866899999192399e-12,0.4123915398364429
2.23989,1.3978611046966235e-11,1.255662337781628e-11,1.869209539436771e-11,1.5922612851607463e-11,7.862074953470296e-12,0.3936570990030264
2.24062,1.3931337909393344e-11,1.25608433905001e-11,1.869774371435402e-11,1.592754575900343e-11,7.864606336481087e-12,0.3785672688555264
2.24136,1.3879523355908604e-11,1.2559878120255907e-11,1.8697602634665265e-11,1.592701129048009e-11,7.863967728359506e-12,0.3638380472913641
2.24209,1.3588951657491737e-11,1.2564244062744594e-11,1.8703939577719768e-11,1.5932549334735555e-11,7.866602471412502e-12,0.27928972674697494
2.24283,1.3206324451635717e-11,1.257024994272447e-11,1.8712847414889437e-11,1.5940086381129923e-11,7.870441625158426e-12,0.17070230427269642
2.24356,1.2870745276784776e-11,1.2566053785773636e-11,1.8706711657295244e-11,1.5934778905051074e-11,7.867967471480828e-12,0.08073892101992791
2.2443,1.2878800300106507e-11,1.256273843782225e-11,1.870205275301604e-11,1.5930706291624193e-11,7.865626691357568e-12,0.08380836363784319
2.24503,1.2638533107322242e-11,1.2562208416609292e-11,1.870063941608585e-11,1.5929748795394766e-11,7.865409871101774e-12,0.020041971706901526
2.24577,1.2047885090733232e-11,1.2557948288625239e-11,1.869388333491402e-11,1.592420332556668e-11,7.862960691049402e-12,-0.13089394230975976
2.2465,1.1884632007105666e-11,1.2580961061138513e-11,1.8728194501545258e-11,1.5953411628629725e-11,7.877344898731997e-12,-0.17703563359670957
2.24724,1.075036073696589e-11,1.2589287244039332e-11,1.8740729814396037e-11,1.5963999668530784e-11,7.882506877731672e-12,-0.44544494902391163
2.24798,8.794237045893038e-12,1.2640722400124676e-11,1.877867845042627e-11,1.600803983499873e-11,7.929535852485803e-12,-0.846276223048646
2.24871,7.891476941557101e-12,1.2603229061571129e-11,1.8760738609799743e-11,1.5981366204923275e-11,7.891476941557101e-12,-1.187770369813
2.24945,7.895860375300403e-12,1.2611554983812495e-11,1.877778884432835e-11,1.599360647750455e-11,7.895860375300403e-12,-1.2400761213289442
2.25019,8.917687206736692e-12,1.260830065431247e-11,1.876451554108637e-11,1.5985507190745748e-11,7.896264023383322e-12,-0.821703608551639
2.25093,1.1363902076426783e-11,1.2597240870895633e-11,1.8752758806002407e-11,1.5974308819741396e-11,7.886503151925957e-12,-0.3064395059483377
2.25167,1.4210724700299625e-11,1.2596938023202481e-11,1.875212001393953e-11,1.5973733064418688e-11,7.887295307218609e-12,0.448448812552581
2.2524,1.6077680175296063e-11,1.259988104047051e-11,1.875627319456122e-11,1.5977362648330588e-11,7.889190789438147e-12,1.0333312097250167
2.25314,1.7431307661479724e-11,1.2592859836393013e-11,1.8745509272772192e-11,1.5968286179788582e-11,7.884939360588502e-12,1.506638342048887
2.25388,1.7498012951956075e-11,1.2558744684833224e-11,1.8693296911738813e-11,1.5924457034640937e-11,7.863834526495525e-12,1.5477286052807055
2.25462,1.7363596106797066e-11,1.2536342055059665e-11,1.8659779245850665e-11,1.589596212600493e-11,7.84984781756919e-12,1.5101221617920666
2.25536,1.64857668309752e-11,1.2648628122199661e-11,1.8901808096195707e-11,1.609679155202778e-11,7.869581190539477e-12,1.1737277461111761
2.2561,1.4861330343480804e-11,1.2552614407019983e-11,1.869036205514665e-11,1.5918503528919576e-11,7.860059091083041e-12,0.6604671923496116
2.25684,1.3723157994943268e-11,1.2568373344116663e-11,1.8707971467356885e-11,1.593678703387284e-11,7.869802743369786e-12,0.3160881069155012
2.25758,1.227536187992968e-11,1.2586270532158573e-11,1.8735407760877653e-11,1.5959888871996436e-11,7.880734097422626e-12,-0.08025663638122402
2.25832,1.1775597606824436e-11,1.2567956408954183e-11,1.871016200713988e-11,1.5937512767161735e-11,7.868930924495632e-12,-0.2008805828248141
2.25906,9.983992374038521e-12,1.2556883892110347e-11,1.869174483583006e-11,1.592263935147387e-11,7.862291393324238e-12,-0.6049997175092532
2.2598,9.316514545134166e-12,1.2562872455409125e-11,1.8725745045219356e-11,1.594408972001346e-11,7.859329469235222e-12,-0.7414212910593426
2.26054,8.398503860230129e-12,1.2566489402414591e-11,1.8707117181149784e-11,1.593524244362544e-11,7.868256298946023e-12,-0.910175957446669
2.26129,8.168631997942727e-12,1.2532705830058687e-11,1.8657824960534895e-11,1.5892806040726904e-11,7.846894828454173e-12,-0.9461244659496084
2.26203,7.818884171550203e-12,1.2487990459455809e-11,1.8590977432655652e-11,1.5836001708198852e-11,7.818884171550203e-12,-1.2238605040384682
2.26277,7.761966072635142e-12,1.2396787112509626e-11,1.8454374596485546e-11,1.5720006794909998e-11,7.761966072635142e-12,-1.539182269080706
2.26351,7.765496138912632e-12,1.2402291723519755e-11,1.8462001461737473e-11,1.5726746277524704e-11,7.765496138912632e-12,-1.7995703293807752
2.26426,7.790606503563752e-12,1.2417135351325038e-11,1.8461814045919804e-11,1.5731335274031022e-11,7.790606503563752e-12,-1.907075751541806
2.265,7.774534339004546e-12,1.2416340482303138e-11,1.8483392317043085e-11,1.5744693404544702e-11,7.774534339004546e-12,-1.6853680579865848
2.26574,7.788181711453195e-12,1.2438932231211484e-11,1.851789066152415e-11,1.577377793665275e-11,7.788181711453195e-12,-1.523554474016427
2.26649,7.845530265380922e-12,1.2529605615569598e-11,1.8650273517113596e-11,1.588760639578082e-11,7.845530265380922e-12,-1.0666883022769327
2.26723,1.0210717093754402e-11,1.2662486467125806e-11,1.8839429741626346e-11,1.605078984290859e-11,7.947924731375082e-12,-0.5717486257685157
2.26797,1.2485385074675123e-11,1.2636273643300278e-11,1.88114652844197e-11,1.602390094396965e-11,7.91180343520038e-12,-0.03905137617010551
2.26872,1.1239667376121309e-11,1.2728348886326323e-11,1.8951182426439168e-11,1.6141442679151185e-11,7.969379102435e-12,-0.3622771162648198
2.26946,1.1309245265695091e-11,1.2713236770090033e-11,1.892575676468051e-11,1.612131343457448e-11,7.960149599443519e-12,-0.34324144388407496
2.27021,1.2632608608186813e-11,1.2714447069528394e-11,1.8926688735034602e-11,1.6123469997128602e-11,7.9599513969025e-12,-0.02109802858397858
2.27095,1.4246022589598684e-11,1.2733077274747637e-11,1.895632850746491e-11,1.6146936725023845e-11,7.972337625543549e-12,0.41414790899845394
2.2717,1.5230190611157395e-11,1.2739079848599392e-11,1.8965405120686844e-11,1.6154619866747706e-11,7.976086086766489e-12,0.7062755272452731
2.27245,1.5787861699865384e-11,1.2734085342218128e-11,1.895819374774784e-11,1.6148374430079682e-11,7.972901221215475e-12,0.8836641681383303
2.27319,1.6230347149298454e-11,1.2736962415262816e-11,1.896325798023351e-11,1.615238155042533e-11,7.974477743158905e-12,1.0263225105159837
2.27394,1.2684021868543973e-11,1.4039733248506262e-11,2.0913122668416737e-11,1.780839969886259e-11,8.789251841532374e-12,-0.3023955592471591
2.27469,8.999709131373438e-12,1.4372640530376976e-11,2.1401272498151322e-11,1.8226943726752066e-11,8.999709131373438e-12,-1.046920445068227
2.27543,1.3572729235055653e-11,1.462087499137752e-11,2.1762288243854328e-11,1.8538339180559413e-11,9.156785729534335e-12,-0.2270631572225976
2.27618,1.2481875650095034e-11,1.4539085150751942e-11,2.164750919790709e-11,1.843715402460833e-11,9.10431601521566e-12,-0.4324322306890889
2.27693,9.06474354414816e-12,1.4467834287057917e-11,2.1661654037547383e-11,1.8424382598206756e-11,9.06474354414816e-12,-1.8069132755434012
2.27768,8.908852228709718e-12,1.4270790820094722e-11,2.1313805012711108e-11,1.8131493860232975e-11,8.908852228709718e-12,-2.812355089765209
2.27842,8.915641243655348e-12,1.424223458105194e-11,2.1207160538345168e-11,1.8062069970211936e-11,8.915641243655348e-12,-3.5544631066202728
2.27917,8.910974108810873e-12,1.473831936981275e-11,2.1713699336705815e-11,1.8586205876544035e-11,8.910974108810873e-12,-4.15134775240484
2.27992,8.959536249737345e-12,1.4317070818007406e-11,2.133749688548773e-11,1.816606965266589e-11,8.959536249737345e-12,-4.82354559706379
2.28067,8.93282850611461e-12,1.4288729035468299e-11,2.1286866564231727e-11,1.8126562000802897e-11,8.93282850611461e-12,-5.274877229394574
2.28142,8.990395530483958e-12,1.4377014175234398e-11,2.137062650107377e-11,1.8228144496400323e-11,8.990395530483958e-12,-5.5980874900481155
2.28217,8.956573223369972e-12,1.4311463794205367e-11,2.131397805009425e-11,1.8152064877914122e-11,8.956573223369972e-12,-5.375414981249703
2.28292,8.960039730747858e-12,1.4310866950187498e-11,2.1309502862660637e-11,1.8149180422107027e-11,8.960039730747858e-12,-4.6807562814549035
2.28367,9.05310464192444e-12,1.4463428808805442e-11,2.1563250008627077e-11,1.8348601095596236e-11,9.05310464192444e-12,-3.0058609366678244
2.28442,9.861241294177983e-12,1.4462371197670061e-11,2.1523796888559253e-11,1.8335461757745555e-11,9.060960854527909e-12,-0.8794577895398374
2.28517,2.0411788357320562e-11,1.4437370969164898e-11,2.149692837025605e-11,1.83091274132354e-11,9.03951357753722e-12,1.6304881210820752
2.28592,2.920179641093608e-11,1.4422186123932299e-11,2.1462123344350578e-11,1.8284782427227052e-11,9.032290894255049e-12,5.073926695829273
2.28667,3.828311047965303e-11,1.4271233219856185e-11,2.121804140679868e-11,1.808489429945971e-11,8.942171899483659e-12,9.935113366552978
2.28742,4.6919543441072586e-11,1.3990944007472458e-11,2.082854059855772e-11,1.774128473073955e-11,8.760310768731824e-12,16.341139376351464
2.28818,4.943968023449014e-11,1.4010628898677832e-11,2.092960890289259e-11,1.782137612365599e-11,8.746699746796805e-12,18.898302482026487
2.28893,4.5388890176914e-11,1.3857745777435943e-11,2.0640820710622422e-11,1.7577614272619622e-11,8.676926597719777e-12,15.851776420510216
2.28968,4.4224446914972294e-11,1.3657177645873224e-11,2.0332286659229067e-11,1.7318582223280123e-11,8.55242965824359e-12,15.272840535026976
2.29043,4.340603312739457e-11,1.3689325843467618e-11,2.033399278108426e-11,1.733143196824149e-11,8.583212731215123e-12,14.034146961645877
2.29119,3.5918513402720266e-11,1.4245168978376175e-11,2.1169890688678138e-11,1.8048323972148438e-11,8.9272323314151e-12,8.59566067446359
2.29194,2.5217638274366808e-11,1.4739193009942428e-11,2.170507952783031e-11,1.857235607691089e-11,9.146296761736993e-12,3.2636420432521067
2.29269,1.0533469009111317e-11,1.4694705781934287e-11,2.2395552656619075e-11,1.8989031775673397e-11,9.186385650422623e-12,-0.8019022885171914
2.29345,9.242569441506499e-12,1.5175485991075446e-11,2.263986737302588e-11,1.9206174786307272e-11,9.242569441506499e-12,-3.612183422296851
2.2942,9.159987274059459e-12,1.4652119638754156e-11,2.209401973664342e-11,1.8740228419314248e-11,9.159987274059459e-12,-4.3333988331733195
2.29495,9.092755284904594e-12,1.45439663400411e-11,2.2084356519413742e-11,1.8572310717443336e-11,9.092755284904594e-12,-4.211244461945389
2.29571,9.12090922468144e-12,1.4686587937867228e-11,2.2118931508900416e-11,1.8864003184403058e-11,9.12090922468144e-12,-3.485776153617923
2.29646,9.04943032974834e-12,1.4645968105842045e-11,2.1609671173277143e-11,1.8482718182750938e-11,9.04943032974834e-12,-2.939205627633203
2.29722,9.01687946603078e-12,1.4321086320600706e-11,2.124827448036539e-11,1.8117870768962164e-11,9.01687946603078e-12,-3.0082028130676397
2.29798,8.942807154304073e-12,1.4283229035902058e-11,2.1268555238371578e-11,1.811363397715768e-11,8.942807154304073e-12,-3.0954952200889654
2.29873,8.876961596707608e-12,1.4292990671339388e-11,2.1315189540263403e-11,1.8151743052106186e-11,8.876961596707608e-12,-3.041204463013553
2.29949,8.927219263051077e-12,1.4257919067419734e-11,2.1239165484704993e-11,1.8083082343813343e-11,8.927219263051077e-12,-2.8094027309449294
2.30024,8.97539645768885e-12,1.4338577864297485e-11,2.138138525517748e-11,1.8198128486359438e-11,8.97539645768885e-12,-2.4285094637339437
2.301,9.0139687635212e-12,1.4400655629593742e-11,2.1466519651725386e-11,1.8268264701008212e-11,9.0139687635212e-12,-1.7274923675093843
2.30176,9.050193899775652e-12,1.4549220718139607e-11,2.1697782968174058e-11,1.847660014993812e-11,9.050193899775652e-12,-1.140643903518134
2.30251,1.3657670994145139e-11,1.450318346826771e-11,2.159527703770801e-11,1.83924919732716e-11,9.080738067669139e-12,-0.18622081804934462
2.30327,9.587900613551513e-12,1.4630395007535642e-11,2.1793535999876083e-11,1.8557556982779845e-11,9.158501450088847e-12,-0.9387481950382889
2.30403,9.785344458379219e-12,1.4247844983753897e-11,2.197965214864164e-11,1.8664264138875346e-11,8.797109304756637e-12,-0.8934040277145171
2.30479,1.4735949575826012e-11,1.2368019061773244e-11,1.8415214159847974e-11,1.568486431060691e-11,7.743566724516896e-12,0.6905119522430013
2.30555,1.560368953164868e-11,1.2042979889233189e-11,1.7928533518516745e-11,1.527159359595296e-11,7.540594017448583e-12,1.1161911651535332
2.3063,1.5052127946323358e-11,1.1997767501027014e-11,1.786275192614723e-11,1.521489784745799e-11,7.511788802201514e-12,0.9442705041688378
2.30706,1.372000841125781e-11,1.1969453055578158e-11,1.7821297903982858e-11,1.5179362280146208e-11,7.493894829509291e-12,0.516450783883801
2.30782,1.1034314643605618e-11,1.1986090613841968e-11,1.784266843462085e-11,1.5199012514855222e-11,7.505232164540482e-12,-0.25081511374762405
2.30858,1.1214199767713634e-11,1.2014029295270999e-11,1.788651248231787e-11,1.523533856702205e-11,7.522099296253502e-12,-0.2117370829275865
2.30934,1.3260300772784516e-11,1.2001105249998548e-11,1.7869632401969304e-11,1.521999902788386e-11,7.513334938563753e-12,0.3633697191639789
2.3101,1.1631854411016925e-11,1.2004514761685533e-11,1.7875263139679146e-11,1.5224522497966748e-11,7.515572992797997e-12,-0.10058589629917011
2.31086,1.1270781089837885e-11,1.1581597162863683e-11,1.7240019535558354e-11,1.4685903363797e-11,7.251805531713789e-12,-0.08709264555251905
2.31162,1.1223390320725047e-11,1.1536277288670053e-11,1.7172852303395585e-11,1.4628560864561465e-11,7.223325964729523e-12,-0.08801182437871083
2.31238,1.3180798986821269e-11,1.1464525676658965e-11,1.706634440083561e-11,1.4537709136695486e-11,7.178359866182388e-12,0.5293662682519887
2.31315,1.417912737435404e-11,1.1476807369821655e-11,1.7088902097937078e-11,1.455480409733748e-11,7.187109451713554e-12,0.8654842003499469
2.31391,1.471098575081013e-11,1.1506996478143278e-11,1.714490363800247e-11,1.4584449984600637e-11,7.202032966421369e-12,1.045917180351842
2.31467,1.4850722491323896e-11,1.1510603773584697e-11,1.7141621249450518e-11,1.459881675914095e-11,7.205403362852527e-12,1.0947510226426742
2.31543,1.3319869894203113e-11,1.1503407721362261e-11,1.714207355411175e-11,1.4587586672434582e-11,7.2021133874852366e-12,0.5606068784761565
2.31619,9.730398229677333e-12,1.15390099490393e-11,1.7176393708271724e-11,1.4631517965612903e-11,7.227271855312599e-12,-0.47477237320461896
2.31696,7.227763669911944e-12,1.1570060235565935e-11,1.7250718373419565e-11,1.4689432589516347e-11,7.227763669911944e-12,-1.8440630008583854
2.31772,7.208579328312791e-12,1.1513710338044546e-11,1.7141237243997645e-11,1.4600969959243264e-11,7.208579328312791e-12,-3.0330069708663845
2.31848,7.196999135384988e-12,1.1494191837056469e-11,1.710927186151218e-11,1.4574922251109476e-11,7.196999135384988e-12,-3.793428835400256
2.31925,7.159610471831515e-12,1.1431195674843475e-11,1.701226146528797e-11,1.449223583774333e-11,7.159610471831515e-12,-4.14497700232116
2.32001,7.172931100320637e-12,1.1465470559530254e-11,1.7105214325086556e-11,1.4556993882862096e-11,7.172931100320637e-12,-3.943452981631055
2.32077,7.2441529298409046e-12,1.1544999148212893e-11,1.7138893579832238e-11,1.461653417504663e-11,7.2441529298409046e-12,-3.0178792068972315
2.32154,7.168029817669074e-12,1.144841990669906e-11,1.704068543879487e-11,1.4516673845842635e-11,7.168029817669074e-12,-1.6741819623612262
2.3223,1.0103794148728096e-11,1.1479190612462794e-11,1.708724835332022e-11,1.4555926655604403e-11,7.187411800309583e-12,-0.37055008231759035
2.32307,1.1653349516727393e-11,1.1501074736763219e-11,1.711790436874618e-11,1.4582895749470474e-11,7.201842972324043e-12,0.04384551488816706
2.32383,1.3230179865716384e-11,1.1665850106947384e-11,1.726658684155537e-11,1.4742000876115606e-11,7.173193816048417e-12,0.4896769694387673
2.3246,1.2580791372554404e-11,1.1550652028813095e-11,1.715340004218572e-11,1.4622928357551266e-11,7.2509844717214475e-12,0.3061655018127088
2.32536,1.2055655650089073e-11,1.1478608385135896e-11,1.7091825278524074e-11,1.4559067128839656e-11,7.173666498350763e-12,0.16937351745046153
2.32613,1.0738370760405599e-11,1.14718588267526e-11,1.707498020928465e-11,1.4545965215802765e-11,7.183482862323574e-12,-0.20356808448327138
2.3269,1.0400864343919142e-11,1.1466745982618635e-11,1.7068562583363355e-11,1.4540065017384e-11,7.179926460056146e-12,-0.2915573352840956
2.32766,1.124177554273784e-11,1.1474792753925621e-11,1.708089205769334e-11,1.4550473446772926e-11,7.184578145018258e-12,-0.06613202233391059
2.32843,1.1975684402393058e-11,1.1474481656744778e-11,1.7080517880969016e-11,1.4550080456241138e-11,7.184621280972289e-12,0.1468049240297686
2.3292,1.2571700965304537e-11,1.1462269765451695e-11,1.7063574538721425e-11,1.453512709158193e-11,7.176840452154136e-12,0.3338305897131821
2.32996,1.2940920998176481e-11,1.1448597453242963e-11,1.7068749992304737e-11,1.4520811415697286e-11,7.170387952124746e-12,0.45665907134987155
2.33073,1.3933151379479832e-11,1.1463513332470775e-11,1.706371601643556e-11,1.453594527319183e-11,7.1778335620675e-12,0.7850255753218164
2.3315,1.5101706645688434e-11,1.145652371937538e-11,1.705378108166534e-11,1.4527298197529644e-11,7.173439816574433e-12,1.213098487021242
2.33227,1.5929020325100595e-11,1.1446908379497098e-11,1.7039416938970808e-11,1.451505513357863e-11,7.167435484709242e-12,1.54011949347483
2.33304,1.658075211473665e-11,1.1469530842021422e-11,1.705680769577525e-11,1.4534786312550836e-11,7.19049614305505e-12,1.7806015306388145
2.33381,1.6194955616911532e-11,1.145127226553583e-11,1.704518310207121e-11,1.4520291602938012e-11,7.170354226945827e-12,1.644518424570167
2.33458,1.5469679899978285e-11,1.14624801446692e-11,1.705888872756465e-11,1.4534731666674347e-11,7.175586109121986e-12,1.3517534683535979
2.33535,1.4205390122649532e-11,1.1450569681788547e-11,1.7044588344503945e-11,1.4519483603655007e-11,7.1692972263681125e-12,0.8867699660471582
2.33612,1.3032847476394393e-11,1.1542544365654723e-11,1.7220713178963826e-11,1.4683226449999765e-11,7.135339417003951e-12,0.46078950272482505
2.33689,1.1149737185845384e-11,1.1441315104660136e-11,1.703221168689292e-11,1.450839648965251e-11,7.1637987166271315e-12,-0.08276538200543983
2.33766,9.240507784170604e-12,1.1441808555664349e-11,1.7033439466372116e-11,1.4509321071077552e-11,7.1635268453064355e-12,-0.5721307925164115
2.33843,7.166291619653874e-12,1.1478034093759628e-11,1.7085876558792392e-11,1.4564555443563065e-11,7.166291619653874e-12,-1.0431075432939492
2.3392,7.300866614533354e-12,1.143500604401021e-11,1.702389382085311e-11,1.4500999365112152e-11,7.159036366489473e-12,-0.9744797601583906
2.33997,7.163920839321826e-12,1.1429788470211619e-11,1.701438395426264e-11,1.449321277967668e-11,7.1574592431260246e-12,-0.9985247528943831
2.34074,8.192215786706149e-12,1.147187589837473e-11,1.7078944536832688e-11,1.4547980804474136e-11,7.179688417412156e-12,-0.8065688053889563
2.34151,8.931691306734894e-12,1.1484690311520211e-11,1.7139518492061003e-11,1.4601151586699604e-11,7.1568300494563226e-12,-0.6562033199477899
2.34229,1.0374047178765626e-11,1.1475830676507107e-11,1.7084098578215977e-11,1.4552432400596274e-11,7.185263548975364e-12,-0.3006974116651133
2.34306,1.1569290323147608e-11,1.1483521872233546e-11,1.7095261618967458e-11,1.456205611537607e-11,7.190230894600038e-12,0.02466684996207634
2.34383,1.2278004945715334e-11,1.1477427072569885e-11,1.7084169013540006e-11,1.4553478996603877e-11,7.186748165527625e-12,0.2374207261050277
2.3446,1.359700351354243e-11,1.1491139659035944e-11,1.7103375053153726e-11,1.4570337173229368e-11,7.195549326723007e-12,0.6578596251852252
2.34538,1.4388145087173806e-11,1.1531090504264606e-11,1.7161466051468808e-11,1.4620396691425875e-11,7.220931065348553e-12,0.9154066577627041
2.34615,1.4169341876397475e-11,1.1519357259624933e-11,1.7146961340774127e-11,1.4606779371853623e-11,7.2128865537454544e-12,0.8436568045411461
2.34692,1.3703613330150147e-11,1.1495108079473874e-11,1.710889475015995e-11,1.457514530602931e-11,7.196571129804813e-12,0.6940521877043669
2.3477,1.2100219975994598e-11,1.1488263918631923e-11,1.7115811954658018e-11,1.4570585303121427e-11,7.19426211768488e-12,0.179894858366126
2.34847,1.1180869617309299e-11,1.1487483422988506e-11,1.7099633133219136e-11,1.4566450688544157e-11,7.192901653555836e-12,-0.08661898401436084
2.34925,9.265162189329693e-12,1.1474628416526713e-11,1.7088108672473083e-11,1.4552692748268817e-11,7.184085554668629e-12,-0.5725485716845445
2.35002,7.153249143667257e-12,1.1423574752782881e-11,1.7002753277410462e-11,1.448463080617073e-11,7.153249143667257e-12,-1.0297071068193795
2.3508,7.1215371260109035e-12,1.1374460829306636e-11,1.693413576249859e-11,1.4424282137990396e-11,7.1215371260109035e-12,-1.1816601042444992
2.35157,7.1033426388900885e-12,1.1345465406824687e-11,1.6891051177079477e-11,1.438757153132673e-11,7.1033426388900885e-12,-1.3356014729633978
2.35235,7.093065038696784e-12,1.1343941661774545e-11,1.6912676403593098e-11,1.4400330733323296e-11,7.093065038696784e-12,-1.175925890148128
2.35313,7.1391494754496914e-12,1.1419247652592723e-11,1.697672081217813e-11,1.4480540514218487e-11,7.1391494754496914e-12,-1.079757309055088
2.3539,8.017148451262987e-12,1.1316997335125919e-11,1.6847299079880092e-11,1.4350857744688898e-11,7.08631787592915e-12,-0.8193236864372697
2.35468,9.145656474393747e-12,1.1327412732255495e-11,1.686233352988664e-11,1.436391716382022e-11,7.092375994141606e-12,-0.5726219013351896
2.35546,1.0580934127942029e-11,1.1335159466299212e-11,1.6874828403571573e-11,1.4373556042784255e-11,7.097327465974525e-12,-0.2116122599283417
2.35624,1.2905333803366556e-11,1.1317947799680019e-11,1.6850002519187873e-11,1.4352966787881673e-11,7.08640886670132e-12,0.49300046002908837
2.35701,1.3739729421195207e-11,1.1306661403119583e-11,1.6858361267434695e-11,1.4341745673255647e-11,7.083277540546223e-12,0.7821808716564242
2.35779,1.4067876071720137e-11,1.135173112236857e-11,1.6907220511816515e-11,1.4403367984484325e-11,7.101002350057806e-12,0.8835253630849643
2.35857,1.4779881042850724e-11,1.1323809402827009e-11,1.6833517245094293e-11,1.4347867328064352e-11,7.093764865838274e-12,1.1577748116776336
2.35935,1.4973441691213265e-11,1.1240749808452225e-11,1.673314389319052e-11,1.4253928113966387e-11,7.03822850943983e-12,1.273807570414931
2.36013,1.5132885826668903e-11,1.123922162648523e-11,1.673009228348083e-11,1.4251595357916094e-11,7.0378952147974855e-12,1.3358902737091487
2.36091,1.4695969259248893e-11,1.124002691082206e-11,1.6731182911455577e-11,1.4252663507534805e-11,7.038261573542228e-12,1.1660882476544154
2.36169,1.44766652545515e-11,1.1248462635943538e-11,1.6734550230869702e-11,1.4259265641384163e-11,7.045278531204046e-12,1.079814589332718
2.36247,1.46962409482758e-11,1.1292884144191867e-11,1.6752665347793363e-11,1.4291842482050965e-11,7.069817666059912e-12,1.1535185957337588
2.36325,1.5154400044976858e-11,1.1186159331150801e-11,1.6654622092276716e-11,1.4185580879206083e-11,7.006395387959921e-12,1.3619969303080135
2.36403,1.5145680599794257e-11,1.1212791701762087e-11,1.6668782193802783e-11,1.4208154460008132e-11,7.0222607071882755e-12,1.3604224507054437
2.36481,1.467959021968451e-11,1.1228522795390769e-11,1.669865635744455e-11,1.4231734829171635e-11,7.0271196858542925e-12,1.1739005853351099
2.36559,1.3914610635809852e-11,1.1204217669806868e-11,1.667966858040438e-11,1.4208130566751479e-11,7.015517149754852e-12,0.8900990035040788
2.36637,1.2502962283478558e-11,1.1341782243857707e-11,1.677237673298733e-11,1.431696260792237e-11,7.147873302766e-12,0.36177814474172515
2.36715,1.0372406076332403e-11,1.119084475587693e-11,1.666090401657704e-11,1.4191550431177161e-11,7.006641104324839e-12,-0.23181113084640942
2.36793,7.605010689624729e-12,1.1193379300744034e-11,1.666408080040717e-11,1.4194503092062973e-11,7.00816289143744e-12,-0.8856442656240937
2.36872,7.117551048459799e-12,1.1347660565472281e-11,1.6824443791358557e-11,1.4359277390902633e-11,7.117551048459799e-12,-1.441331664148137
2.3695,7.02223127145818e-12,1.1215859694534489e-11,1.6697757232931755e-11,1.4223111312520716e-11,7.02223127145818e-12,-1.641160967471605
2.37028,7.07904016824702e-12,1.1332160600055204e-11,1.6833215906401868e-11,1.4358713450805766e-11,7.07904016824702e-12,-1.6746823309177803
2.37106,7.0750113827982215e-12,1.1299882627796123e-11,1.682189718644812e-11,1.4329243837150153e-11,7.0750113827982215e-12,-1.7461855754906206
2.37185,7.045027143256057e-12,1.1251374298969367e-11,1.6747939958792408e-11,1.4266985675235913e-11,7.045027143256057e-12,-1.5752153063729966
2.37263,7.033599877876315e-12,1.123519429987744e-11,1.6747695399257148e-11,1.4251556122492061e-11,7.033599877876315e-12,-1.0992555571422493
2.37341,9.562046140083611e-12,1.1217913819232606e-11,1.6697530096466375e-11,1.4224282497434487e-11,7.024301363722676e-12,-0.44969212235871003
2.3742,1.1654036634833364e-11,1.1204450916533807e-11,1.667794082122966e-11,1.4207403330148949e-11,7.0157271850499335e-12,0.13463840278874067
2.37498,1.2515968594847654e-11,1.1201588313819779e-11,1.6674377778770755e-11,1.4204047253448634e-11,7.013778976935837e-12,0.408619944036206
2.37577,1.3288753021169186e-11,1.1260900188342724e-11,1.6769462878221734e-11,1.4277812151279166e-11,7.053362615612607e-12,0.6449143928695347
2.37655,1.3724608368501377e-11,1.129467264109375e-11,1.681387919039153e-11,1.4322837940019818e-11,7.071390214653165e-12,0.7831380671664233
2.37734,1.4166342214120404e-11,1.1317324614772607e-11,1.685604603526675e-11,1.4356419190927049e-11,7.0821325253538876e-12,0.934178452674996
2.37813,1.3977963457634999e-11,1.1372405496241732e-11,1.6930451416013133e-11,1.4420686585302257e-11,7.124595457039345e-12,0.8353161766340479
2.37891,1.3930468925920307e-11,1.135445514980095e-11,1.688898580936394e-11,1.4390849498884527e-11,7.117720698214775e-12,0.8230319241499512
2.3797,1.3877958569835482e-11,1.1325541889403787e-11,1.6859066888138432e-11,1.436166470868605e-11,7.089766875315276e-12,0.8260736156391615
2.38048,1.3462046662102205e-11,1.1313113127915374e-11,1.682046367812332e-11,1.4335876712199333e-11,7.085667243307204e-12,0.6839330278514912
2.38127,1.2421612298883398e-11,1.1271546703295986e-11,1.6779636947127646e-11,1.4292989136813571e-11,7.057386296383293e-12,0.35280796850779766
2.38206,1.204163709678828e-11,1.1256798198492809e-11,1.675642083965017e-11,1.427397053607698e-11,7.0485630419345885e-12,0.23732831607738591
2.38285,1.219746547221606e-11,1.1253034818385725e-11,1.6751025305224487e-11,1.4269331943506354e-11,7.04596646791161e-12,0.28765521474039724
2.38363,1.1884960788086584e-11,1.1256092709832492e-11,1.675523001139471e-11,1.4273106395466268e-11,7.047989041256578e-12,0.18891344066301713
2.38442,1.1834392352245395e-11,1.1254690991039595e-11,1.6756667646736646e-11,1.4271712007392701e-11,7.046962751384371e-12,0.17381019731661743
2.38521,1.1513320229046048e-11,1.1306789422080382e-11,1.6811337181469756e-11,1.4330467193070694e-11,7.04588217841246e-12,0.06142721227528827
2.386,1.0585321798021162e-11,1.1303717602221781e-11,1.6826883521693276e-11,1.4333948993784943e-11,7.077537974887376e-12,-0.20243767243969105
2.38679,8.921209391861916e-12,1.1299246214758025e-11,1.682044730806549e-11,1.4328206151776631e-11,7.074762141617173e-12,-0.6195085404791746
2.38758,7.732503834059204e-12,1.1375897823199194e-11,1.693169207953453e-11,1.4423902275818216e-11,7.123616439674067e-12,-0.8847369490947707
2.38837,7.120229692082968e-12,1.137177720374316e-11,1.6928066610019427e-11,1.4420054522199651e-11,7.120229692082968e-12,-1.1675811499024447
2.38916,7.124657230104416e-12,1.1378730333683508e-11,1.6938254244054934e-11,1.4428787043815031e-11,7.124657230104416e-12,-1.2507940515946736
2.38995,7.132118495029253e-12,1.1389804551799884e-11,1.695280015643674e-11,1.444184337620975e-11,7.132118495029253e-12,-1.3300356483124427
2.39074,7.0929237173404894e-12,1.1327510314714198e-11,1.6860742074553196e-11,1.4363254035965524e-11,7.0929237173404894e-12,-1.1399773195515492
2.39153,7.708026927535083e-12,1.133658010875394e-11,1.6878032098508776e-11,1.4391661763218092e-11,7.057584162077075e-12,-0.8928121994229675
2.39232,9.548506067360707e-12,1.1327081940348277e-11,1.6773174345765878e-11,1.4314700844902798e-11,7.100591167308668e-12,-0.47788267740289997
2.39311,1.0001320201160999e-11,1.1181373390595473e-11,1.6645001466266736e-11,1.4178739578325218e-11,7.00094590201272e-12,-0.3288739158416172
2.3939,1.1259020930159868e-11,1.1185360897115282e-11,1.6654428091338778e-11,1.4191154693668643e-11,6.994802466850773e-12,0.02178659336503628
2.3947,1.1295167954692216e-11,1.1169099599163366e-11,1.6627573204565494e-11,1.4163557942054946e-11,6.992982119260123e-12,0.03734605074734538
2.39549,1.0351863675372316e-11,1.1156747528184893e-11,1.6609027542739067e-11,1.4147831332870181e-11,6.985319962395595e-12,-0.22879841923972286
2.39628,9.731837864222304e-12,1.1154737267747402e-11,1.6606526918985905e-11,1.414552332574979e-11,6.984097996040139e-12,-0.39290255699270016
2.39707,8.402338287780089e-12,1.1144734058527923e-11,1.6591052771312305e-11,1.4132553781421433e-11,6.977929374617636e-12,-0.7099353556643279
2.39787,7.650457041911847e-12,1.115882833453047e-11,1.661136485269676e-11,1.4150157688845978e-11,6.986873668992504e-12,-0.871709360172006
2.39866,9.726051776562414e-12,1.1141684255288777e-11,1.6586853148366718e-11,1.4128982684510198e-11,6.973986187745285e-12,-0.3917674371076092
2.39946,1.1327929803115576e-11,1.1143991403674672e-11,1.6589386341457344e-11,1.413137630166479e-11,6.977503399018469e-12,0.05474602731124298
2.40025,1.2963755913758812e-11,1.115185149502414e-11,1.660153979003304e-11,1.4141512148816136e-11,6.982384197306325e-12,0.5779543298856906
2.40104,1.4073782214672338e-11,1.1151081775261617e-11,1.6600076668436134e-11,1.4140402059708288e-11,6.98196966811421e-12,0.9752924709878598
2.40184,1.4696358203258703e-11,1.115738055148401e-11,1.6630575883271737e-11,1.4157181154154111e-11,6.9834450972016735e-12,1.209206883718045
2.40263,1.492014506731523e-11,1.1163519791970604e-11,1.6619909905683066e-11,1.4156374561698947e-11,6.9898821759241285e-12,1.293245739599314
2.40343,1.4499789859798752e-11,1.1173685327189152e-11,1.663369362183501e-11,1.416910873237731e-11,6.996044687761976e-12,1.1251505563458355
2.40423,1.4407481629235247e-11,1.1186755333730996e-11,1.6657000371217024e-11,1.4187720789996537e-11,7.003157654216789e-12,1.083088261004881
2.40502,1.3772614248789427e-11,1.122345952351491e-11,1.672131957875488e-11,1.423972407862665e-11,7.023799978903299e-12,0.8340075214834402
2.40582,1.2146080030112851e-11,1.1192909887848641e-11,1.66671575738878e-11,1.4194994780077227e-11,7.007953231400186e-12,0.29217145560730035
2.40661,1.163202249708727e-11,1.1192242004013004e-11,1.666551188194776e-11,1.4194823276337964e-11,7.002422234728223e-12,0.1323343466886291
2.40741,1.0950381210993135e-11,1.1215176636250906e-11,1.669979805003487e-11,1.4223364002079599e-11,7.021398500164603e-12,-0.07678642415874644
2.40821,1.0922155011928083e-11,1.1244702321518651e-11,1.67389057950069e-11,1.4259023207662202e-11,7.041161559765429e-12,-0.09301034391349479
2.40901,1.0048423709636213e-11,1.1198182756085647e-11,1.6679134869049094e-11,1.4203499288939798e-11,7.010851487636651e-12,-0.32050407817453924
2.4098,1.0546655721272985e-11,1.11731380473068e-11,1.6633044852139978e-11,1.4168491513634355e-11,6.9953874133900894e-12,-0.17932568846652713
2.4106,1.1182515706918991e-11,1.1178722760978325e-11,1.6640879652076e-11,1.4175302907278665e-11,6.999321944815101e-12,0.0011115278239183465
2.4114,1.2149332719456329e-11,1.1194967164211102e-11,1.6664967509638866e-11,1.4195653337374713e-11,7.009758146254963e-12,0.2923732974728865
2.4122,1.3291049438533343e-11,1.1196980007952854e-11,1.66643623507619e-11,1.4196255846324989e-11,7.012727045828018e-12,0.6721101440890372
2.413,1.2529910845438032e-11,1.1261304595309022e-11,1.6763061048588368e-11,1.4279709486740825e-11,7.051203491173056e-12,0.39143566560638005
2.4138,1.260334970267533e-11,1.1255896185798465e-11,1.6755806479696456e-11,1.4273186106960523e-11,7.047659329852805e-12,0.4173851800915605
2.4146,1.2327478845944711e-11,1.131867001892794e-11,1.6849395011021666e-11,1.435290568015192e-11,7.086852113109052e-12,0.306273940944112
2.4154,1.154421483563809e-11,1.1384157851382238e-11,1.6946379024306325e-11,1.4435669914477285e-11,7.127990839849046e-12,0.04657720986180113
2.4162,1.0993205059572978e-11,1.1392721007231825e-11,1.695938455305484e-11,1.4446638394946176e-11,7.133339915314974e-12,-0.11333723452672126
2.417,1.079047674858435e-11,1.1439670083080033e-11,1.7028529345947808e-11,1.4505843650046573e-11,7.162991966732217e-12,-0.1813763740936897
2.4178,1.0139517518511583e-11,1.1531279618343042e-11,1.7165192787736173e-11,1.4622195253850008e-11,7.219928103293552e-12,-0.37311897378349734
2.4186,1.0267721589904936e-11,1.1560951125694205e-11,1.7209132616240155e-11,1.4659793982600338e-11,7.23867875648161e-12,-0.3474127865861798
2.4194,1.0669892358040617e-11,1.1652723430876741e-11,1.7345671493108367e-11,1.4776017313684632e-11,7.296367996255283e-12,-0.2657537697990476
2.4202,1.0406952246165439e-11,1.1732297328112632e-11,1.7465017783572053e-11,1.48773566615658e-11,7.34589976427476e-12,-0.35063844581799614
2.42101,1.1510293990513903e-11,1.1718501771116264e-11,1.7443573088947185e-11,1.4859312825122495e-11,7.338497049949114e-12,-0.05791258168027995
2.42181,1.1357544407533397e-11,1.1719641172179624e-11,1.744493402878074e-11,1.4860709106807826e-11,7.338200908480654e-12,-0.10006365136777583
2.42261,1.0758204385134488e-11,1.1717865343438504e-11,1.7443475568160713e-11,1.485897288639308e-11,7.336974364953657e-12,-0.2583807692057465
2.42341,9.508954591368292e-12,1.1713552993698583e-11,1.7436382606675715e-11,1.4853234903676875e-11,7.334364055549212e-12,-0.5608687734165354
2.42422,8.819133026957468e-12,1.171707708144858e-11,1.744106706734119e-11,1.4857453007762354e-11,7.336683394510518e-12,-0.7129744279768454
2.42502,8.133820212185101e-12,1.171480228533712e-11,1.744626330548004e-11,1.4858786085571874e-11,7.333398019978813e-12,-0.8522163840812285
2.42583,7.393305313221324e-12,1.1807474364822417e-11,1.75755088266566e-11,1.49720254439817e-11,7.393305313221324e-12,-1.0820394243601117
2.42663,7.394072966603758e-12,1.1809128845648882e-11,1.7578253334048475e-11,1.4974325608133603e-11,7.394072966603758e-12,-1.3195433673795671
2.42743,7.399995103845348e-12,1.1818688896515436e-11,1.759315168953372e-11,1.4986730706675995e-11,7.399995103845348e-12,-1.1800576362315465
2.42824,8.138760894649697e-12,1.1818725046049549e-11,1.7593011315152764e-11,1.4986604388155038e-11,7.400081639200393e-12,-0.8648393021556573
2.42905,9.965487887710915e-12,1.1830959420046994e-11,1.7638092669657042e-11,1.501724846026461e-11,7.400517588077844e-12,-0.4788786590525373
2.42985,1.0988450907157169e-11,1.182390757739524e-11,1.7601824890715705e-11,1.4993662158469248e-11,7.40303244653993e-12,-0.22426047641517197
2.43066,1.1876613530050939e-11,1.1820614117776607e-11,1.7596989554910517e-11,1.49895410785454e-11,7.40111233555297e-12,0.01562318211203034
2.43146,1.2614530895509272e-11,1.182474171155544e-11,1.760267490025015e-11,1.49945793598449e-11,7.403788271301907e-12,0.22709226987592707
2.43227,1.2858491117507852e-11,1.1826529349696077e-11,1.7605097938380953e-11,1.499668481372372e-11,7.405039814685467e-12,0.2995792929839706
2.43308,1.3693062297985727e-11,1.1823732854904474e-11,1.7604502222902447e-11,1.4993424790023624e-11,7.404184090056499e-12,0.559958217949814
2.43388,1.4205925052888352e-11,1.1831065580903297e-11,1.7612152623152624e-11,1.5002586502726862e-11,7.407751604968697e-12,0.7266457563996657
2.43469,1.5116530337892364e-11,1.182865582830274e-11,1.7608700658808303e-11,1.4999601761891362e-11,7.406223571549227e-12,1.0415341150723683
2.4355,1.5933741606704672e-11,1.1813830804620675e-11,1.7586827066326635e-11,1.4980845477481394e-11,7.396923170668798e-12,1.3474013709096777
2.43631,1.6219374300193115e-11,1.1802720811113547e-11,1.7569858872247147e-11,1.4966630928137468e-11,7.390012112224408e-12,1.461503859583379
2.43711,1.5806568276601504e-11,1.1795306039930034e-11,1.7560362506488134e-11,1.4957911152964706e-11,7.385038221712203e-12,1.3093293456245816
2.43792,1.4954167176630984e-11,1.1804450408277276e-11,1.756982308057151e-11,1.4967581206753426e-11,7.391764983582443e-12,0.9945124200670609
2.43873,1.353676379306591e-11,1.1820702016851392e-11,1.7596789727921066e-11,1.4989422364071508e-11,7.401396474180842e-12,0.5122557202548124
2.43954,1.1922576903778185e-11,1.1838612375605725e-11,1.7624899659521685e-11,1.501338644384889e-11,7.412218663542074e-12,0.023418275519292597
2.44035,1.0725806398952155e-11,1.1837699638077629e-11,1.7621927551369723e-11,1.501094236967323e-11,7.411986358638883e-12,-0.29448586768524965
2.44116,9.2340594669866e-12,1.1926577400669278e-11,1.7773198615534134e-11,1.514941887293112e-11,7.455900169957084e-12,-0.6608919007089614
2.44197,7.836345956037676e-12,1.1846435044789766e-11,1.7617692895369962e-11,1.501230871512772e-11,7.424062523778883e-12,-0.9239596920692097
2.44278,7.872898204595714e-12,1.1845255351263487e-11,1.7612501392319293e-11,1.500862606421281e-11,7.425563888178547e-12,-0.9167047485154655
2.44359,7.395150084694367e-12,1.1810725935931784e-11,1.7585432662798845e-11,1.4977964171656912e-11,7.395150084694367e-12,-1.010566046325295
2.4444,8.600485169179965e-12,1.1830407484103928e-11,1.7610785253468598e-11,1.500161312293189e-11,7.407404100401358e-12,-0.7755473924642561
2.44522,8.850925801225505e-12,1.1823844928222684e-11,1.7600671507150404e-11,1.4993141381117246e-11,7.403377601596626e-12,-0.7231459386894962
2.44603,9.137791587410507e-12,1.1832367768766778e-11,1.7613693898379292e-11,1.50040804941922e-11,7.408674238630857e-12,-0.6638539390032556
2.44684,1.0015861256082635e-11,1.1839805477006184e-11,1.7623591958412773e-11,1.5012713442120833e-11,7.413947622269816e-12,-0.4676541306483981
2.44765,1.1977041097255707e-11,1.1846751977413249e-11,1.764212810293772e-11,1.502622837559789e-11,7.408744239437158e-12,0.03663365014509133
2.44846,1.3016356504904508e-11,1.1868249625653197e-11,1.7668852333973812e-11,1.505031343580148e-11,7.430779691387373e-12,0.3337020713129662
2.44928,1.3698288666934118e-11,1.187442669369415e-11,1.7679916593941216e-11,1.5057484868127467e-11,7.434948902763813e-12,0.5441683247781466
2.45009,1.3905593043981764e-11,1.1927200636099184e-11,1.7703905498032047e-11,1.509257346806647e-11,7.510615972946541e-12,0.5660732660806245
2.4509,1.3968889853489576e-11,1.1864234557227271e-11,1.7664171267572443e-11,1.5047180666317984e-11,7.423054218807973e-12,0.6376266880608968
2.45172,1.338932437931147e-11,1.1863200676201894e-11,1.7659313910973538e-11,1.5043404317047353e-11,7.427807794325554e-12,0.45042135282488255
2.45253,1.2998055304204907e-11,1.1862315993436431e-11,1.7657059469266436e-11,1.504082051735975e-11,7.42760201668242e-12,0.33005144373727047
2.45335,1.2431674789504017e-11,1.1970440196321076e-11,1.7807877660207653e-11,1.5178706666600233e-11,7.412703557318219e-12,0.13160003558334818
2.45416,1.2372775029558846e-11,1.1897396587352215e-11,1.7775461431082203e-11,1.513904930118478e-11,7.437915648910643e-12,0.13439941146020123
2.45498,1.3900481164887944e-11,1.18810757860494e-11,1.7685144441331754e-11,1.5065249513615555e-11,7.439653030081474e-12,0.6064657129509674
2.45579,1.4752493569603144e-11,1.1879724955063814e-11,1.7682082874881948e-11,1.506319911652392e-11,7.438852527351963e-12,0.8912809353387797
2.45661,1.490291599097891e-11,1.1872772274002046e-11,1.767282486248105e-11,1.5054880293137017e-11,7.434148450846858e-12,0.9465718618084472
2.45742,1.4952574017167908e-11,1.1880994392993983e-11,1.7693766991908515e-11,1.5069637948326816e-11,7.437221253993469e-12,0.9600416315771422
2.45824,1.4829884712820094e-11,1.1898777209250672e-11,1.771162636877176e-11,1.5087854530248494e-11,7.450574632208377e-12,0.9099272677286783
2.45906,1.464199004932266e-11,1.2041261332095079e-11,1.781855710234656e-11,1.5207949600616654e-11,7.60955834806435e-12,0.7820519263136974
2.45987,1.4030277239446826e-11,1.1973256574639564e-11,1.7840127524643713e-11,1.5188412221062528e-11,7.49296494693576e-12,0.6152007366394318
2.46069,1.3381940568108445e-11,1.1940108253324417e-11,1.777567574844901e-11,1.5141350254197432e-11,7.475823598811207e-12,0.4212924619743556
2.46151,1.2249159578433039e-11,1.1952378321447371e-11,1.7793798251585344e-11,1.5156850123969284e-11,7.483378463249028e-12,0.082712455508575
2.46233,1.000912973521235e-11,1.1944471443821735e-11,1.778107526371346e-11,1.5146376913079405e-11,7.47867831948052e-12,-0.48987248587165416
2.46315,7.474022855373915e-12,1.1938278079970016e-11,1.7774555172537044e-11,1.514015298876242e-11,7.474022855373915e-12,-1.0744073805096674
2.46397,7.486889104247935e-12,1.1963410099013295e-11,1.7842048095367223e-11,1.518515105616275e-11,7.486889104247935e-12,-1.801824373210971
2.46478,7.473034091224239e-12,1.1933840195618245e-11,1.776295695951197e-11,1.5131825946005438e-11,7.473034091224239e-12,-2.4569098490245436
2.4656,7.51076844288679e-12,1.1995203264626399e-11,1.784708138637072e-11,1.520744145438482e-11,7.51076844288679e-12,-2.924944299920181
2.46642,7.462425445891373e-12,1.1919837249523315e-11,1.775968880432735e-11,1.5120615821669055e-11,7.462425445891373e-12,-3.157721158756037
2.46724,7.447746537833823e-12,1.1896475866808126e-11,1.7718924320450872e-11,1.5089119528153598e-11,7.447746537833823e-12,-2.91318061544178
2.46806,7.456870454869451e-12,1.1944403085145597e-11,1.7842483882887652e-11,1.5192163057113483e-11,7.456870454869451e-12,-2.498572605376728
2.46888,7.506973697237286e-12,1.1976832866510962e-11,1.7812953694661037e-11,1.5179206635383963e-11,7.506973697237286e-12,-1.6391283594955521
2.4697,8.555705078293908e-12,1.1935367686332129e-11,1.7769475477762508e-11,1.5136304224727063e-11,7.472106504664855e-12,-0.7998263774393678
2.47053,1.1318486638795895e-11,1.1944163940009944e-11,1.7778859754004225e-11,1.514516895354625e-11,7.478329241412519e-12,-0.16783156600087212
2.47135,1.2770751547963004e-11,1.1936228987350768e-11,1.7769689385720613e-11,1.5136489124403565e-11,7.473359706995278e-12,0.2380632172253446
2.47217,1.3974294890870006e-11,1.1966679758606995e-11,1.7862732759542613e-11,1.5202926021084167e-11,7.483998334082058e-12,0.6008995979184457
2.47299,1.5464828411254532e-11,1.1935493154408658e-11,1.7777047456109426e-11,1.5140140353809384e-11,7.470476969119345e-12,1.1178251318352865
2.47381,1.6614032538141986e-11,1.1941231060926802e-11,1.7776446512126548e-11,1.5142462625433987e-11,7.476552776013035e-12,1.5395129708786601
2.47464,1.726887594577714e-11,1.1937042335478264e-11,1.777012088771588e-11,1.5137069046655914e-11,7.474064029254114e-12,1.797767123772909
2.47546,1.7822013490697726e-11,1.194905952836029e-11,1.7783091767343103e-11,1.5149879911143954e-11,7.482833717404595e-12,2.010729404730734
2.47628,1.769159219301715e-11,1.1942110132230376e-11,1.7777603438384006e-11,1.514341714484183e-11,7.477273313845932e-12,1.9653382132434019
2.47711,1.7572777037369342e-11,1.1950403409025898e-11,1.778461878079051e-11,1.5151984083997343e-11,7.482458676645034e-12,1.912977947754367
2.47793,1.713471530175909e-11,1.1944199209190794e-11,1.7919941958500798e-11,1.521189819513134e-11,7.469509756243003e-12,1.7419849944863692
2.47876,1.627643677107137e-11,1.1951681954110225e-11,1.7790231641904316e-11,1.515460440924989e-11,7.483745635154525e-12,1.4054456987337052
2.47958,1.46707806824652e-11,1.196566606471618e-11,1.7815344003089817e-11,1.5175238715973566e-11,7.490352867656091e-12,0.8280921567267003
2.48041,1.3013789809640587e-11,1.1950578557581486e-11,1.7788350898967244e-11,1.5153400993833197e-11,7.482989753305588e-12,0.3056357513988134
2.48123,1.1724088397050666e-11,1.1971440067260015e-11,1.7818712698355765e-11,1.517949929949949e-11,7.49675969861028e-12,-0.0673170774501289
2.48206,1.1136120087095886e-11,1.1961792199267227e-11,1.7805587039072196e-11,1.5167921012043016e-11,7.489903233632085e-12,-0.21921382514350288
2.48288,1.0766699834587502e-11,1.1993245626551052e-11,1.7892836877198086e-11,1.5211208081134667e-11,7.50821517811487e-12,-0.31934069095025197
2.48371,1.0339143076066858e-11,1.2161514068923113e-11,1.8038335693264687e-11,1.5402278465243712e-11,7.503864055186658e-12,-0.4705554613028571
2.48454,1.0208903566345454e-11,1.1985038308816877e-11,1.783854774816346e-11,1.5196713548048882e-11,7.504583940143576e-12,-0.4513478367926654
2.48536,1.04730450787564e-11,1.196571457486904e-11,1.7811934264235444e-11,1.5173022712197978e-11,7.492341529134788e-12,-0.38475551302398453
2.48619,1.1066081423509177e-11,1.1963044036662402e-11,1.780968851068756e-11,1.5170444285970153e-11,7.490329400525227e-12,-0.23742408706421
2.48702,1.1900687721389133e-11,1.1972119355247865e-11,1.782271571608156e-11,1.5181728144040455e-11,7.49579182225137e-12,-0.019574482092135363
2.48784,1.0731248721906279e-11,1.19528489518286e-11,1.780802856240892e-11,1.515819189437376e-11,7.484954781325492e-12,-0.31896193477085844
2.48867,1.0744414272099239e-11,1.1970521061806598e-11,1.7816777024702282e-11,1.5178182378933843e-11,7.495655180098554e-12,-0.31963597730144583
2.4895,1.0124818784583395e-11,1.1942600798734947e-11,1.777527530389394e-11,1.5142867706170444e-11,7.478029621226653e-12,-0.46256376307296193
2.49033,9.47240424666935e-12,1.1916890537406443e-11,1.7821962770346407e-11,1.5185133747024934e-11,7.406954782821987e-12,-0.614540271120642
2.49116,9.313523792245012e-12,1.184011599265156e-11,1.7812439997496254e-11,1.5153172069359233e-11,7.408305126713984e-12,-0.6279568427206073
2.49199,9.453759557105096e-12,1.1832406256829606e-11,1.7612002128575384e-11,1.5003273599927117e-11,7.408945328572856e-12,-0.5948069996753653
2.49282,9.67608419049698e-12,1.1816707568254393e-11,1.7592592066788664e-11,1.4985179307825013e-11,7.398790147305055e-12,-0.5419666169544836
2.49365,9.25967075286515e-12,1.1823822399993761e-11,1.760335124400694e-11,1.4994805531582004e-11,7.401214705484333e-12,-0.6364198835703042
2.49448,8.975636574573937e-12,1.1855440620569907e-11,1.7657535758977583e-11,1.5033285575402206e-11,7.423946527047756e-12,-0.7018947747338244
2.49531,9.483933054166302e-12,1.1840358770342202e-11,1.7690986567705667e-11,1.506002553834123e-11,7.395776951087058e-12,-0.5924858226885874
2.49614,1.0496458321813742e-11,1.1850750127227947e-11,1.7657434274450397e-11,1.5023263383661157e-11,7.419793876383573e-12,-0.35454290411612455
2.49697,1.0640919698400114e-11,1.1849344498222774e-11,1.763936170293554e-11,1.5025742366192036e-11,7.419249027809678e-12,-0.31838763657913205
2.4978,1.0891633960776154e-11,1.1854929036823777e-11,1.7647594261419155e-11,1.5032804989424088e-11,7.422767410957875e-12,-0.25645257030289126
2.49864,1.1120634243695017e-11,1.1858254454545301e-11,1.765238064331435e-11,1.5037037486998578e-11,7.424747063736655e-12,-0.19827331076201216
2.49947,1.1858661437040144e-11,1.1849717679350438e-11,1.763987047838628e-11,1.5026236008640367e-11,7.419415386139361e-12,0.002485658672429414
2.5003,1.2244339411844131e-11,1.1847822723102717e-11,1.7636831747949453e-11,1.502373112413247e-11,7.418339876803557e-12,0.11194424601213845
2.50113,1.2341504764649904e-11,1.1867573530032186e-11,1.7689309616459028e-11,1.5070099475966266e-11,7.405613253301793e-12,0.13473354199771498
2.50197,1.2989751191435156e-11,1.185411024234364e-11,1.764535053203184e-11,1.503188783025654e-11,7.419076545233912e-12,0.33094794042697484
2.5028,1.2987343451780417e-11,1.1848338427944733e-11,1.7637327333219527e-11,1.5024212585439242e-11,7.418602195385109e-12,0.3314538564205943
2.50364,1.3116078797526422e-11,1.185443898985264e-11,1.7642354429867277e-11,1.5032831805885896e-11,7.420327726497239e-12,0.3689357705386274
2.50447,1.3309585725043058e-11,1.1862730388916853e-11,1.7656604343035963e-11,1.5041553653922646e-11,7.428445424098572e-12,0.42546760837302605
2.5053,1.2814254212872259e-11,1.1838922665014892e-11,1.7640244906276332e-11,1.5022494844275733e-11,7.409875133478688e-12,0.2793991445067384
2.50614,1.1706827501858027e-11,1.1802403510257699e-11,1.7581401120806917e-11,1.496442197726366e-11,7.38974732640781e-12,-0.026530206335599264
2.50698,1.1291032073731041e-11,1.171682207643633e-11,1.7440837988049184e-11,1.485719970410949e-11,7.336268176522184e-12,-0.11737884423501424
2.50781,1.0993003997031719e-11,1.1619305062623693e-11,1.7295537319562805e-11,1.4733504175395762e-11,7.2749925124465125e-12,-0.17255869949729777
2.50865,1.1567493168728325e-11,1.1574808820931867e-11,1.7229156879352618e-11,1.4676987352077977e-11,7.247330341148493e-12,-0.002081777190416734
2.50948,1.190870392288194e-11,1.1442928295636833e-11,1.7033314231931694e-11,1.4510034792193406e-11,7.164961891743153e-12,0.13662075577967306
2.51032,1.224650019384729e-11,1.1385409493451475e-11,1.694733677542854e-11,1.4436876171664596e-11,7.129065165984478e-12,0.25818184295222274
2.51116,1.2567307254466019e-11,1.1368044348981221e-11,1.692140365865127e-11,1.4414830090890158e-11,7.118134360765011e-12,0.3652984645444286
2.51199,1.286620129307155e-11,1.1354915494035855e-11,1.69034872798213e-11,1.4398864382741906e-11,7.109586293292551e-12,0.4670109204207039
2.51283,1.284640248406901e-11,1.1361678330242513e-11,1.6914270135051002e-11,1.440842181563378e-11,7.110933810195128e-12,0.4589077755485335
2.51367,1.228843599027337e-11,1.1373642401354923e-11,1.693106593489068e-11,1.4422493105181563e-11,7.121413362448548e-12,0.27524598124303656
2.51451,1.1896230770008668e-11,1.1390881427920875e-11,1.6956821085573724e-11,1.4444371495119465e-11,7.132251758860395e-12,0.14918083782641056
2.51535,1.1214245582291783e-11,1.139934365628796e-11,1.6969282291346547e-11,1.4455104318949014e-11,7.137539209770008e-12,-0.05298066173160359
2.51619,1.0736375126153274e-11,1.139696373027242e-11,1.6965526382485798e-11,1.4451968980561997e-11,7.135998825781209e-12,-0.18515364995878142
2.51702,1.047742196569267e-11,1.1400663399396301e-11,1.697112252866757e-11,1.4456670439190824e-11,7.138373348179355e-12,-0.25561470056317587
2.51786,1.0419762923854889e-11,1.1391330618696157e-11,1.695746703348969e-11,1.4444957318505141e-11,7.132448467391715e-12,-0.2686195282675938
2.5187,1.0147803843762532e-11,1.1389492292384954e-11,1.6955012406753427e-11,1.44427233582348e-11,7.131349697905935e-12,-0.33909680144145654
2.51954,1.0072679784768081e-11,1.1401688516308512e-11,1.697248286098736e-11,1.4457878267720349e-11,7.138994367663362e-12,-0.3611071593859613
2.52038,9.52336495722996e-12,1.1485102711662249e-11,1.7099194436388833e-11,1.4565005504176813e-11,7.1563332327382245e-12,-0.519442462789074
2.52123,9.923381878633928e-12,1.1497561623233618e-11,1.7090954755040528e-11,1.4564029152797018e-11,7.236890511732119e-12,-0.41374554730702623
2.52207,1.1675955907276883e-11,1.1412124366271844e-11,1.698953549054465e-11,1.447179358448933e-11,7.145579401027646e-12,0.07690923019160187
2.52291,1.299911971523089e-11,1.1659744291937801e-11,1.7184628524858557e-11,1.4695003971254126e-11,7.21321180299668e-12,0.42165175771529245
2.52375,1.3820431401716523e-11,1.1374765662224907e-11,1.6933844193698476e-11,1.4424437105641478e-11,7.1217811542695996e-12,0.7835314060013319
2.52459,1.4398606939915916e-11,1.1375347440979532e-11,1.693537741442124e-11,1.4425408214591577e-11,7.122095162247845e-12,0.9907601201825426
2.52543,1.4565137878936203e-11,1.1382635409131004e-11,1.694641543817213e-11,1.4434788118981868e-11,7.126542668874268e-12,1.0485669136667841
2.52628,1.4266903945103526e-11,1.137335853596385e-11,1.6931689193846554e-11,1.442261156682479e-11,7.120922430141618e-12,0.9436204628128446
2.52712,1.3707967667210817e-11,1.1375289061487574e-11,1.6933708862776516e-11,1.4424639620118024e-11,7.1223726692504e-12,0.7438010657730247
2.52796,1.3045047234745221e-11,1.1384320967342016e-11,1.6946168676274546e-11,1.4435678885903444e-11,7.128258823589508e-12,0.5148663819456422
2.52881,1.210516657488309e-11,1.1388804757442162e-11,1.6951799046076795e-11,1.4440936419636252e-11,7.131285677394552e-12,0.213357689902949
2.52965,1.1474434715191697e-11,1.141583128764751e-11,1.698404558888075e-11,1.447121478378803e-11,7.1510537767147245e-12,0.016913857025543863
2.5305,1.0717220321598095e-11,1.1427988705518107e-11,1.7026979858171945e-11,1.4498900165459292e-11,7.153252610604232e-12,-0.19836906790642084
2.53134,1.0124541659277983e-11,1.136364845639506e-11,1.693432980304941e-11,1.4418342790564887e-11,7.108992464567566e-12,-0.33956610661328196
2.53219,1.2337928018861982e-11,1.150239628102845e-11,1.712239276608885e-11,1.458308636547993e-11,7.203710829417476e-12,0.247439394674067
2.53303,1.2985249521585166e-11,1.1497656548037955e-11,1.7221067954991932e-11,1.4634564975077553e-11,7.2090815745097775e-12,0.4523719357046677
2.53388,1.3506541154198172e-11,1.1580102707028474e-11,1.7228885895951902e-11,1.4679956181012772e-11,7.253134266052172e-12,0.591818765980183
2.53472,1.373935274850277e-11,1.1577054720997665e-11,1.7228922235886646e-11,1.4678116847654502e-11,7.250111562519254e-12,0.6711171288122514
2.53557,1.3897340809195746e-11,1.1611384007180611e-11,1.7287519433120966e-11,1.47249617047117e-11,7.2696989134500006e-12,0.7114176530421283
2.53642,1.3639767427456368e-11,1.1631520514697235e-11,1.7318557619097454e-11,1.4750903094190477e-11,7.282276307712524e-12,0.6172193822373939
2.53726,1.3065724343377088e-11,1.166291618032999e-11,1.7365524008736237e-11,1.4790814968322e-11,7.301956015035838e-12,0.4196376079370477
2.53811,1.25786904897513e-11,1.166785377577183e-11,1.737190971551004e-11,1.4796614297625326e-11,7.305317402383342e-12,0.2669526480804782
2.53896,1.251740513242589e-11,1.1710822901808326e-11,1.7490887209206023e-11,1.490194695342702e-11,7.318280517760346e-12,0.23611971920896774
2.53981,1.1207119013916424e-11,1.2136506943368234e-11,1.8073507535152863e-11,1.5390959285881823e-11,7.599797162718531e-12,-0.24225931283287208
2.54066,9.358657060728685e-12,1.2150246925350746e-11,1.8104865496725824e-11,1.541335825012104e-11,7.605994020477688e-12,-0.6692927699706199
2.5415,8.25027541520297e-12,1.2148620169066293e-11,1.8103524264574474e-11,1.541169735909178e-11,7.60486462656986e-12,-0.8866065692242664
2.54235,7.609809185234052e-12,1.2105875614839122e-11,1.8031557199688026e-11,1.5353857219439576e-11,7.579794790990782e-12,-0.9949396388415205
2.5432,7.771872620968177e-12,1.2088197502049413e-11,1.8003272821266812e-11,1.5330632605995806e-11,7.568935512365986e-12,-0.9649376075230881
2.54405,8.802806492212057e-12,1.213725159986512e-11,1.805733024423772e-11,1.538392070472931e-11,7.605504313825504e-12,-0.7786057429350304
2.5449,1.0092685217874509e-11,1.2220694055945584e-11,1.817632460193007e-11,1.5487301081918406e-11,7.659455963535877e-12,-0.5217561215104823
2.54575,9.52237512269671e-12,1.2245416486555464e-11,1.8504773809241666e-11,1.563754788733208e-11,7.650716037626004e-12,-0.6530024396625166
2.5466,1.0370528371666775e-11,1.2428456543354925e-11,1.8952565529496202e-11,1.6085160859622336e-11,7.71319824068348e-12,-0.5091354803183522
2.54745,1.0719899224279974e-11,1.2202185470584913e-11,1.819895152809213e-11,1.548573464418722e-11,7.635767416262322e-12,-0.3758784909839322
2.54831,1.0032095447869063e-11,1.2155871050085645e-11,1.812726961573531e-11,1.542630941915659e-11,7.606772214206873e-12,-0.5252130668375962
2.54916,8.791586952456477e-12,1.2055714526926992e-11,1.7974044742580087e-11,1.5298019205042773e-11,7.544310383679409e-12,-0.7708776246253948
2.55001,7.48624430691022e-12,1.196348651148847e-11,1.7838275833301878e-11,1.5181669855077424e-11,7.48624430691022e-12,-1.0201220791016916
2.55086,7.42832106998114e-12,1.1870779779953114e-11,1.770120329907884e-11,1.5064286520937825e-11,7.42832106998114e-12,-1.1186267741991494
2.55172,7.383458917692126e-12,1.1800077876264676e-11,1.760089962045222e-11,1.4976389321463624e-11,7.383458917692126e-12,-1.0907953345136496
2.55257,8.549171312058003e-12,1.1770942317934456e-11,1.7555912296749427e-11,1.493884754277386e-11,7.365471626859294e-12,-0.7780709418706117
2.55342,9.838073600328755e-12,1.1717082282910786e-11,1.746969646933806e-11,1.486797565703419e-11,7.332927719434165e-12,-0.48577902144965024
2.55428,1.1072449608668873e-11,1.1580703685028607e-11,1.726119452941099e-11,1.469272378843029e-11,7.248729589419434e-12,-0.14132704768950125
2.55513,1.2306977933240674e-11,1.158610046939751e-11,1.7264203832952598e-11,1.4697524288033172e-11,7.253096371641415e-12,0.2111320398325826
2.55598,1.3354171938343216e-11,1.1651548360260208e-11,1.7354052861298226e-11,1.477725541288869e-11,7.295838476348192e-12,0.515346065903749
2.55684,1.4261963330953903e-11,1.1694465720295495e-11,1.7407005244872963e-11,1.482699190414813e-11,7.325047674774017e-12,0.7995553016323566
2.55769,1.4838385319204806e-11,1.1711247006187831e-11,1.7428069505948956e-11,1.4846568047471287e-11,7.336284679537164e-12,0.9923066467521379
2.55855,1.5181646454107134e-11,1.1706741064307024e-11,1.7428339275818492e-11,1.48438977181817e-11,7.331929487159156e-12,1.1185627486519252
2.5594,1.5425661031943397e-11,1.1690083132687704e-11,1.7410625750916628e-11,1.4825973560176886e-11,7.319702913470483e-12,1.2176419897881234
2.56026,1.5644737884618698e-11,1.1730793590767731e-11,1.7480119271399524e-11,1.4881147144922965e-11,7.343658964043324e-12,1.2807295923663111
2.56112,1.583848782633116e-11,1.1739812282962578e-11,1.7497399241336224e-11,1.4894221959828145e-11,7.348545043107045e-12,1.3498072483663435
2.56197,1.568893721498665e-11,1.1798813995478952e-11,1.7590360421369367e-11,1.4970764487315867e-11,7.384966157487954e-12,1.2644412472054414
2.56283,1.5311901982200275e-11,1.1854205576913429e-11,1.766947598191187e-11,1.50395110164686e-11,7.420418212301943e-12,1.0998595624786258
2.56369,1.460358554596711e-11,1.1973457887088521e-11,1.78619435939414e-11,1.5194582696535296e-11,7.493097359288889e-12,0.8035410493156544
2.56455,1.3856504032403213e-11,1.2113751558714793e-11,1.813163383688448e-11,1.544118044291156e-11,7.558342081452604e-12,0.5136318791623258
2.5654,1.3781716031838088e-11,1.249153337311637e-11,1.8400104179905254e-11,1.575240912465477e-11,7.639002834089037e-12,0.37924427646256437
2.56626,1.2556905827206903e-11,1.2072280290856365e-11,1.840635081451545e-11,1.5601833482505416e-11,7.52924926492817e-12,0.1362210922790723
2.56712,1.1983237823561085e-11,1.190908808162544e-11,1.8259145166881208e-11,1.5148808276963082e-11,7.439813804190187e-12,0.020686729856618697
2.56798,1.2159038204207846e-11,1.1792811360638783e-11,1.7899713772088222e-11,1.4990113539539717e-11,7.372296675705116e-12,0.10424560012133453
2.56884,1.456681853213537e-11,1.2406933680911586e-11,1.80110153188912e-11,1.5484920587131536e-11,7.433145469741696e-12,0.6876808479831797
2.5697,1.4853518134809163e-11,1.2121361416242399e-11,1.7821914657739947e-11,1.5274451485259765e-11,7.228352470195948e-12,0.7150373964864364
2.57056,1.5183623264670373e-11,1.1551521847387768e-11,1.721538127454672e-11,1.4652958415466126e-11,7.246446826486272e-12,1.173351308879508
2.57142,1.4542277203718922e-11,1.2091159487845483e-11,1.7822082628735527e-11,1.5258695680436407e-11,7.3832150393749e-12,0.7798959501199167
2.57228,1.312293917729908e-11,1.1670848874802531e-11,1.7595258769725874e-11,1.4825934527107847e-11,7.299705591645674e-12,0.43626145630220153
2.57314,1.0806988606296917e-11,1.1685169876884364e-11,1.7432770547314665e-11,1.4830705132148263e-11,7.312290307375752e-12,-0.23828883800230732
2.574,1.0128533689410195e-11,1.171469440944396e-11,1.7469049566605878e-11,1.486486464203632e-11,7.332365894609021e-12,-0.41559760527282863
2.57487,9.546318492678214e-12,1.1728539588212962e-11,1.747804640362715e-11,1.4878107109120507e-11,7.342852417012623e-12,-0.5552564893397613
2.57573,1.1311554725471804e-11,1.1990531827007071e-11,1.824853581950704e-11,1.5548878143606492e-11,7.479264573346032e-12,-0.18270428527785432
2.57659,1.1217045244464003e-11,1.1931022007772966e-11,1.816201347831525e-11,1.544790298167814e-11,7.463466356778682e-12,-0.19147741387936018
2.57745,1.184950963409317e-11,1.1824572192686195e-11,1.7621999123726697e-11,1.500048861947195e-11,7.402659187089976e-12,0.006946787326210449
2.57832,1.1475328328862332e-11,1.1831024088827568e-11,1.7634019597013266e-11,1.5009699078282466e-11,7.40618655132151e-12,-0.09746082834148062
2.57918,1.1164347335779519e-11,1.1790344611076652e-11,1.7573120212729837e-11,1.4958066353344746e-11,7.380636450726603e-12,-0.17011400365382492
2.58004,1.1344172048164473e-11,1.1825815923445938e-11,1.7627943836668885e-11,1.500379311475759e-11,7.402578862364787e-12,-0.13133354591468352
2.58091,1.2065518799912175e-11,1.1851754140953849e-11,1.7669049319821686e-11,1.5037559767287916e-11,7.41854148905469e-12,0.05991071781955866
2.58177,1.2933636592957475e-11,1.1861651991408285e-11,1.76832016313777e-11,1.5049834390393742e-11,7.42490501305572e-12,0.31091410546483317
2.58264,1.3833754524764836e-11,1.189562828289165e-11,1.7736299619795306e-11,1.509381088375377e-11,7.446061475063211e-12,0.5799599007021254
2.5835,1.4218830328814357e-11,1.1919886413807082e-11,1.7771322763173917e-11,1.5124067588654857e-11,7.461427341843851e-12,0.6958677055830489
2.58437,1.4180217231063719e-11,1.2092629625245256e-11,1.8036898041244207e-11,1.5345984093661227e-11,7.568752903215526e-12,0.6173135252734121
2.58523,1.3366699214655287e-11,1.2106182421998472e-11,1.805913355360746e-11,1.536399494590484e-11,7.576857754789193e-12,0.3607004216644789
2.5861,1.2247028331479836e-11,1.2106329755819347e-11,1.8063772144673776e-11,1.5366245273000426e-11,7.575987498604437e-12,0.038509196204292946
2.58697,1.09546667058455e-11,1.2126668007154022e-11,1.809774530509248e-11,1.5393358243642328e-11,7.588063448531804e-12,-0.30304164432353764
2.5882,9.757584772342942e-12,1.2188726696156724e-11,1.8199175907043823e-11,1.5475569803039132e-11,7.62543121817848e-12,-0.591742205887955
2.58944,9.730927457998776e-12,1.2315501529976544e-11,1.840095882719732e-11,1.5641124419505142e-11,7.703129793466146e-12,-0.6192577481083096
2.59067,1.0270197565212245e-11,1.2385889619748353e-11,1.8503832270550644e-11,1.572918737057479e-11,7.748157920420592e-12,-0.5149559158505693
2.59191,9.999295343024431e-12,1.2450985013771846e-11,1.8595272758427005e-11,1.580876470922395e-11,7.790977579193406e-12,-0.5847648508291762
2.59315,7.869271678058597e-12,1.2573760437435262e-11,1.8769872602078476e-11,1.5961201929080583e-11,7.869271678058597e-12,-1.0959189743566773
2.59438,7.783972462609157e-12,1.2440572297061897e-11,1.8575859562102035e-11,1.5794753598541896e-11,7.783972462609157e-12,-1.5733014204787361
2.59562,7.655999406129134e-12,1.2231540097102746e-11,1.8245828010021866e-11,1.5522634937952417e-11,7.655999406129134e-12,-1.4772721134729438
2.59686,8.163197760639797e-12,1.2122059587111845e-11,1.808913783764346e-11,1.5385797372127104e-11,7.587511905156703e-12,-0.8994738647046288
2.59811,1.24664954704329e-11,1.2309397509754597e-11,1.8363211806177777e-11,1.563369769029662e-11,7.682923747168865e-12,0.042812831304441815
2.59935,1.7379617358883034e-11,1.22792555930992e-11,1.8289203263375345e-11,1.5569980885863082e-11,7.694094383371815e-12,1.6309296428694726
2.60059,1.967214522661691e-11,1.237012963006045e-11,1.8447734811206497e-11,1.5697152371543393e-11,7.742832231399487e-12,2.50718774015703
2.60184,1.9601561996130888e-11,1.2595661766239394e-11,1.8790096403061048e-11,1.5986093210341685e-11,7.882282513020625e-12,2.334879761191133
2.60308,1.577529259680614e-11,1.2460922912629572e-11,1.8714955466554988e-11,1.5856337271277135e-11,7.779454319721872e-12,1.0045888225622674
2.60433,1.2125980751595067e-11,1.2208032694463555e-11,1.825560460809542e-11,1.5511586871422327e-11,7.631932920946294e-12,-0.022139777971906038
2.60557,8.205400484626306e-12,1.2070517287610455e-11,1.8011902744034896e-11,1.532175390928909e-11,7.552589226394972e-12,-0.8857179251282845
2.60682,7.521467475006984e-12,1.2016957356607529e-11,1.7918440542525946e-11,1.5248355860499266e-11,7.521467475006984e-12,-1.4693049080467468
2.60807,7.450527647391203e-12,1.1904005528373448e-11,1.7754209162183558e-11,1.5106342602740054e-11,7.450527647391203e-12,-1.5751508078299767
2.60932,7.665190040028583e-12,1.2273704989912472e-11,1.8886750463415647e-11,1.588515590029597e-11,7.665190040028583e-12,-1.6740648443355708
2.61057,8.370160549548621e-12,1.232561613328534e-11,1.887727761819159e-11,1.593074674952544e-11,7.68489240714581e-12,-0.8924419780947203
2.61182,1.2953370390727963e-11,1.3115151731758241e-11,1.8839615215601835e-11,1.6238526372760583e-11,8.575349318213727e-12,-0.04157238786396622
2.61308,1.4466284196482214e-11,1.2182768180128537e-11,1.804973350856501e-11,1.53920052305221e-11,7.727277199703683e-12,0.6659555389038915
2.61433,1.5253436717341013e-11,1.2025019819153283e-11,1.7925639978103805e-11,1.5255818227463298e-11,7.528581495017953e-12,1.0005693096371613
2.61558,1.5729749587957395e-11,1.2047491175694717e-11,1.7957558873923404e-11,1.528351148185256e-11,7.54315856259639e-12,1.1569408785531037
2.61684,1.56412417792772e-11,1.2089882229727678e-11,1.8012816894040838e-11,1.533392581074519e-11,7.57125844420928e-12,1.1049721200682874
2.6181,1.5026584701617802e-11,1.2170808606687165e-11,1.8120705127897798e-11,1.5431455529718834e-11,7.624311133643834e-12,0.8590971030442831
2.61935,1.4046227460047764e-11,1.2255990226701809e-11,1.8244339642015293e-11,1.5538109109860377e-11,7.67833036597292e-12,0.513831518645702
2.62061,1.3302898772847042e-11,1.235784362457071e-11,1.8407498367057656e-11,1.5671859323887205e-11,7.740166360398077e-12,0.2606895467222122
2.62187,1.3293758246131304e-11,1.2401271045132106e-11,1.8485122753482255e-11,1.5732380660048674e-11,7.764718137245296e-12,0.24511577337879703
2.62313,1.419750311434741e-11,1.2486698386860612e-11,1.8628044700122943e-11,1.584760837817296e-11,7.814604984001938e-12,0.48212915654279975
2.62439,1.4906421272590158e-11,1.2694997212546097e-11,1.8957218044645123e-11,1.6119473032608673e-11,7.941677852618526e-12,0.6246900767875929
2.62566,1.28598400746766e-11,1.247288035787753e-11,1.910605961549957e-11,1.6133945512460312e-11,7.80022603695854e-12,0.10394368780558602
2.62692,1.1357920349724659e-11,1.2414391405540072e-11,1.872244318522041e-11,1.575524463264309e-11,7.769673204226712e-12,-0.2683266271611918
2.62819,8.920801446708875e-12,1.2292324802996647e-11,1.8320180416676044e-11,1.55946615983954e-11,7.694795777281739e-12,-0.778898840736873
2.62945,7.667485331776069e-12,1.2247432428754695e-11,1.8248561126901963e-11,1.553585101185696e-11,7.667485331776069e-12,-1.5127221458179283
2.63072,7.641868034054904e-12,1.220501665715854e-11,1.8179234831857627e-11,1.547974701723948e-11,7.641868034054904e-12,-2.2429858118487545
2.63198,7.594227748652861e-12,1.2128917311885953e-11,1.8072870438684925e-11,1.5386205259954795e-11,7.594227748652861e-12,-2.7329564895264995
2.63325,7.613690425138894e-12,1.2161409609644728e-11,1.811651919177183e-11,1.5425517038587765e-11,7.613690425138894e-12,-2.551579342536915
2.63452,7.646640826970205e-12,1.2215723235599951e-11,1.8204096849185916e-11,1.5497055559274397e-11,7.646640826970205e-12,-1.9209753506887806
2.63579,8.024520428969982e-12,1.2320851331503396e-11,1.8362636109677388e-11,1.5631065994941138e-11,7.71234021235904e-12,-0.947538793746166
2.63706,1.254248835953144e-11,1.2504028604442816e-11,1.898386069052933e-11,1.611421469924885e-11,7.769151613383344e-12,0.010293045871700062
2.63834,1.6780682038115053e-11,1.2627287323334184e-11,1.8778332324636068e-11,1.600091150364722e-11,7.915748071875402e-12,1.2459943600802117
2.63961,1.8087112436422222e-11,1.2494090730387039e-11,1.8595774194573022e-11,1.5839948311884355e-11,7.826877994352713e-12,1.7919111381286388
2.64088,1.823483333615764e-11,1.2453987896929423e-11,1.854584871689703e-11,1.5793472888641944e-11,7.799068371820359e-12,1.8752981348763424
2.64216,1.787858997104066e-11,1.2579090671762788e-11,1.8723207833352053e-11,1.5947509879633913e-11,7.884228713225133e-12,1.5856050781226634
2.64343,1.6288272039130464e-11,1.263686126662071e-11,1.884068350819687e-11,1.6035494198200068e-11,7.907510212988415e-12,1.0908851223469767
2.64471,1.472904224199575e-11,1.2641332835078815e-11,1.885404015354587e-11,1.604378801363955e-11,7.910324013669083e-12,0.5890781315264878
2.64599,1.2952300994850826e-11,1.257217028821531e-11,1.8922760471846018e-11,1.6059850461843368e-11,7.863743323012128e-12,0.1012433099882628
2.64727,1.1736613516398401e-11,1.2591083109766396e-11,1.8768761259920523e-11,1.5974921281660002e-11,7.881193575193978e-12,-0.21584261754282733
2.64855,9.843355921265859e-12,1.2613017317748151e-11,1.879271871147912e-11,1.599972356865551e-11,7.895839592120866e-12,-0.64332566854725
2.64983,7.941375461293198e-12,1.26912343311739e-11,1.8932398625995994e-11,1.610775826043889e-11,7.941375461293198e-12,-1.1692850193286626
2.65111,7.895962188574554e-12,1.2617628352048443e-11,1.8814620790537108e-11,1.6011676769403707e-11,7.895962188574554e-12,-2.100405986720606
2.6524,7.878269696337972e-12,1.25905991015691e-11,1.8781880187338106e-11,1.598006239135717e-11,7.878269696337972e-12,-1.9688249792959205
2.65368,7.91561980166848e-12,1.2656368552527858e-11,1.890270193175947e-11,1.607593534141775e-11,7.91561980166848e-12,-1.4660955378950058
2.65496,1.0068423327814546e-11,1.2665077205231465e-11,1.890162558458463e-11,1.6077220717772967e-11,7.924225518855246e-12,-0.6062424176225131
2.65625,1.4025254608903431e-11,1.280820391303276e-11,1.920468108294543e-11,1.6303917761088385e-11,8.003149627403927e-12,0.32959410430872604
2.65754,1.578404216523646e-11,1.2756676473911729e-11,1.9043639220475257e-11,1.619802805387513e-11,7.979012897703297e-12,0.8768089253828906
2.65883,1.561673454867682e-11,1.2715921320904593e-11,1.8966750172153244e-11,1.6138385743368738e-11,7.95690089124715e-12,0.8376065581107746
2.66012,1.3708841797818762e-11,1.2562354997033986e-11,1.873040698191802e-11,1.59406254417232e-11,7.862184562137178e-12,0.31439744863315744
2.66141,1.2751034550662826e-11,1.2506211285273837e-11,1.863909896378164e-11,1.5866431166478774e-11,7.82815707986401e-12,0.06508415205558492
2.6627,1.3075580892504301e-11,1.2494725448538436e-11,1.8617400324288454e-11,1.5850021727555705e-11,7.821777534479893e-12,0.15656310547756377
2.66399,1.350641224383876e-11,1.261308168117369e-11,1.8950083779186707e-11,1.614975890560984e-11,7.8575485729484e-12,0.2436577437626501
2.66528,1.541369587884678e-11,1.2502213643289275e-11,1.862442265133336e-11,1.585835232175706e-11,7.82287548993823e-12,0.8508131616847155
2.66658,1.603684801418242e-11,1.2505080142759976e-11,1.8622390908282327e-11,1.5858809895276132e-11,7.831715360082333e-12,1.0720320237006535
2.66787,1.6538624418957758e-11,1.253653899972617e-11,1.8676258424804244e-11,1.5901615737382134e-11,7.84864364010558e-12,1.2174592305668641
2.66917,1.722448260448961e-11,1.2480997211719182e-11,1.8591529034080863e-11,1.5830449529770294e-11,7.814166913789317e-12,1.4871014404535583
2.67046,1.7592013034467307e-11,1.2484056692659972e-11,1.8596548040278116e-11,1.5834548024175013e-11,7.81592779494671e-12,1.6206276888371658
2.67176,1.713875692998495e-11,1.2486621868503064e-11,1.8600027135150667e-11,1.5837731448838358e-11,7.817493086365625e-12,1.453536017608756
2.67306,1.616317669539421e-11,1.2531067736353753e-11,1.866538430412949e-11,1.589369098305989e-11,7.845535889269253e-12,1.091322080160376
2.67436,1.4430629148595737e-11,1.2680248904724235e-11,1.8893622900434328e-11,1.608515471143019e-11,7.937897272634898e-12,0.4855745121966815
2.67566,1.3250299842308491e-11,1.2740250197195215e-11,1.8979192781657943e-11,1.615958486522285e-11,7.976647759736357e-12,0.13432765714434322
2.67697,1.1735817738453054e-11,1.2754706873894612e-11,1.899324719760698e-11,1.6174828911991912e-11,7.987105030449811e-12,-0.25219165701879975
2.67827,8.4196861970511e-12,1.2743441584665893e-11,1.8980420577792342e-11,1.6162239140462812e-11,7.979207520560391e-12,-0.9268366637846579
2.67957,8.053889725782608e-12,1.2860164122648907e-11,1.9148951213132528e-11,1.6307986134438877e-11,8.053889725782608e-12,-1.1745362464585254
2.68088,8.04087685392093e-12,1.284164175965004e-11,1.9125844855782254e-11,1.6286347799555314e-11,8.04087685392093e-12,-1.6020931374858698
2.68218,7.96945440829957e-12,1.2728868132890054e-11,1.904613087896912e-11,1.6147618516301473e-11,7.96945440829957e-12,-2.137497318380294
2.68349,8.058918848079405e-12,1.293686447342992e-11,1.9742156677613422e-11,1.6673542632503234e-11,8.058918848079405e-12,-2.0582922000885504
2.6848,8.227927466729264e-12,1.316414377853952e-11,1.967264327932516e-11,1.672625944318996e-11,8.227927466729264e-12,-1.6656760486121376
2.68611,8.16792640953277e-12,1.308047484968749e-11,1.9612862229251015e-11,1.663401442089244e-11,8.16792640953277e-12,-1.664227836587612
2.68742,8.065396356217504e-12,1.2892659849540476e-11,1.9237592567499724e-11,1.636632973738984e-11,8.065396356217504e-12,-1.7531396000445305
2.68873,8.010957119599836e-12,1.2798408058707406e-11,1.9071447678321784e-11,1.623628894995933e-11,8.010957119599836e-12,-1.7154273607978086
2.69004,8.007623831650455e-12,1.2791228000981718e-11,1.9055137886099528e-11,1.6224687664740297e-11,8.007623831650455e-12,-1.3678400239082003
2.69136,1.0664733326673569e-11,1.29066924831183e-11,1.922727300762662e-11,1.637077073462005e-11,8.080773818952435e-12,-0.5218626406283979
2.69267,1.508280808272945e-11,1.2903405563636313e-11,1.9223409473899776e-11,1.636700681003659e-11,8.078519690292877e-12,0.6024679028612491
2.69399,1.7388937792579652e-11,1.2863334196878274e-11,1.9167573026351323e-11,1.631805672336318e-11,8.052299554515964e-12,1.3615327856470048
2.6953,1.8068951731714364e-11,1.2903467732530298e-11,1.9230493180850547e-11,1.6370205184936986e-11,8.076988477001196e-12,1.5814651170328355
